asset,ethnicity,gender,head_id,is_master_reference,dist_interocular_inner,dist_interocular_outer,dist_eye_width_left,dist_eye_width_right,dist_eye_to_nose_tip_left,dist_eye_to_nose_tip_right,dist_eye_to_mouth_left,dist_eye_to_mouth_right,dist_nose_width,dist_nose_length,dist_mouth_width,dist_lip_height,dist_jaw_width,dist_cheekbone_width,dist_face_height,dist_chin_to_mouth,dist_brow_width_left,dist_brow_width_right,dist_brow_span,ratio_interocular_outer,ratio_eye_width_left,ratio_eye_width_right,ratio_eye_to_nose_tip_left,ratio_eye_to_nose_tip_right,ratio_eye_to_mouth_left,ratio_eye_to_mouth_right,ratio_nose_width,ratio_nose_length,ratio_mouth_width,ratio_lip_height,ratio_jaw_width,ratio_cheekbone_width,ratio_face_height,ratio_chin_to_mouth,ratio_brow_width_left,ratio_brow_width_right,ratio_brow_span
african_female_loPoly_0001_grp.fbx,african,female,0001,False,0.045331338054130636,0.14970110513552917,0.056208311423383596,0.056241438145193993,0.08790953424255694,0.08804739345235776,0.0822240544442305,0.08217688063001183,0.04925157728436962,0.033481530706732154,0.07527916315802792,0.025401069333774784,0.050949935756722194,0.1729882745876525,0.1564377870464458,0.0571077208296351,0.0847278665972463,0.08444682856848348,0.17356483833144848,3.3023756094904915,1.2399437968556024,1.2406745655298215,1.9392662563276475,1.942307402160056,1.813845740578976,1.8128050959334916,1.0864796716469693,0.7385956855443248,1.660642866269164,0.5603423685275536,1.1239451104638105,3.816085781123102,3.450985427777176,1.2597845834914945,1.8690793220370387,1.862879680887527,3.8288046588034277
african_female_loPoly_0002_grp.fbx,african,female,0002,False,0.044948676945751484,0.14252807495012232,0.050356177435373,0.05061064343242347,0.08415300711993767,0.08435519134343793,0.08246007108021344,0.08248283825653806,0.04157443122802525,0.03468211958407733,0.06620460682633286,0.023031762007602364,0.04913104929328793,0.1727838091841164,0.15053398197007017,0.05347442469446046,0.08544960389680906,0.08517655444773845,0.17342321622237428,3.1709070129503325,1.1203038856104224,1.125965142277834,1.872202094435435,1.8767002073330463,1.8345383375740831,1.8350448525122667,0.9249311448744397,0.77159378074543,1.4728933380227218,0.5124013335342301,1.0930477298049095,3.844024361220888,3.3490191969776886,1.1896773904824538,1.9010482555457218,1.8949735617477228,3.8582496306104535
african_female_loPoly_0003_grp.fbx,african,female,0003,False,0.04786687096195156,0.1528778102255985,0.05755291972787055,0.05756842847061989,0.08483430077840184,0.0848769691883902,0.08673143593181214,0.0866587750908708,0.044622107573139766,0.028711653517938484,0.06865617409545155,0.02521014865715383,0.04820056069631819,0.1768342346063164,0.15627152185346502,0.05440401508873965,0.08616074850594004,0.08592206123332145,0.17795155299511103,3.193812487704034,1.202353915584293,1.2026779130054253,1.772296769634994,1.7731881671533793,1.8119303432378786,1.8104123655743902,0.9322127533385044,0.5998230705483301,1.434315064170896,0.5266721670023696,1.006971204251723,3.694292755147469,3.264711453098369,1.136569280494318,1.8000079548635535,1.7950214732360346,3.71763496169535
african_female_loPoly_0004_grp.fbx,african,female,0004,False,0.04792621314067827,0.15281374159384414,0.05743030003448379,0.05743913193960569,0.08688302812590924,0.08693459441913906,0.08637848572602266,0.08631829684843759,0.05057349636006587,0.030198195428098283,0.07063117984287606,0.02612515817072631,0.04945280624135252,0.17689564521487008,0.15359618505884728,0.05247233312507168,0.08726332466657036,0.0869500500591872,0.1794460464532095,3.1885210948189986,1.1983066524765493,1.1984909337819798,1.8128498463018696,1.81392579805876,1.8023223631809815,1.8010664976818984,1.055236644957051,0.6300976740944926,1.4737483980958748,0.5451120891617471,1.0318529881798344,3.6909998437728975,3.204847097098929,1.0948566491378975,1.8207848888545708,1.8142482862971436,3.7442150066494886
african_female_loPoly_0005_grp.fbx,african,female,0005,False,0.04833825876197551,0.15234823588476337,0.05662054634888412,0.056715041596211165,0.08771642285439432,0.0878656527827536,0.08716149292144515,0.08707104886248193,0.05326487583596335,0.030612525550698964,0.07406087215389379,0.02745175581371732,0.04779526250316907,0.1817611057190358,0.15708668398533354,0.05284623846380325,0.08847457392291473,0.08821777235040545,0.1847011396737172,3.151711290117996,1.1713402137154292,1.1732950885857127,1.8146376204058676,1.817724821562494,1.8031574813366942,1.8012864156160902,1.1019196222654026,0.6332980610956511,1.5321377734886996,0.5679094886080545,0.9887667393755278,3.7601914171971615,3.2497381579020215,1.0932590419532004,1.8303219062684108,1.8250093116676454,3.821013507814007
african_female_loPoly_0006_grp.fbx,african,female,0006,False,0.04925405923577914,0.1555636843943485,0.058304583075365,0.058452605837050274,0.08387571984798572,0.08389449244956573,0.08067067938457335,0.08061732722323237,0.053556739641112294,0.029215930043915046,0.07718926897626466,0.027280153355319487,0.04778769277086645,0.18332992647771884,0.15979600790636184,0.05833182701680956,0.08798543734024734,0.08785549777990165,0.1795187463068476,3.158393172218868,1.1837518364986124,1.1867571271077921,1.7029199450642782,1.7033010832257067,1.6378483446085708,1.636765141271246,1.0873568691006,0.5931679641683625,1.567165634141131,0.5538660930407667,0.9702285154225929,3.7221282737351378,3.2443215926918527,1.184304967385026,1.786359108374421,1.783720959105877,3.6447502823572675
african_female_loPoly_0007_grp.fbx,african,female,0007,False,0.05299815318699733,0.15929623084504876,0.06113449686527147,0.06118627127939465,0.08827303323428301,0.08823809245792787,0.08428404297837565,0.08414985473316018,0.04816356762062723,0.029715036989361388,0.06723574208811867,0.030938681790733013,0.043347465538935065,0.18175660177653621,0.15593007723409383,0.05208693281250866,0.08910301189155569,0.08916683747876815,0.1806777156057935,3.005693996222699,1.153521267987699,1.1544981777668095,1.665586967206625,1.6649276843023348,1.5903203774099446,1.5877884354997802,0.9087782257371899,0.5606806124831485,1.2686431138625869,0.5837690547738477,0.8179052086209302,3.429489347208588,2.942179450742635,0.9828065636311224,1.6812474875712538,1.6824517858981645,3.4091322950121463
african_female_loPoly_0008_grp.fbx,african,female,0008,False,0.05201256569339421,0.15175438148926398,0.05497378634441336,0.055011908608158425,0.08475363529482473,0.08471357827889547,0.08020531964800619,0.07997102775219564,0.05637059106365662,0.03204764529541014,0.07450856524263472,0.02709920048541513,0.047259670133199705,0.18520925703250296,0.15419058849188347,0.054694559260760875,0.08587422620487471,0.08574030473050037,0.17727816912361394,2.9176484464125823,1.056932793288358,1.0576657366307378,1.6294838403941447,1.6287136992677602,1.5420373630634523,1.5375328381916806,1.0837879330151157,0.6161519792029855,1.432510860584168,0.5210125692541414,0.9086202440346423,3.5608560078401448,2.964487262574441,1.05156433895564,1.6510284593744058,1.648453668598581,3.408371933979195
african_female_loPoly_0009_grp.fbx,african,female,0009,False,0.05010711981545443,0.1525572278654948,0.05624377616431765,0.05646972928601224,0.08612733260900816,0.08595661261842817,0.08561039515741782,0.08553895654468441,0.047798142388164884,0.03200476684499769,0.07431544700229151,0.032056117932506276,0.04904583402520922,0.1861181456205936,0.1611097371829352,0.05774756497499207,0.08728170314125949,0.08718264312647898,0.17891004312253111,3.0446217708654233,1.1224707461028423,1.1269801476115855,1.7188641639395146,1.715457063487348,1.70854751725349,1.7071217994513788,0.9539191748439432,0.6387269306811469,1.4831314846272716,0.6397517568475224,0.9788196608754615,3.7144051844542374,3.2153062833446766,1.1524822258329266,1.7419022179426762,1.739925253089271,3.570551326467387
african_female_loPoly_0010_grp.fbx,african,female,0010,False,0.045825865803377226,0.15139417713615394,0.05720585561323597,0.057458992505790125,0.08338422972533151,0.08352377394688057,0.08506455669074432,0.08508077387974204,0.05788593641194336,0.03167678613819571,0.07195500609776802,0.03012773795476945,0.04860520726053181,0.1864961954022086,0.15062151050323064,0.04974845726090593,0.08745664178023876,0.08731051362543267,0.1782414856513514,3.303683945345047,1.2483311468393483,1.2538550335813965,1.819588746737576,1.8226338440664034,1.8562564001676827,1.8566102874039283,1.2631716912957343,0.6912425020862613,1.5701832324674847,0.6574395797351008,1.060650058835326,4.0696709627352945,3.2868230171470167,1.0855977598843234,1.9084558523233286,1.9052670821332993,3.8895388559841577
african_female_loPoly_0011_grp.fbx,african,female,0011,False,0.047331350794437475,0.15282370348997537,0.056663661857455395,0.056875631023933386,0.0854977241710317,0.08562386611745655,0.08105129047775173,0.08103209230840283,0.05299724926335671,0.0327699525541039,0.0763566878715332,0.02787260705809107,0.05009554774643686,0.18463003564982755,0.15306911829570333,0.053576617018837265,0.08837281959485084,0.08825478521504848,0.18144738883713385,3.228805029328165,1.1971697597127247,1.201648169116221,1.8063656062205529,1.8090306885456422,1.712422931468018,1.7120173193520176,1.119707094215978,0.6923519401849635,1.6132370319020533,0.5888825607184391,1.0584009732577555,3.9007979394394514,3.2339900663408168,1.1319477707603003,1.8671096030759529,1.8646158145442249,3.8335561058709127
african_female_loPoly_0012_grp.fbx,african,female,0012,False,0.04769084019885141,0.15261411322239823,0.05728322329041043,0.05771404245658045,0.08862734017266344,0.08866493829579113,0.08476588488092712,0.08466970678114613,0.05539370702921402,0.035763243951488666,0.07241363123919192,0.02482867949502618,0.048348869942964806,0.18196891713261962,0.15154106412573906,0.0516973100221647,0.08738566067565838,0.08732481371977395,0.17865415856643715,3.2000718080465647,1.201136802194356,1.2101703852550376,1.8583723793316171,1.8591607513328425,1.777403889876711,1.775387190246762,1.1615166937349979,0.7498975443160674,1.518397053548575,0.5206173636593668,1.0137978224197703,3.815594700657049,3.1775716991748193,1.0840092102929606,1.8323363629429825,1.8310605004161173,3.746089559788042
african_female_loPoly_0013_grp.fbx,african,female,0013,False,0.049168445439894314,0.15790046006441116,0.061884038308313134,0.06188588892335104,0.09043415932005382,0.09035325185490735,0.08147824722618681,0.08147568886408438,0.05283094876102509,0.03511686578452431,0.07626228034496307,0.028469514908367157,0.04835124313831329,0.18145950138568878,0.15327070159075176,0.05522349942166218,0.08741096037560227,0.08739842619304007,0.17862056195735931,3.211418596860779,1.2586128716223686,1.2586505098885645,1.8392722916286735,1.8376267755985731,1.6571247371607352,1.6570727045597542,1.0744888980801313,0.714215498788806,1.5510411131096156,0.5790200331464527,0.9833795375414095,3.690568204103848,3.117257424339695,1.123149184961925,1.7777857240261399,1.7775308007221782,3.632829152097416
african_female_loPoly_0014_grp.fbx,african,female,0014,False,0.049225678924358286,0.1574514731764795,0.06185634284505278,0.061858040484520246,0.08969022991388216,0.08960879029096035,0.08277096175933615,0.08276846542405564,0.052009923130017635,0.03450644415135288,0.07509404420852699,0.02904201376490643,0.04834965243935585,0.18376617878675647,0.1532498719010437,0.053616332373341034,0.08730201476374695,0.08728959811829098,0.17678894102573395,3.1985637703123273,1.256586891165141,1.2566213780326574,1.8220211863751634,1.8203667729734314,1.681459018300684,1.681408306246832,1.0565608086368439,0.7009846264259059,1.5255055054480577,0.5899769063527451,0.9822038719598247,3.7331365011569937,3.1132099190857727,1.089194370599328,1.7735055497740915,1.7732533105825297,3.5913967036877916
african_female_loPoly_0015_grp.fbx,african,female,0015,False,0.05157134329519889,0.16365890204912675,0.06409041646937852,0.06409236192491953,0.09254904843140133,0.09246615333069703,0.08977810271637254,0.08977587087712714,0.05754531100081311,0.03269916736726797,0.07589545845985413,0.03255164152002156,0.04967722296714783,0.18381413072988417,0.15825655097340022,0.0541457044642914,0.08858560892383567,0.0885732375570154,0.18185549974441909,3.173446561442638,1.2427525128154866,1.2427902363925103,1.7945828539241737,1.792975467042087,1.740852515756179,1.7408092390233503,1.115838900519203,0.6340569253760769,1.4716595227202414,0.6311963086494201,0.9632718442641884,3.5642688164571545,3.0686916582243327,1.0499184431624486,1.7177293291889622,1.7174894407930084,3.5262897594786753
african_female_loPoly_0016_grp.fbx,african,female,0016,False,0.05153232875757157,0.14988213777753337,0.05447702548523898,0.054485617650075945,0.08794642654534494,0.08784828173505148,0.08330645076076312,0.08327319081463191,0.057214026761837684,0.0340436125983806,0.07519862055787953,0.02764896965256609,0.04833980277180672,0.18071000278604302,0.15679497609424517,0.05621999478249907,0.08658076495099089,0.08656626710172906,0.18043786288093763,2.9085069778747656,1.0571427063100607,1.0573094397964782,1.7066262803507226,1.7047217514334447,1.6165861852017125,1.6159407661621872,1.1102550212895494,0.6606263178699958,1.4592513548464605,0.536536390246165,0.9380480940268825,3.5067307677123276,3.042652639120399,1.0909655382930612,1.680125215343964,1.67984388031387,3.5014498127920555
african_female_loPoly_0017_grp.fbx,african,female,0017,False,0.044593687906145194,0.15348616681976915,0.059153489726083475,0.05925516818083182,0.08629457552896387,0.08632530083324381,0.08192045902351971,0.08191748008119325,0.050551779919865904,0.03153544456178232,0.06990120829526099,0.027394025513366685,0.04870016142854064,0.1781955233520844,0.15428402394127497,0.056057615099348555,0.08583455019961388,0.08570444087820214,0.1771735272959476,3.4418809931756758,1.3264991639754442,1.3287792726527607,1.9351298262342667,1.9358188319147256,1.837041583013607,1.836974781130508,1.1336084162014253,0.7071728319073741,1.567513510934096,0.6143027589694298,1.0920864300579536,3.9959808600519073,3.4597726984588326,1.2570751093143742,1.9248138969862039,1.9218962346998827,3.9730629067691967
african_female_loPoly_0018_grp.fbx,african,female,0018,False,0.05043194221586024,0.15123012836533245,0.05516861307557352,0.055113650341053276,0.08684050267370441,0.08680912586749388,0.08848182821221537,0.08842006888942622,0.05809577487956715,0.031853596465783646,0.06574269699111372,0.033639990367284274,0.0485297238301349,0.17815586535080238,0.1558607825384223,0.0520226392288623,0.0874786773814362,0.08735189395853242,0.17578464201768473,2.9986972882787843,1.0939220393186375,1.0928321995840307,1.721934529152322,1.7213123677833184,1.7544798856544712,1.753255278390194,1.1519638611359435,0.6316155013313383,1.303592407956845,0.6670373753066544,0.9622814767358471,3.532599727931448,3.090517154213545,1.031541458510432,1.7345887058445513,1.732074755016302,3.485581444896298
african_female_loPoly_0019_grp.fbx,african,female,0019,False,0.04907951840743551,0.1517943618012434,0.05587111838753762,0.055832929404860954,0.08465421770766211,0.08462030181845763,0.0837096741411347,0.08368125446933848,0.055441768112226716,0.028230115545717784,0.07759231964190623,0.02895290738112576,0.056003394144986014,0.1841174399256474,0.1600269485547935,0.059262420075584986,0.08610929995432293,0.08601759574450857,0.17793954957272662,3.0928250057613984,1.1383795155388725,1.1376014112722488,1.724837986487599,1.7241469469194652,1.7055928187032239,1.7050137651037105,1.1296314615798537,0.5751913723228577,1.5809511209496923,0.5899183268420053,1.1410746470670654,3.7514108919567914,3.2605647681039494,1.2074776199639068,1.7544854299401078,1.7526169476731654,3.625535770248489
african_female_loPoly_0020_grp.fbx,african,female,0020,False,0.04653056845828771,0.14877278437011016,0.05522161369108179,0.05536125667489221,0.08282453517614305,0.08294950313049353,0.08394139761311781,0.08395254615640836,0.05122053666919107,0.0319995181998603,0.06908463162351498,0.030966151817549803,0.0497083948443294,0.17654283858776315,0.15095523018992463,0.05034501729311389,0.08487141903850276,0.0847247539766979,0.17538328384456853,3.1973128482940716,1.1867814110327315,1.1897825130703221,1.7800026503091413,1.782688367644886,1.804005418252455,1.8042450143644293,1.1007932713116901,0.6877095909229272,1.4847149715234158,0.665501257421976,1.0682954558977815,3.794125978624672,3.2442163332959995,1.0819772670141703,1.8239927396241822,1.820840724364873,3.769205699728142
african_female_loPoly_0021_grp.fbx,african,female,0021,False,0.04451649810240128,0.14865458456673414,0.05521729791763448,0.055360572311329195,0.08509992638145941,0.08522332050994234,0.0865269467435847,0.08652992942768827,0.05371939471010948,0.03312849005047639,0.06988318392386077,0.02702464180667039,0.0515604702008484,0.17565324548103706,0.15998671981048065,0.05338749911896995,0.08297153618955669,0.08287659301169417,0.17251572235667317,3.3393144318042283,1.2403782927987317,1.2435967488723685,1.9116491639954267,1.9144210381037423,1.9437051527401548,1.9437721545087285,1.2067300214526933,0.744184548709805,1.5698266238981446,0.6070702539203694,1.1582328439726743,3.9458010618216637,3.593874779693211,1.1992744576665197,1.863837896653445,1.8617051328038692,3.8753210542265775
african_female_loPoly_0022_grp.fbx,african,female,0022,False,0.04900949806970091,0.15076755449577312,0.054227353247531355,0.05434434819876681,0.08614251864303508,0.08626453395760549,0.08561641566138854,0.08560749565555784,0.054520759433396404,0.03341616600089211,0.07157899872950829,0.027613531749926326,0.05038496270873082,0.17332865803818515,0.16143991021482457,0.056582234276289355,0.08404144434064638,0.0839568705708535,0.1737186762070922,3.076292564379107,1.1064662031512678,1.1088533924889155,1.7576698810610933,1.760159506937222,1.7469351663146104,1.7467531606589308,1.1124529240405079,0.6818304066972469,1.46051278933135,0.56343224961526,1.0280652667993813,3.5366340171792525,3.29405353193428,1.1545156858333574,1.7147991236540174,1.713073462851032,3.5445920290803814
african_female_loPoly_0023_grp.fbx,african,female,0023,False,0.04226330282330386,0.1524166758189675,0.05838835502215686,0.05858609208636636,0.08156182052672814,0.08153248291816342,0.08399018657573244,0.08385264551708373,0.047995728631807705,0.02911328025602765,0.07063347242898035,0.03350224835996125,0.04827371643899996,0.17372545349512827,0.15535123648705157,0.05458186675822272,0.08398141855459061,0.08389713179659528,0.1746863429129621,3.606359788211474,1.3815379092890416,1.3862166033569474,1.92984965864417,1.9291554959402428,1.987307686928351,1.9840533019309516,1.1356360110441488,0.6888548293952709,1.6712719477767193,0.7927030336466796,1.1422135331170091,4.110550806250206,3.675794983097993,1.2914718706775195,1.9871002251221008,1.985105900202732,4.133286592467652
african_female_loPoly_0024_grp.fbx,african,female,0024,False,0.047070725249674136,0.15300809500343904,0.057063497167472874,0.057199162485383585,0.08241391841391803,0.08241312625816317,0.08542577682307795,0.08532499692331894,0.0543701475199966,0.030003491749130255,0.06718861701705177,0.029937264427283516,0.04984485184198601,0.17639036891478738,0.15366637915288678,0.050945180947434714,0.0834106934589156,0.08331182233531106,0.17456029207762175,3.250599904544668,1.2122927119732008,1.2151748710474684,1.7508529553512364,1.750836126297708,1.8148387637955363,1.8126977324172338,1.1550735033633883,0.6374129905580319,1.4273971063897493,0.6360060158089611,1.0589352846721027,3.747347591930475,3.2645849057520224,1.082311366081775,1.7720290693734964,1.7699285892326,3.7084682921648886
african_female_loPoly_0025_grp.fbx,african,female,0025,False,0.05448951200779691,0.15560931532932046,0.05314349222641858,0.053318368859037034,0.08496299972419324,0.08508265693459725,0.08124991314772156,0.08120037488216536,0.05467698342702631,0.031463444566610384,0.06982084443240312,0.026115764046593777,0.04658866961259954,0.18300051170796883,0.14691042222120118,0.050131172620655765,0.0857111636222333,0.08555669432761429,0.1794893844374711,2.8557663593510307,0.9752976356039722,0.9785069987671701,1.559254186604495,1.5614501543420458,1.4911110441968263,1.4902019102418533,1.0034405046461523,0.5774220287035838,1.2813629973858538,0.47928056398921076,0.8550025114178516,3.358453855886675,2.6961229199516366,0.9200150776443453,1.5729846068353277,1.5701497623133782,3.2940171020762294
african_female_loPoly_0026_grp.fbx,african,female,0026,False,0.04800815823434709,0.1565716751225547,0.0584459173644332,0.05853439434662523,0.08667488211884374,0.08675662783780125,0.08727053990974758,0.08722273682940962,0.050224682596625964,0.033005453556461395,0.05732276771281894,0.026240199124373434,0.05112811929143492,0.18004511139051066,0.16010309740898418,0.05373660136881183,0.08530241639372382,0.08509898887935664,0.1771715030259242,3.2613555879037373,1.217416362426053,1.2192593196534505,1.8054198558451011,1.8071226022524614,1.8178272843491525,1.8168315560792903,1.0461697437227049,0.6874967665984711,1.1940213876358994,0.5465779169507917,1.0649881430955557,3.7503024071791757,3.334914383248295,1.1193222849021183,1.7768316788435934,1.7725943258217556,3.6904457396819716
african_female_loPoly_0027_grp.fbx,african,female,0027,False,0.04978921262095842,0.15460365005521254,0.05573065363433245,0.05588934643052246,0.08338175913721746,0.08357011607093433,0.0816132052993038,0.08159726392410273,0.058238954143578804,0.03224072921188382,0.07509011990624537,0.027681997222933647,0.052363221544860616,0.1779896965281647,0.15663323242182048,0.0575470527739913,0.08532106178543009,0.08518702217504616,0.17630428643747956,3.1051635869841654,1.1193318934084333,1.1225191861539145,1.6746952752998245,1.678478362514937,1.6391744517154563,1.6388542744247963,1.1697102861808166,0.647544468263238,1.508160421774509,0.5559838319532111,1.0516981247222754,3.5748646575953518,3.145927082925726,1.155813674180645,1.7136455327175586,1.7109533911204549,3.541013748895187
african_female_loPoly_0028_grp.fbx,african,female,0028,False,0.04643281927518017,0.1528564668451576,0.05597517838116264,0.056133631076543795,0.08308047738748517,0.08318310640262655,0.08555130024101643,0.08549774445567151,0.05545505383692472,0.033744317676148154,0.0688291426109303,0.027588683790264315,0.04800996350267638,0.17595950814796954,0.1564773131852707,0.05082019940229286,0.08606076452097004,0.08596728149233981,0.17587797915651085,3.2919919408568905,1.2055089321505654,1.2089214472175938,1.7892619635072287,1.7914722323804833,1.8424748179515849,1.8413214142560754,1.194307274522252,0.72673419798538,1.482338218642728,0.5941634434636053,1.0339661526505508,3.789550384721643,3.369972265907895,1.0944887731479593,1.8534468908928017,1.851433594476829,3.7877945363210643
african_female_loPoly_0029_grp.fbx,african,female,0029,False,0.054430935163477724,0.155191548434424,0.05364643455477726,0.053861721404595844,0.08362704800995481,0.08380061522372051,0.08493653840968346,0.08492053456890543,0.04945075010960477,0.032238552403311325,0.06846501570042722,0.02831784777709978,0.050149993584435455,0.17640669809075124,0.1571290081614668,0.053296941243988254,0.08683154995698911,0.08666303709045431,0.17689107506130794,2.8511644705041745,0.9855872289104661,0.9895424585821959,1.5363882277383176,1.5395769881967665,1.5604460616850562,1.5601520406337925,0.9085045105524004,0.5922836399280326,1.2578328021519303,0.5202528248329747,0.9213509456307355,3.240927196288872,2.886759297622684,0.9791663708131482,1.5952610348545264,1.592165132386037,3.2498261242441226
african_female_loPoly_0030_grp.fbx,african,female,0030,False,0.0502355877572523,0.15193033776528153,0.05355869550382984,0.05379774867396961,0.08258816386606903,0.08276571898367348,0.08886571369603019,0.08886908451193616,0.056397903305242976,0.03291235736099671,0.06180093183174946,0.02999515524107991,0.05001239307144887,0.17640277873394267,0.1590241478536385,0.051526843074084165,0.08780204306157162,0.08766908683816434,0.17826893265333632,3.0243567269370306,1.0661504701136457,1.0709091119612322,1.644017071426543,1.6475515203208693,1.768979276712076,1.769046376870678,1.1226683278350027,0.6551601928106293,1.2302221311788577,0.5970897640537636,0.9955570404215842,3.511510198434498,3.1655675777513093,1.025703995404044,1.7478056290661397,1.7451589749839826,3.5486582443260133
african_female_loPoly_0031_grp.fbx,african,female,0031,False,0.048819757112436885,0.16188027524801746,0.059980937342473575,0.060507590752418176,0.0841432468801266,0.08448615507418952,0.08469394083617564,0.08477258650428096,0.04856642263323449,0.02932318253796748,0.07142884763767174,0.030544914354410535,0.049973276450246046,0.18626327380149993,0.15830387946587127,0.05369425305331295,0.08856154150727476,0.08846905265405164,0.18082483905046812,3.315876293181686,1.228620150737976,1.2394078613103916,1.7235490681843442,1.7305730317258499,1.7348292135316619,1.7364401528881235,0.9948108205737497,0.6006417129530816,1.4631135397327728,0.6256670692576876,1.0236281252926451,3.815325696367489,3.2426191531695103,1.0998467880462741,1.8140512519000962,1.8121567555180247,3.7039274618677447
african_female_loPoly_0032_grp.fbx,african,female,0032,False,0.04726657212561669,0.14889439412701477,0.05259525469562204,0.05304728893101587,0.08145446592712816,0.08175037039092865,0.08346514166007266,0.08348749225011147,0.04979280425569379,0.03241885971906355,0.0718156824592887,0.02892153530297422,0.04962570745261787,0.18470720859539574,0.15523299474313468,0.05320751433865389,0.08818611739681534,0.08814081001086399,0.17962078754781818,3.1500992653181985,1.1127368101888946,1.1223003180775668,1.7232996230539621,1.7295599556842636,1.76583868697425,1.7663115494864585,1.0534464848299836,0.6858728750819177,1.5193757285472225,0.6118813783684526,1.0499112844640286,3.907776686333711,3.2842025084997495,1.1256901430729611,1.8657184862581098,1.8647599359779892,3.800165306476086
african_female_loPoly_0033_grp.fbx,african,female,0033,False,0.047191394538408885,0.1513932139056459,0.05424105149320491,0.05444731146772801,0.08457119494434756,0.08478454938703507,0.0845627172580316,0.08457283051411307,0.054002295315841296,0.03537984744436404,0.0708533302885715,0.027267075309524845,0.049934982029040016,0.18129312507852888,0.15736974048651364,0.05291649036334486,0.08601809605169482,0.08595894248558372,0.177685552942401,3.2080682375772467,1.1493843744977348,1.1537550860764152,1.7920893368708444,1.7966103823871802,1.7919096921199553,1.7921239950915115,1.1443250584995754,0.7497097254790495,1.501403613552981,0.5777976170492755,1.0581374531832946,3.8416564471510823,3.3347126531391447,1.121316521389855,1.8227496113022266,1.8214961292492022,3.7652108966134374
african_female_loPoly_0034_grp.fbx,african,female,0034,False,0.04973865672945976,0.15420231968164444,0.05502804273673517,0.055028039200742764,0.0855764835675014,0.08568204743479532,0.08027934592796214,0.08027934465472533,0.06065987050533295,0.032926546208846524,0.08350830152631106,0.028865365951292635,0.049885835498571396,0.18054396659148525,0.16510857523043096,0.061257450232133075,0.08643575061510653,0.0864357477016009,0.17731285095214844,3.1002509882883866,1.1063435636399597,1.106343492548526,1.7205226114764618,1.7226449821682983,1.6140232005986885,1.6140231750001521,1.2195719485404728,0.6619910623630578,1.6789416324717479,0.580340681661311,1.0029590418959677,3.6298520801135883,3.319522200378174,1.2315863406872192,1.7377982498653086,1.7377981912890257,3.5648902204294477
african_female_loPoly_0035_grp.fbx,african,female,0035,False,0.04845699854195118,0.15353355556726456,0.055460336785471714,0.055460345608007555,0.08381827183655574,0.08387074960443298,0.08064860397146,0.08064860433706476,0.05250777676701546,0.030586946458240446,0.0798887237906456,0.029695121579277253,0.051907017827034,0.17788393795490265,0.15396745269953915,0.05378345293870933,0.08206283320307639,0.08206283320307639,0.17482395470142365,3.168449557071604,1.1445268682388048,1.1445270503081881,1.7297454311783442,1.730828407207737,1.664333458491847,1.6643334660367792,1.083595318466895,0.6312183457206928,1.6486519222085683,0.612813885977048,1.0711975439852304,3.6709648411446976,3.1774038288038686,1.1099212612631553,1.6935187005450056,1.6935187005450056,3.607816413764701
african_female_loPoly_0036_grp.fbx,african,female,0036,False,0.052160011457767566,0.15184934204965028,0.05299550603514638,0.05311144098427366,0.0841166488943337,0.08407844127698051,0.08092363056844616,0.08101792219058078,0.058032423320181964,0.027403405097139552,0.08056192459988704,0.02916619519970359,0.05211794376373291,0.1747351586818695,0.15864087492403567,0.05807279970000173,0.08196582093062862,0.08195302953226392,0.17132505774497986,2.911221409002148,1.0160179139925092,1.018240592743666,1.6126654604445494,1.6119329526040531,1.5514496317541582,1.5532573695114813,1.1125845585208338,0.5253719148303349,1.5445150863342059,0.5591677299250327,0.9991934876381552,3.3499831345579256,3.041427148697667,1.1133586453872153,1.571430270811845,1.5711850370013605,3.284605446908246
african_female_loPoly_0037_grp.fbx,african,female,0037,False,0.046694035325483135,0.14570646486191718,0.05158855494380322,0.05181435365124547,0.08344699255359805,0.08359679070546436,0.08250179063867359,0.08253115346164726,0.05122309427076062,0.032812812042276984,0.07087360722170921,0.027096865517357245,0.0491295689577406,0.17452358318419375,0.1537156153644542,0.05279825877800459,0.08431577502413762,0.08414031708256868,0.17391221151221992,3.1204513348709937,1.1048210886937182,1.1096567964210182,1.7871017566146634,1.7903098355656928,1.766859301484455,1.767488136040496,1.096994378697567,0.7027195617931417,1.5178299910830397,0.5803067849775068,1.0521594164068377,3.737599073793222,3.2919753945653167,1.130728119983027,1.8057076120410294,1.8019500027372735,3.72450593100288
african_female_loPoly_0038_grp.fbx,african,female,0038,False,0.048373025781679714,0.1457978935659053,0.050804233524502924,0.051049192601347,0.08129708713383894,0.0814891829840467,0.08162470906693099,0.08168297138222834,0.050599849342405794,0.02993488114884591,0.07227662086912943,0.027224800504677824,0.049442078348560674,0.17317669095409044,0.15172747496787573,0.052135516753262584,0.08459466633223932,0.08443504154451623,0.1734443564599545,3.0140329493534237,1.0502595755286406,1.0553235357189674,1.6806285284024665,1.6845996641150582,1.6874013512267134,1.6886057893274082,1.0460344070841532,0.6188341677022637,1.4941513312674088,0.5628095423997367,1.0221001797924711,3.5800260197838925,3.1366132780831624,1.0777807654324538,1.7487983223137098,1.745498450429666,3.5855593826765118
african_female_loPoly_0039_grp.fbx,african,female,0039,False,0.04733637828028749,0.14396737251392758,0.05085120602533376,0.05107510550574975,0.0819860251522275,0.08214688589702425,0.08311398817386544,0.08315847198381067,0.050271435502981306,0.031208913955497904,0.06917284081908967,0.028222177496121235,0.0471158133222088,0.17453756195226924,0.15696217002182025,0.051542369640321696,0.08528447067394376,0.08519248431423782,0.1732777564168811,3.041368557211327,1.0742521475604727,1.0789821139953835,1.731987704398782,1.735385952229325,1.755816376186029,1.7567561145344475,1.0620042624578245,0.6593008398467691,1.4613040399817752,0.5962048327612324,0.9953404766885061,3.687176085141113,3.315888872875277,1.0888532564770745,1.8016686905989843,1.7997254418113122,3.6605621873070073
african_female_loPoly_0040_grp.fbx,african,female,0040,False,0.04625141898352648,0.14628748436414885,0.05189931427516879,0.05203232703762077,0.08296862495596175,0.08315432669048049,0.08101866357548779,0.08099992633724536,0.05315736450037643,0.032296772287411325,0.07415037909727196,0.028426533159094478,0.052589657518879444,0.1763456194162279,0.16353770820406907,0.05528744735908811,0.08253540792176488,0.08252087989398743,0.1752259750535864,3.1628755955844845,1.1221129084418782,1.124988771828888,1.7938611783027232,1.7978762277563387,1.7517011446577342,1.7512960276115068,1.1493131598688824,0.6982871660416424,1.6032022525337513,0.6146088873342297,1.137038790909539,3.812761279368261,3.5358419654609263,1.1953675924792713,1.7844946108823556,1.784180500999962,3.7885534953208078
african_female_loPoly_0041_grp.fbx,african,female,0041,False,0.044362340022750676,0.14622083766638777,0.053086170261872685,0.05331215013504474,0.08191459855635475,0.08212042716692328,0.08155745168363546,0.08159262890185366,0.053392294024966244,0.03273978703830463,0.07156426770088845,0.029111688997671338,0.05030099499812114,0.175122910568443,0.15653943791092062,0.052809590312217373,0.08385002376466107,0.08372074440400891,0.1746077915350665,3.296057818216988,1.1966494606607339,1.2017434181268225,1.8464895790967262,1.8511292940094872,1.8384389020464142,1.8392318543162938,1.2035499930252702,0.7380085681123773,1.613176123355702,0.6562252798824807,1.1338670361465355,3.9475580070535816,3.5286560138766645,1.1904148943706447,1.890117241824025,1.88720307272055,3.9359463780657435
african_female_loPoly_0042_grp.fbx,african,female,0042,False,0.04661893078953014,0.14924724446625084,0.05426940195080409,0.0542648259037112,0.08214407648522104,0.08224205942039485,0.07973563966700706,0.0797135597513554,0.05084806423598328,0.031067816143622955,0.07022126336107118,0.026092242387508107,0.05285711923594151,0.17512470394839855,0.1504116291074441,0.05170151862333472,0.08605135439775848,0.085968646539923,0.17502094841048857,3.201430018634605,1.1641065342277674,1.1640083756682427,1.7620326140913827,1.7641343983561522,1.7103704078282806,1.7098967823015319,1.0907170837003182,0.6664206067677615,1.5062821513024007,0.559691995196252,1.1338123449157347,3.7565148102394645,3.2264066669934035,1.1090241184799126,1.8458457313457781,1.8440716053322737,3.7542892006823
african_female_loPoly_0043_grp.fbx,african,female,0043,False,0.04909325730829046,0.14893361586130266,0.052576140306579484,0.05239949567477323,0.08461223001064809,0.08461158251754636,0.08653731916965463,0.08642429944224418,0.04692350664320935,0.03430598540835727,0.07089029178812495,0.02781514723002472,0.054365488324447556,0.1784687138227957,0.16182382123921776,0.051396686462827336,0.08276730519366444,0.0827278918706911,0.17443258351337665,3.033687802095625,1.0709442230817483,1.067346078621767,1.7235000211802913,1.7234868321368821,1.76271292463295,1.7604107810473104,0.9558034894393798,0.6987922026221707,1.4439924273705422,0.5665777492691961,1.1073921614744184,3.6352999089481357,3.296253500211124,1.046919460651634,1.6859200169569395,1.6851171913728509,3.553086372289254
african_female_loPoly_0044_grp.fbx,african,female,0044,False,0.04855297985493233,0.1567970294496923,0.0579890936889818,0.058049913066977134,0.08771760496160318,0.08774997660558007,0.08574162824404612,0.08571808203155869,0.04807095785006309,0.03540187279815019,0.06576936823588474,0.026041873232126908,0.05090421234667096,0.17788917867426382,0.1504024080574017,0.047174878266148336,0.086432501009568,0.08641562818312551,0.1781123279053064,3.22940074776407,1.1943467499264289,1.195599389376717,1.8066368989851453,1.8073036272492726,1.7659395674627356,1.7654546082994098,0.9900722467228698,0.7291390333595321,1.3545897374865954,0.5363599373289836,1.0484261212960295,3.6638158812448807,3.097696753253402,0.9716165394399784,1.7801688231662185,1.7798213094504198,3.6684118757998863
african_female_loPoly_0045_grp.fbx,african,female,0045,False,0.051539846010000764,0.1515020952077583,0.053067901136222305,0.05310182643317573,0.0845562778261279,0.08465664807503329,0.08648228928018582,0.08646578979633504,0.04342553790274145,0.030998872035494097,0.06384677214624042,0.027313755458840943,0.05149852013115315,0.17960825095279065,0.15229246328993165,0.04907195332526065,0.08736159963305563,0.08755301449916067,0.17616975014289074,2.939513928279121,1.0296480343756758,1.0303062687240447,1.6406001253810625,1.642547555508927,1.677969493028847,1.6776493623895823,0.842562430130567,0.6014544946346773,1.2387846896913821,0.5299541534047463,0.9991981761288228,3.484842599606129,2.954849016436349,0.9521168013528554,1.695030280379651,1.6987442004031585,3.4181272118800443
african_female_loPoly_0046_grp.fbx,african,female,0046,False,0.04219738006527552,0.14986687587921954,0.055856395806418414,0.05595252918963284,0.08502808555533525,0.08514699561078523,0.08397038247629068,0.08398213583331562,0.052892383415495715,0.03388721709849497,0.06707705048489986,0.026093161924691504,0.05092100583914663,0.17898670661086252,0.16732060389521355,0.058473238630201714,0.08636167554438143,0.08651168296301562,0.1761946414812174,3.551568264365917,1.3236934549020256,1.3259716385965041,2.0150086432808036,2.017826592055491,1.9899430331076506,1.9902215659693296,1.2534518335895735,0.8030644804505521,1.589602254479727,0.618359762722893,1.2067338247155737,4.241654489780795,3.9651893941373553,1.3857077984403041,2.0466122638606414,2.0501671627288207,4.175487701100407
african_female_loPoly_0047_grp.fbx,african,female,0047,False,0.04843317706254901,0.14844218490333394,0.052439144814129784,0.05250736580961548,0.07929382232245871,0.07939215410440877,0.08254438796794034,0.08254760070372039,0.045709835320508804,0.02791527841658283,0.06628621637920641,0.030298364456439256,0.05116977751250264,0.17881587625351017,0.1581151513143655,0.05468821908166906,0.08516327351582277,0.08528713631983925,0.17598495565690575,3.064886383803159,1.082711232145834,1.0841197913117462,1.6371798657778476,1.6392101224719948,1.7042943076259156,1.7043606409943812,0.9437711521892701,0.5763668648152412,1.3686117739829684,0.6255704517857757,1.0565026004059046,3.692012110264385,3.2646041598751148,1.129147877518792,1.7583664479792167,1.7609238437878072,3.6335620814143588
african_female_loPoly_0048_grp.fbx,african,female,0048,False,0.04800383050266552,0.15339250581259176,0.05525068974415843,0.055330753886532504,0.08274043427646743,0.08281438430083707,0.08138846594388964,0.081416329061508,0.04576487462464035,0.028928194873548314,0.06577386070052628,0.02701540939320128,0.051020608543714346,0.1813544638470741,0.1597789286153084,0.05297958100725328,0.08613869301850054,0.08617973014021715,0.17718851508118746,3.195422202902627,1.1509641869327598,1.1526320567993036,1.7236214987442116,1.725162001316512,1.695457739343746,1.696038174640817,0.9533588079413612,0.6026226359569787,1.3701794213458454,0.5627761182870853,1.0628445273941487,3.777916510996013,3.3284620610939855,1.1036531970987498,1.7944129065641439,1.7952677783793074,3.6911328372294934
african_female_loPoly_0049_grp.fbx,african,female,0049,False,0.047189545585299586,0.1539609622875112,0.05659312375276787,0.056875789108619235,0.08478683439173566,0.08498001244468133,0.08724058107853222,0.0873473537542468,0.04923462540738513,0.03170410385859249,0.05913123420253431,0.02678642972490413,0.049400753802716094,0.1778195122518585,0.1606425362492353,0.05049563527291211,0.08563584783697531,0.08574293154906538,0.17647870097519486,3.2626074351407373,1.1992724882351415,1.2052624877646012,1.7967291979634643,1.8008228600352145,1.8487268736427347,1.8509895077577758,1.0433375612483673,0.6718459240359566,1.253057927749039,0.5676348308225413,1.04685801039172,3.768197172622331,3.4041975665745428,1.0700597907143745,1.814720755939054,1.816989981267713,3.7397838607323064
african_female_loPoly_0050_grp.fbx,african,female,0050,False,0.04899030561581417,0.14913350288637342,0.053314223813581134,0.0532230833906043,0.08408657808514954,0.08413076399587759,0.08241214431886436,0.08241508804964892,0.05231603980064392,0.03220116432140392,0.06537846612679608,0.02551303477985004,0.048963925694224475,0.18003708124160767,0.15636546343582297,0.050271403836694324,0.08677099320700071,0.08677099320700071,0.17646293342113495,3.0441431424390384,1.0882606904246621,1.0864003137270446,1.716392192866954,1.7172941245894169,1.682213313081712,1.6822734011082627,1.0678855570102057,0.6572966613829272,1.3345184379844282,0.5207772121269311,0.999461527719452,3.6749532173461548,3.1917633799236373,1.02615003529324,1.771187015804018,1.771187015804018,3.6019969910980176
african_female_loPoly_0051_grp.fbx,african,female,0051,False,0.045843886385481855,0.1456281323126223,0.051691159711969616,0.051715562042817666,0.08365414768319741,0.08384635575849937,0.0864673878985181,0.0864294351249633,0.05182494541209615,0.03357001226515837,0.07171878290522928,0.02811712723513425,0.05088466782841798,0.17921913701427256,0.16265915168229983,0.04922903765738867,0.08298340698159447,0.08304342015898111,0.17630456004477355,3.1766096593141544,1.1275475049676311,1.12807979689949,1.8247612556183623,1.8289539209976837,1.8861269127894262,1.8852990428912315,1.1304657937663072,0.7322680276903737,1.5644132415427514,0.6133233774883137,1.1099553689787625,3.909335598367351,3.548109999108012,1.0738408441955054,1.8101302817964011,1.8114393587992106,3.845759466427062
african_female_loPoly_0052_grp.fbx,african,female,0052,False,0.046822775802388424,0.14883101791186246,0.05327415998242898,0.05329583498198727,0.08216477784770464,0.08226016099229609,0.08264951185504697,0.08261504991352853,0.052182498630137734,0.030237507190656793,0.07217763131779908,0.025678281298363963,0.05216245202570013,0.18562821897369922,0.15567777126406201,0.052831754040994466,0.08957321921617589,0.08963018523932083,0.1771450302771562,3.178603048652887,1.1377830354882863,1.1382459512207872,1.754803649285428,1.7568407592806579,1.7651561753592369,1.7644201672749684,1.114468284630744,0.6457863010572386,1.5415068859312975,0.5484143316649356,1.1140401467407093,3.9644855690984118,3.324830034022052,1.1283345153214843,1.9130266773207147,1.9142433079490517,3.7833090251800074
african_female_loPoly_0053_grp.fbx,african,female,0053,False,0.04796034970970249,0.15118941716841658,0.054130397660304023,0.054052328105475216,0.08330083226639937,0.08340615607729322,0.08534339736588262,0.08526872155426206,0.05663310532869223,0.03025352812654076,0.07059640504028188,0.02994371983620127,0.05163731080142376,0.18387829192877692,0.16445937010953943,0.054756745211854606,0.08890664553070067,0.08896556414826774,0.1769603602547401,3.152383543563499,1.1286489357969238,1.1270211421027296,1.736868742004761,1.739064802115485,1.7794573618093834,1.7779003295510165,1.1808317844111804,0.6308029092711224,1.4719743593946326,0.6243432338889636,1.0766666864186232,3.833964786365557,3.429069452266085,1.1417086310523126,1.8537530703766876,1.8549815563640437,3.689722058447389
african_female_loPoly_0054_grp.fbx,african,female,0054,False,0.04361993497640535,0.15247176937979423,0.05696249070896711,0.05697277127360563,0.08148640510541007,0.08164459466165261,0.08473745376254048,0.08470715889122085,0.05495568103837287,0.027953730440120592,0.0698634863670952,0.026083834112925794,0.05169832017915454,0.18650167622621586,0.16091025321958194,0.05208928093686735,0.08738253275422532,0.08750504857090503,0.1766795328264011,3.4954607213942066,1.305882063780676,1.3061177487867193,1.86810010490587,1.8717266475939347,1.9426313635812658,1.9419368446339997,1.2598753544245123,0.6408475953767736,1.6016412313517974,0.5979796651928737,1.185199386636383,4.275606470461208,3.688915476527432,1.1941622784408823,2.0032705872095358,2.006079298793952,4.050430907839949
african_female_loPoly_0055_grp.fbx,african,female,0055,False,0.046438141554858134,0.14397415150092002,0.051226917865921776,0.05131619870558522,0.08098741895307654,0.08111071376591013,0.08383897720371905,0.08385690189763957,0.05038837478668862,0.03002061267392559,0.06581956696006676,0.023729749816899348,0.04504716227677431,0.18028214688681052,0.1552884807535933,0.04895883256397112,0.0874949678983592,0.08757817323312701,0.17586790407698968,3.100342664032776,1.103121618366372,1.105044194005149,1.7439849279369801,1.7466399612502304,1.805390448381288,1.8057764391492293,1.0850644125619024,0.6464645584160975,1.4173600569762903,0.5109969740900808,0.9700466204824187,3.8821998652517196,3.3439856883624097,1.0542806177145407,1.8841186354324702,1.8859103810101765,3.7871434598482816
african_female_loPoly_0056_grp.fbx,african,female,0056,False,0.04459084274709351,0.14614166242858365,0.05272081046657874,0.052905846070592934,0.0822884616873119,0.0824447993566934,0.08664864751476213,0.08671472488258057,0.05305645591276451,0.03138074646563539,0.06657721145073169,0.026309906564033498,0.046610036903962405,0.18006315394621886,0.1584078217440035,0.04925823705405879,0.08681096836249858,0.08687089245564514,0.17586952584772383,3.2773918012148213,1.1823237063626735,1.1864733387224757,1.8454116723926588,1.8489177211629906,1.94319376303804,1.944675622625068,1.1898509344998374,0.703748674220355,1.4930691448990674,0.590029363500837,1.045282709015418,4.038119552202355,3.5524742746497817,1.1046715876943032,1.946833991339108,1.9481778567934218,3.944072706703603
african_female_loPoly_0057_grp.fbx,african,female,0057,False,0.048810898818808617,0.1572510479136561,0.056184344227628,0.056401311199540935,0.08389037398500203,0.08404495048628759,0.08057163976298126,0.08065882629133746,0.052365516929468385,0.030966390499111242,0.07031692688362834,0.026513123551698627,0.04502659710421522,0.18815212402373216,0.15569530499959514,0.051724203515663245,0.09038484563412669,0.09037051734920784,0.18377347474227038,3.221638030010247,1.1510614552743725,1.1555065070386996,1.7186811965174469,1.7218480405016021,1.6506895327224353,1.6524757429842016,1.07282427074033,0.6344154942538932,1.4405988946168036,0.5431804001421534,0.9224701489591262,3.8547154135016726,3.1897651706343924,1.0596855367828635,1.8517349162047825,1.851441369368613,3.7650090285052435
african_female_loPoly_0058_grp.fbx,african,female,0058,False,0.04413254608304589,0.14705381338966503,0.052624416366430664,0.05273578595477392,0.08148293204462796,0.08160817240788738,0.08238668597143016,0.08241362022604934,0.05124951176600833,0.02963002445375219,0.06936757928899433,0.0253019189753309,0.04815148834889024,0.18441875047788941,0.15568148418914743,0.05230146639123583,0.08838039443584932,0.08843448263518956,0.17780646720277593,3.3320944844865346,1.1924174115720696,1.1949409366851163,1.846322935715026,1.8491607589175159,1.8668011090137424,1.8674114126787178,1.1612634283453798,0.6713871526468527,1.5718009823965904,0.5733165480124196,1.0910652709291178,4.178747134390607,3.52758900191699,1.1850996834131928,2.0026126357980925,2.0038382210892394,4.0289193120240725
african_female_loPoly_0059_grp.fbx,african,female,0059,False,0.049821392206667314,0.15331548880357884,0.05377696683132543,0.05385565147139134,0.08334125753458874,0.08346331244381036,0.08043743086056508,0.08044908542589972,0.05526074679009961,0.029620931241089013,0.07193261721455145,0.025393134331175887,0.0492392677559562,0.1836506678798073,0.15779338297951237,0.054118634762631165,0.08792933266966436,0.08798325442158712,0.17702889486815296,3.077302379821122,1.0793951041803436,1.0809744386104116,1.6728006553665846,1.6752505047950255,1.614515919725756,1.6147498466559045,1.109177089248509,0.5945424230261677,1.4438098581461383,0.5096833550102533,0.9883157731061314,3.6861809705757356,3.167181324940891,1.086252960136846,1.7648911195600288,1.7659734207470184,3.553270734262263
african_female_loPoly_0060_grp.fbx,african,female,0060,False,0.04634913114343244,0.15261522107248285,0.05451633017446686,0.054581072125378424,0.08038970353599459,0.08051236842198232,0.08470503105212965,0.08468382164070257,0.054288039952421936,0.02766102377769834,0.0728552472188307,0.031114988602705045,0.04801905120306596,0.18385874575083824,0.1615257084092784,0.05393482216280473,0.08741820639188498,0.08747134484451874,0.17750622373289818,3.2927310028789623,1.176210401997831,1.177607234027135,1.7344381987921171,1.7370847400100775,1.8275430188756008,1.8270854178180653,1.171284954283645,0.5967970293142775,1.5718794596898094,0.6713176241948596,1.036029155637584,3.966821841424973,3.4849781306454157,1.1636641471422093,1.886080800983298,1.8872272831572425,3.829763780977594
african_female_loPoly_0061_grp.fbx,african,female,0061,False,0.04556676789950978,0.14377233259272537,0.0503033498954246,0.05040704651562019,0.07945459591784065,0.07958237812922177,0.08516400862176698,0.08516906453002994,0.04632996471675006,0.02942499177676909,0.06977213292866968,0.029676405868776956,0.0504605540226461,0.1830153408304983,0.1610590102156532,0.05192259526347033,0.08755568827455747,0.08757846467640593,0.1783224199862764,3.155201459752253,1.103948166926401,1.1062238740914183,1.7436961096969847,1.7465003948651345,1.8689938423893173,1.8691047984324165,1.0167489785302173,0.6457555173028995,1.531206538118766,0.6512730052353839,1.1073981401079134,4.01642138046985,3.534571742521723,1.1394838312424815,1.921481209017228,1.921981055789303,3.913431393236799
african_female_loPoly_0062_grp.fbx,african,female,0062,False,0.053790945430121286,0.15280287088639105,0.051102528402123926,0.051216438094484125,0.08010742496189843,0.08024848016931602,0.08295338187285828,0.08297431337516563,0.04750488210230783,0.0291365361346038,0.06694415904613804,0.03131810164113774,0.05063036837775063,0.18815101454746946,0.1593859408310135,0.05402707025406175,0.08976882093729348,0.0897910614946959,0.1833477322790141,2.840680149132053,0.9500210117799505,0.9521386487065625,1.4892362333724798,1.4918585187086026,1.5421439651143762,1.5425330919858224,0.883139006434093,0.5416624657109713,1.2445246781004031,0.5822188361017459,0.9412433258590612,3.497819438624528,2.963062641054869,1.004389676032878,1.668846312692353,1.6692597755386476,3.408524070602131
african_male_loPoly_0001_grp.fbx,african,male,0001,False,0.045855784096942506,0.14335135988985886,0.0509957594869914,0.05123085232724554,0.07869076737938066,0.07867915086962114,0.08443668821798461,0.08430358457390323,0.0646365254466406,0.029833497652920954,0.0782868221813523,0.030629994097704845,0.05489276901116596,0.17787701099488684,0.16093830499192685,0.05960102291149271,0.08516027636209568,0.08492060173259232,0.1716311627088797,3.126134744240847,1.1120900120077024,1.1172167990615915,1.7160488895582415,1.7157955625246233,1.841353056780781,1.8384503990964203,1.4095610121941045,0.6505939924579796,1.7072398547552516,0.667963588474483,1.1970740462123295,3.8790528719090647,3.509662045069198,1.2997492919430134,1.8571327050489548,1.8519060006271817,3.742846537004771
african_male_loPoly_0002_grp.fbx,african,male,0002,False,0.051908049407215134,0.14591125040567182,0.05026411114938684,0.05036925138783678,0.08114257306834947,0.08117809158505856,0.0836407063552782,0.08351326105945726,0.0642101772495022,0.031229736468468702,0.07848769268825953,0.028592313137506795,0.053703358083615926,0.1866392552738726,0.15626074070379317,0.056675825410161765,0.08586816816824419,0.08560164859444004,0.17467786254178397,2.810956144027065,0.9683298009345004,0.9703553102659168,1.5631982706919207,1.563882529050975,1.6113243959356385,1.608869183357313,1.2369984613711393,0.6016357159459708,1.512052438582866,0.5508261910055998,1.0345863251827614,3.595574432198372,3.0103373655584367,1.0918504173706038,1.654236079930768,1.6491016243531114,3.3651401764579507
african_male_loPoly_0003_grp.fbx,african,male,0003,False,0.05227115145495757,0.14910819955480203,0.05134684307515583,0.05151374618937283,0.08569649637105131,0.08577226655240779,0.0852257269632899,0.08516487722495046,0.05658878727663287,0.03647104567076057,0.0741289543020274,0.029552827170245533,0.05371930821125305,0.18679952234211653,0.15678365476761294,0.05699153985468833,0.08077291027856916,0.080478002384928,0.17490598759616907,2.852590681559591,0.982317045749447,0.9855100711481857,1.6394606582350992,1.6409102184465625,1.6304543632777921,1.6292902462333865,1.0826007405900717,0.6977279944213193,1.4181618777980212,0.565375476675914,1.0277047035694893,3.5736638115401576,2.9994299035619014,1.0903058047955638,1.5452674760411917,1.5396255897342623,3.3461284614494633
african_male_loPoly_0004_grp.fbx,african,male,0004,False,0.05195887466953477,0.14902658442326785,0.05205021294242854,0.05204116302258175,0.08517351684910336,0.08503295114019938,0.08339748189107273,0.08332811383693961,0.0594701542481831,0.03411795841306371,0.07722444226244092,0.02668500018721604,0.05863844359189773,0.18087692042374137,0.15911096777996017,0.05361715790316356,0.08244401448651799,0.08227898005800839,0.17413795236506838,2.8681642043076643,1.0017578955178437,1.0015837208478888,1.6392486825555415,1.6365433562797511,1.6050671309086582,1.6037320740088636,1.1445620142164559,0.656633898059925,1.4862608698436688,0.513579255842936,1.1285549189593864,3.481155463318677,3.0622481489817996,1.0319153030964525,1.5867167064504897,1.5835404554335222,3.3514573491556257
african_male_loPoly_0005_grp.fbx,african,male,0005,False,0.05219303147791989,0.14667748662388616,0.0503747354665489,0.050522508327145846,0.08438505179215836,0.08441490635761296,0.08601253057151075,0.08601377831939191,0.05984116485914513,0.033673049119586525,0.07606255305067446,0.0302325763967764,0.058851769580965906,0.17827711227290552,0.16388874143662416,0.05903297966853118,0.08309916814194533,0.08290021141558895,0.1712681339297581,2.810288700818952,0.9651620923352533,0.9679933680134913,1.616787709061452,1.6173597119631657,1.647969626134824,1.6479935325423622,1.1465355271509907,0.6451636964952268,1.4573315804208937,0.5792454575007049,1.127579063995602,3.415726337879514,3.1400502480097714,1.131050985101429,1.5921506336933158,1.588338693272868,3.2814367949141365
african_male_loPoly_0006_grp.fbx,african,male,0006,False,0.048697390079336496,0.14684826020581057,0.05216199441513794,0.05242927118079522,0.0846427276532512,0.08472663605011109,0.08606586770269577,0.08608837822620943,0.0619800398926692,0.034789966508315825,0.07605107687126887,0.026253873494696198,0.05948868673946459,0.18074137715427213,0.16255718240625902,0.058209174044048684,0.08543292828762383,0.08544197395729829,0.17139318440844162,3.0155262934331653,1.0711455856290657,1.076634109043192,1.7381368388604301,1.7398598962301,1.7673609933197558,1.7678232465016406,1.2727589669937744,0.7144113155065792,1.5617074497702748,0.539122804156939,1.2215990763067015,3.7115208199004726,3.3381087187922223,1.1953243068923374,1.7543635941975284,1.7545493468561353,3.5195558556467277
african_male_loPoly_0007_grp.fbx,african,male,0007,False,0.04994023387626156,0.14827795800336854,0.05258638757106042,0.05287596908091422,0.08503417658247789,0.08512744252644132,0.084718149404511,0.08475850260880535,0.060589032406535605,0.0339020304690655,0.07641917942760346,0.028447150071264884,0.05349773507472483,0.18094210049430284,0.16145732505783583,0.059559466759570925,0.08444329372395162,0.08429921122610769,0.17227797376832107,2.96910820183104,1.0529864097423995,1.058784971090176,1.702718829734952,1.7045863809401491,1.6963907220462713,1.6971987519885086,1.2132308502330786,0.6788520565014893,1.530212686167021,0.5696238856579898,1.0712351729725136,3.6231728698473584,3.2330109918564576,1.1926148945786526,1.6908870297479854,1.688001931167932,3.4496829589380673
african_male_loPoly_0008_grp.fbx,african,male,0008,False,0.048147603489428425,0.14702331813539748,0.05271916441190557,0.05300668346542495,0.08442410635396354,0.08451907568954473,0.08757239431234048,0.08760597133141682,0.05943849168477076,0.030400041774399065,0.07491092200750815,0.028635426253422882,0.05348455149483621,0.18067947607155102,0.17182630274898245,0.06351117404026098,0.08355836408744657,0.08336864384266068,0.17173646480129853,3.0535957655229673,1.0949488778497751,1.1009204949746545,1.7534435825554682,1.7554160449149299,1.8188318413723001,1.8195292181188645,1.2345057152807497,0.6313926254101906,1.5558598264180696,0.5947425038446669,1.1108455586284705,3.752616183923299,3.568740504118957,1.3190931518368483,1.7354625782318147,1.7315221901120292,3.566874617944505
african_male_loPoly_0009_grp.fbx,african,male,0009,False,0.04916868457941778,0.14558080331540715,0.050356835725350255,0.050568164779867766,0.07836032253314669,0.07854670947916698,0.07965848127834435,0.07964049152301496,0.06040883279586878,0.027565930169082598,0.07847138627848851,0.027962440025176442,0.05355182362923335,0.180499229291006,0.15355807904400134,0.054191946471023225,0.08457664926171178,0.08437147999651981,0.17219494849531583,2.960843971334305,1.0241647942403942,1.0284628358968915,1.5937038625993394,1.597494627953642,1.620106007710642,1.6197401293983935,1.228603801639147,0.5606399765394946,1.595962693525809,0.56870425280569,1.0891449321312607,3.6710200981574306,3.1230869883446384,1.102163845434828,1.720132437651503,1.7159596747039694,3.5021264035889494
african_male_loPoly_0010_grp.fbx,african,male,0010,False,0.052172667476733596,0.14311345978180084,0.048238264525368994,0.04820342728790329,0.08577156363004584,0.08580082635528476,0.08545516329275689,0.08527002044196473,0.05176557178943939,0.03506870726599145,0.07777044947598293,0.02454980545905409,0.05606797864150469,0.17575255110767793,0.1632512441458533,0.058171335475027855,0.08336858107503163,0.08293980889474505,0.17222578961281748,2.743073465538681,0.9245888097801565,0.9239210801211115,1.6439942172459492,1.6445550995365081,1.6379297326682716,1.63438107664307,0.9921971463798406,0.672166269467252,1.4906358681135992,0.47054917155619996,1.0746619130890367,3.3686709844010716,3.129056880571713,1.1149772148600485,1.5979359520425107,1.589717622387854,3.3010731086276466
african_male_loPoly_0011_grp.fbx,african,male,0011,False,0.04580209183624616,0.14645462179806779,0.05283510283720203,0.05303805029985019,0.0808166113843296,0.08092103177630326,0.07959225684320803,0.07949978296791806,0.06148172186257863,0.03270745909383563,0.07747641678337858,0.02641184499122267,0.055403113483114504,0.17554295457659716,0.15659039288390358,0.05852573558495028,0.08228967916405987,0.08198561089920534,0.17282108546375155,3.1975531231560206,1.1535521789288714,1.1579831438588957,1.7644742443919164,1.766754061487323,1.7377428334009306,1.7357238453682313,1.342334365041471,0.7141040459630732,1.6915475620715312,0.5766515006705712,1.2096197195794982,3.8326405528421446,3.4188480614325014,1.2777961276134353,1.7966358274260898,1.789997085555049,3.773213810444069
african_male_loPoly_0012_grp.fbx,african,male,0012,False,0.04902274619253561,0.14641474659466605,0.05134674492416363,0.051581826324513025,0.08175133693711593,0.08190012939133069,0.08561297892592512,0.08558248848488414,0.05847410323930864,0.03023628820503959,0.07764543417371893,0.02412789150006817,0.05621813267144171,0.18473786270381326,0.1625181233911934,0.057344550730183214,0.08400532155700158,0.0837276983523765,0.1732641799436101,2.9866696169901576,1.047406539048232,1.0522018926056629,1.667620508570442,1.6706556803176627,1.7463929619463234,1.745770996768746,1.1927953405476932,0.6167807916408298,1.5838654543906705,0.49217747625370634,1.1467764871973185,3.768411136704988,3.315157473082139,1.1697539445253418,1.7135988511755904,1.7079357003693358,3.534362992703823
african_male_loPoly_0013_grp.fbx,african,male,0013,False,0.04695280762056779,0.14596414481417563,0.05209108395567865,0.052329989773422486,0.08325170629251519,0.08339195969362423,0.08374508133584894,0.08371685304293744,0.05399639416835178,0.03299486156449302,0.077283304015271,0.026376002701783363,0.05341374939097104,0.18091809849397678,0.15811255753237263,0.05646740347676228,0.0829646067875436,0.08274286928690788,0.1715134721312353,3.1087415686348794,1.109434911254594,1.1145231227982884,1.7730932506802122,1.7760803649384789,1.7836011429306777,1.7829999372873513,1.1500141717765675,0.7027239314660183,1.645978332963775,0.5617556018147314,1.1376050144352394,3.8531902065580668,3.3674782306971363,1.2026416808358569,1.7669786109063423,1.7622560498525368,3.652890653893579
african_male_loPoly_0014_grp.fbx,african,male,0014,False,0.03716260825524215,0.13982914998431525,0.0530470612020213,0.053331342043557384,0.07996541567731354,0.08012921331234514,0.08574907039723877,0.08571938165675055,0.05643283782906676,0.030096672272406054,0.0797526350782574,0.027497913646027314,0.05585962096064008,0.18089789215921417,0.16927979752217892,0.06137665339442996,0.08272603630597387,0.0825096968144475,0.1714495976699994,3.7626301422099724,1.4274310575210636,1.4350807047036178,2.151770810274966,2.1561784028181643,2.3074018327317765,2.3066029453048147,1.518538134930461,0.8098643686604162,2.146045146521908,0.7399349759619863,1.5031135752631286,4.867739393229935,4.555110781232648,1.6515701205060649,2.22605571002419,2.2202342808596787,4.613497429793958
african_male_loPoly_0015_grp.fbx,african,male,0015,False,0.04581845378160869,0.15077861476222135,0.05586075117821155,0.056106383035567746,0.08387669947237701,0.08404395532473077,0.08267691984726362,0.08266382799601017,0.061789224554799425,0.03133428086579212,0.08237470285084805,0.0247472306938789,0.05543959222865119,0.18008275685805075,0.16188842734724102,0.05822395149133645,0.08299606697860187,0.08278388003018013,0.17326957649506133,3.290783566833134,1.219175824755435,1.2245368056939665,1.8306313842926913,1.8342817879739455,1.8044458733011577,1.804160140148401,1.348566340743723,0.6838790548268032,1.797849906578752,0.5401149242581451,1.2099839181152023,3.930354300396211,3.533258195897965,1.270753303218348,1.8114113447432856,1.8067803078813014,3.781654817967928
african_male_loPoly_0016_grp.fbx,african,male,0016,False,0.050618465447601575,0.1562031841979081,0.0574366756909223,0.0576682297036904,0.0834656383333747,0.08365683760962528,0.08497363156919595,0.08496918819802292,0.06341899039229289,0.027852262676904747,0.07980352422238077,0.0307401469461694,0.05495386103986083,0.18135743074641064,0.16361740778370756,0.058372585319074174,0.08332639995640663,0.08314439469290102,0.1743706305422161,3.085893316137844,1.1346980826666642,1.1392725795566934,1.6489168052669503,1.6526940686541327,1.6787081713719199,1.6786203897465044,1.2528825169135551,0.5502391751827486,1.576569410326959,0.6072911668566978,1.0856484990985573,3.5828314656070592,3.2323660217056256,1.1531875730112637,1.6461660625145411,1.6425704327004762,3.444802780967715
african_male_loPoly_0017_grp.fbx,african,male,0017,False,0.03927343139546344,0.14865022276240708,0.05887602609213878,0.05904069571956816,0.08115670308618449,0.08131768349862685,0.08645902081059773,0.08644331808157837,0.06281470818657395,0.03107150348283027,0.08089427030337483,0.02764440144795112,0.05141072866164999,0.18303713859799484,0.16048846086373825,0.05777553183830177,0.08491792910596481,0.08476562518254926,0.17194189814575467,3.785007255046678,1.4991311937907132,1.503324095240328,2.066453075336806,2.070552040126039,2.2014633745648413,2.2010635437259918,1.5994199120026424,0.7911583576682176,2.059770878913298,0.7038957500195511,1.3090460098576606,4.660584321112768,4.086438468991957,1.4711098517603827,2.1622233171042415,2.1583452774727685,4.37807168959563
african_male_loPoly_0018_grp.fbx,african,male,0018,False,0.039224982442293034,0.1487471756666072,0.05896739213427633,0.059122417105976606,0.08117957295681337,0.08134039704810053,0.08629693347264525,0.08627733736040616,0.0629465495158936,0.031074551290546204,0.0840286546430616,0.027666717813997474,0.05142977009835676,0.18308603014852487,0.16130555965850069,0.05862568518621647,0.0849501968163822,0.08479723479167785,0.17192971648200858,3.7921540407428074,1.5033121358569863,1.507264335757352,2.06958850972701,2.073688552130439,2.200050276621627,2.1995506941866845,1.6047566014465202,0.7922132619501469,2.1422228745846548,0.7053341032006876,1.3111483268098119,4.667587306581391,4.112316937192006,1.4946006737534003,2.1657166307559,2.1618170235367153,4.3831687301568065
african_male_loPoly_0019_grp.fbx,african,male,0019,False,0.04319109154975515,0.1490470001597749,0.05587996092603975,0.05595741840276346,0.0834246981609683,0.08356007727337882,0.08823898732328707,0.08834023905497962,0.05885958163891166,0.03288475965063109,0.06919847489419322,0.029519148544597775,0.05723851377665524,0.1863074670670285,0.1674727708208422,0.060755508759799896,0.08435816522100256,0.0841144253422553,0.17394513403043788,3.450873659631319,1.2937844106502219,1.2955777776142052,1.931525580104058,1.934660002216418,2.0429904444910303,2.0453347179988186,1.362771338416089,0.7613782951687756,1.6021469338064345,0.6834545617026694,1.325238879659195,4.313562366267279,3.877484101736984,1.4066675923161363,1.9531380707020076,1.9474947801529259,4.0273382262186415
african_male_loPoly_0020_grp.fbx,african,male,0020,False,0.04708308032137283,0.15715927212936115,0.059937687117642115,0.05969474986044923,0.08086818298740113,0.08092824063429957,0.0801091549200398,0.07996306447577989,0.05332086650389322,0.03191275133724908,0.08084879055219246,0.026836909153017396,0.052766418161102016,0.18384182298497653,0.16206738782437125,0.05999755071603661,0.0858646186057859,0.0857763509361938,0.17833936638558118,3.337913982191613,1.2730196645701213,1.2678599074867978,1.717563558616447,1.7188391261130618,1.701442521883496,1.6983396993140563,1.1324846662525778,0.6777965910349041,1.717151681673046,0.5699905139986154,1.120708708965868,3.904626072256441,3.4421577075704324,1.274291110660434,1.8236831154568411,1.8218083938160818,3.787759109393402
african_male_loPoly_0021_grp.fbx,african,male,0021,False,0.0498415619252535,0.14866449221398984,0.0532295221006972,0.05363502401630628,0.0804778037045556,0.0807294729107671,0.0868150451062009,0.08688833836466292,0.06549434252423626,0.03301713958990197,0.07585552445658852,0.024257288519987444,0.053777253957124904,0.18182040385990045,0.15802005929049076,0.052933734019833874,0.08457452631905021,0.08430131128528831,0.17483447320499276,2.9827414405058037,1.0679745988001854,1.0761104175816514,1.6146725864098466,1.6197219708289972,1.741820315270133,1.7432908401820917,1.3140507639479069,0.6624419122221167,1.521933132239068,0.4866879684943595,1.0789640589067753,3.6479676165159765,3.170447578016729,1.062040031956014,1.6968674947603994,1.6913858239778579,3.507804861075359
african_male_loPoly_0022_grp.fbx,african,male,0022,False,0.0460673280118075,0.14572847876325726,0.05191029654433711,0.05218814177033821,0.08152192211240872,0.08171554807584137,0.08752017112603278,0.08752828778396848,0.05963066825970092,0.033575840653134,0.07361996025891751,0.028109281220625563,0.054881372280467404,0.17822145782652982,0.16383702976151987,0.060675091622842146,0.08513564431509835,0.0848918267569738,0.17308806296226617,3.163380318604666,1.1268354120957917,1.1328666979982405,1.7696255813125057,1.7738286894976174,1.8998317224650085,1.9000079136678851,1.2944242879555985,0.7288428068701573,1.598094863241211,0.6101782420161396,1.191329617953982,3.868717060838648,3.556469125353371,1.3170959602278332,1.8480699443492201,1.8427773092291182,3.757284618675996
african_male_loPoly_0023_grp.fbx,african,male,0023,False,0.04699151064341262,0.1452088960007555,0.05180559161349855,0.05206531342769689,0.08374888723067771,0.08393583314865832,0.08866828047341588,0.08867535142814277,0.060768500204893626,0.03683157405574668,0.07423319408668368,0.029080150062192764,0.054794804679484554,0.17635325078043385,0.1667648636895915,0.059312975963627675,0.08391284275731686,0.08373058334678843,0.1729087239639522,3.090109128490238,1.102445758907748,1.107972753265712,1.7822131292222634,1.7861914205225629,1.8868999795784518,1.887050452602836,1.293180393071962,0.7837920839625063,1.5797149968212365,0.6188383745068916,1.166057526758098,3.752874686635669,3.548829595095577,1.262206197492021,1.785702174890178,1.7818236145282547,3.679573642057216
african_male_loPoly_0024_grp.fbx,african,male,0024,False,0.042333365800387414,0.1477632687810396,0.05532614443286036,0.05553278460717106,0.08349911427511969,0.0836755975924849,0.08865951841716942,0.08866715965348486,0.05429370021134554,0.03545653870353459,0.07080076971280796,0.03190949094301609,0.05504287731734904,0.17532080970013303,0.16913155534492422,0.057394754657858475,0.0841478401353879,0.08394631048452492,0.17314919881264512,3.4904682391138233,1.3069157953028634,1.3117970555193335,1.9724185095236522,1.976587403586963,2.094317726476595,2.0944982279834083,1.2825273678297668,0.8375553900136641,1.6724578444022524,0.7537669244982186,1.3002244512494048,4.141433273385708,3.9952305267297317,1.3557805662911222,1.9877427306906417,1.9829821914079102,4.090135417747968
african_male_loPoly_0025_grp.fbx,african,male,0025,False,0.05105002344939559,0.13763681274515224,0.04516588107444089,0.04543671404532863,0.07858646558771226,0.07877168980792924,0.08660582841471982,0.08662962161702067,0.05186841847298756,0.031193652779678133,0.06800897701051946,0.029217913718877695,0.049920153330752934,0.17413113031770402,0.15600733887070073,0.0534329786044833,0.08363951957210455,0.08342359904493149,0.17408680085265435,2.696116543052867,0.884737714551934,0.8900429612998852,1.5394011653219464,1.5430294539631964,1.6964894933019898,1.6969555695286627,1.0160312369768687,0.6110409099145566,1.3322026595724248,0.5723388892825988,0.9778673927591304,3.4109902121850184,3.0559699747316724,1.0466788258667474,1.6383835681292878,1.6341539809012406,3.41012185871416
african_male_loPoly_0026_grp.fbx,african,male,0026,False,0.0464187063231436,0.1365366516009453,0.04670349318077499,0.04694507776885264,0.0787054098177388,0.07888146064994833,0.08689946061006296,0.08690231785186862,0.05723963235036672,0.03167713951615292,0.06184470636495322,0.026741923009704814,0.0512236646640526,0.17482765578867035,0.1612716614056868,0.05538357160803585,0.08225001112228289,0.08212387090066554,0.17374712754324678,2.9414144084595133,1.0061351743766587,1.0113396405760366,1.695553712114066,1.699346382055877,1.8720784677865165,1.8721400214581285,1.233115631269284,0.6824218515620117,1.332322920299019,0.576102289959161,1.1035134048643946,3.7663190044894503,3.4742816890025954,1.1931304423368325,1.7719151962077495,1.769197752495742,3.743041142372797
african_male_loPoly_0027_grp.fbx,african,male,0027,False,0.045567056905977246,0.13707097120547268,0.04742587571348488,0.04764609789748177,0.07800796219992,0.07815682306447742,0.08410149064132524,0.08410056749417136,0.054377575334794634,0.031382144272639675,0.06795151499410136,0.026449843702365704,0.053708074900897525,0.1776075710272641,0.15343595398966273,0.0560098543951002,0.0823374455652078,0.08218564391004901,0.17241444305955736,3.0081155227625076,1.040793040712353,1.0456259660525016,1.7119376913211906,1.7152045440579073,1.8456643099610248,1.8456440508699936,1.1933528085212295,0.6887024618990288,1.4912421299078422,0.5804597772672071,1.1786601669648842,3.8977187267928746,3.3672561804081713,1.2291742806798023,1.8069511431274206,1.8036197527444071,3.78375200784453
african_male_loPoly_0028_grp.fbx,african,male,0028,False,0.04536285844505743,0.14188582179642092,0.05047381010591024,0.05058476807990136,0.07783016662688633,0.07795900052093752,0.081137994208844,0.08112683426794222,0.05284127661383352,0.03087932150351125,0.07220705862146447,0.02685756382288143,0.054420285026987474,0.17550827953851583,0.15686447033653553,0.0578329467312745,0.0863047116730253,0.08615007819572054,0.17324796869364165,3.127797203702896,1.112668201168211,1.1151142104761453,1.7157244780143792,1.7185645524379791,1.7886437713601469,1.7883977564200764,1.164857736595982,0.6807181593486147,1.591766063616123,0.5920606580692168,1.199666134198757,3.8689863371614446,3.457993515257126,1.2748964398114504,1.9025412998952835,1.8991324874305213,3.8191589911265416
african_male_loPoly_0029_grp.fbx,african,male,0029,False,0.04504485726102303,0.13507380927869847,0.04636848575992262,0.0464994021152219,0.07693773154812895,0.07705586864152278,0.08697920148266604,0.0869558221279373,0.04576785701508358,0.03205865010849917,0.07186774917771142,0.024757348993779925,0.05682163543104513,0.17632401443930185,0.16145814375944179,0.05591715852116557,0.08586554831133451,0.08573662643207675,0.17420903913984948,2.9986510667795323,1.0293846751745601,1.032291030378233,1.7080247607911188,1.7106474151977973,1.9309463226544281,1.930427298815741,1.0160506614522267,0.7117049993682469,1.5954706829518146,0.5496154389016628,1.261445565290146,3.9144094389632724,3.5843857340658127,1.2413660941834144,1.906223119184647,1.9033610415336801,3.867456791578985
african_male_loPoly_0030_grp.fbx,african,male,0030,False,0.04855708169838182,0.14537583630132234,0.05062479854037918,0.05076829599929041,0.08521451091489701,0.08533411300203554,0.08722393996717476,0.08721982703066761,0.055705209736943775,0.03708104180742801,0.06935969835627152,0.0250157726232619,0.056383190933857394,0.17998027471559588,0.16146290839030636,0.05721791824796421,0.08426743440340691,0.08414032257349345,0.17507034809282332,2.993916257248364,1.0425832189595172,1.04553845131476,1.7549347682016239,1.7573978916628206,1.796317589862109,1.7962328867382127,1.1472108246324073,0.7636587807677855,1.4284157105467679,0.5151827858735497,1.1611733852559014,3.706571079241646,3.3252185416177342,1.1783640253213779,1.7354303729957303,1.7328125915008903,3.6054544871599563
african_male_loPoly_0031_grp.fbx,african,male,0031,False,0.04684796619422628,0.14350171309980098,0.05033370900600182,0.050495773143880075,0.08260315366056485,0.0827311529413592,0.08597415481195766,0.08594723588650724,0.05494905283832473,0.03513933366718823,0.07493189836287362,0.029114006523410316,0.05480001492357524,0.1826955049300763,0.16080702314543616,0.05527769368598761,0.08423117752241197,0.08410149335947655,0.17473447784883664,3.063136455163483,1.074405424502828,1.0778647878657188,1.7632174963178056,1.7659497233746575,1.835173686206968,1.8345990844123283,1.1729229100471998,0.7500717004769129,1.5994696130930122,0.621457213376286,1.169741599803515,3.899753175466396,3.4325294395651826,1.1799379605256,1.7979687138007057,1.7952005218497944,3.7298199269613455
african_male_loPoly_0032_grp.fbx,african,male,0032,False,0.04654585835155063,0.1450285739861665,0.051696612451069046,0.051864325797993174,0.08149420385248884,0.0816368182318831,0.08700585548832454,0.08700095881301631,0.05942628639447,0.03279182479791175,0.07432609364288192,0.02981584642168875,0.05717504838300561,0.18097186501650847,0.16365606769663185,0.05611402386075642,0.08639399636286389,0.0862509963673795,0.17699662347290068,3.115821237859609,1.1106597725755942,1.1142629577539065,1.7508368464704431,1.7539008006963404,1.8692502097864099,1.869145008690509,1.27672554549615,0.704505748937796,1.596835814725196,0.6405692681934495,1.2283595234440634,3.8880336817438788,3.516017826131244,1.2055642724845579,1.8561049129301481,1.8530326740554377,3.802628842636956
african_male_loPoly_0033_grp.fbx,african,male,0033,False,0.044957368953356336,0.14115819231704593,0.049907217185819946,0.05006004679050826,0.08015294641264166,0.08028126100178652,0.08537571325443634,0.08536508271756385,0.0539344517481756,0.0336270529335951,0.0700033004527102,0.02788550318464045,0.05330083943905493,0.17628536063442346,0.16032382311005844,0.055249712652539425,0.08472118005752113,0.08459234566471951,0.1703562936109512,3.1398232504108234,1.1101009322320246,1.1135003661456702,1.782865596423159,1.7857197356250771,1.8990371376717883,1.898800679508867,1.1996798968403393,0.7479764433831406,1.5571040317181202,0.620265461120999,1.1855862716155612,3.9211672021403445,3.5661300214520075,1.2289356325513952,1.8844781629774665,1.8816124616297012,3.7892852179071546
african_male_loPoly_0034_grp.fbx,african,male,0034,False,0.042488319745101415,0.14273766506659524,0.052258691657944854,0.05235926564240276,0.08011261863345076,0.08017784566305396,0.0840567078331729,0.08417608748470648,0.05506035585625923,0.03370480464891258,0.07235926504843979,0.027081594869092333,0.054168432323549495,0.1766022545599096,0.162259367062141,0.05723087949717373,0.08308685288592954,0.08300317475485308,0.17028589619687023,3.3594565735457644,1.229954302063684,1.2323213993050264,1.8855209882167003,1.8870561637659926,1.978348598802004,1.981158303969207,1.2958939347703264,0.7932722416682174,1.7030389877157301,0.63738917028402,1.2749017294287028,4.156489492156736,3.818917011441675,1.3469791189794467,1.9555222090303732,1.9535527705687332,4.007828438932394
african_male_loPoly_0035_grp.fbx,african,male,0035,False,0.04523684955805046,0.14293865966883423,0.051306538763714604,0.05144941004267968,0.07979090912257802,0.07990552202392226,0.08675877017440965,0.08680617068220717,0.05958327382301367,0.033742583576902366,0.07276349511707135,0.03140333365284224,0.05556652136473906,0.17750838045856254,0.15882783083111893,0.05784698136406369,0.08523033815834218,0.08511376153399028,0.17307805358864273,3.159783695489389,1.1341757718533245,1.1373340660396103,1.763847613220409,1.7663812313318374,1.917878256819718,1.9189260863715238,1.3171402165518418,0.7459092290147658,1.6085004996578542,0.6941980699284489,1.2283464013875012,3.923977513747367,3.5110276772767333,1.2787579579305406,1.8840909345150092,1.881513906594391,3.8260412756317006
african_male_loPoly_0036_grp.fbx,african,male,0036,False,0.046882068400484506,0.14235875727102448,0.04995926293121533,0.05016417935293223,0.08226113089968749,0.08239746516083549,0.08363056173889351,0.08370050212907185,0.057328695296409646,0.038546589023941306,0.07392218359198745,0.022469112258212725,0.057195929253762275,0.17811919188413103,0.1619207806651738,0.05827707359842311,0.08395874396369972,0.08385870797800088,0.17391533040329651,3.0365289358596916,1.0656369190976016,1.070007810329755,1.7546395393006458,1.7575475650298729,1.7838496592020932,1.7853414959013805,1.2228277730130435,0.8222032503912081,1.5767688183148398,0.47926879134838934,1.2199958578015977,3.799303186936399,3.4537891818676756,1.243056793070607,1.7908498244252389,1.7887160451550008,3.70963433007361
african_male_loPoly_0037_grp.fbx,african,male,0037,False,0.047778005864271535,0.14399289531710138,0.0505063973186352,0.05057377694097182,0.08175011530083788,0.08181067163331697,0.08874731099136347,0.08873841033524946,0.05809447081037697,0.03594803164819973,0.06992556711215253,0.02864582061066308,0.05735195289072166,0.1777918480709599,0.16787709408483142,0.056946475506324916,0.08598275265274334,0.0858835325464347,0.17356070559980757,3.013790398162672,1.0571055950328803,1.0585158594655992,1.711040756558045,1.7123082086290067,1.8574929904667463,1.8573066985536995,1.2159249796948957,0.752397070533279,1.4635513945642293,0.5995608249544896,1.2003839811491492,3.72120696238419,3.513689846364437,1.191897285711323,1.7996304177492133,1.7975537277636473,3.6326485892454654
african_male_loPoly_0038_grp.fbx,african,male,0038,False,0.04562402209884355,0.14531328367125604,0.05219230076969112,0.05237343417643267,0.08201697333379598,0.0821339346202717,0.08352736307025946,0.08357232842258465,0.056250009779723206,0.038151560902483124,0.073598119256766,0.026405161055118687,0.06600214646268938,0.17885659034285178,0.15999216753914022,0.05916854667694395,0.08469931870074261,0.0845849941306614,0.17378355679737173,3.1850169491071534,1.1439653579120561,1.1479354902767374,1.7976708225352822,1.8002344125279033,1.8307759646727126,1.831761527765501,1.2329033520512211,0.8362165181278519,1.6131440384040916,0.5787556607331205,1.4466533949965443,3.920228469891639,3.50675280650444,1.2968726551279597,1.8564632139894022,1.853957416279732,3.8090363103207574
african_male_loPoly_0039_grp.fbx,african,male,0039,False,0.047914076790743075,0.14307873669108845,0.049677912525730325,0.04983831803053683,0.08060286880575851,0.080638569908958,0.0841548636562615,0.08412440230290562,0.06234525324339282,0.038229647845595446,0.07105824768556868,0.030914174027412766,0.05847222327369573,0.17901402508480885,0.16569635547370454,0.060819087589048484,0.08410998502015841,0.08391024779131386,0.173583006536045,2.9861524268945328,1.0368124746030383,1.0401602486926247,1.6822377515020983,1.6829828582763646,1.756370346522467,1.7557345969599965,1.3011886572640345,0.7978792539937105,1.4830348917272058,0.6452002438119675,1.2203558367421674,3.736146808517744,3.4581978109973064,1.2693365220134771,1.7554336982739973,1.7512650438362445,3.6227976862444935
african_male_loPoly_0040_grp.fbx,african,male,0040,False,0.04722834483491125,0.15165753889764166,0.05545928537980714,0.0556372835134331,0.08330712178948481,0.0833383569337259,0.08680787639825939,0.08677522189057528,0.061730341843296954,0.0384443173202256,0.07314122753687066,0.030174849751619534,0.05863041630124179,0.1769581295181636,0.16304607821393405,0.056546159981758055,0.08623852365973123,0.08604670463224286,0.17607716181670996,3.211155068587884,1.174279674074277,1.178048557659932,1.7639221124663274,1.7645834768302548,1.8380461289020424,1.8373547113264688,1.3070613009852043,0.814009414359309,1.5486722601128418,0.6389139796682912,1.2414243291012417,3.7468628243638116,3.4522928716614727,1.1972928583336477,1.8259908104165363,1.821929287020811,3.7282094562533454
african_male_loPoly_0041_grp.fbx,african,male,0041,False,0.047167425182357815,0.1466129582638709,0.052840206714914136,0.052728494093498564,0.08342146075649508,0.08343906824495613,0.08279689252695707,0.08272812494409257,0.05713483284653039,0.03723633699509566,0.07857109922529773,0.02732517446635739,0.06204774437650242,0.17884495556618465,0.16298147058346568,0.05998612865934969,0.0867264646606664,0.08661457187792221,0.17738705222822285,3.1083519547026075,1.1202690524365984,1.1179006250530032,1.7686244359104315,1.7689977335494904,1.7553829196071076,1.7539249730985027,1.2113197323287581,0.7894502795336661,1.6657915695318881,0.5793230043979147,1.3154787257649658,3.7917048656935934,3.4553819707849174,1.271770261519098,1.8386940632304216,1.8363218162334403,3.760795751356203
african_male_loPoly_0042_grp.fbx,african,male,0042,False,0.04499428442452304,0.14734323001204036,0.05390366539797398,0.054078174075973914,0.08083989084375938,0.08086142638013073,0.08416063558804618,0.08412304976333054,0.05561587628818083,0.03536725372156931,0.07200697858533679,0.02782103353917453,0.059814360806749824,0.17982578019953693,0.15593859521009104,0.05562831970384336,0.08491143052962177,0.08480306549611553,0.1758517326387345,3.2747099303069374,1.1980113938337265,1.2018898570703778,1.7966702188444976,1.7971488471113275,1.8704739205092564,1.869638573860313,1.2360653580673182,0.7860388085712783,1.6003583456500343,0.6183237247798379,1.3293768657903018,3.996636072770329,3.4657423093743107,1.2363419135414564,1.8871603719369936,1.8847519541814448,3.9083126865529345
african_male_loPoly_0043_grp.fbx,african,male,0043,False,0.0488805174636026,0.14677118580136217,0.052482717520541323,0.05266382309990602,0.0825918861459484,0.08261609290601327,0.09054064151430943,0.09051693378793392,0.05577219420648236,0.036772812192382494,0.0634527807636787,0.028280065584335354,0.059354439491598424,0.18145066203761673,0.15932018723855113,0.054050004252815316,0.08470232370018894,0.08459328860039676,0.17518652244984398,3.002652046608363,1.0736939836944441,1.0773990504319138,1.6896688175907293,1.690164040663662,1.8522848409231303,1.8517998271056484,1.1409902574785842,0.7522999775884995,1.2981200702493974,0.5785549550573652,1.2142760054820392,3.7121264555500764,3.259380127413424,1.1057576117736891,1.7328442515621887,1.7306136061956914,3.583974383665053
african_male_loPoly_0044_grp.fbx,african,male,0044,False,0.04958927792147371,0.14819494053645485,0.05182459236024216,0.051974379811439056,0.08202062541570644,0.08209588492844185,0.08358195061966331,0.08359287897338903,0.05955258970198823,0.03829039692783735,0.07754919453509604,0.02528017451345238,0.060499340372073496,0.1806746156199377,0.1655455057335978,0.06321786007490866,0.08444998390127732,0.08433870116259165,0.17458355571285847,2.9884472359352867,1.0450765676061697,1.048097128853988,1.6539991880016656,1.6555168449607884,1.6854843248981795,1.6857047022495704,1.2009166537228422,0.7721507255756271,1.5638298798764079,0.5097911398001074,1.2200084959469712,3.6434209811653644,3.3383326531946014,1.2748292115690063,1.702988779852909,1.7007446911436142,3.520590801691394
african_male_loPoly_0045_grp.fbx,african,male,0045,False,0.053712291142140954,0.14696445524821802,0.05014163918642812,0.05012325152512712,0.0828588772597858,0.08285237710437975,0.08747966761813772,0.08739990724065,0.06051458166222312,0.03688001669364179,0.07467745013772464,0.022031564761055264,0.06335776844955501,0.18218677470370395,0.16503437450903366,0.05882583700483609,0.08462628303058413,0.08451894900640741,0.17454988654257575,2.7361419913982106,0.9335226280654519,0.9331802918718173,1.5426427638417637,1.5425217458165066,1.6286713107552389,1.6271863549696695,1.1266430899788094,0.6866215517793637,1.3903233049601769,0.41017734102520903,1.1795767244761326,3.3919010124065627,3.0725625550453004,1.0952025272793326,1.5755478165441548,1.5735495025289759,3.249719623403468
african_male_loPoly_0046_grp.fbx,african,male,0046,False,0.049545017860799664,0.14884164583408174,0.05294245765593514,0.05292352058897911,0.08040732600735656,0.08040427561577361,0.08072500073539429,0.08065107046438834,0.05736182382885433,0.03485781005103718,0.0750434672987286,0.025358407175440426,0.05821228333832493,0.18186901720889823,0.15759186998717387,0.05727724026389662,0.0846552911048707,0.08455242263305997,0.17447699750792084,3.004169788620587,1.0685727837394434,1.0681905643403258,1.6229144620205163,1.6228528939413298,1.6293263020349908,1.6278341182756941,1.1577717862574306,0.7035583305060609,1.5146521393850072,0.5118255733944171,1.174937175355887,3.6707831596684954,3.1807813740210915,1.156064579991094,1.708653962800375,1.7065777001154012,3.521585116754356
african_male_loPoly_0047_grp.fbx,african,male,0047,False,0.04481328685323776,0.14014089174336844,0.04983614078428105,0.04975711785146136,0.0788310468892332,0.07879295003010257,0.0842598072016811,0.08410832742918786,0.05135639479911007,0.0356307148487419,0.07230484035912069,0.028646538388967326,0.06074133602572866,0.18063580621611874,0.15939738387319005,0.05947146546705506,0.08549485752656298,0.08539308666980254,0.17408234024704,3.127217430007441,1.112084033190714,1.1103206514267634,1.759099865792095,1.7582497416033607,1.8802416229282528,1.876861380524045,1.1460082133073792,0.7950926466391871,1.6134688043730643,0.6392420730660513,1.3554313974927752,4.030853769055055,3.5569224010551146,1.3270944767301363,1.9078015367753811,1.9055305394014608,3.8846144184235967
african_male_loPoly_0048_grp.fbx,african,male,0048,False,0.04353596113525737,0.13998529206760452,0.05042571734979095,0.05051484934492371,0.08224261049672602,0.08223232467778098,0.08855581876477306,0.0884762703715865,0.05844766257999693,0.04105067315935409,0.07569160914225703,0.02758303386063078,0.05881490913699871,0.17678822720379522,0.1693490749880401,0.059839874104610905,0.08450921554736938,0.08440279735073974,0.17259277545828483,3.215394547801499,1.1582543725893293,1.1603016914679878,1.8890730410479502,1.8888367807546933,2.034084385771297,2.032257197600593,1.342514580036764,0.9429141355537781,1.7385997039803165,0.6335689655486393,1.3509500560760048,4.060740192562883,3.8898664591762886,1.3744930063379235,1.9411358643218293,1.9386914897437875,3.9643726923146176
asian_female_loPoly_0001_grp.fbx,asian,female,0001,False,0.05041552033014797,0.14467270095159757,0.050506110048759885,0.05051055865769645,0.08282620112058511,0.08281937329563792,0.08525380302676436,0.08507204446317713,0.040548546240971275,0.03163922618772629,0.05499697800967959,0.017735040977863926,0.05252620231371224,0.1783563740628108,0.1529552460673597,0.046099322145360236,0.08120143620231164,0.08117936263515697,0.17196474603835363,2.869606422867459,1.0017968617207298,1.0018851005985085,1.642871095610926,1.6427356645987599,1.691022972062503,1.6874177615559571,0.8042869730479337,0.6275691687903964,1.0908739540825876,0.3517774062773791,1.041865718527596,3.537727527055899,3.0338920448648827,0.9143875108989663,1.6106436206660353,1.610205787891324,3.4109485514031372
asian_female_loPoly_0002_grp.fbx,asian,female,0002,False,0.04744793290065406,0.14414596557696077,0.051106866948403384,0.051105033108581374,0.08118276400842743,0.08115994161928661,0.08744406248576898,0.08744237779611777,0.03773429058511087,0.03229137527140323,0.05545976946497814,0.022680182794171902,0.055143872276004015,0.17957305167109983,0.1610371358051561,0.048016087483809054,0.08125328401362418,0.08125361790788484,0.17345546931157052,3.0379819892000763,1.0771147197373245,1.0770760702175268,1.7109863179584022,1.7105053193617172,1.8429477774902936,1.8429122714197816,0.7952778609790757,0.6805644270955816,1.1688553341427785,0.4780014935879168,1.1621975691009263,3.784633822659626,3.393975795369923,1.011974274713813,1.7124725788107855,1.7124796158773181,3.6557012857599
asian_female_loPoly_0003_grp.fbx,asian,female,0003,False,0.047612564980952884,0.14315467181716138,0.051728365340745035,0.05176791946763437,0.08106866200018192,0.08086249678132212,0.08350875022178442,0.08339649555405858,0.043204793708553485,0.03525913237921227,0.056858516142926245,0.018814339880788733,0.04812490135955007,0.17862980348011342,0.1594229095456876,0.0499593008463572,0.0785359784005294,0.0786766961807083,0.17012743989858006,3.006657420670983,1.0864435755863742,1.0872743253455008,1.7026736961684998,1.6983436370981204,1.753922525602046,1.7515648566175932,0.9074242004361096,0.7405425940257045,1.1941914107268143,0.3951549320712987,1.0107605288394386,3.751736617247426,3.3483369276463844,1.0492881630372803,1.6494800990441751,1.6524355747728028,3.573162671799734
asian_female_loPoly_0004_grp.fbx,asian,female,0004,False,0.04896503924859344,0.1465573577128881,0.05217077053168808,0.05220561581652889,0.08222732942755659,0.08206849008902231,0.08417687225883508,0.08405290083381806,0.04241614789258831,0.035479690487761166,0.06033425489077658,0.021119360036224215,0.05139433136642449,0.17936773708369705,0.15545194860538025,0.050563579648633575,0.07957316626181031,0.07966758361748603,0.171222999714467,2.9931020164983955,1.0654697991115514,1.0661814351150252,1.6793069236622462,1.6760629900113844,1.7191219194469067,1.7165900839389716,0.8662537300796047,0.7245923016140613,1.2321904733796314,0.4313150844013851,1.04961278812619,3.6631796856743972,3.1747538854438013,1.032646566296504,1.625101653811012,1.6270299144051958,3.496841876204266
asian_female_loPoly_0005_grp.fbx,asian,female,0005,False,0.05398589393653768,0.14835406622740518,0.05332828481603357,0.05335325122598413,0.08562875947960072,0.08550441209491251,0.08749158262717287,0.0873899893464424,0.039467621597953015,0.033086409352410945,0.05088435312963325,0.02239582195782778,0.049070026232167364,0.1811165040315453,0.1578079376173494,0.04837708494938978,0.0790443904233275,0.07917806740097816,0.17107996118463797,2.7480153686405675,0.9878188713281816,0.9882813330590164,1.5861321029574937,1.5838287719274586,1.620637841618818,1.6187559929853605,0.7310728547784833,0.6128713806481594,0.9425490515994714,0.41484581109566987,0.9089416263042881,3.3548857085603534,2.9231328058188346,0.896106027368163,1.4641674826436508,1.4666436290571527,3.1689752398237303
asian_female_loPoly_0006_grp.fbx,asian,female,0006,False,0.053385581668072085,0.15331653573663595,0.05653825394574844,0.05657327305718591,0.08263195304518911,0.08219440341630026,0.08439493666789219,0.0841200722789465,0.039856621258569515,0.03022051630968459,0.05788090881423641,0.023091572796836487,0.049070648582296636,0.18151823301926973,0.16015946551443164,0.04915646332608885,0.0825970013063788,0.08274957708496011,0.1760274064250897,2.871871598026042,1.0590547518481352,1.0597107175666545,1.5478327755040306,1.5396367492509246,1.5808563666613684,1.575707703289024,0.7465802565640353,0.5660801168671793,1.0842048921394971,0.4325432462347168,0.9191741861575323,3.4001359046318864,3.0000509596436036,0.9207816378534934,1.5471780717859438,1.5500360677806295,3.2972836658322877
asian_female_loPoly_0007_grp.fbx,asian,female,0007,False,0.055922699261274224,0.14529419526723208,0.049584376409169635,0.049631476382389704,0.08303323383632179,0.08281625529181129,0.08722605229421233,0.08711378486221939,0.04024151154119606,0.033692775902069316,0.058748509275815715,0.021587088675188194,0.05271433593202845,0.17546490264356665,0.15764889981753322,0.04944796450367543,0.07785568379987108,0.07794707365711127,0.16703651847134066,2.5981255766716274,0.8866592110925912,0.8875014446371491,1.484785872877586,1.4809059002121616,1.5597611246675873,1.5577535779383347,0.7195917234464183,0.6024883696091748,1.0505306441189317,0.3860165721674487,0.9426286039188468,3.1376329283353086,2.8190502586613007,0.8842199170796738,1.3922018219493417,1.3938360395112162,2.9869180257364896
asian_female_loPoly_0008_grp.fbx,asian,female,0008,False,0.05182601623807228,0.15157312480807708,0.055530656091595125,0.05552787029002348,0.08296160136469481,0.08284390702747556,0.0849945997683726,0.08491812689976555,0.046458334295494265,0.0315340846937958,0.05709522550590724,0.02173270702243319,0.04816272813655551,0.17919581543563312,0.15675090308520406,0.0486369959039665,0.08407970928506033,0.08414881072561212,0.1723331589004903,2.9246532110783554,1.0714822423646244,1.0714284894086024,1.6007713381556385,1.598500387274934,1.6399987098744842,1.6385231407654142,0.8964288144795736,0.6084605181486114,1.10167112292849,0.41933971777031886,0.9293156532678726,3.457642096441764,3.0245601430204503,0.9384668055623564,1.6223455976014982,1.6236789325858885,3.3252248852940274
asian_female_loPoly_0009_grp.fbx,asian,female,0009,False,0.04685402578137238,0.14491748926731599,0.05299754577556457,0.053104999995121055,0.080365850942558,0.08030901970104724,0.08463947815569814,0.08470758078568606,0.03627823067563686,0.03154307938036278,0.05547765016338122,0.01734480884276174,0.048206442348651624,0.17674931446486186,0.15248435889708567,0.04604916166074961,0.08214840378395351,0.08219532109787749,0.1715949943926883,3.0929570479924573,1.1311204297120325,1.133413812570058,1.7152389704474196,1.7140260278973825,1.8064504969250266,1.8079040034029055,0.7742820402438053,0.673220259184287,1.1840530080008047,0.37018822936784795,1.0288644688417985,3.7723399754292104,3.254455862738447,0.982821879076552,1.7532837875505036,1.7542851383019396,3.6623319241205703
asian_female_loPoly_0010_grp.fbx,asian,female,0010,False,0.05031364338426601,0.14494720591615676,0.05243176337057198,0.05232758661494835,0.08189268331958856,0.08187020081059411,0.08626768165017513,0.08633484363609345,0.04678754880148926,0.03415786539885849,0.054935459022299654,0.018820416029983796,0.047325232887690624,0.17950857506363127,0.15502348952787814,0.0474355407732387,0.08021820514311336,0.08028253181665157,0.1720971687523085,2.8808727845275537,1.0420983225191827,1.0400277756731116,1.627643672992242,1.6271968258255056,1.714598185452668,1.7159330517314895,0.9299177251814877,0.678898666470659,1.0918600865919197,0.3740618799208105,0.9406043709903561,3.5677912190268226,3.081142193259588,0.9427967760345627,1.5943628755018573,1.5956413890264478,3.4204871119734173
asian_female_loPoly_0011_grp.fbx,asian,female,0011,False,0.05213614742804397,0.14951850032770164,0.055390382520419786,0.05529682964349891,0.08352289827100458,0.08350971923785244,0.086087137998015,0.08633837068282103,0.04511382157835624,0.03186877474303782,0.057997991615024336,0.021231642678670514,0.04702232872879535,0.18201782373001157,0.1547881137964338,0.04517310437125637,0.08294113375169423,0.08291957331013554,0.17828905893730862,2.8678471215016517,1.062418019990203,1.0606236243254679,1.6020151543855294,1.6017623732767923,1.651198683539644,1.6560174646962835,0.8653079255735259,0.6112606380634801,1.11243339748244,0.40723459108622284,0.9019141430366238,3.491202029862767,2.9689212078829876,0.8664450021667273,1.5908565907399652,1.5904430496054107,3.4196822690701376
asian_female_loPoly_0012_grp.fbx,asian,female,0012,False,0.05363197264416777,0.15417795241434135,0.05604833408217956,0.05605747313552414,0.08373088228068498,0.08364190679693914,0.08458864609744231,0.08448016246459654,0.04221073595322656,0.031439919987262546,0.05797485015238669,0.022009974671129407,0.04415652412324563,0.17969721930103152,0.16207726890722193,0.04976388378845002,0.08355854400378013,0.08348574698921785,0.17558147264089063,2.874739540856838,1.0450544949007121,1.0452248979810765,1.5612120560288645,1.559553055261987,1.577205572106454,1.5751828303071633,0.787044254987268,0.586215990895153,1.080975531834949,0.41038905686276095,0.8233246316746742,3.3505614364265375,3.0220269909249198,0.9278771847274504,1.5579987064463634,1.556641362851242,3.2738208942233324
asian_female_loPoly_0013_grp.fbx,asian,female,0013,False,0.050541631104835213,0.14918205006881552,0.05376103857560527,0.05377038226957902,0.08200261731470665,0.08191256935983425,0.08516013432668165,0.08504016312124872,0.03884304752768469,0.03138383157539794,0.055281255500506526,0.023081908991020018,0.045188887715382216,0.18188487217885518,0.15950558074973614,0.048733163782610396,0.08238287287206666,0.08246716642522245,0.1748730056882723,2.951666711336975,1.0636981316272174,1.0638830028664215,1.6224766696708692,1.6206950106127034,1.6849502571462234,1.6825765465474483,0.76853569381477,0.6209501135865698,1.0937766409999752,0.45669101860093747,0.8940923893344449,3.5987139354799065,3.155924675618088,0.9642182635840614,1.6300002803863856,1.6316680847550444,3.459979463772046
asian_female_loPoly_0014_grp.fbx,asian,female,0014,False,0.04821323595802268,0.14815567485127037,0.05438459517618842,0.05441691137268715,0.07855910922101908,0.07834792705012177,0.08254306299164765,0.08245170456839912,0.03308135054128406,0.02858531392686692,0.049334874363564436,0.021168707203715786,0.045088470611578106,0.17981567676545862,0.15585794940362616,0.04737357681720588,0.08088893269806374,0.08097596184806923,0.17518841068373547,3.072925347310509,1.1280013484997955,1.1286716249468456,1.6294095938596058,1.6250294238357315,1.7120415452618565,1.710146662634022,0.6861466542110274,0.5928934940553461,1.0232641178973823,0.4390642275525029,0.9351886409540072,3.7295915362747456,3.2326797052022265,0.9825844682661861,1.6777329106988477,1.679537999037686,3.6336165204979176
asian_female_loPoly_0015_grp.fbx,asian,female,0015,False,0.05121173153353763,0.15135056240843972,0.056234242385475454,0.05631219929189738,0.08137366287788236,0.08125527733692163,0.0872696358095201,0.08718429147486051,0.034488074001850944,0.030402853149586302,0.04735305186568406,0.022468920641284165,0.049193212028616595,0.18054665694648261,0.15701744419893773,0.046533186691274014,0.08005307195585373,0.08007784120941346,0.17088181733528504,2.955388499397311,1.0980734433603105,1.0995956903940955,1.588965271064741,1.5866535831484048,1.7040946126254062,1.7024281129366834,0.673440888817933,0.5936696971410941,0.9246524272406882,0.4387455758368506,0.9605848221788958,3.5254940916857285,3.0660444296071083,0.9086431037935181,1.5631783882063905,1.5636620518673918,3.336770935452117
asian_female_loPoly_0016_grp.fbx,asian,female,0016,False,0.04430671919387617,0.15083277543392967,0.0576697209697381,0.057736312973349364,0.08156499699697836,0.08102608597397523,0.08553408812647852,0.0854483578341906,0.03682495059811958,0.030922685368484158,0.05590648142755811,0.018626660603126236,0.04893661402268927,0.18088205844982355,0.1485807513909771,0.04798977141332256,0.08442218718875118,0.08443740903088215,0.17157372225002743,3.4042867126748786,1.3016021501702362,1.3031051277055368,1.8409170997308195,1.8287539102009205,1.9304992489333437,1.9285643213682313,0.831136930653383,0.6979231577308509,1.2618059392509746,0.420402614818312,1.1044964491402247,4.082497231589742,3.353458664831882,1.0831262681249356,1.9054037113273676,1.9057472673930824,3.872408640758519
asian_female_loPoly_0017_grp.fbx,asian,female,0017,False,0.05368453411863596,0.14177543756852795,0.04790158367532544,0.0479203991271169,0.07870258745583453,0.07831487140949583,0.08250963287035255,0.08226252018734725,0.0373504303773985,0.03054859166956261,0.05119028337244069,0.020141782867011324,0.04842753848345884,0.17840162678700405,0.1580794310155515,0.04896334093190715,0.08111525275940436,0.08120332100491644,0.17314542955974468,2.6408990949837126,0.8922790234049356,0.8926295051982559,1.4660197531361987,1.458797635021475,1.536934877520159,1.5323318258766594,0.6957391172448069,0.5690389638485849,0.9535387465469423,0.37518781149335406,0.9020761617571305,3.3231475268605153,2.9445991030902148,0.9120567354408706,1.510961286916452,1.5126017639543536,3.225238560832351
asian_female_loPoly_0018_grp.fbx,asian,female,0018,False,0.05339542070419409,0.146362592684859,0.049936648896786597,0.04997901352207795,0.07905680843886964,0.0786686495943165,0.0825014820338099,0.08223743790385192,0.0373546274382274,0.030545609083571075,0.051189010760747215,0.020262005950460998,0.04842028873655858,0.1784529270125426,0.15808878266916687,0.04896202358370173,0.08110406511517718,0.08119913208434193,0.17309964567938094,2.741107584781377,0.9352234374822368,0.9360168505639701,1.4805915450472311,1.4733220294327087,1.54510407345343,1.540159002762429,0.6995848510150099,0.5720642085168886,0.9586779181744781,0.3794708550516105,0.9068247444814171,3.342101713200389,2.960717990124373,0.9169704618481613,1.5189329730069274,1.5207134060086902,3.2418444015702708
asian_female_loPoly_0019_grp.fbx,asian,female,0019,False,0.053502328886881494,0.14899653869823895,0.051952433341764505,0.05199623879848019,0.07985282458129345,0.07972168538552957,0.08650355974448809,0.08644306282240169,0.03803409461654219,0.03420608638517195,0.04856817679836865,0.01901691271040952,0.04775302036482624,0.1738539255720971,0.15908478996830444,0.04815871930592513,0.08226590147265493,0.08229248880084687,0.17557001288636742,2.784860805092396,0.9710312508378114,0.9718500087802611,1.4925111904964752,1.4900600972732037,1.6168185861101523,1.6156878517412931,0.710886711061805,0.6393382698815399,0.9077768726863276,0.3554408397925342,0.8925409670631187,3.2494646343278197,2.9734180413838254,0.9001237947556598,1.5376134681274805,1.5381104059009398,3.2815396364814378
asian_female_loPoly_0020_grp.fbx,asian,female,0020,False,0.0507750905750925,0.15379737784650538,0.056698442685884226,0.05662903942732319,0.0836953139928475,0.08362918893270117,0.08353535244040651,0.0835386458850642,0.043160006393199744,0.03158378097507105,0.05533622512127279,0.022701054371251417,0.043872947252592776,0.1797200238621799,0.15742260775566028,0.0492132209433748,0.08500256956925974,0.08508977390225414,0.17665562144436436,3.0289926833129077,1.1166586222437465,1.115291746128412,1.6483538098089356,1.6470514968165335,1.6452034155776456,1.6452682789707067,0.8500232280111716,0.6220329814746669,1.0898301607051732,0.4470903766814218,0.8640643818785122,3.5395313297646926,3.10039048621379,0.9692394515888096,1.6740998116694128,1.6758172745435644,3.479178854109657
asian_female_loPoly_0021_grp.fbx,asian,female,0021,False,0.04999722745632561,0.1506840585454529,0.056481680312457705,0.05659760150812676,0.08168500425668886,0.0813713938609899,0.0853732492121245,0.08519638261022691,0.03915168102802324,0.030830816911762447,0.05395313755214507,0.024305498279945034,0.04803435101918978,0.1760982375307524,0.15283371766714296,0.04636998753145596,0.08450617075963192,0.08462845847558638,0.1744456812545954,3.0138482914293774,1.1296962488929312,1.1320148013720726,1.6337906802540936,1.62751812452142,1.7075596699177196,1.7040221417207393,0.7830770428664999,0.6166505320458876,1.0791225893330805,0.4861369223158778,0.9607402942723079,3.522160057466799,3.0568438580049015,0.9274511786070903,1.6902171392093917,1.692663029155215,3.489107099128247
asian_female_loPoly_0022_grp.fbx,asian,female,0022,False,0.04916533945871061,0.15429641514006132,0.05924552534951675,0.05929966212694823,0.0840547590388578,0.08359797869170488,0.0881501119926209,0.08791833626858363,0.035314736697811995,0.031080452172622293,0.04741093268880725,0.02164481578516294,0.048430055134263406,0.1788258088693935,0.15972833691083962,0.04836295979449288,0.0817787234371898,0.08193391740997963,0.17296200012993515,3.1383168882549977,1.205026264473808,1.2061273811960254,1.709634469410052,1.7003437708776736,1.7929320322632976,1.7882178224848433,0.7182852205763688,0.6321618545667497,0.9643161871916552,0.4402454254046269,0.9850446608821912,3.637233279342506,3.2487996354623077,0.9836799730653427,1.663340970235101,1.6664975430259827,3.5179661532732798
asian_female_loPoly_0023_grp.fbx,asian,female,0023,False,0.049340889654022925,0.1481163562077638,0.05429081071278769,0.05434575169522161,0.08163399188368164,0.08115881948691647,0.08698946829980404,0.08685568532648172,0.04316993515430187,0.02992175758995825,0.058375573257040625,0.023068458273882108,0.04897000980719037,0.18009280405713385,0.15521998688645747,0.04731967779255029,0.08488550578520387,0.08502705749329979,0.17491093978898387,3.0018987749582946,1.100320871663918,1.1014343696737665,1.6544896627543026,1.644859264922057,1.763029992158066,1.7603185904330383,0.8749322409265088,0.6064292273562325,1.1831074321190533,0.467532272637108,0.9924833165872534,3.6499707508303976,3.145869236952477,0.9590357637317583,1.7203886346683026,1.723257486630407,3.5449490476449648
asian_female_loPoly_0024_grp.fbx,asian,female,0024,False,0.051738362670490305,0.15157774423352816,0.05590508776607722,0.05595516729827858,0.0831973871748063,0.08290026242134299,0.08631087966013597,0.08619171216327473,0.039837633244442,0.031758671716339414,0.053431542382172424,0.01702247545396087,0.04875988491979303,0.1770988198238889,0.15458086202917712,0.04844957019352171,0.0808482985486824,0.08096147433947108,0.17064544191137973,2.9296973543382467,1.0805345372470294,1.081502475342023,1.6080405888503135,1.6022977562957614,1.6682182273495982,1.665914955836733,0.7699824885870219,0.6138321755290763,1.0327258077814636,0.3290107103383439,0.9424319287089444,3.4229691602687624,2.987741668859275,0.9364341601238108,1.5626373618273652,1.5648248255379869,3.2982381564368626
asian_female_loPoly_0025_grp.fbx,asian,female,0025,False,0.05123854501162091,0.14795831861559092,0.05140362869875307,0.05154006226672606,0.08006368160945965,0.07996193825216849,0.08440025033085025,0.08437710902394452,0.03826156453623457,0.030967713058866867,0.06013964348518887,0.02048285727252381,0.051141505898241804,0.17685532965900982,0.1533136214040724,0.04792615178472954,0.08215088253789228,0.08225353622423702,0.17356605381139947,2.887637004173986,1.0032218652402156,1.0058845787880348,1.562567430267608,1.5605817502045212,1.6472023222304275,1.646750683588064,0.7467340168921042,0.6043831465519441,1.1737187984465443,0.3997548577516847,0.9981061305828045,3.4516071761776024,2.992154077936851,0.9353534877670684,1.6033024067966888,1.6053058533489175,3.3874118356021756
asian_female_loPoly_0026_grp.fbx,asian,female,0026,False,0.04947828660797833,0.15009818216029022,0.0540456978337427,0.0540011675566936,0.08342758359896073,0.08329808660190854,0.0855618381255319,0.08549152110621931,0.03613054842372854,0.035253270401676785,0.05207087518868016,0.018684922982374185,0.043240068822601174,0.17338909198373983,0.15660496077223174,0.04699635633532737,0.08162881847472021,0.08175156679566688,0.1731207325342081,3.0336172177814866,1.0923114266658513,1.0914114303219618,1.6861453643285236,1.6835281153102177,1.7292805388239765,1.7278593695771567,0.7302303879274291,0.7124998220126771,1.0523985117197605,0.37763884449792684,0.8739200927711339,3.504347136300815,3.16512497720524,0.9498379907065992,1.649790727829238,1.6522715801255032,3.4989233541141362
asian_female_loPoly_0027_grp.fbx,asian,female,0027,False,0.049230171713725616,0.14893411723936162,0.054070868121511934,0.05402686737500215,0.08130069904854147,0.08117922149948004,0.08522396048115435,0.08514657929421308,0.03908338789647522,0.03234896565569886,0.055670145525080934,0.01722936979074557,0.04491179460855142,0.17779587392849783,0.15651054409147327,0.05001769585973993,0.08437349369763708,0.0842901535337999,0.17331925609558277,3.0252609742134626,1.0983278391945301,1.0974340631832327,1.6514404930640214,1.6489729503999855,1.7311327081435608,1.729560883706481,0.7938909521532012,0.6570963401023402,1.130813555735777,0.349975821553796,0.9122819004108773,3.61152252245603,3.1791590125174674,1.0159967783698538,1.7138573919317315,1.7121645243073444,3.520590119072457
asian_female_loPoly_0028_grp.fbx,asian,female,0028,False,0.048614202346691913,0.15345802604870035,0.05738959332978632,0.05734439704776737,0.0854140384202387,0.08532512527210649,0.09006318894248287,0.09001125089119248,0.0386467047192423,0.03252271598616155,0.051067509089423375,0.017047085975268567,0.04498463406957698,0.17988692972108672,0.1653660219458858,0.04779599688197152,0.07851849525694189,0.07861815883051712,0.17415774888176952,3.1566500866210925,1.1805108499058106,1.1795811569387917,1.7569770621990044,1.7551481080284077,1.8526106486371563,1.85154227666388,0.7949673727778879,0.6689961866334035,1.0504648153071754,0.3506606125859552,0.925339343197885,3.7002958196912106,3.4015989970704226,0.9831694150017032,1.6151349084571558,1.617185000174479,3.5824458794934966
asian_female_loPoly_0029_grp.fbx,asian,female,0029,False,0.04662942969158515,0.1496335909901508,0.05570184958307961,0.055679515659216396,0.08109302879523177,0.08102705247259044,0.08169984647410933,0.08167646782413554,0.05000697986918512,0.029732003398927304,0.06675640360126962,0.018398334432202776,0.049958264157340865,0.17672384627787216,0.15524742857044266,0.05249511405477258,0.08650312773005125,0.0866517451478005,0.17477884437173263,3.208994662380656,1.19456424733266,1.1940852810658424,1.739095445335588,1.737680537988925,1.752109065336758,1.751607694204226,1.0724338727696145,0.6376231404840195,1.4316367161856287,0.39456486073049657,1.071389131022472,3.78996370847238,3.3293872474374044,1.125793611502093,1.8551187158452809,1.8583059179777586,3.748251812808974
asian_female_loPoly_0030_grp.fbx,asian,female,0030,False,0.05110358966921312,0.15293061534275654,0.05613667756339554,0.05616765261159194,0.08183483538926739,0.08139963579071252,0.08606279181692521,0.08579334953726647,0.03867691789891423,0.030220516283414326,0.05419427675297418,0.021503642339122896,0.048256747118014906,0.18050113106837892,0.16014704191086365,0.04789998291480691,0.08254891364351616,0.08270090017771749,0.1759082717780531,2.9925611162084014,1.0984879521528907,1.0990940749007623,1.6013519973640524,1.5928359694025755,1.6840850588774379,1.6788125862115686,0.7568336813375516,0.5913579942040822,1.0604788646701078,0.4207853592734517,0.9442927087974552,3.5320636424317593,3.133772851329517,0.9373115122608268,1.6153251499130399,1.6182992371578913,3.4421901263039336
asian_female_loPoly_0031_grp.fbx,asian,female,0031,False,0.05117478582115457,0.15239375831040694,0.05688985422991547,0.056906881844475274,0.08257548464699309,0.08213779607343888,0.08742173284834412,0.08716179574560017,0.03558921258223778,0.03051200795321811,0.05087587197127247,0.021973022701170818,0.049218140158982786,0.17762657288986333,0.15896999594298217,0.047264425029227154,0.08385360707143279,0.08398187960308377,0.17558125851391043,2.9779071053270654,1.1116774270191165,1.1120101614758724,1.6135970736756486,1.6050442567653085,1.7082969952012155,1.7032175972404233,0.6954442898230159,0.5962312780331187,0.9941589623662179,0.429372050094397,0.9617654352475483,3.470978335124488,3.1064125309395503,0.923588135657405,1.6385727018865117,1.6410792591606207,3.4310111062805637
asian_female_loPoly_0032_grp.fbx,asian,female,0032,False,0.05205720837071514,0.15431030583400887,0.05700862190823138,0.05705334463441445,0.08227744213599024,0.08185163949945355,0.08506750440107184,0.08482888699056648,0.033679879597132034,0.030055279084900025,0.049711442074805115,0.022218099747908573,0.04851621172535925,0.17918091795798505,0.15865087116377002,0.049400896051064014,0.07879881604302727,0.07893314632899134,0.1742069467770225,2.9642447350445393,1.0951148494605345,1.0959739567308395,1.5805196765463807,1.5723401630867957,1.634115755790829,1.629532002301666,0.6469782120717541,0.5773509572558575,0.9549386843949619,0.42680159853534133,0.931978744996478,3.442000129587885,3.0476254130642033,0.9489732084606858,1.5136965371227178,1.516276972957991,3.3464519560181194
asian_female_loPoly_0033_grp.fbx,asian,female,0033,False,0.05051641926558183,0.1488416334369745,0.0542906263818909,0.05432734762787146,0.08049376245079623,0.08000227458125206,0.08257275681197619,0.08233973468019343,0.03460030723921425,0.0302794596113558,0.05925950277905584,0.019177780548786966,0.04992740749861344,0.17998357784334254,0.15465643225152895,0.04977908391391577,0.08165213193972345,0.08178343808641837,0.17690302860578044,2.9464011028664547,1.0747124830140236,1.0754394000543526,1.5934178158513852,1.5836885461072203,1.6345726401917642,1.629959840330442,0.6849319041658274,0.5993983748564301,1.1730740943357183,0.3796345985641404,0.9883401916538908,3.562872833426856,3.061508208617242,0.9854040456076343,1.6163483700309538,1.6189476466345585,3.501891685468474
asian_female_loPoly_0034_grp.fbx,asian,female,0034,False,0.05058876587166502,0.15042196582270762,0.055931957056156195,0.055972733125309995,0.08135680559076963,0.08087162249084393,0.08360640953887574,0.08337259147580604,0.034566278573465066,0.0302794596113558,0.05514299147245008,0.018794709547657894,0.04910609835929397,0.17867829325094242,0.15460333573741866,0.049214018829859485,0.08174647605438788,0.08187773360489854,0.1770218429700657,2.9734262781642515,1.1056201133280446,1.1064261434505671,1.6081990574183571,1.5986083292879945,1.6526675062793743,1.6480455697873306,0.6832797356858588,0.5985411798376259,1.0900244455920973,0.37151943171210844,0.9706917635403022,3.5319757296356755,3.056080397960699,0.9728250527934793,1.6159017648654368,1.618496363651334,3.499232288432171
asian_female_loPoly_0035_grp.fbx,asian,female,0035,False,0.05084749336581574,0.15129229016014148,0.055898577560514036,0.05593306457086733,0.08198384121464981,0.08149664089224189,0.0847248395091749,0.08448722286248156,0.034205239045295814,0.03057326574963681,0.050988158666495455,0.01785002631700122,0.04639271120160269,0.17891437857365444,0.1507760278334179,0.04588233847844174,0.08216805597384112,0.08229988105037009,0.1782423076559499,2.975412948514268,1.0993379193416462,1.100016163401883,1.6123477439650296,1.6027661443588734,1.666254005868745,1.6615808817683326,0.6727025617410602,0.6012738037975911,1.0027664156356286,0.3510502708281312,0.9123893456819259,3.5186469721619904,2.9652597965582923,0.902352022514604,1.6159706316827387,1.6185631896989336,3.5054295867371197
asian_female_loPoly_0036_grp.fbx,asian,female,0036,False,0.048828148274216825,0.14692178143408696,0.0530566881684221,0.053115911287215184,0.07802754752375655,0.07756141295705506,0.08244419020321808,0.0822598825444139,0.03304187262995429,0.030515497078117466,0.05329823058828359,0.018663961491411786,0.04887568724388395,0.18006040586395533,0.15446884107167236,0.04781005792044523,0.0821497739418094,0.0822976213387169,0.17863447343637262,3.008956649532979,1.0866004557547007,1.0878133446494522,1.5980034115886832,1.5884569802129997,1.6884562105491894,1.6846815914960744,0.6766972289096962,0.6249570822703273,1.0915472421555488,0.3822377491482119,1.0009735976347116,3.687635354360433,3.163520357237015,0.9791495194932636,1.6824265683896045,1.6854544816349972,3.6584322721633624
asian_female_loPoly_0037_grp.fbx,asian,female,0037,False,0.05381167471062483,0.15024629329657882,0.05496659484496039,0.055059712616536825,0.0818866092779353,0.08136734490165526,0.086124993582564,0.08587112549991309,0.033052989581391634,0.03068272466361558,0.05134462054125237,0.018492503454827662,0.04895210598382076,0.18041151277157205,0.15907325153551935,0.04852886512756914,0.08183122036492975,0.08199242758660755,0.17741084621323308,2.792076145270266,1.0214622596406115,1.023192697730063,1.5217257169245324,1.5120760567146911,1.6004890025390546,1.5957712886969173,0.6142345459258769,0.570187135572598,0.9541539232399071,0.3436522567690393,0.9096930405355964,3.352646312194234,2.9561104052409504,0.9018278168917009,1.5206964065880042,1.5236921732602866,3.296883941398766
asian_female_loPoly_0038_grp.fbx,asian,female,0038,False,0.049567087002772334,0.1526773942987287,0.0576991488938293,0.057751860781374495,0.08192095035297495,0.08142234501284189,0.08547922477678294,0.08521221866242402,0.03305735980228541,0.030754135681772956,0.050980626523400706,0.019223990144869755,0.048055518043188646,0.18167870186218768,0.15895640156507518,0.04874739512804905,0.08155715304948088,0.08170159841550739,0.1774276137881589,3.080217207240549,1.1640617268995883,1.1651251722366573,1.6527287623013438,1.642669560313033,1.7245158016246145,1.7191290393493979,0.6669215764169576,0.6204547723382019,1.0285177041077542,0.38783780341569274,0.9695045835657209,3.6653092373983207,3.206894154505884,0.983462980693672,1.645389268990516,1.648303407681346,3.579544906042899
asian_female_loPoly_0039_grp.fbx,asian,female,0039,False,0.048718259056829,0.1538805785841398,0.05948539472189129,0.0595690118958855,0.08271255830406807,0.08224128785673347,0.08685366123847116,0.08661886673950989,0.03233056130951547,0.030716906068350983,0.05140143457891702,0.01707021520755875,0.04493218452901538,0.17877982634760473,0.1544853054837764,0.04482550494007617,0.08056589314929262,0.0807010896459213,0.17726802176319092,3.158581229362913,1.221008218961655,1.2227245605471921,1.697773276495478,1.6880998920918016,1.7827743215774168,1.7779548862464583,0.6636230837354519,0.6305008976720669,1.0550753572486682,0.3503863959433904,0.922286333684518,3.669667796196518,3.1709939656006996,0.920096608702458,1.6537104303196448,1.6564854986255746,3.638636215559568
asian_female_loPoly_0040_grp.fbx,asian,female,0040,False,0.04988341074999367,0.15032664689852024,0.05572066711149132,0.055822045318058525,0.08115977987310054,0.08069784603714576,0.08611450001193388,0.08593168724689661,0.03249991555935425,0.030716038163276033,0.04850719579258765,0.01929818202406454,0.04547712740097558,0.17893626472299717,0.15151767561362056,0.04383945404452844,0.08139606692745478,0.08155136075929822,0.17765469053449504,3.013559911769652,1.117017988019161,1.1190502910442148,1.6269893869097722,1.6177291172327466,1.7263153965859244,1.7226505957575788,0.6515175099440924,0.6157565752113278,0.9724113700985013,0.38686572818333176,0.9116683626325882,3.587089616221158,3.0374361603499573,0.8788383429562103,1.6317261731639936,1.6348393089642248,3.5613982256519536
asian_female_loPoly_0041_grp.fbx,asian,female,0041,False,0.04706220825067802,0.15452638475405897,0.0606723598231961,0.060746348420249764,0.08267878735126932,0.08218534050068431,0.08554435141613488,0.08536749159500047,0.03883103606484929,0.030035349060917874,0.05275272428553308,0.020561757006798565,0.045039294168422554,0.1786598004694752,0.15469071696658163,0.04796748636488315,0.08588794540937793,0.08603990786628161,0.17793860101930908,3.283449512844156,1.2891949204768136,1.290767065087189,1.7567978729531497,1.7463128815146551,1.8176867298806034,1.8139287289769406,0.8251001707785324,0.6382052644222269,1.1209147689063883,0.43690591179393573,0.9570161673782844,3.796247713618522,3.2869413212108043,1.0192357763873539,1.8249875771211936,1.8282165470856766,3.780923327513973
asian_female_loPoly_0042_grp.fbx,asian,female,0042,False,0.052836811121222384,0.15415332236451962,0.05853892120158266,0.05868832972454459,0.08436404256512706,0.08402039333902807,0.08484707230110725,0.08471332018283528,0.035970790731912144,0.03281410058623976,0.047089804544334826,0.020517012377051863,0.04480283146870671,0.1818754100801799,0.15424861011455296,0.04881646039759328,0.08617055584729896,0.0861787676905694,0.1780799831427106,2.9175364503139467,1.1079192699059381,1.1107470053387059,1.596690655148972,1.5901866815213705,1.6058325720385431,1.6033011528360275,0.6807903423502436,0.6210461965797871,0.8912310100679179,0.3883090584323894,0.8479473026090941,3.442210198168602,2.919339885230084,0.9239100422921948,1.630881084961764,1.6310365039413766,3.370377192789804
asian_female_loPoly_0043_grp.fbx,asian,female,0043,False,0.05107205472516832,0.14824897145339452,0.0529011461721931,0.05288312278463282,0.07909487993823153,0.07886871370658052,0.08300968562720103,0.08290639185200907,0.03705389973723189,0.027883464826369414,0.05469997301129822,0.022417350226053265,0.04511609173500527,0.1815329267928852,0.15418209127828517,0.04839489689609706,0.08070930438086668,0.08077741388656344,0.17661358881017125,2.9027414747881175,1.0358139388921708,1.0354610377281728,1.548691948343593,1.5442635729263896,1.6253445465215215,1.6233220358599119,0.7255220087899013,0.545963246954081,1.071035291328157,0.43893574180022155,0.8833811754351064,3.554447295487913,3.0189130260761607,0.9475807691020515,1.580302668752685,1.5816362651012807,3.45812577466432
asian_female_loPoly_0044_grp.fbx,asian,female,0044,False,0.053869221147853315,0.14752591770954646,0.050881803956294096,0.05086909534270495,0.07951537681882243,0.0794139271320795,0.0833532006549761,0.08328143703402878,0.03990373828281455,0.027616311839706698,0.05679153074141864,0.021210845434942005,0.04614555337061138,0.18525916926011296,0.1527504619095069,0.048533249615429784,0.08451220149204129,0.08443792910512829,0.17558654489038014,2.73859384943837,0.9445431523251516,0.9443072362803612,1.4760817981863676,1.4741985393498516,1.5473251492944171,1.5459929670311845,0.7407520924294023,0.5126547451634579,1.0542482243347189,0.3937470225664708,0.8566218777130079,3.439054163260267,2.8355795508952517,0.9009458199186129,1.5688402336481357,1.5674614799678264,3.2594966318234446
asian_female_loPoly_0045_grp.fbx,asian,female,0045,False,0.046351106504919096,0.14782268234508986,0.05421675718555533,0.05426076686400819,0.07836496586968904,0.07827948862935495,0.0849149502496838,0.08483120868356157,0.039801926371527845,0.02787938529862939,0.05784516393936611,0.024947216065495915,0.053151749945147236,0.1732139489559265,0.1533182788394761,0.0482065479754925,0.08170218871879498,0.08167628018126294,0.17105216801200693,3.1891942499668677,1.169697150159759,1.1706466351186173,1.6906816639074713,1.6888375387769308,1.8319940267374641,1.8301873478372885,0.858704988354567,0.6014826268639486,1.2479780592341887,0.5382226649292255,1.1467201961943758,3.7369970647312134,3.3077587656554632,1.0400301440565716,1.7626804380629875,1.762121475408465,3.6903578125767873
asian_female_loPoly_0046_grp.fbx,asian,female,0046,False,0.04796760816417103,0.14122511243831087,0.049358061622648844,0.0494135174128046,0.08014470553903327,0.08005865619829616,0.08453044561620324,0.08445070603058219,0.0411686598590951,0.03110214073600125,0.059510852554955335,0.02151583247303222,0.05106239840429674,0.1733569011489052,0.15447052162725178,0.04753094912702067,0.08235115013963785,0.08226960031532131,0.17213064882332943,2.9441766609450766,1.0289873419103768,1.0301434510489846,1.670808877205944,1.6690149720263776,1.7622401627134388,1.7605777995339338,0.8582595929776973,0.6483988242555881,1.2406466537017458,0.4485492042753817,1.064518335572073,3.6140409702227463,3.2203090280960085,0.990896793610057,1.7168075143081514,1.7151074123552368,3.5884767953033117
asian_female_loPoly_0047_grp.fbx,asian,female,0047,False,0.05086710333211429,0.1421378898282679,0.048350865944478724,0.048394885327793534,0.0785234700514223,0.07843662620078344,0.08843341802980138,0.08835215676099258,0.039876111930299975,0.02664954391900987,0.05284986205670435,0.024734171774985873,0.051900597900288836,0.17543726016156927,0.16287495247595513,0.04839654083407708,0.08185552696928242,0.08172615969755807,0.1729150307335453,2.794298879184083,0.9505331103442847,0.9513984905297339,1.543698479127816,1.5419912096953137,1.7385188508261307,1.7369213297666308,0.7839273188006501,0.5239052781325769,1.038979194699657,0.4862508410100536,1.0203175431757299,3.448933567459683,3.2019702677491786,0.9514310362454342,1.6092036229160307,1.6066603825258772,3.3993488798560625
asian_female_loPoly_0048_grp.fbx,asian,female,0048,False,0.042128991488735966,0.14152893638628286,0.0517780319998082,0.05183173931089172,0.0751869935649614,0.07511500061842308,0.08437085888360159,0.0842940383514649,0.043043785462391876,0.02945923251866653,0.05359281864243604,0.01971273350678281,0.051067459804276516,0.16926711565222116,0.15798769940022359,0.045426574593856475,0.08041364611357346,0.08036061879427321,0.17123636494146488,3.3594190457686004,1.2290356395939859,1.2303104698043859,1.7846853415673185,1.782976472116751,2.002679292860828,2.0008558328295756,1.021714119928565,0.6992627043194958,1.2721125464578273,0.4679137290066249,1.2121690550776756,4.01782975738876,3.7500945030327815,1.078273487890214,1.9087484241124943,1.9074897346108852,4.0645730859056615
asian_female_loPoly_0049_grp.fbx,asian,female,0049,False,0.04497055244870595,0.13757485493337318,0.04880536615217653,0.04884420890296661,0.07527726380756201,0.07519897805611941,0.08069697400379791,0.08061764085210088,0.03818894804726055,0.028006802026401365,0.05650720707403872,0.019595582146267717,0.054845291076456054,0.1778685040147489,0.15191662429489527,0.050210418054200005,0.08142301357949487,0.08134201372376101,0.1697059457784092,3.0592209221866464,1.0852738846791936,1.086137622140155,1.6739234834489598,1.6721826609066552,1.7944403528473887,1.7926762395026057,0.8491989972953836,0.6227809199886152,1.2565379786804185,0.435742526592679,1.2195823286585898,3.9552216801790068,3.3781356025851257,1.1165177059247986,1.810585130622247,1.8087839551568967,3.7737127194952342
asian_female_loPoly_0050_grp.fbx,asian,female,0050,False,0.046839215204835465,0.1475342131614192,0.054060292007420345,0.054099265468397204,0.07690905057767326,0.07682454530512205,0.07494637149733918,0.0748810747017276,0.045549395203663974,0.026537824920104598,0.06658304228749502,0.013517856300793989,0.0522763774406622,0.17600289146245507,0.14705769336071917,0.04981962459602095,0.08094346823646743,0.08081608843864264,0.170448339705821,3.1498011338624745,1.1541673311776455,1.1549994002207844,1.6419799145083356,1.6401757580513654,1.6000774387356103,1.5986833761893864,0.97246281784332,0.5665727917099037,1.421523439201887,0.28860125520203994,1.116081411954687,3.7575969343800053,3.139627611556088,1.0636306432153415,1.7281132461867381,1.7253937344001349,3.639009299374954
asian_female_loPoly_0051_grp.fbx,asian,female,0051,False,0.044272332619778254,0.14607244605802144,0.05380619352130259,0.05383618720207925,0.07582119541716181,0.07573103962156644,0.08060730841233558,0.08053712866340693,0.042608882751855134,0.027190956207251423,0.05261194778083445,0.019923236359947073,0.05153989317103064,0.1760230908140838,0.15029660582482648,0.04836427675598188,0.08064890841494213,0.08052318085730406,0.1707112649838258,3.299407043051645,1.2153458003535411,1.2160232817285175,1.7126090027451908,1.7105726113860622,1.8207151880749337,1.8191300050774308,0.9624268754436492,0.6141749168893829,1.1883708101102075,0.45001551038778,1.1641558084067536,3.9759163431891795,3.394820126502277,1.0924266668157347,1.821654826900017,1.818814959420753,3.8559356347888056
asian_female_loPoly_0052_grp.fbx,asian,female,0052,False,0.04457874149839004,0.14285623182078058,0.051449415386185963,0.05147231753795303,0.07491578865746137,0.07482595227717959,0.07917647432629206,0.07909843644158902,0.04227744147649276,0.027011221767356833,0.06071517086230389,0.018883979250796153,0.05382835562909816,0.1780130885905448,0.153279526524609,0.04956053716992457,0.08229320682400672,0.08215047766803217,0.16875368482696862,3.2045819827807347,1.1541244471435796,1.1546381931803067,1.6805272230524262,1.678511993881252,1.7761038482692812,1.7743532855104414,0.948376738675308,0.6059215863761507,1.3619758840544345,0.42360951915787365,1.2074893507489923,3.9932282206076573,3.4383995907588525,1.1117527212318106,1.846019067787697,1.8428173363978664,3.7855192666904505
asian_female_loPoly_0053_grp.fbx,asian,female,0053,False,0.04626664842259536,0.14293292021993784,0.05171811255623232,0.0517639124880562,0.07578961296497923,0.07570090908241878,0.07661253904307175,0.07654437899726842,0.040445522107701345,0.025742376270847626,0.056867006445569204,0.01765665739706337,0.0495596331150449,0.1740918175534059,0.1475907483552942,0.04802529824240317,0.08186366091754266,0.0817314584067895,0.16992070078266525,3.08932946502633,1.1178270810507773,1.1188169935122452,1.6381046725650794,1.6361874409179924,1.6558912662810537,1.654418065862887,0.8741830992008676,0.556391637356549,1.2291144568361887,0.38162819220854444,1.071174048795835,3.762792929439519,3.1900030235000756,1.0380111782410617,1.7693881815213286,1.7665307774244157,3.6726390731964202
asian_female_loPoly_0054_grp.fbx,asian,female,0054,False,0.05116060369093778,0.14970276656493195,0.053382152233371935,0.05338770430817642,0.07938396931157897,0.07932521883204761,0.07711687083812013,0.07703964143797555,0.04989671829220919,0.027105558336306658,0.0725264306775172,0.022838287428459777,0.05864159641085892,0.17892680796908103,0.15412165575598716,0.053852552595550635,0.08195179185631878,0.08186113262642121,0.17035390561422,2.926133699854078,1.043423032219373,1.0435315546840027,1.5516620912282253,1.5505137373134381,1.5073487268442858,1.5058391785869758,0.9752957293787277,0.529813105804065,1.4176226519071355,0.44640379082362525,1.1462256537298499,3.497355290214741,3.012506589778321,1.052617614148476,1.601853495541045,1.6000814439357662,3.3297868540279807
asian_female_loPoly_0055_grp.fbx,asian,female,0055,False,0.04447802268173369,0.1377186962959882,0.04902449034712361,0.049043858800635,0.07815024636775172,0.07807556957426934,0.08548459775706484,0.08540548834269578,0.044041535865796726,0.029005283175788148,0.060143690878570376,0.024670018926568855,0.05654406047820359,0.1778842687240267,0.16318480682809802,0.05040385849999956,0.08318085342982254,0.08305395346468854,0.1701591775393284,3.09633135630705,1.102218295492193,1.102653756700754,1.7570530715127002,1.7553741121305184,1.9219513953836755,1.9201727773247044,0.990186460871692,0.6521261833813509,1.3522114350481298,0.5546563772202127,1.2712808948997008,3.9993744775232676,3.6688862721209734,1.1332306487783572,1.8701562797660831,1.8673031860923368,3.8256911454206723
asian_female_loPoly_0056_grp.fbx,asian,female,0056,False,0.04995191926039521,0.1457685114319896,0.05161674304424692,0.05167753653791492,0.07845158719575039,0.07837407542132976,0.0864270873387106,0.08637786933793817,0.04414299092071564,0.026653851143346643,0.06012419349130999,0.02670600741838997,0.051704446877508706,0.18153901689451676,0.15800991320356508,0.048800731252160785,0.08244220467465646,0.08235324596895015,0.17061038859234096,2.9181763902225746,1.0333285248795572,1.0345455650767732,1.5705420003341368,1.5689902726814602,1.7302055380129313,1.7292202305112143,0.8837096066439789,0.5335901310298475,1.2036413091134208,0.5346342605811354,1.0350842899144217,3.634275110595229,3.1632400825256086,0.9769540785363345,1.6504311725219623,1.648650285880899,3.4154921596298062
asian_female_loPoly_0057_grp.fbx,asian,female,0057,False,0.04995191926039521,0.1457685114319896,0.05161674304424692,0.05167753653791492,0.07845158719575039,0.07837407542132976,0.0864270873387106,0.08637786933793817,0.04414299092071564,0.026653851143346643,0.06012419349130999,0.02670600741838997,0.051704446877508706,0.18153901689451676,0.15800991320356508,0.048800731252160785,0.08244220467465646,0.08235324596895015,0.17061038859234096,2.9181763902225746,1.0333285248795572,1.0345455650767732,1.5705420003341368,1.5689902726814602,1.7302055380129313,1.7292202305112143,0.8837096066439789,0.5335901310298475,1.2036413091134208,0.5346342605811354,1.0350842899144217,3.634275110595229,3.1632400825256086,0.9769540785363345,1.6504311725219623,1.648650285880899,3.4154921596298062
asian_female_loPoly_0058_grp.fbx,asian,female,0058,False,0.05631402935755658,0.14721355181734003,0.04988267315956057,0.04993077298511518,0.07902638604312841,0.07895175800142332,0.07988179651072672,0.07981782327086877,0.04493928610451705,0.026818273229743488,0.06553083049963687,0.020404007068063005,0.05327626395452122,0.1787955884022828,0.15323521015818056,0.05270307134704775,0.08355455395943548,0.0834489803246672,0.17213996846412077,2.614154119262751,0.8857947784705444,0.8866489142179478,1.4033161353339412,1.4019909230812135,1.418506141756089,1.417370132832775,0.7980122647445899,0.4762272125737143,1.1636679393612512,0.36232546846383784,0.9460566853821173,3.174974166154048,2.7210841047306173,0.935878180771231,1.4837253684853504,1.481850637872523,3.056786566827719
asian_female_loPoly_0059_grp.fbx,asian,female,0059,False,0.054088378368069415,0.14751371298454963,0.051083638306321975,0.051130308580668485,0.0806106699918954,0.08053078888659541,0.08586601548833987,0.08580184766756685,0.04221816128197812,0.027341075367798347,0.06382253429999275,0.02194462311201984,0.052128442469370255,0.17878267715631868,0.15513500305204572,0.04975552725315443,0.08317494248751961,0.08307363642285737,0.17213514133008953,2.7272718730948866,0.9444475846308371,0.9453104367952876,1.490351022235179,1.4888741595946244,1.5875132159449266,1.5863268645935076,0.780540340749081,0.5054889089434951,1.17996760534551,0.40571789678528525,0.9637641956029469,3.305380611334087,2.8681762650815257,0.9198931222261815,1.5377599587385888,1.5358869858797457,3.1824792408956366
asian_female_loPoly_0060_grp.fbx,asian,female,0060,False,0.04945312795544141,0.14490566072631642,0.05078485899716264,0.05080364302530972,0.07834972328123802,0.07828392456971528,0.08004501223994147,0.07997383774625988,0.039261435401854075,0.029957899156035545,0.06055772103500318,0.020808249422679025,0.05371779648828586,0.17706335169986656,0.14631358613121392,0.045839705036765814,0.08178377379639891,0.08170686191387341,0.17186221181698183,2.9301616847549115,1.026929156896226,1.0273089918818716,1.5843229037369124,1.5829923769483536,1.618603626287586,1.6171643949057872,0.7939120744238802,0.605783706604533,1.2245478403219976,0.42076710378012516,1.0862365781328742,3.580427750887777,2.9586315806564625,0.9269323687283969,1.6537634155333565,1.6522081674488514,3.4752546284197487
asian_female_loPoly_0061_grp.fbx,asian,female,0061,False,0.054736770150504675,0.14670674962490177,0.04994956358970035,0.049953518687365486,0.0791516401755366,0.07908930489818625,0.08232540020855347,0.08225354814622306,0.0406945484188658,0.028409861648869696,0.05914657336305207,0.019726462085702612,0.05119054653197943,0.17647529150355146,0.15203831585679528,0.04682800946293735,0.08214573666488183,0.08204291147874913,0.17183079845289997,2.680222987609895,0.9125413036311536,0.9126135603180984,1.4460414810355195,1.4449026619714982,1.5040237117058766,1.5027110280723182,0.7434590734340323,0.5190270008762612,1.0805638184427426,0.36038776185482935,0.9352131371877712,3.224072063775658,2.7776267295046724,0.8555128359634423,1.5007413926509223,1.4988628531271257,3.139220636885088
asian_female_loPoly_0062_grp.fbx,asian,female,0062,False,0.050954549705641464,0.14742304799040187,0.0519781927524161,0.05198958786532881,0.07970337587810492,0.07966046075289773,0.08296873290085034,0.08291577572827012,0.04357848788966466,0.030536223007223563,0.058645597545279086,0.023830493694091643,0.054197857841353905,0.17740225399154208,0.15356232070387354,0.04725770562254579,0.08200589905262616,0.08191635189565671,0.17079226094704789,2.893226391795193,1.0200893355487999,1.0203129684329788,1.5642052836997302,1.5633630600817199,1.62828900226086,1.6272497001203026,0.8552423314780042,0.5992835415802473,1.1509393740905949,0.4676813715705005,1.0636510018133545,3.481578289208213,3.0137116624714633,0.9274482042437444,1.6093930674761086,1.60763567471164,3.3518549753396902
asian_female_loPoly_0063_grp.fbx,asian,female,0063,False,0.05002036891856906,0.14826595389729116,0.05397644820624151,0.05401224322878706,0.0821570119929899,0.0820885604552938,0.07906969753348563,0.07900347263116629,0.04341830070187461,0.030393667370818313,0.06404526711079898,0.018347612526736105,0.05223317703570627,0.1752371131819259,0.15009916271006835,0.049991768881719356,0.08303614493485423,0.08291640691285622,0.17213964949004515,2.9641115630046944,1.0790893664561487,1.0798049753834602,1.6424711326447408,1.6411026593772295,1.5807499873143196,1.5794260286200696,0.8680124045577847,0.6076258138019305,1.280383741572595,0.36680282299807115,1.0442381406810406,3.50331508884319,3.000760809150031,0.9994282321888457,1.660046631603885,1.6576528463402669,3.4413910415231217
asian_female_loPoly_0064_grp.fbx,asian,female,0064,False,0.04854430543534792,0.14678594847478713,0.05292732981759803,0.052956307033825756,0.07829249508233281,0.0782177738164345,0.0781078590777717,0.07803472043784618,0.044970946985381795,0.027952566396657698,0.06452072925882912,0.018949611565108975,0.05411976644395136,0.17609117371072988,0.15174887752680835,0.05143213932459507,0.08187655414683434,0.08176165839098377,0.17060732936317363,3.023752161214439,1.0902891563272543,1.0908860794054167,1.6128049290272368,1.6112656904856981,1.6090014756065876,1.607494838746309,0.9263897501896452,0.5758155595383968,1.3291101537081185,0.3903570438420706,1.114853039066115,3.6274321391877966,3.1259872021221917,1.0594886230907807,1.6866356086993322,1.6842687861684467,3.514466379385965
asian_female_loPoly_0065_grp.fbx,asian,female,0065,False,0.04575358351388586,0.1461219902035249,0.053779600846457484,0.05381341794823065,0.07933485426826316,0.0792544945171193,0.08303253358387452,0.08295859968656089,0.03890002847239348,0.027867414915976153,0.06515020638218354,0.02212821598187956,0.05488006086369154,0.17626627003504544,0.15544762470000306,0.049468287367534836,0.08209868082947207,0.08199139143514839,0.1712260475165572,3.193673128557854,1.1754183326456995,1.1761574463757292,1.7339593573951566,1.7322029976748416,1.8147766187248435,1.813160703825168,0.8502072512109926,0.6090761154810662,1.4239366925742758,0.4836389695063736,1.1994702195738585,3.8525128852814334,3.3974961688591216,1.0811893532344103,1.7943661353772598,1.7920211956789054,3.742352715707862
asian_female_loPoly_0066_grp.fbx,asian,female,0066,False,0.047704662970580604,0.1465302004300209,0.05341315600013532,0.053456035962742586,0.07746441058628942,0.07737810281837196,0.08273342352843781,0.08264470776525676,0.0463626994597334,0.026604248809860762,0.06452586247953775,0.02399560811784791,0.055423254725215754,0.17660435511094508,0.15222431911800008,0.049174223922888824,0.08316198416815757,0.08305676951120118,0.17039461871809342,3.071611689624259,1.1196632084598341,1.1205620715884492,1.6238330964430376,1.6220238861364753,1.7342837864604428,1.7324240990073367,0.9718693430100367,0.5576865478803941,1.3526112220797106,0.5030034093867505,1.1617995238619585,3.702035484871924,3.1909735786599436,1.0308053942905853,1.7432674080402464,1.7410618656382117,3.571865056947903
asian_female_loPoly_0067_grp.fbx,asian,female,0067,False,0.05451605455706386,0.14923184058523917,0.05118718423974624,0.05121055381301712,0.07995646896769462,0.07986888529520073,0.08145762223871074,0.08138322355426407,0.05027718521384199,0.026914627247346935,0.06294069370928351,0.017969811464454952,0.05552059476190244,0.1750985506542558,0.15932078856838533,0.052717636183686405,0.08194522021712318,0.081825709035183,0.17283486204423715,2.7373925313878495,0.9389377983354761,0.9393664715668893,1.4666591266981983,1.465052560096754,1.4941951118903185,1.4928304004296093,0.9222454857076111,0.4937009375682984,1.1545350121293405,0.3296242108945232,1.01842650230286,3.21187129327149,2.9224563270920254,0.9670112155402775,1.5031392290384524,1.5009470090968005,3.1703479543503073
asian_female_loPoly_0068_grp.fbx,asian,female,0068,False,0.052449082983146364,0.1492444017519166,0.05303016515937077,0.053045032035492,0.08029073819311433,0.0802121322426309,0.08571557951471105,0.08563967591674279,0.04297093971677896,0.026661923639676784,0.055919569000985526,0.02552157714816114,0.051811811155783545,0.1731466035928498,0.15525191991735338,0.048436219456013556,0.08155724186244238,0.08143795721361027,0.16960310958622554,2.8455102217873627,1.011078976850961,1.0113624303505389,1.5308320684827688,1.5293333587625495,1.63426269134685,1.632815504977688,0.8192886752774488,0.5083391762682323,1.0661686691253371,0.4865972043088355,0.9878497050640982,3.3012322379113392,2.9600502256110177,0.9234903014715763,1.5549793671063694,1.5527050728375746,3.2336715904208404
asian_female_loPoly_0069_grp.fbx,asian,female,0069,False,0.05420591878206314,0.14708236294069582,0.05145754332416952,0.05150068768589245,0.08211674975298082,0.08204399353927105,0.08608383837498347,0.08601097265828325,0.04317039509988925,0.029704254076405378,0.05886878308839454,0.020211767975551093,0.05299066997657135,0.17462403759831782,0.15613899821556637,0.048987493533898224,0.08238176370349497,0.08227461935121827,0.1731376989479497,2.713400422784932,0.9492975025671354,0.9500934370830024,1.5149037521738942,1.5135615331811254,1.5880892771338617,1.586745038011319,0.7964147840286111,0.5479891263504343,1.0860213130060319,0.3728701298618927,0.9775808835493086,3.221493916566567,2.880478769178858,0.9037296043418103,1.5197927745623836,1.517816157346329,3.194073688595817
asian_female_loPoly_0070_grp.fbx,asian,female,0070,False,0.04878393981572923,0.14986216710086983,0.055553659877675694,0.05559326309782356,0.0819467077303185,0.08187801146745437,0.08516090802516706,0.0850972584398163,0.04231997451027978,0.030816054054770742,0.05371657818961953,0.019690433490284886,0.05365888651606559,0.1760534910682968,0.15260973336964964,0.04785326697838824,0.08249110151479623,0.08238663092631314,0.1720978452276093,3.071957034772954,1.1387694410807658,1.1395812496451716,1.6797886361752339,1.6783804624376553,1.7456750796849114,1.7443703555156218,0.867498087898073,0.6316844062035931,1.1011119313553246,0.4036253235114104,1.0999293357352935,3.608841182842155,3.1282781576498304,0.9809225568730937,1.6909479190567327,1.6888064235383775,3.5277561811873257
asian_female_loPoly_0071_grp.fbx,asian,female,0071,False,0.048410064633830345,0.1474668943151396,0.05435512464901184,0.05439807694828872,0.08109020439537012,0.08101531466899044,0.08578375631093815,0.08570838960452343,0.04145046393006142,0.029541055603285248,0.06403681553376557,0.024225295082455786,0.05453751674846012,0.1768336413755782,0.14778721862864772,0.047175403915673486,0.08225591173323928,0.08215268822881175,0.17066858528188497,3.046203210645695,1.1228062813001682,1.1236935409971294,1.6750691206204662,1.673522133915405,1.7720231724497637,1.7704663328341839,0.8562364922168404,0.6102254939490642,1.3227996289229245,0.5004185651412342,1.126573929635858,3.6528280371681587,3.052820105622618,0.9744957845543952,1.6991489756400053,1.6970167020062412,3.525477327345208
asian_female_loPoly_0072_grp.fbx,asian,female,0072,False,0.045960601749725015,0.14609279310244006,0.05291960599105043,0.052947636823980467,0.08037829691437588,0.08030585182063084,0.07815352471332479,0.07808937032857444,0.04605249701806699,0.032268980317069935,0.06841494494629485,0.0199392266599213,0.0516208568165623,0.17703190567984112,0.15519734666056598,0.05280438161822656,0.08143053662988445,0.08131383293835431,0.17093585068657577,3.1786527491084065,1.1514123831367602,1.1520222714294044,1.7488521441052889,1.74727590073625,1.700446072027166,1.6990502159611445,1.0019994357089228,0.7021009100966134,1.4885563361168173,0.43383302003961677,1.123154503016731,3.85181870863778,3.3767474913771016,1.148905358240713,1.771746529197078,1.7692073176313627,3.7191821729705374
asian_female_loPoly_0073_grp.fbx,asian,female,0073,False,0.05080806781414725,0.14719945654719077,0.05218050690911114,0.05222057705250096,0.08121741157670068,0.08114287918310502,0.07979179570083149,0.07973210581501033,0.04502440993267644,0.030786390840007616,0.062483330088984046,0.01915731050571947,0.05034660823794509,0.1765825551896265,0.1486551640927817,0.05018747013297331,0.08263945074847921,0.08252199076085266,0.1724669303740121,2.897166983118453,1.027012227664004,1.0278008847634312,1.598514076028022,1.5970471358981928,1.570455227557657,1.5692804163831897,0.886166545387495,0.6059350840229217,1.2297915031436382,0.3770525298422235,0.9909175924994796,3.475482591378096,2.925818093231828,0.9877854500697794,1.6265025281175656,1.6241906907917256,3.39447921942014
asian_female_loPoly_0074_grp.fbx,asian,female,0074,False,0.048662972892173355,0.1388263302013782,0.04743307647899759,0.04745733399124763,0.0747777703784713,0.07471486134155175,0.0792503495944769,0.07918652992918636,0.044800245288270514,0.0265434475063488,0.05876313146458757,0.019020125599510673,0.04396229152624104,0.1708124052810198,0.14997791502947946,0.048381099021066895,0.08000081380521074,0.07989534861445342,0.1685803998642493,2.852812353018123,0.9747262376283309,0.9752247174952265,1.5366461589628464,1.5353534094002796,1.628555447487324,1.6272439849625837,0.9206228601680005,0.5454547046511801,1.2075532580961297,0.39085416424629804,0.9034033252274165,3.5101103596671583,3.081971900109723,0.9942076315039151,1.6439771154646732,1.6418098580102016,3.4642437534136494
asian_female_loPoly_0075_grp.fbx,asian,female,0075,False,0.046813365711659935,0.14041131494912207,0.04975906417682012,0.04979904492420138,0.07872882821900677,0.07866071234777973,0.082421177276314,0.08235863351101627,0.03738516587593965,0.030513780525373558,0.051150555098459984,0.0181555022231754,0.046494581713147444,0.16892245908135375,0.14916806289198073,0.046229632298355104,0.08060893982687163,0.08050022481194528,0.16860872200823818,2.9993851716188273,1.0629243042105492,1.0637783497758162,1.6817596218978454,1.6803045701152712,1.7606334435335234,1.7592974198499678,0.7986002567345425,0.6518177033738338,1.0926485272072581,0.38782732126123026,0.9931903208909183,3.6084237164618087,3.1864417485117293,0.98753062497364,1.7219214769425164,1.7195991697707578,3.601721846849442
asian_male_loPoly_0001_grp.fbx,asian,male,0001,False,0.04406671785237403,0.14843391628195754,0.05692571515503744,0.05692497986457563,0.0815754721163687,0.08154257459423737,0.0850495281525912,0.08504934355989824,0.049259210005402565,0.030837788407642848,0.06369573995559241,0.015695118013420325,0.05202665366249907,0.17745405435566217,0.15830411198097852,0.05193542903680929,0.08366389420531839,0.08366408765998251,0.17104671895526635,3.368390556773923,1.2918074667085888,1.291790780862725,1.851181029402986,1.850434490433564,1.9300173077902438,1.9300131188535143,1.117832514107896,0.6997977137973189,1.445438713384026,0.3561671660231163,1.180633734438568,4.026940580193496,3.5923735575521225,1.1785635864871054,1.8985733061762646,1.8985776962164935,3.8815397944608088
asian_male_loPoly_0002_grp.fbx,asian,male,0002,False,0.04844925739003318,0.14673488589358613,0.05346358537621627,0.053463435345054405,0.08074836913841824,0.08070737192601389,0.0805986801811207,0.08059774161465134,0.04880625195801315,0.03213944096496344,0.06340718641969799,0.01724346829196584,0.05205330997865757,0.17798577994112272,0.15131966409400824,0.05115902969186886,0.08517189076474621,0.08517130932168276,0.17229469120506632,3.028630237039958,1.1034964880022002,1.1034933913363287,1.6666585514070134,1.6658123627425658,1.6635689486894216,1.6635495765355455,1.0073684218749948,0.6633629222885686,1.3087339174107115,0.35590779344975276,1.0743881905064205,3.6736534165689267,3.1232607524989064,1.0559301101360767,1.7579607067882013,1.7579487057154342,3.556188484335989
asian_male_loPoly_0003_grp.fbx,asian,male,0003,False,0.05101755337064501,0.1528378430847256,0.05623470789204697,0.056242264550699014,0.08610718600366384,0.0861106238720209,0.0886730351914223,0.08862958645610884,0.04108260944566264,0.03431380307242944,0.05281393167418723,0.016705980360247747,0.04940272520227989,0.1802782952739032,0.15003583503251022,0.045703537083592,0.08612477100354593,0.08611398520001341,0.17585766443814896,2.9957893506642943,1.1022619505780507,1.1024100693754604,1.6877952844600552,1.687862670450365,1.73808874265703,1.7372370997921163,0.8052642028361392,0.6725881741748373,1.0352109849426028,0.3274555374868329,0.9683475968235224,3.5336523091213845,2.940866919714722,0.8958394525812239,1.6881399697442423,1.6879285561655832,3.4470030963761524
asian_male_loPoly_0004_grp.fbx,asian,male,0004,False,0.04794957861378376,0.14682115616746122,0.05268936365602884,0.05268905597178928,0.08068040950806066,0.08067558031957486,0.08343579886625785,0.0834348315736937,0.04696221649671877,0.03304462677205676,0.06017801538628011,0.013276178269990035,0.051256740466695,0.1734675988633512,0.15486172908296142,0.04951048744188542,0.0862094361668887,0.08620905077628623,0.17259768396616468,3.061990541148478,1.0988493575808518,1.0988429407519984,1.682609354253386,1.682508640365477,1.7400736623423234,1.7400534892231405,0.9794083254616724,0.6891536427925485,1.255026991394271,0.2768778924404065,1.0689716562380915,3.6177085154505524,3.2296786240879354,1.0325531292083756,1.7979185356616798,1.7979104982479295,3.599566230943876
asian_male_loPoly_0005_grp.fbx,asian,male,0005,False,0.04617625242558279,0.1473055623144646,0.054553507882752435,0.054556030433686,0.08161074328332084,0.08151249754452036,0.08598067446391244,0.08591772460539546,0.04664689116360411,0.0328854923860058,0.0555648992270869,0.016990891489473067,0.050931251131151115,0.173558585345799,0.15769843879002288,0.05205747162914321,0.08308834348791048,0.08305279949794027,0.171658366920574,3.1900718351247934,1.1814191281691893,1.18147375691884,1.7673747650882656,1.7652471403105985,1.8620106645180459,1.8606474127336263,1.01019222464577,0.7121732634973733,1.2033219741388663,0.36795735030371785,1.1029749807702873,3.7586113257134572,3.415141561004072,1.1273645844915314,1.799373901591838,1.798604155497187,3.7174599042487695
asian_male_loPoly_0006_grp.fbx,asian,male,0006,False,0.04794810319078386,0.1496720057119308,0.05533632920253165,0.055377339886918245,0.08127625051893063,0.08095492402332562,0.08703269887140093,0.08688846071578574,0.040814338000531865,0.02881868455432933,0.053120815894640516,0.01754733315412236,0.04798789973766369,0.18142249112765668,0.15167426244348572,0.051135929618035265,0.08704877538997065,0.08712772954538604,0.17084167447272236,3.121541745173756,1.154087972622197,1.1549432866316673,1.6950879202777889,1.6883863726831643,1.815143729984496,1.8121355159777548,0.851219032338631,0.6010390951162504,1.1078814876841865,0.3659651161653282,1.0008299921004482,3.783726134186848,3.1633005760411215,1.0664849329819608,1.8154790199647013,1.8171256785426484,3.563053866655563
asian_male_loPoly_0007_grp.fbx,asian,male,0007,False,0.041712867052479,0.13802753523041522,0.05009158578059291,0.050070549062028805,0.07633326823161114,0.07617052595921807,0.08281141488328708,0.08273239158019942,0.04976915419126611,0.03304026907783202,0.060480362443706324,0.02075205753238954,0.049110083677761256,0.1803283101112973,0.15917010189881442,0.05246061617575522,0.0813262087210991,0.08132930412756226,0.17290509172690036,3.3089918047772318,1.2008665268098841,1.200362204761303,1.8299693505981303,1.8260678620673054,1.9852726684814535,1.9833782098006765,1.1931367395257555,0.7920881831561476,1.4499210128044164,0.4974977506648333,1.1773365665797033,4.323085964923631,3.8158513942127823,1.2576602828511994,1.9496672002617923,1.9497414077349748,4.145126047302582
asian_male_loPoly_0008_grp.fbx,asian,male,0008,False,0.044565728244803766,0.14575977912657193,0.053109791549471395,0.05310326934364793,0.0798683879491439,0.07970064787749327,0.08381380328849507,0.0837284309665395,0.0480277945267495,0.03453628398761368,0.06073111537477151,0.02052053306063867,0.05247985486080757,0.17966019107175604,0.1636416492043043,0.054200942027647706,0.07759538343160696,0.0777078037344658,0.17205439756140078,3.270669747073349,1.1917182472085788,1.1915718969506488,1.7921481617089097,1.7883842812954849,1.8806784179111335,1.8787627682557164,1.077684499239601,0.7749516354339057,1.3627313580778875,0.46045546362257206,1.1775832445176426,4.0313531977950765,3.6719168663733086,1.2162023187395659,1.7411447425557185,1.7436673155571356,3.860688568046946
asian_male_loPoly_0009_grp.fbx,asian,male,0009,False,0.050533639188547017,0.14548877155589757,0.05018636040966187,0.050176235198581935,0.07931689184069214,0.07916347223488569,0.08656586976984718,0.0864843232252093,0.04413486432705852,0.030751930948124034,0.05393553293351626,0.022386197684456988,0.05311263674569602,0.18453737084320576,0.16223012169441303,0.053864670867052225,0.08164198887331527,0.08175533412954233,0.17325606448563202,2.8790479746186826,0.9931277702445018,0.9929274044833469,1.5695859849861868,1.5665499953311766,1.7130345480732077,1.7114208399384419,0.8733759340463507,0.6085437629651987,1.0673193896104805,0.4429959536642794,1.051035262818228,3.651772835015402,3.2103391780099817,1.0659171144606612,1.6155968615024796,1.6178398279313204,3.4285293374417987
asian_male_loPoly_0010_grp.fbx,asian,male,0010,False,0.043240415830626086,0.13842603158747505,0.05096834896177663,0.050979116381043084,0.07975003794240088,0.07957813201134642,0.08520386297539427,0.08504392818165417,0.04590533381052807,0.034517115463733754,0.057446338057060106,0.019067438953141197,0.05200720871496351,0.17701707404450928,0.1612553262508642,0.05159592557199824,0.07380254549523316,0.07395029800091761,0.1633288925933385,3.2013112947316156,1.1787201390805553,1.1789691519325278,1.844340217605307,1.8403646330103804,1.9704681682327057,1.9667694342897535,1.0616302579128873,0.798260488496185,1.3285334322888802,0.4409633577028696,1.2027453417348528,4.093787505140795,3.7292732540432962,1.1932337971517415,1.7067954615496712,1.710212461660475,3.7772276111567087
asian_male_loPoly_0011_grp.fbx,asian,male,0011,False,0.0504918998114499,0.14690334267057037,0.05151016176883943,0.05160350709455245,0.08016749596298145,0.07971850758908239,0.08644150296376633,0.08618635446729389,0.040897002551530705,0.032644545635707865,0.054577922181505784,0.022954051546399616,0.050290416436750515,0.1778258233932636,0.16563735572840527,0.05162748601990848,0.0817093701803427,0.08178712250205636,0.1740678490732686,2.909443756704467,1.0201668378728468,1.022015556698274,1.587729839089994,1.5788375538803723,1.711987532387606,1.7069342763717847,0.8099715539373825,0.6465303495731242,1.0809243143021785,0.45460859330142284,0.9960095901431363,3.521868340413259,3.28047382544406,1.0224904630782197,1.6182668999476568,1.6198067968816996,3.447441069226628
asian_male_loPoly_0012_grp.fbx,asian,male,0012,False,0.050000850858984695,0.14750117446574806,0.05321750581186037,0.053272395701158305,0.08174654996479029,0.081427600869396,0.08725969675679998,0.08709745766814371,0.04087331726215208,0.029890703188678213,0.055547607922596644,0.016732253970839016,0.047645914330847076,0.17968029349686576,0.1577562019747538,0.05038344984549624,0.08486800437672508,0.08494820073502155,0.1705916097594478,2.949973289089409,1.064332004308236,1.0654297834130906,1.6349031778546461,1.6285243044971944,1.745164237362577,1.7419195108055465,0.8174524345080723,0.5978038908373322,1.11093325350113,0.33463938479823657,0.9529020709111702,3.593544717941112,3.155070349095998,1.0076518495173326,1.6973312037444073,1.6989351036164844,3.4117741364154015
asian_male_loPoly_0013_grp.fbx,asian,male,0013,False,0.048694367602851105,0.14409242983921047,0.05147174531072046,0.051560917700643034,0.0845813483030321,0.08410138175861963,0.08546749297001731,0.08525180576313761,0.04813565745466812,0.038552292983216364,0.06368366189620853,0.016026150581430844,0.05014555653658178,0.17795682524724848,0.15439192747274355,0.05271491663020556,0.08628568128518332,0.08636590297096139,0.1752701345251533,2.9591190302422925,1.057036939683076,1.0588682067127635,1.7369842235733188,1.7271275077344963,1.755182317328485,1.7507529096269858,0.9885261853539243,0.7917197590006095,1.3078239852216458,0.3291171314132129,1.0298019874817248,3.654566924426572,3.1706321505591077,1.082567024181233,1.7719848420442617,1.7736322951220456,3.5993923559013643
asian_male_loPoly_0014_grp.fbx,asian,male,0014,False,0.0470657354014503,0.1441422917569397,0.05194190607336067,0.05204196386210458,0.08414771533393588,0.08373942812775256,0.08497815157261639,0.08476488081836607,0.0376949739318837,0.038469976977147706,0.0621768710019385,0.016474131989478915,0.04986973428973187,0.17731761967296067,0.15349945436553125,0.05175332407926234,0.08526250293875651,0.08535859752041641,0.17618442078005883,3.0625738773115625,1.1036034097909817,1.1057293255530634,1.7878763524290522,1.7792015234329512,1.8055205309720463,1.8009891929948276,0.8009005619557823,0.8173669581281476,1.321064474433402,0.35002389421862246,1.0595762259819097,3.7674460658166353,3.261384381997806,1.0995966309211775,1.8115621101318051,1.813603820111268,3.743369125697966
asian_male_loPoly_0015_grp.fbx,asian,male,0015,False,0.04734887626437312,0.14481594431786485,0.05239959801832637,0.05246426121812134,0.08377731361804323,0.08339746066083137,0.08402054146733773,0.08379902842848554,0.03970816234760881,0.038235846878526124,0.05203807846043535,0.016959739758759126,0.04652656949479096,0.18011772571108056,0.15275319649348473,0.052348095387556685,0.08588320679048836,0.08596287918722244,0.17812675398302177,3.0584874603841277,1.1066703616312343,1.1080360371212696,1.7693622368199706,1.7613398086826912,1.7744991665315952,1.7698208498252943,0.8386294560803877,0.807534410426886,1.0990351316867586,0.3581867426813718,0.9826330245940623,3.804054920023671,3.2261208405577593,1.1055826350612918,1.8138383329513095,1.8155210000602229,3.762005944733483
asian_male_loPoly_0016_grp.fbx,asian,male,0016,False,0.051283641904518014,0.14357130229139595,0.050567444242495714,0.0506331604794914,0.08047172580675614,0.08016602192964656,0.08925515063435864,0.08913182083993754,0.03845901502600582,0.029711848404991217,0.051096689282675495,0.017039555166718772,0.04689541110896596,0.17246844816293605,0.15548880434262993,0.047762543559859344,0.08451823907265674,0.08459386869901177,0.1702929308004266,2.7995535605428117,0.9860345787579644,0.987316005633186,1.5691499826900301,1.563188941980816,1.7404214544773855,1.7380165980779372,0.7499275324012751,0.5793630737128606,0.9963545369459018,0.3322610199650741,0.9144321535564451,3.3630304275980416,3.031937642652707,0.9313407118937771,1.6480545439814174,1.649529275953375,3.320609154815583
asian_male_loPoly_0017_grp.fbx,asian,male,0017,False,0.048436522605322094,0.14689584203269987,0.053188408429590994,0.05322721270181453,0.08022384350982364,0.07990954526750554,0.0874987661514091,0.08736586827586354,0.04077864675198296,0.02881867320905704,0.05419573645455163,0.018144258330634603,0.046890602463404416,0.17827987800693504,0.1524667076049911,0.04910388011923948,0.08460167269946962,0.08468935295146914,0.17011949049225195,3.03274954789094,1.098105428892758,1.0989065655172787,1.6562676095374533,1.649778740696081,1.806462591552659,1.8037188381121312,0.8418987276246436,0.5949781623235378,1.1189022980893497,0.3745986985581197,0.9680835853037102,3.680691106990122,3.1477632869589693,1.0137779815317307,1.7466504230461373,1.7484606325179022,3.512215190971608
asian_male_loPoly_0018_grp.fbx,asian,male,0018,False,0.04959474909916567,0.14971646684293155,0.053524293127172086,0.053621826364579954,0.08577090036847959,0.08530885067136557,0.08809256032139857,0.08788214709430711,0.043502420676076445,0.04039343444747602,0.054306368314131326,0.012660371293626486,0.04767111820233554,0.17780494503340258,0.1560578294097464,0.0510427556692703,0.08542510918472047,0.08554504535777861,0.17631560463876936,3.018796738815445,1.079233065987474,1.0811996700973738,1.7294351100956071,1.7201186057174895,1.7762477262513372,1.7720050749442253,0.8771577932392097,0.814469982834444,1.0950023803032995,0.2552764460671396,0.9612130128336008,3.585156659989914,3.14666032683633,1.029196771763263,1.7224627755230961,1.7248810995440187,3.555126456759018
asian_male_loPoly_0019_grp.fbx,asian,male,0019,False,0.05031826936507141,0.1410716562212716,0.04862536046714309,0.04872026844350449,0.08239026838313156,0.08205527094472144,0.0876705366811584,0.08748552603691441,0.04734989863687575,0.03468439083213929,0.05672149826073051,0.019592989604874014,0.048673090815401915,0.17878083314263707,0.1603860949125132,0.052622332365292596,0.08323871998284599,0.08333994712130008,0.17549038944769269,2.803587206025749,0.9663559792637968,0.968242132693932,1.637382792030662,1.6307252212787822,1.742320190805592,1.7386433822313208,0.9410080917795601,0.6893001541944043,1.1272545533949527,0.38938122976213785,0.9673045482201839,3.5530004389765115,3.187432654904577,1.0457897902549995,1.6542444927691893,1.6562562300513215,3.4876078144593325
asian_male_loPoly_0020_grp.fbx,asian,male,0020,False,0.05084298923611641,0.14792708307504954,0.052402769511646824,0.05240276682773466,0.08447241735672882,0.08433580403449079,0.08719781026717534,0.08720663798156734,0.04365709873696273,0.03415463272692079,0.060072487437491086,0.014365377344514417,0.05299139767885208,0.19035959244623188,0.15768084541064045,0.052468180993321616,0.08656156203168389,0.08656242893550792,0.17806021124177837,2.9094883148603166,1.0306783747172445,1.0306783219289999,1.6614368790244867,1.6587499142277553,1.7150409835705376,1.7152146105449668,0.858665066568329,0.671766810725971,1.181529417133847,0.2825439172705043,1.0422557460726471,3.7440676739559127,3.1013291661189655,1.0319649135824365,1.7025270018977312,1.7025440525046498,3.502158585028533
asian_male_loPoly_0021_grp.fbx,asian,male,0021,False,0.04516671476967504,0.1488260496882697,0.05559814123658481,0.055708050603491946,0.08536932577841264,0.0849100232724755,0.08720048330401203,0.08700098804051366,0.04348316118489568,0.039718355694678194,0.05608971668317853,0.014563233715939792,0.04630315639217356,0.17780494503340258,0.15353525277580926,0.049402037601442406,0.08515140308845626,0.08526176829998357,0.17630909274179846,3.295038181262446,1.2309538455498523,1.233387260675739,1.8900937607206634,1.8799247123787746,1.930635950581876,1.9262190859833395,0.9627257905879464,0.8793722522707168,1.241837423182197,0.32243287540845356,1.0251610423360153,3.9366366568856788,3.399300869207625,1.0937708853381332,1.8852689092549844,1.887712416870938,3.9035181912360932
asian_male_loPoly_0022_grp.fbx,asian,male,0022,False,0.045386715506859444,0.13920717355360265,0.04997590598276348,0.049972066252904096,0.0801290207817829,0.07998416820704617,0.08745469439862502,0.08737455401848196,0.04316777539346424,0.03315577559529021,0.051714956251125196,0.019301989925312842,0.04892328248932521,0.18081050784080094,0.15717161202463883,0.048581448219471725,0.08234541332163363,0.08244429742140731,0.17322609830383287,3.0671347771918813,1.1011130773543298,1.1010284770518732,1.7654729999061671,1.7622814806891653,1.9268786785289123,1.9251129552495763,0.9511103615096393,0.7305171838283665,1.1394293610717292,0.4252784038183082,1.0779207515452682,3.9837759974826654,3.462943071985127,1.070389158522155,1.8143065080174945,1.8164852093989317,3.8166696217013687
asian_male_loPoly_0023_grp.fbx,asian,male,0023,False,0.04707132975152821,0.15158491659324905,0.056291355948631765,0.056370257735746276,0.08542046622786013,0.08503594815125043,0.08817795600447373,0.08801411004753858,0.037967060356208185,0.03777758932662359,0.05102981208255681,0.013661952992020146,0.045802542472006484,0.17839314761882039,0.15241812148868208,0.05227237752288358,0.08744357072944306,0.0875084206179551,0.1767004739956553,3.2203236533450115,1.1958735018911213,1.1975497194003992,1.8147026370141346,1.806533798813909,1.87328372641971,1.8698029248829777,0.8065856766023388,0.802560486946879,1.0840954005744885,0.29023936787289506,0.9730454336807739,3.7898472076419023,3.2380245532310186,1.1104929008551434,1.857682185547438,1.8590598795461915,3.753887449714942
asian_male_loPoly_0024_grp.fbx,asian,male,0024,False,0.050451049823286916,0.1466817151434865,0.052295654892763485,0.052406877317842535,0.08153201960395882,0.08119745765014807,0.08938108651854502,0.08927142507869941,0.04573860917962169,0.03127855488543811,0.05787482359104001,0.019582153312128397,0.05229358450477548,0.1825246761044555,0.15254394555934706,0.04715275540549834,0.0856939851022778,0.08576754745078013,0.17581042091073873,2.9074065982226984,1.036562273251748,1.038766834414868,1.6160619033605468,1.6094304862744284,1.771639774229019,1.7694661536556173,0.9065938040898788,0.6199782758732749,1.1471480532864247,0.38814164186311495,1.0365212356916724,3.6178568482475217,3.023602999217207,0.9346238694865341,1.698557025125048,1.7000151186386616,3.4847722996160355
asian_male_loPoly_0025_grp.fbx,asian,male,0025,False,0.04861512062267597,0.14052758087001838,0.04892870672711536,0.0489665976519366,0.07710558027528858,0.0767998336089274,0.08143811500493985,0.08134313824133792,0.04540906077078692,0.030572736197370668,0.05636087574513568,0.016226448631423813,0.05256907277832633,0.18463952397637004,0.1538118785235271,0.05068015260087839,0.08306080877864937,0.08314167494533203,0.17724544839388692,2.890614670293976,1.0064503821120445,1.007229788279013,1.5860411182302725,1.5797519912581477,1.6751601962899165,1.6732065497210005,0.9340522082260633,0.6288729886049149,1.1593281066312275,0.3337736988737445,1.081331735990923,3.7979855158530045,3.1638691121910596,1.0424771542629723,1.7085385722545465,1.7102019676271571,3.6458913630919345
asian_male_loPoly_0026_grp.fbx,asian,male,0026,False,0.04897115379571915,0.15008532255888282,0.05483881968991056,0.054838820637699334,0.0848011355224218,0.0846529772875833,0.08765543538040303,0.08766389147319852,0.04500678701134792,0.033596537380299926,0.05742908628282215,0.015232606121537528,0.0531503185912925,0.18908598604306046,0.15569151177060989,0.04632961446581927,0.08504816046621691,0.08505513626875222,0.1783503973621368,3.0647699906144066,1.1198188206605895,1.1198188400146112,1.731654840646919,1.728629422143272,1.7899401706166356,1.7901128455924133,0.9190468984882735,0.6860474948261642,1.1727125426201896,0.3110526287593636,1.0853393165496272,3.8611707380190325,3.179249409153594,0.9460592792867627,1.736699135597076,1.736841582772497,3.641948035492834
asian_male_loPoly_0027_grp.fbx,asian,male,0027,False,0.053454468225291416,0.14901486357291333,0.051757886483439194,0.05181289591693588,0.08037202068520226,0.08005891984275597,0.08426424785306044,0.08411870875935532,0.03666078084717081,0.02890279168852951,0.05329436556373617,0.016296652270948925,0.045626980876408096,0.17768043400522712,0.15381694356398315,0.048762614412005,0.08237374596171856,0.08246665395811505,0.17079067068837575,2.787697053590901,0.9682611800625958,0.9692902695909928,1.5035603823886716,1.4977030452409765,1.5763742611359794,1.5736515870820214,0.6858319250817119,0.5406992651524397,0.9970048778545422,0.30486978567000944,0.8535672019803234,3.323958499715455,2.8775320131462143,0.9122270977701633,1.541007678058694,1.5427457553323265,3.1950681834220913
asian_male_loPoly_0028_grp.fbx,asian,male,0028,False,0.05092234214553514,0.14735122892654226,0.052985756574897486,0.05302561811093117,0.08159811599298805,0.08128196772291821,0.08622595394540486,0.08607702091438948,0.038563402986883606,0.028648454429137247,0.0533448452904346,0.013823291395442791,0.047164547306669496,0.18076927778216936,0.15614456757409442,0.05026309903690665,0.08650431535519446,0.08656875724938043,0.17206713012204503,2.8936459463198902,1.0405208076145662,1.0413035983180998,1.6024030426523215,1.5961946033553562,1.6932833470026305,1.6903586380293134,0.7572982970160739,0.5625910596818284,1.0475725004552223,0.2714582796670285,0.9262053809676324,3.5499010879258854,3.0663272935843375,0.9870539515495107,1.6987497375506937,1.700015231074181,3.3790105260728236
asian_male_loPoly_0029_grp.fbx,asian,male,0029,False,0.04732595435864828,0.14538683758093654,0.05278929910434495,0.052842196939592835,0.08296213317150175,0.0825795102025622,0.08432884740579984,0.08414454976031263,0.038047416853898466,0.03627074204010429,0.05820325394399814,0.013674448161182965,0.04580333593470044,0.17851090729804842,0.15349705149042797,0.05470407267999225,0.08888747588683084,0.0889580060474633,0.17633855451014172,3.0720318174496306,1.1154407728219071,1.116558506969369,1.7529944043556591,1.7449095601274807,1.7818731507606607,1.777978931447289,0.8039439958371538,0.7664027600000468,1.2298379342320047,0.2889418363875871,0.9678269895539973,3.7719452194296337,3.243401080244209,1.155900043038344,1.8781972195049388,1.8796875256506527,3.7260432863921285
asian_male_loPoly_0030_grp.fbx,asian,male,0030,False,0.05074189957244052,0.14856877911762026,0.0529451193153302,0.053073351739685734,0.08014372154684195,0.07973052379889022,0.08328372891713257,0.08319657120044434,0.04154781241310719,0.029954431408809094,0.05542403666091685,0.01861991437694363,0.04726225600197568,0.18082887882371237,0.15322081630208376,0.051761506303206695,0.08598153273204635,0.0860455630748111,0.17629305339050858,2.9279309676910974,1.043420127379037,1.0459472780264516,1.5794387325296442,1.5712956052239382,1.6413206761846675,1.639603008588014,0.8188067999660202,0.5903293266749963,1.0922735870735778,0.366953435599338,0.9314246490615274,3.5636994347355118,3.0196113585251485,1.0200939803073505,1.6944878582895142,1.6957497413349711,3.4743092961828874
asian_male_loPoly_0031_grp.fbx,asian,male,0031,False,0.053213247002738454,0.1505532883720163,0.05348033132545859,0.053473857221046715,0.08439128594289068,0.08427672346200127,0.08460867610848934,0.08451163134331319,0.0406904259245772,0.03269087156794036,0.05861540027327594,0.020018214080671445,0.04835095428756743,0.17824338796405714,0.15856595829956638,0.0521634838239885,0.08341817299950934,0.08351743664940074,0.17355672535628783,2.829244536877604,1.005019132222967,1.0048974688256638,1.5859074703437612,1.5837545763306689,1.589992734405687,1.5881690387914884,0.7646672251081239,0.614337094788785,1.1015189558017289,0.37618854717963873,0.9086262727978092,3.3496055588354605,2.9798211391123393,0.980272521639284,1.5676204272070915,1.569485820797644,3.2615323276054977
asian_male_loPoly_0032_grp.fbx,asian,male,0032,False,0.04982033999515359,0.1455578287882076,0.05108935443836278,0.05120013395010016,0.0839974120793272,0.0835463873348248,0.08658891583418069,0.08644757602830051,0.037410220458813925,0.03774870673491463,0.05185555778594836,0.013191134438936384,0.04662799791537669,0.18328700039300694,0.1537819573327661,0.05289191567476676,0.09068727819956547,0.09077154852454553,0.17753688917219645,2.9216546655917472,1.0254718141893981,1.0276953941920266,1.6860063999462525,1.6769533757287085,1.7380233824699682,1.7351863924796567,0.7509025522999865,0.7576966905201117,1.040851142143806,0.26477407501072026,0.9359229166222582,3.678959244574338,3.0867303865795708,1.0616530453206856,1.8202862166012381,1.8219777009425382,3.5635423039960554
asian_male_loPoly_0033_grp.fbx,asian,male,0033,False,0.04914014435235333,0.14882436903636076,0.05274912542919141,0.05286194295610144,0.08037967022589075,0.08030872378897812,0.08611313867865912,0.08616239244718728,0.03658323730195547,0.031894542443498354,0.054567043211285936,0.01708392036909679,0.04739428715974105,0.17468384188184605,0.14972841446798496,0.048191596257781515,0.08550787892508742,0.0855626554366748,0.1765377205589549,3.0285700418223036,1.073442622613404,1.0757384548376865,1.6357231197681932,1.6342793625744023,1.752398976714344,1.7534012889618413,0.7444674366367321,0.6490526811399348,1.1104371777994728,0.3476571059010053,0.9644718749685831,3.5548092946023346,3.0469673307098137,0.9806970836762227,1.7400819645942378,1.7411966644452315,3.5925356525840257
asian_male_loPoly_0034_grp.fbx,asian,male,0034,False,0.04271960934531222,0.13984884327959546,0.05086969082090735,0.050937131598843916,0.07977003603791055,0.07939404957733871,0.08189425415095566,0.08177053988277763,0.034773975140724556,0.03551609106226188,0.06087441154425153,0.015832348375713665,0.04377665374009499,0.1732716726036884,0.14763104655500173,0.050350874415394965,0.08720726218153348,0.08726176722198069,0.17709740382206995,3.2736451812835123,1.1907808053607463,1.1923594896926049,1.867293200017617,1.858491938340979,1.9170178614927391,1.9141219017666558,0.8140049891289661,0.8313767753627455,1.42497584779369,0.3706107948632495,1.0247437748374157,4.056021936040998,3.455814526805869,1.178636115522441,2.0413871643024057,2.042663043021395,4.145576388364223
asian_male_loPoly_0035_grp.fbx,asian,male,0035,False,0.04781665358022116,0.14232135006150387,0.05009894289617262,0.05015340931008357,0.08137847585144023,0.08094543542273905,0.08425920117416809,0.08414539567025185,0.041884598568658477,0.034053375289622295,0.059089751126693076,0.01864813795339131,0.044227857114404696,0.17342302740126947,0.15174934714601554,0.05090086198452333,0.08546284339941482,0.08553188776080975,0.17415488305466575,2.9763971211982416,1.0477300092136834,1.0488690770871716,1.701885635198477,1.6928293672190653,1.7621308658249766,1.7597508267508222,0.8759416528049044,0.712165589599271,1.2357567228655857,0.3899925351761736,0.9249467246846205,3.6268332142967865,3.1735668597432967,1.0645007162437212,1.7873028955494616,1.78874683518608,3.6421386695848375
asian_male_loPoly_0036_grp.fbx,asian,male,0036,False,0.043746400054156115,0.14433030468784888,0.05301292851014754,0.05308669145239663,0.08039535276361177,0.079995766001756,0.08054028405883175,0.08042430650280105,0.035960633673878833,0.03510532513205628,0.05935008747226519,0.014782551421320749,0.04451879676156493,0.17523851531010576,0.14554575989896287,0.051859906578384365,0.08691007116485205,0.08695759837805758,0.1785821704346331,3.29924986991328,1.2118237945184032,1.2135099433708294,1.8377592822286146,1.8286251189292093,1.8410722701554054,1.83842113644184,0.8220249810124068,0.8024734626985863,1.3566850620575042,0.33791469476392577,1.0176562347176594,4.005781392141255,3.327033989511906,1.1854668387383667,1.9866793852125253,1.9877658109103358,4.0822140842116434
asian_male_loPoly_0037_grp.fbx,asian,male,0037,False,0.04628641633376895,0.14760479037308977,0.05480349469802662,0.05484757777554578,0.08043557765078072,0.08010697761919744,0.08427756915956244,0.08420154944682465,0.03454101355752924,0.03056884181757341,0.05673391369448756,0.01813475320766979,0.04704821416330054,0.17667511335434358,0.14967707306497458,0.050872810561501745,0.08973318858224077,0.08979751649430188,0.1771337171212997,3.1889440156420683,1.1840081613327214,1.1849605590556578,1.7377793318619428,1.7306800561432576,1.8207840622579476,1.8191416859679013,0.7462451469229284,0.6604279233272906,1.225714112006042,0.39179428100246577,1.016458345447146,3.816997023065007,3.2337148762103545,1.0990872612530758,1.9386505953534923,1.9400403748429487,3.8269049788602696
asian_male_loPoly_0038_grp.fbx,asian,male,0038,False,0.05232924117992454,0.15229276500318348,0.05390741622424758,0.05389263538156227,0.08521270467185947,0.08509500947713194,0.08782202360346203,0.08772104681058733,0.033579357416534686,0.03254125880133104,0.056741978075938775,0.018857109643726555,0.0486600590480097,0.17824338796405714,0.1581602946744357,0.0538616854433036,0.08214664086959772,0.08224575633790941,0.1735565912371189,2.9102804009626784,1.030158569257612,1.02987611068661,1.6283955729239632,1.6261464442900728,1.6782590693700687,1.676329425626,0.641693948916213,0.6218561184452086,1.0843264071199092,0.36035511348024,0.9298827567688392,3.4061909545219624,3.022407569997631,1.0292846643449316,1.5698037849842212,1.5716978592355735,3.316627325826802
asian_male_loPoly_0039_grp.fbx,asian,male,0039,False,0.048486161733610325,0.14852425087407303,0.054331878618119556,0.05433833685972124,0.0826509355245011,0.08249886908522,0.08543459092475422,0.08534066860340044,0.03621837566909538,0.032545937495724465,0.056211171726300975,0.021695258092767025,0.049491716794188484,0.17593787733743216,0.1499933135234261,0.05072284610877755,0.08592349662507975,0.08595475051278226,0.17466434911910478,3.063229704386291,1.1205646451584765,1.1206978427837528,1.7046293740180294,1.7014930886565158,1.7620407116187846,1.760103616208556,0.7469837655552969,0.6712417797584462,1.1593240156878766,0.44745257857208354,1.0207390113926282,3.6286204361578296,3.093528300868815,1.046130365762006,1.7721241185713013,1.7727687125458504,3.6023546280840884
asian_male_loPoly_0040_grp.fbx,asian,male,0040,False,0.05126001816620524,0.1445811828142902,0.04995484673992921,0.049932990373033545,0.08271226606574789,0.08261070178405991,0.08730550112320054,0.08723938225815422,0.03370985444305564,0.0325891270328611,0.050762102206606166,0.01897836248274747,0.04711275937734004,0.1780151990434076,0.15191236878092704,0.051909667155734314,0.08292819993984742,0.08302836369224191,0.17485612107754542,2.820544900033021,0.9745382176408103,0.9741118352929773,1.613582457141588,1.6116011023679968,1.7031890398501537,1.7018991677936919,0.6576247073060911,0.6357611292136938,0.9902864654088761,0.3702371392302694,0.9190936925652631,3.4727884501759627,2.9635644741359064,1.0126736004545034,1.617794977578069,1.6197490102916299,3.411159951418526
asian_male_loPoly_0041_grp.fbx,asian,male,0041,False,0.05105102881180535,0.14845776939386818,0.05254069487273437,0.05256369962633755,0.08273792161378687,0.0826330389652084,0.08421543250355568,0.08415780883587017,0.03101711590273842,0.033618374613402245,0.05619518193850089,0.01738529425766476,0.048490048727034094,0.17867984113009683,0.15003379140923973,0.05027930678477519,0.08266594979714602,0.08276550849933925,0.17626716317349617,2.908026984943698,1.0291799420227266,1.0296305647454924,1.6206905823346318,1.618636115441024,1.6496324259009094,1.6485036794480623,0.6075708291223669,0.6585249190047298,1.1007649257306638,0.34054738292844117,0.9498348976626493,3.500024295079002,2.938898488457984,0.9848833207676375,1.619280780841577,1.6212309609752673,3.4527641709883636
asian_male_loPoly_0042_grp.fbx,asian,male,0042,False,0.04991518142801108,0.15044575787098888,0.05399047668574205,0.054000561748421286,0.08130302381387242,0.08121846628715033,0.08585923668932476,0.08578619336751474,0.03378409538153823,0.033210968114884575,0.05154036358664245,0.021334533502916538,0.05013816117248431,0.17857952446054304,0.1480531204172999,0.04949747709717589,0.08425355239165246,0.08430099112811225,0.17369552980118722,3.014028068553963,1.081644404390445,1.0818464483856929,1.6288235660553425,1.627129541826581,1.720102666823982,1.718639318004638,0.676830062818914,0.6653480397097676,1.0325588751184898,0.4274157258886404,1.0044671728739445,3.5776595286565245,2.966094005504634,0.9916317176681484,1.6879344115610404,1.6888847984994955,3.4798136525196295
asian_male_loPoly_0043_grp.fbx,asian,male,0043,False,0.05200678753892143,0.14634578477820048,0.050435541891400294,0.0504754808140273,0.08182060936231532,0.08172538331959993,0.0826448990354805,0.08256071086540463,0.035424148643983806,0.03542861388497492,0.05919100770414823,0.019426294169704966,0.04944371712440556,0.17835252753276484,0.14861831387831428,0.05100779624879115,0.08448308079004596,0.08454368106794763,0.17638362992961848,2.813974707987425,0.9697876811494033,0.9705556371127882,1.5732678989464883,1.5714368678980097,1.5891175545813088,1.5874987626108787,0.6811447182249564,0.6812305770369003,1.13814004873595,0.37353382296813653,0.9507166172762029,3.4294086593848423,2.857671486959075,0.9807911363611405,1.6244625901344043,1.625627827996026,3.3915501855909578
asian_male_loPoly_0044_grp.fbx,asian,male,0044,False,0.04841184152733645,0.14100570846365498,0.04981791489072074,0.04983043672212969,0.07865979009927024,0.07852239656335369,0.0848790526543839,0.0848986423720394,0.04327329434454441,0.029407694826961487,0.05842796349872105,0.02545498848532371,0.05202665366249907,0.17398042283956472,0.15821215081737597,0.0510548265134184,0.08227814733341829,0.08216886700631121,0.17089019157313412,2.912628481278368,1.02904399665504,1.0293026488982495,1.6248047506074283,1.6219667355354552,1.753270480455814,1.753675127687513,0.8938576385306375,0.6074483824449438,1.2068940502031689,0.5258008718992889,1.0746679329089652,3.5937575880339967,3.268046532128698,1.0545937709184137,1.6995459114472797,1.6972886057208414,3.529925451743836
asian_male_loPoly_0045_grp.fbx,asian,male,0045,False,0.049279970701544724,0.14644813570788712,0.050273480931053216,0.050310547101085214,0.08015869200506225,0.08003707381297316,0.08553166692518994,0.08547637828489416,0.03298547076588895,0.03131272097262332,0.05696331158206856,0.018389367207738642,0.04835605489145628,0.173645585974811,0.14722392034872592,0.04787155186371791,0.08149800076892154,0.0814538476982586,0.1730204658269366,2.9717577673660545,1.020160528006916,1.0209126828784454,1.6265978015800566,1.624129898487629,1.7356273899430075,1.7345054606985557,0.6693484248531624,0.6354046182832206,1.1559120423803944,0.3731610824022306,0.9812516972527444,3.5236544077200094,2.9875001598592883,0.9714200552927141,1.653775349472091,1.6528793856548571,3.510969332242584
asian_male_loPoly_0046_grp.fbx,asian,male,0046,False,0.04978735611615014,0.13812876086757084,0.045868833585336916,0.04586814526015169,0.07727387478681491,0.0771317405085814,0.08374178618375631,0.0836320515321592,0.0387850306784198,0.03263951909743762,0.05467119348806266,0.02217468566619058,0.0521245301695916,0.1777555274217107,0.15286859436012284,0.048413179663809,0.08096439096065254,0.08098836926474887,0.17218671785952633,2.7743742918448384,0.921294825905766,0.9212810006047474,1.5520782948695004,1.5492234680756873,1.6819890172194132,1.6797849505615832,0.7790136633874923,0.655578477019187,1.098093928918798,0.44538789355391184,1.0469431244348266,3.570294574530539,3.070430050623535,0.9723990876491756,1.6262038653301598,1.626685479658914,3.4584426909078627
asian_male_loPoly_0047_grp.fbx,asian,male,0047,False,0.04506115661727755,0.13125388884197936,0.04383518525419729,0.043865362216742566,0.07382755301660877,0.07377121285608848,0.08233345124125335,0.0822884649334817,0.04176964112422029,0.03245204544965236,0.06310801029658004,0.021899460775846098,0.05413610664305937,0.171963202765303,0.1544664096307876,0.05014757948273913,0.08204084022284495,0.08215254806586493,0.1731181633516293,2.9127944929769827,0.9727931669954031,0.9734628560316074,1.6383856642574837,1.6371353598989244,1.8271490885274946,1.8261507495777483,0.9269544827485584,0.7201778180103228,1.400496903188297,0.48599420032306295,1.2013918573564148,3.8162181283062786,3.4279282030581832,1.1128782136832973,1.8206554465445854,1.823134473968776,3.841849085721239
asian_male_loPoly_0048_grp.fbx,asian,male,0048,False,0.04527211217980285,0.13971877892741968,0.048785164623086553,0.04879663051860327,0.07929409478309836,0.07917498050244817,0.08561567503793659,0.08556772713033708,0.042664887865535066,0.036646761951484606,0.06345275597492891,0.022265465886291236,0.05537917329540973,0.17547261839694875,0.15446555526102979,0.0489950049852127,0.08292964222025716,0.08299210460824914,0.17067316288783174,3.0861996977855193,1.077598598212764,1.0778518644061146,1.751499785743897,1.748868711669484,1.89113498168376,1.8900758769658472,0.9424099254765732,0.8094776273291209,1.4015859415376903,0.49181416139502504,1.2232513710751034,3.8759538697916547,3.4119361307365987,1.0822336892660098,1.831804133434145,1.8331838434804513,3.7699403599722876
asian_male_loPoly_0049_grp.fbx,asian,male,0049,False,0.04739226214596122,0.1355198919774218,0.04533487505850605,0.045335166764160294,0.07450729804509185,0.07449913128404452,0.0792905979767486,0.0792900932440724,0.051110470667483594,0.03322065702481971,0.06860107184420366,0.018842966846951307,0.054948434233665466,0.17789287865161904,0.14968416834804013,0.05268455103106762,0.08260172091070264,0.08260238700320466,0.17093443125486374,2.859536258472753,0.95658812231586,0.9565942774483865,1.5721405704505156,1.571968247782689,1.6730705475198713,1.6730598974125888,1.078456025375426,0.7009721739490923,1.4475162977644414,0.3975958520173131,1.1594389409906694,3.753627081647528,3.1584094442893407,1.1116698938912628,1.742936867126145,1.7429509220049766,3.6068004251076
asian_male_loPoly_0050_grp.fbx,asian,male,0050,False,0.045328335292860025,0.13938398118938677,0.048516652760145405,0.04852480035796789,0.0777063643426529,0.07765186126342316,0.08180172917396938,0.08177818359049377,0.03945334512596417,0.03553718569579617,0.056940775158483774,0.018818365133821114,0.0517396519821164,0.1767563375983579,0.1469602826099408,0.04893784192291278,0.08135416015150877,0.08143313477656323,0.1706868507848937,3.074985663798293,1.0703382872255534,1.0705180334652917,1.714299981250204,1.7130975748772894,1.8046488723986855,1.8041294272586095,0.870390339090585,0.7839949441380406,1.2561850063673727,0.41515676700320653,1.1414416975129078,3.8994667784810533,3.242128387474435,1.0796302490866305,1.79477493770488,1.796517217110118,3.7655662772989538
asian_male_loPoly_0051_grp.fbx,asian,male,0051,False,0.05293493758606716,0.1468555275500683,0.049251106065280936,0.04925861693686201,0.08202716938737001,0.08195895303191536,0.08304082781677102,0.08301788536721418,0.050643498638976985,0.03774732557137125,0.06523613404909097,0.02058414447199177,0.05329066529892011,0.18324793909577863,0.14828418474881694,0.04870569044676182,0.08336366455889352,0.0834379507825767,0.17538066453337717,2.7742646774881945,0.9304083146448097,0.9305502033845264,1.5495847001614322,1.5482960171372246,1.568733838247274,1.5683004297914778,0.9567121630517743,0.713089072977515,1.232383318541242,0.3888574429416095,1.0067200931761668,3.4617579136243424,2.8012536051019423,0.9201048054051449,1.5748325843088442,1.576235933912542,3.3131363241568943
asian_male_loPoly_0052_grp.fbx,asian,male,0052,False,0.04896214547611526,0.1430381631259206,0.04838268045838741,0.04838834956293952,0.07955351197193365,0.07948580231101213,0.08241693272762837,0.0823934216643503,0.04128399003078037,0.037135276140464774,0.062232689471803916,0.017012563210972106,0.05354821867023017,0.1802694353697761,0.1486759437722899,0.048449428913046974,0.08350288955601304,0.08357984783321681,0.17404067004605842,2.9214030907958795,0.9881650403164925,0.9882808257768106,1.6247962828904525,1.6234133847297794,1.6832786211918154,1.6827984326083814,0.8431818015597284,0.7584487113331283,1.2710368156183496,0.34746359755152445,1.0936656911072677,3.6818124209388507,3.0365487934922517,0.9895283068566022,1.7054581400389708,1.7070299313985084,3.5545964817035856
asian_male_loPoly_0053_grp.fbx,asian,male,0053,False,0.04718993782198854,0.1407290195936948,0.048318260773187724,0.04832514563018969,0.0786011757277557,0.0785388692680695,0.0825142579459976,0.08249073114010916,0.04171675697227508,0.03615660307725774,0.06230343652435663,0.018781727306658638,0.05485517357335368,0.17847841266099884,0.15011007689992775,0.050049502238317986,0.08260809457695724,0.0826770321151979,0.17225104800545893,2.9821827721951553,1.023910244498636,1.0240561412156002,1.6656342295736366,1.6643138959906334,1.7485561913063041,1.7480576357460662,0.884018053374862,0.7661930645818793,1.3202695193068432,0.3980027983403516,1.1624336904252808,3.7821285828826703,3.1809763654738856,1.060596910025955,1.7505446794309043,1.7520055319223977,3.6501647587506914
asian_male_loPoly_0054_grp.fbx,asian,male,0054,False,0.04726483395748563,0.1395829192012023,0.047423866029488906,0.047432786915550765,0.07785715346386943,0.0777840646601729,0.08105542407378838,0.08103150407023464,0.051391268677040636,0.036355814849091735,0.06411722820801699,0.018288285584237778,0.05438280873470043,0.17847841266099884,0.14958307063692924,0.05022336246961804,0.08143124275297085,0.08148469255879683,0.17230348510411148,2.953208707487603,1.0033647018023235,1.0035534443687288,1.6472532947836305,1.6457069272715332,1.714920317856128,1.7144142332779986,1.0873045428080146,0.769193749454267,1.3565524902867523,0.38693218727242235,1.1505976892591512,3.7761353995560176,3.1647857003259148,1.0625947086748169,1.7228716560438497,1.7240025138370676,3.645490117644276
asian_male_loPoly_0055_grp.fbx,asian,male,0055,False,0.04974277317523956,0.14032767713069916,0.04622609796023583,0.04622609796023583,0.07625660181661426,0.07621301383813753,0.08237044160598787,0.08237044160598787,0.04237297549843788,0.03454012879657387,0.05676065385341644,0.020290239439306187,0.059042152017354965,0.1807175576686859,0.15431831438997082,0.049316115324590314,0.08114440232100299,0.08114440232100299,0.17276732623577118,2.821066622810447,0.9293027913298122,0.9293027913298122,1.533018707018379,1.5321424394584024,1.655927813188135,1.655927813188135,0.8518418414100374,0.6943748124957154,1.1410834223788344,0.4079032620040181,1.1869493445681945,3.633041467793388,3.1023263187663566,0.9914227168407727,1.6312802270821967,1.6312802270821967,3.473214604001401
asian_male_loPoly_0056_grp.fbx,asian,male,0056,False,0.047174932379832064,0.14234892459535406,0.04919767543773045,0.04920566543682718,0.0781737246690283,0.07811837484535378,0.08335241741496725,0.08332958055008158,0.04546625784781705,0.03522570491436979,0.06231869679709363,0.01980077166991693,0.056080135599639896,0.17864514926791628,0.15746460468041795,0.05581983487411226,0.08363480199180125,0.08370678435389722,0.1752974117141265,3.0174696054510974,1.0428774977696236,1.0430468673626183,1.6571030571831546,1.6559297683010663,1.766879425366205,1.7663953363864517,0.9637800321946938,0.7467038771936696,1.3210129544082978,0.41973079071931074,1.1887698141908716,3.786866037868229,3.3378872366489336,1.183252037855088,1.7728653285268148,1.774391188945997,3.7159017060736383
asian_male_loPoly_0057_grp.fbx,asian,male,0057,False,0.048759939706603334,0.1417494583467797,0.047932408170735165,0.04793766160500075,0.07655157233815135,0.07649362066075063,0.08162746154806441,0.0816065612263817,0.047660116658521906,0.033758024036412836,0.06187681429175921,0.021159168868489644,0.0548402074580634,0.17837541591965017,0.15182002335369504,0.051597481120783474,0.08190265508544897,0.08197090784510788,0.17228897150792108,2.9070884664687813,0.9830284544885092,0.9831361952752533,1.5699685602315117,1.5687800502015685,1.6740681395266366,1.6736395023747352,0.9774441261679312,0.6923311275514383,1.2690092453781177,0.4339457553846022,1.1246980162003082,3.6582370075304587,3.113622048493525,1.058194112446695,1.6797119844337558,1.6811117556408082,3.5334123164346076
asian_male_loPoly_0058_grp.fbx,asian,male,0058,False,0.04565677564510399,0.13611327302802703,0.04631822931225639,0.04632370414768306,0.07958893572053,0.07954559303398502,0.08483561879489376,0.08481417166555999,0.04957918339301668,0.03900629863306763,0.0600940897074562,0.020888933280507293,0.05493958707331084,0.17814835199481466,0.15956692341551987,0.05494899866764322,0.08216182239464666,0.08223779408526757,0.1722538271446271,2.981228330402766,1.0144875247497538,1.014607437629043,1.7432009728235096,1.7422516572852886,1.8581167328663764,1.8576469859551954,1.0859107480213248,0.8543375672489144,1.3162140527525492,0.4575209919088389,1.2033172797913576,3.9019039228609746,3.4949231775772818,1.2035234177456788,1.7995537624755,1.8012177365417252,3.772798773255
asian_male_loPoly_0059_grp.fbx,asian,male,0059,False,0.04840704715138902,0.14144020682869285,0.04773168233602963,0.047739589566096856,0.07995290870170506,0.07990367527197946,0.08562745666602063,0.08560570846395003,0.046698323209545145,0.03756589727898579,0.06226929410226302,0.020609099055588786,0.05478518689794112,0.17982832384776573,0.16099034564159104,0.05420382662250494,0.0826966769825316,0.08277292932065668,0.17492498011800603,2.9218928885777795,0.9860482129131479,0.9862115616512458,1.6516791129948285,1.650662041460355,1.7689047712046526,1.768455493602518,0.9647009259519593,0.7760419089704349,1.2863683650754605,0.42574584215260103,1.131760562188497,3.7149203355736113,3.325762572092181,1.1197507349082247,1.7083602873751957,1.7099355195492758,3.61362632946692
asian_male_loPoly_0060_grp.fbx,asian,male,0060,False,0.05015685212551573,0.14409019226561418,0.04815241840588972,0.04815821279542065,0.07886234890531395,0.07881314250910952,0.08492319368533327,0.08490106432297892,0.0458620663464379,0.03728782351562524,0.060854415835153754,0.02074507250590168,0.05467418241206887,0.17819727247646602,0.15511725383483102,0.05114594340939553,0.08199145810522836,0.08206485271681156,0.1738552178269442,2.872791775389604,0.9600366922028921,0.9601522175854745,1.5723145604904338,1.5713335101629273,1.6931523827056771,1.6927111795317027,0.9143729002703302,0.7434243166280411,1.2132821988682174,0.41360395692273266,1.09006407091196,3.5528001643829983,3.0926433231227435,1.019719963314377,1.6347010354646592,1.6361643372563972,3.46623064365917
asian_male_loPoly_0061_grp.fbx,asian,male,0061,False,0.05047447575071748,0.14030943243205507,0.04603084733523853,0.046038262428949296,0.07805270162681098,0.07800350214639444,0.08161504006739037,0.08159338157832136,0.0459461201269536,0.036967205919461385,0.06165307335039109,0.0173945237895284,0.05429526278314813,0.17773664033892678,0.15478352491546882,0.05260854940950766,0.08197215424427329,0.08204950273703268,0.17295531427252517,2.7798096036700413,0.9119628614386196,0.912109769229151,1.5463796397271443,1.5454048999267842,1.616956666780838,1.6165275689299563,0.9102842465144473,0.732394054017211,1.2214703061975776,0.34462019725447357,1.0756974089498361,3.5213172142040583,3.0665702340309817,1.0422802540699958,1.6240318106346667,1.6255642384926876,3.426589611880549
asian_male_loPoly_0062_grp.fbx,asian,male,0062,False,0.04949079219724949,0.13876541101673806,0.045747363035668856,0.04575786541964364,0.07589542772317438,0.07586094768412661,0.08214500790108147,0.08212595753477438,0.04489406642674483,0.035263867880430504,0.0593133150103993,0.015935986744491128,0.05484110337444803,0.17997013818070812,0.15353387415359013,0.05034208126323779,0.08080072082113231,0.08086475119638128,0.17237557715655405,2.803863200727874,0.9243610983905672,0.9245733072380823,1.5335262248518293,1.5328295288096574,1.659803859547974,1.659418932060227,0.9071195758559684,0.7125339141851589,1.198471723265236,0.3219990231915663,1.1081072041820315,3.636436803505242,3.102271500154385,1.0172009585660988,1.6326414921606953,1.633935275759749,3.4829827833334623
asian_male_loPoly_0063_grp.fbx,asian,male,0063,False,0.04796482803084363,0.13861799380428846,0.046223919472448416,0.04623080211745691,0.07545662023722224,0.07541491880792828,0.0800566370807363,0.0800372238834424,0.04597678468569474,0.0333777385391956,0.062250603723867766,0.021091627761181127,0.05441063489556687,0.17956674140575765,0.15479605482324174,0.05290296479104635,0.08091956068545073,0.08098770655902889,0.17132008333509535,2.8899925110781304,0.9637044761783421,0.9638479697608493,1.5731656577336233,1.5722962408920336,1.6690696155369544,1.668664877355022,0.9585520593575257,0.6958794581256948,1.29783856795729,0.43973112439010986,1.1343861143540073,3.7437169855021235,3.227282598067497,1.1029532881266095,1.6870603733513996,1.6884811201022132,3.571785626437116
asian_male_loPoly_0064_grp.fbx,asian,male,0064,False,0.0454512336627449,0.13786039617329326,0.04760192208902348,0.04760896557748012,0.08022077453152471,0.08017569118734937,0.08964933268903245,0.08962633676120035,0.04386038021748243,0.03913118103980836,0.05657428801662347,0.021877424949559642,0.054382195940715666,0.17973020713793705,0.15895899028476837,0.0497145830249968,0.0808650122558919,0.08093087830770108,0.17272029372542724,3.033149709339871,1.0473185929833504,1.0474735610202777,1.7649856355225715,1.7639937296810302,1.972429029193007,1.971923081917676,0.9649986740279297,0.8609487110991905,1.24472502630871,0.48133841892815227,1.1964954866624715,3.9543526688750115,3.497352601345617,1.0938005202210044,1.779159898187201,1.7806090569118667,3.8001233367401688
asian_male_loPoly_0065_grp.fbx,asian,male,0065,False,0.05035640811686192,0.1403156756137077,0.046368518811798945,0.046376198146812174,0.07793701181659016,0.07789131795303622,0.0813248927546335,0.08130322050303143,0.04532407474962311,0.03577576980893085,0.06910620343646617,0.018292293735177188,0.051704916780310084,0.17943069376893572,0.14602712750366353,0.04685615008461631,0.08183407742039897,0.08190107069742225,0.17152981737271752,2.786451235522551,0.9208067164796921,0.9209592161376385,1.5477079230059863,1.5468005138943617,1.6149859729054372,1.6145555956721807,0.9000656807062114,0.7104511848006745,1.3723417936420659,0.3632565232358577,1.026779286169869,3.563214702536599,2.8998717931743454,0.9304903156690093,1.625097588979876,1.6264279713389158,3.4063155770492792
asian_male_loPoly_0066_grp.fbx,asian,male,0066,False,0.04925360158085823,0.143153116106987,0.047825922986733924,0.047825922986733924,0.07755097288724296,0.07752684043385145,0.08634804380347982,0.08634804380347982,0.042483046650886536,0.03663802765313916,0.056541647762060165,0.02253592806413598,0.05355540290474892,0.1813511848449707,0.15036537056723562,0.04747791957874829,0.08242033037105542,0.08242033037105542,0.17402999103069305,2.9064497115399086,0.9710137218741146,0.9710137218741146,1.5745239007533234,1.5740339375299865,1.753131568698072,1.753131568698072,0.8625368559321156,0.7438649454495536,1.1479698123037227,0.45754883583770806,1.0873398327395112,3.6819883018554824,3.0528807181823057,0.9639481795215553,1.673386873764923,1.673386873764923,3.533345490379886
asian_male_loPoly_0067_grp.fbx,asian,male,0067,False,0.049394126661180066,0.14234829081928144,0.04796517002374868,0.04797271110127427,0.07838223702931783,0.078339792828325,0.08636723590910172,0.08634679636529664,0.042052634753910634,0.035777812910727465,0.0542479261582041,0.02153669076022475,0.04937500141517398,0.17995668987942826,0.1548889898112022,0.049528702623477576,0.08229577264115895,0.08236316416625665,0.17306239436971774,2.8818869861941723,0.97107031272699,0.9712229842698501,1.5868736290648937,1.586014332548043,1.748532502690844,1.7481186975446312,0.8513691322527366,0.7243333434387056,1.0982667338228036,0.4360172396195216,0.999612803235954,3.6432811357075816,3.1357774756028407,1.0027245336924497,1.6661044177512914,1.6674687808781055,3.503703903033704
asian_male_loPoly_0068_grp.fbx,asian,male,0068,False,0.04774652597327588,0.13945639994840267,0.04743050266620839,0.04744284823596568,0.07813752754185357,0.07809680068345938,0.08465574654168921,0.08463596438703946,0.045587739581287895,0.03614357050491174,0.058502829608458394,0.019616650434098236,0.050145505126997225,0.17895332767377145,0.15286102862834458,0.04973551348604181,0.08197921932969775,0.0820471061625783,0.17265389420846614,2.920765377285408,0.9933812293014916,0.9936397940767424,1.636507074579369,1.6356540940208046,1.7730242109985492,1.7726098948939426,0.9547865242971546,0.7569884880240625,1.225279293433891,0.41084979554487033,1.0502440566055857,3.7479863513825715,3.2015110107466698,1.0416572194986329,1.7169672066944133,1.7183890239155983,3.616051444352243
asian_male_loPoly_0069_grp.fbx,asian,male,0069,False,0.05208593907042242,0.14491425563782645,0.048146202956354765,0.04815651230932513,0.07990377898635949,0.07986247805744348,0.08623081808502994,0.08621290861353473,0.04542223792729595,0.035026229344815175,0.06515492928660328,0.023558949253012364,0.053009127932325095,0.1842788537359477,0.15623199990642642,0.05178158679192789,0.08104563604502973,0.08111416101846652,0.1737678528873472,2.782214513630947,0.9243608508480385,0.9245587805226178,1.5340758064921542,1.533282868327784,1.6555488798702886,1.6552050352201806,0.872063338742595,0.6724699596460805,1.2509120589821954,0.4523091965599325,1.0177243393971351,3.5379769862034127,2.999504332545374,0.9941567285926622,1.5559983652296747,1.5573139788993091,3.33617586605102
asian_male_loPoly_0070_grp.fbx,asian,male,0070,False,0.04341609816012644,0.1378936929391436,0.0478769660325276,0.04788300608176097,0.07729759741237223,0.07725684404694813,0.08348978461608822,0.08346889344316223,0.04421277220503622,0.035649265611601144,0.06180602206392688,0.021475979782610385,0.05126483182458744,0.1793707837077528,0.15931161031614893,0.05455295019056526,0.0829787529633223,0.0830477525295178,0.17454842056191305,3.176095936363666,1.102746862602638,1.1028859826408113,1.780390239751271,1.7794515702910678,1.9230144613217603,1.9225332763739804,1.0183497384304665,0.8211070806068337,1.4235738512469516,0.4946547638482638,1.1807793421581425,4.131434912603174,3.6694133528208552,1.2565143461156756,1.9112439044448817,1.9128331667028813,4.020361754254075
asian_male_loPoly_0071_grp.fbx,asian,male,0071,False,0.046911046221627055,0.14357299480595895,0.049313864284869995,0.049321800758900615,0.07801801415336923,0.0779759400716509,0.0828006157271166,0.08277937119454255,0.046903415161754745,0.0340527551302303,0.06178554227663809,0.02126175000903265,0.05040843238485672,0.17932083501658025,0.15702580128886226,0.05409184919086412,0.0821502241588516,0.08221934513517071,0.17467521449783135,3.060537045532115,1.051220730654589,1.0513899120024772,1.663105397069596,1.662208506356062,1.7650558321793224,1.7646029637339316,0.9998373291476754,0.7259005686923097,1.3170787533652055,0.4532354684349483,1.0745535741562142,3.82257164270852,3.3473097263064195,1.1530727525306514,1.751191473554868,1.7526649213222136,3.723541224653014
asian_male_loPoly_0072_grp.fbx,asian,male,0072,False,0.04745935329336475,0.14091781651524085,0.04821955164033094,0.04823013889904386,0.07900540471330648,0.07896406916143271,0.08631748623561138,0.08629715682777772,0.045737967606075854,0.03527052477424437,0.06110059374638531,0.023474306619189023,0.05224823638712461,0.1806887318054079,0.1584685844392617,0.05506605297944159,0.08407243913787175,0.08413980089859467,0.1738040924165799,2.969231705374764,1.0160178825502975,1.0162409631019322,1.6646961922330314,1.6638252247839334,1.818766591741134,1.8183382376565769,0.9637292637207182,0.7431733120386936,1.2874299691506275,0.49461918442261926,1.1009049378350755,3.807231225602685,3.3390380071069585,1.1602781993057694,1.771461962791344,1.7728813196946402,3.662167314885837
asian_male_loPoly_0073_grp.fbx,asian,male,0073,False,0.049466077585972865,0.13621467474139348,0.04432597796503122,0.04433530221702318,0.07777640391188073,0.077748392611298,0.08687847031666164,0.08685928813135119,0.04368642781622015,0.03295167585097456,0.05894169826243425,0.019655587403730586,0.050195975309718824,0.17590643508152679,0.1618947061876847,0.04980500493600235,0.0807684736202131,0.08083268264627684,0.17217669957647075,2.7536987242348077,0.8960883928585591,0.8962768907635275,1.5723179946237713,1.571751721695944,1.7563242237200922,1.755936439075613,0.8831593275268775,0.6661469325863568,1.1915579552470599,0.39735488162708776,1.014755520537835,3.5561023567271626,3.27284300855084,1.0068517126598613,1.632805299345519,1.6341033409367924,3.4807024930817443
asian_male_loPoly_0074_grp.fbx,asian,male,0074,False,0.0461244866109803,0.13537433138603108,0.045232921789372084,0.04523906474505316,0.07526960453924426,0.07523386835622196,0.08337066077894852,0.08335276511889354,0.04567378998194299,0.0329553492822831,0.0694060556354009,0.023027331639271065,0.05407629716654719,0.17829772872280028,0.1620868096008378,0.054653128264471516,0.08538019354564601,0.08544416143866689,0.172956745428454,2.934977521328208,0.9806704662291901,0.9808036483225299,1.6318795084718782,1.6311047316527083,1.8075141189561006,1.807126132847856,0.990228690612027,0.714487069747413,1.504755082062599,0.4992430990828465,1.172398895680584,3.865576439399438,3.5141162863859767,1.1849048581379962,1.8510817099332348,1.852468563158516,3.7497814747986866
asian_male_loPoly_0075_grp.fbx,asian,male,0075,False,0.045216283206366774,0.14287598561162915,0.05026961628974778,0.05027932991053963,0.07754795546677783,0.07751371277388433,0.08623936653364786,0.08621968082413865,0.048944343369644115,0.0330886706172777,0.0637698032837361,0.020502948981991,0.05114049076126887,0.1796743799637374,0.15749901448005288,0.05145113277430891,0.08322336020353852,0.08329021104734398,0.1734749556347587,3.1598348090563797,1.1117591434996466,1.1119739692239883,1.7150448901969573,1.7142875813147298,1.9072634993029403,1.9068281315965907,1.082449504888814,0.7317866102850882,1.4103282879906605,0.4534417145349098,1.1310193393796668,3.973665397124856,3.4832366420129794,1.1378894753353859,1.8405617247155794,1.842040193069565,3.8365593837737686
caucasian_female_loPoly_0001_grp.fbx,caucasian,female,0001,False,0.04618697191678249,0.15017605754343835,0.05684506212853557,0.056951383131228966,0.08553238042130124,0.08551432523214145,0.08031599625272312,0.08037480805829039,0.04500120133161545,0.03545744542223107,0.07224194332967142,0.02290018466790736,0.051875055313337526,0.17622083522864196,0.14927812728066775,0.0502798549189754,0.08054093982189296,0.08061289300987812,0.17276959866287636,3.251480911414121,1.2307596659715283,1.2330616355157746,1.8518724408997724,1.8514815257041992,1.7389318441882853,1.7402051860664505,0.9743267303320186,0.7676936579890239,1.5641194980228093,0.49581480918835363,1.1231534166561852,3.8153797037430457,3.232039709154998,1.0886155301448919,1.743802125997951,1.7453599936173048,3.740656542155751
caucasian_female_loPoly_0002_grp.fbx,caucasian,female,0002,False,0.04559943661137492,0.14858283199301917,0.05549746867517105,0.055591813500643475,0.08200044143646538,0.08197118158751407,0.08298449300349646,0.08301832112703503,0.048282426093961196,0.03214524483162188,0.06543704236169,0.02292584211887919,0.0530763835814936,0.18025920721053243,0.15136466054294997,0.05069162771615194,0.07955196791707958,0.07955798195506518,0.1728200688969232,3.2584356964610985,1.2170647885006332,1.2191337795339323,1.7982775124026449,1.7976358411205917,1.8198578572524668,1.8205997112325254,1.058838215600168,0.7049482892866081,1.4350405887551365,0.5027659072691321,1.163970161163209,3.9531016303294897,3.3194414622480575,1.1116722372729217,1.7445822542736218,1.7447141427010349,3.789960616614563
caucasian_female_loPoly_0003_grp.fbx,caucasian,female,0003,False,0.042567908024533134,0.1446829836950619,0.05555607836121245,0.055590580927211496,0.08197369898425227,0.08198143380477617,0.08073965834103004,0.08075468316713838,0.03858558959900695,0.03283665417581471,0.06756329617678367,0.0221252750435806,0.051582913250129585,0.1741949072079491,0.14996110996805173,0.04987090694089533,0.07932746314902239,0.07937473854287873,0.16840115221220872,3.3988746548615185,1.3051164818622012,1.3059270118506414,1.9257159392706926,1.9258976447122529,1.8967260099908458,1.8970789713367424,0.9064478709352817,0.7713945951229265,1.587188549125904,0.5197642090099696,1.2117793813217421,4.092165090836869,3.522867740684479,1.1715611420733494,1.8635508962127914,1.8646614838843558,3.9560589192016247
caucasian_female_loPoly_0004_grp.fbx,caucasian,female,0004,False,0.044776669946837835,0.14708296173829236,0.05653007815082883,0.05654358684260466,0.08279006278548733,0.08284532513230657,0.0863387830518466,0.08656927473183412,0.03937556613034876,0.030041462347647933,0.06209147306055258,0.025374762871310554,0.05091961333812023,0.17511859258908807,0.1488679660719873,0.04757329753809562,0.082679532991085,0.0827132107566439,0.16939928486094072,3.2848124238117773,1.2624895557875453,1.262791246194444,1.8489553350836896,1.8501895123211853,1.9282091132358519,1.9333566974635574,0.879376831218095,0.6709177431755281,1.3866925149697857,0.5666960696594308,1.1371907155796925,3.910933814350236,3.324677030443182,1.062457248262949,1.84648686669304,1.8472389942094203,3.78320417891871
caucasian_female_loPoly_0005_grp.fbx,caucasian,female,0005,False,0.04539675811090914,0.14628822448760523,0.055720442499271126,0.0556918329365417,0.08083243199708548,0.08085300820503465,0.08020167928341386,0.08038062118971886,0.04291006362305871,0.028751102806177032,0.06714164227686815,0.025065762549291267,0.05230370009836497,0.17548138701702085,0.14646086029575683,0.05095949762580591,0.08084193982976404,0.08087593970823538,0.16851495367548072,3.2224376932424876,1.2274101679934968,1.2267799564118784,1.7805771901069058,1.7810304429118506,1.7666829663799466,1.770624699528993,0.9452230821906893,0.6333294270911375,1.478996410114439,0.5521487346751265,1.1521461504053094,3.865504813984757,3.226240515631915,1.1225360520525807,1.7807866286896197,1.7815355781716131,3.712048187753422
caucasian_female_loPoly_0006_grp.fbx,caucasian,female,0006,False,0.04574682796434455,0.1483334910863426,0.05700991793367991,0.05703553674857159,0.08363899132696131,0.08370340349722219,0.08229457175565333,0.082460274194151,0.0438404805142149,0.029932094038887455,0.06935974742858898,0.025370710754362393,0.05331467113560074,0.17163217204561798,0.151089969252164,0.05204521531145349,0.08087314384542287,0.08089774455597537,0.16986533295877518,3.242486915201092,1.246204829285954,1.2467648422099462,1.8283014374712543,1.8297094513845047,1.7989131797246005,1.8025353420880068,0.9583283140064821,0.6542987868408444,1.516165175051012,0.5545895067115152,1.1654288069361798,3.751783012789203,3.3027419818030825,1.13767921465545,1.7678415628829183,1.7683793206171088,3.713160901367185
caucasian_female_loPoly_0007_grp.fbx,caucasian,female,0007,False,0.04454474205704254,0.14887886332588687,0.057531898777013514,0.057629443332839765,0.08354159849789124,0.08363406020325177,0.08516533771748135,0.0854055606204148,0.04224277072858727,0.029189171291239092,0.06886861398083215,0.021244978452507335,0.053308311566306284,0.17474340094217478,0.1522949352840748,0.05084426519254912,0.08223191975235584,0.08205645266048911,0.17052034728993876,3.3422320222493926,1.2915530794485248,1.2937428902167933,1.8754536369502508,1.877529341087052,1.911905508587779,1.9172983538898312,0.9483222660598766,0.6552775915474017,1.5460548383609731,0.47693571612339136,1.1967363397916055,3.9228737865044563,3.4189205785286823,1.1414201282710228,1.8460522152547731,1.8421130950856175,3.8280690248823523
caucasian_female_loPoly_0008_grp.fbx,caucasian,female,0008,False,0.047441969276905784,0.15065644101700473,0.05687927337051157,0.0569695252128323,0.08454531184241466,0.08457150493978219,0.08157408695385557,0.08169862484704998,0.04510102337058657,0.031968134151264226,0.07039148577953612,0.01966920288061297,0.05217244447219727,0.1804971261998135,0.14918975329144527,0.04908944509551822,0.08223941753588039,0.08221082158691193,0.17367021744125455,3.1755941693243033,1.1989231104325122,1.200825473333891,1.7820784661982902,1.7826305743372808,1.7194498499362445,1.7220749073504407,0.9506566455398225,0.6738365763165306,1.4837386991395802,0.41459499216420004,1.0997107680686904,3.8045875614121583,3.144678763663151,1.0347261263333436,1.7334739427841082,1.7328711864187145,3.660687363705099
caucasian_female_loPoly_0009_grp.fbx,caucasian,female,0009,False,0.04498060706416741,0.14507909429743507,0.0534363295265423,0.05353426678305448,0.08412295408310916,0.08413785295828397,0.07912215208227891,0.07921254212637657,0.04154844578840804,0.03300926278681395,0.06884205746141127,0.021729686336057433,0.05177437537758812,0.17886852268162767,0.1530284565018476,0.055388835730340966,0.08165403518423084,0.08166689151572352,0.1738745100011218,3.225369859736918,1.1879859569327802,1.1901632787366516,1.8702049521720092,1.8705361810314498,1.7590281066995521,1.761037640362998,0.9236968662769891,0.7338554310688681,1.5304830671405596,0.48309010825618226,1.1510377195160795,3.976569778759577,3.4020985151121623,1.2313936904258678,1.815316433318623,1.8156022527490798,3.8655438721198196
caucasian_female_loPoly_0010_grp.fbx,caucasian,female,0010,False,0.04639152869049714,0.149983338701889,0.05660686476923593,0.05670329576144391,0.08781941695243092,0.08783396649395751,0.08774713007276536,0.08781575324850603,0.042198464422574807,0.0337034205407084,0.06579952179057508,0.02414472707298954,0.0519010126716715,0.1766638576614577,0.1581375583476058,0.052545946108405094,0.08327162095230256,0.08332822179184592,0.1717522157805797,3.2329897922206574,1.2201983070420206,1.222276940683333,1.893005456628117,1.8933190815923568,1.8914472652577088,1.892926483073498,0.9096157340298803,0.7264994599674018,1.4183520924597917,0.5204555175163985,1.1187605611776903,3.8081059764181817,3.4087593750709653,1.13266252679379,1.7949747141951793,1.7961947826245033,3.702232296039029
caucasian_female_loPoly_0011_grp.fbx,caucasian,female,0011,False,0.043390810263107,0.14442386334999027,0.05463616627116562,0.05477158557395944,0.0835135207365226,0.08353294250489816,0.08293224647095616,0.0830025419416818,0.04236483553840725,0.03323289527978314,0.06419481584934719,0.019732557020128518,0.05184899661317047,0.17731310869084374,0.15132250101965755,0.04912519770935171,0.08213832751825531,0.08217960860904723,0.17246653903210724,3.328443568448099,1.259164462241443,1.2622853835142354,1.9246822133563588,1.9251298143174334,1.9112859605083068,1.9129060148539019,0.9763550226769542,0.7658970892285775,1.479456489982368,0.4547635063848095,1.1949303619539695,4.086420779323498,3.487432018487089,1.1321567265389456,1.8929890227953026,1.8939404014522487,3.974725016341692
caucasian_female_loPoly_0012_grp.fbx,caucasian,female,0012,False,0.04607824938359949,0.14572825333359452,0.054443199793140454,0.05457513579008554,0.08442108111709769,0.08446263984981951,0.08343310467315378,0.08342500921269091,0.04569444970610803,0.032869684294741214,0.06545175381511956,0.020600698471805984,0.05179636959567466,0.1770836308000541,0.1476131699248898,0.04822055186476812,0.08698783603527722,0.08698873076748496,0.17298852669278714,3.162625648392432,1.181537938646564,1.1844012418039114,1.832124315624401,1.8330262321094621,1.8106830400299432,1.8105073506196214,0.9916706975064018,0.7133449020838981,1.4204479269652035,0.4470807538781701,1.124095864937751,3.8431067405760215,3.2035325104479635,1.0464927055568898,1.8878285785362015,1.8878479962054862,3.7542339174534374
caucasian_female_loPoly_0013_grp.fbx,caucasian,female,0013,False,0.04144193544239896,0.14311781561406417,0.05457376343450418,0.05464728672998163,0.08483916894482735,0.08485483463065961,0.08360076137038767,0.08362234670487138,0.03541225438295044,0.03509642110903372,0.059238248144363556,0.019336828934551197,0.05178386667710496,0.17627806715988167,0.14956994261867665,0.04758755303735662,0.08591301959088664,0.08590016906126242,0.17271925526533316,3.453453949152223,1.3168729416693734,1.318647069607477,2.0471816298914693,2.047559645195654,2.0172986729006945,2.017819530197857,0.8545029088269948,0.8468818054556114,1.4294276440515208,0.46660052741571095,1.249552322407347,4.253615698159039,3.6091447231408185,1.1482946568337666,2.073093803987485,2.072783718816823,4.1677410434992685
caucasian_female_loPoly_0014_grp.fbx,caucasian,female,0014,False,0.04403621181643813,0.1498366981142636,0.05616161609213462,0.056259583015466866,0.08001866052229632,0.08003504675765198,0.08096956804498298,0.08100863880301618,0.0428290970175386,0.029324610199913434,0.06919611068384576,0.024546413727349226,0.04912701972517817,0.17904383529179865,0.14497530541893922,0.04593629300000426,0.08500597391740176,0.08497662427430416,0.1738344665912839,3.402579194115229,1.2753507573775962,1.27757544745177,1.8171104466444232,1.8174825548408313,1.8387042096740511,1.839591451251416,0.9725881326047912,0.6659203639529899,1.5713456682487792,0.557414289623032,1.1156050372806978,4.065831912112022,3.2921838514007207,1.0431481525133561,1.9303652701041412,1.929698781278537,3.9475345271727895
caucasian_female_loPoly_0015_grp.fbx,caucasian,female,0015,False,0.0432904574552738,0.1450338910478469,0.054373024177267734,0.0544787871501029,0.08387038684726437,0.08389372228367808,0.0841239571344481,0.08415380602700549,0.04089115874216405,0.033378055142327494,0.06277087757264731,0.02074859518955166,0.05081260505588242,0.1773325704953203,0.15205550634995715,0.04894757452052916,0.08514483038313615,0.08514393929706028,0.17263899027636254,3.350250830629149,1.256004842024228,1.2584479433230404,1.9373874007664702,1.9379264441904815,1.9432448183612303,1.943934321182683,0.9445767299736062,0.7710256972177423,1.449993399526905,0.4792879634267757,1.173759947174969,4.096343187838432,3.5124485923267414,1.1306781539811654,1.9668267647923294,1.9668061809009074,3.9879225220645256
caucasian_female_loPoly_0016_grp.fbx,caucasian,female,0016,False,0.04626383609138684,0.14398705737803694,0.051461858374149176,0.05157571791243468,0.08329241838747697,0.08332956684158434,0.08739722656820388,0.08743285908574523,0.03762586536671159,0.03458935808494277,0.05983929129616256,0.021488728755839275,0.04908326743548221,0.1773325704953203,0.1495747748963518,0.04485281230370672,0.08410371955102566,0.08408333166960744,0.17208955466482106,3.112302600536917,1.1123560586825199,1.1148171502802982,1.8003785553568465,1.8011815249600154,1.8891046214923592,1.8898748238912906,0.8132889216620016,0.747654345320976,1.2934355719650998,0.46448220837960164,1.0609424462451846,3.833071043763601,3.2330819822396624,0.9695005017549158,1.8179149559688947,1.817474268746634,3.7197424425610874
caucasian_female_loPoly_0017_grp.fbx,caucasian,female,0017,False,0.04587984512960358,0.1438550461962625,0.05209447966681354,0.05220547253412186,0.08247828032392343,0.08250571039222093,0.08226204648575342,0.08227272250650432,0.03974670143072166,0.03300135034148696,0.06163736357925853,0.0225526660088581,0.051007297607517606,0.17657646620904202,0.14826832378715338,0.048384947776828155,0.08393254235098514,0.08391893005255222,0.17229876688941045,3.1354736658306908,1.1354545665891975,1.1378737741299987,1.7977018032849683,1.798299670784739,1.792988756901329,1.7932214521233976,0.866321612866026,0.7192995148144719,1.343451866612504,0.4915593316662306,1.111758277810872,3.8486718015337753,3.231665742731213,1.054601375400201,1.8293989902077585,1.829102295692019,3.7554347971901967
caucasian_female_loPoly_0018_grp.fbx,caucasian,female,0018,False,0.04620474209596735,0.1438550461962625,0.051612215499882645,0.05172535512697985,0.08291550141887613,0.08294228821020802,0.08254815165788512,0.08255804175567374,0.03974670143072166,0.03300135034148696,0.06163736357925853,0.0225526660088581,0.051007297607517606,0.17657646620904202,0.14826832378715338,0.048384947776828155,0.08393254235098514,0.08391893005255222,0.17229876688941045,3.1134260179934614,1.1170328662950646,1.1194815246354188,1.794523628043642,1.7951033692155818,1.7865731505747273,1.786787199984809,0.8602299164048502,0.7142416307171044,1.334005142832257,0.4881028436868268,1.103940749232521,3.82160917254537,3.208941702979312,1.0471857558761504,1.81653524170002,1.8162406334452081,3.7290277809915167
caucasian_female_loPoly_0019_grp.fbx,caucasian,female,0019,False,0.042372641357664595,0.1379447334717213,0.04976343768547318,0.04987363898284419,0.07843110367041342,0.07845653616040432,0.07674784950690991,0.07677543331716177,0.038650758434279245,0.031427945832564606,0.06555839187564994,0.02088035378137695,0.05165320930258164,0.1771539288001139,0.14835750291105826,0.05166791744368346,0.08348156926638767,0.08348627468719164,0.17117004099163788,3.255514149031663,1.1744237812654486,1.177024546614033,1.8509845305224613,1.8515847406858121,1.8112595072628708,1.811910488871948,0.9121630655033,0.7417037226280855,1.5471868114681828,0.4927791403213998,1.2190226440353433,4.180856399882405,3.501256899676908,1.2193697581313865,1.9701761936841604,1.9702872422441087,4.039635847734937
caucasian_female_loPoly_0020_grp.fbx,caucasian,female,0020,False,0.04795581717124384,0.14621518785098386,0.05223443147206737,0.05233438234489881,0.08505623965180997,0.08508051921441373,0.08437522622870722,0.08440140170736761,0.04578823574219748,0.03499827801608544,0.0639894108059006,0.019245139708000163,0.051750396101265084,0.17612943125523453,0.151779425652323,0.04851461936425714,0.08489827283909131,0.08490483697590977,0.1726039798565034,3.0489562367140755,1.0892199226956172,1.0913041510275947,1.7736375828626891,1.7741438731114207,1.759436731677713,1.7599825565682976,0.9548004484772677,0.7298025574480619,1.3343409534114063,0.40130980646786457,1.0791265617781323,3.67274382222077,3.1649846589067363,1.011652438139421,1.7703435755443573,1.7704804543883776,3.599229249710364
caucasian_female_loPoly_0021_grp.fbx,caucasian,female,0021,False,0.04798211082355166,0.15139938981396578,0.056017771306466825,0.056105804342411934,0.08477376962605243,0.08482597583353582,0.08132832319584504,0.08135412647737614,0.03814422837065482,0.03035156650350661,0.0704266505230233,0.02403086177271738,0.05165431620467562,0.1774192704268554,0.15049601082715378,0.05101768228981395,0.08454096227826578,0.0845264870691479,0.17264964446231998,3.1553299180754784,1.1674720087339492,1.1693067140946376,1.7667786633605511,1.7678666981840996,1.6949717676014713,1.695509536388384,0.7949677018363271,0.6325600517059532,1.467768910417649,0.5008296083740028,1.076532801873349,3.697612868247774,3.136502505706438,1.0632646503907517,1.7619267019984766,1.7616250227086445,3.598208613564708
caucasian_female_loPoly_0022_grp.fbx,caucasian,female,0022,False,0.04708636554666498,0.14354125211226246,0.05100394646554052,0.05110209361759054,0.08694403637314287,0.08698297716589388,0.08462516196111751,0.08463492631543677,0.03705161795047342,0.03944094241224943,0.06143030590027681,0.020182743032909234,0.04768112796103777,0.17711076210296425,0.14991832761281465,0.04656605149307496,0.08375373464619927,0.08375456797255167,0.17271225171347396,3.0484674373520244,1.0831999002979538,1.0852843073425527,1.8464800874677172,1.8473070952925712,1.7972328290500499,1.797440200211657,0.7868863421568051,0.8376297884609814,1.3046304421052894,0.42863242466456897,1.012631308606381,3.7614022668077554,3.183901026810786,0.9889497936918838,1.7787258301597957,1.7787435279868147,3.6679885930526392
caucasian_female_loPoly_0023_grp.fbx,caucasian,female,0023,False,0.044981904507923505,0.14511451384462362,0.05379920706195047,0.05389914718112338,0.08502523864566766,0.08505753997231251,0.08338067978585026,0.08340222148040667,0.03899561709879283,0.03482818435214912,0.06328779523425074,0.02052747244314294,0.050691462377233855,0.176960707448072,0.14975052629424979,0.04817379373589658,0.08472175813566543,0.08472282428048263,0.17271225171347396,3.226064245880516,1.1960188802693716,1.198240665235264,1.8902098427311047,1.8909279387521205,1.8536493885260652,1.8541282854245418,0.8669178756520592,0.7742710037102627,1.4069612197745578,0.4563495625118997,1.126930105156055,3.9340421305838795,3.3291281890448063,1.0709594060742988,1.8834631183911255,1.8834868200291255,3.8395940234822854
caucasian_female_loPoly_0024_grp.fbx,caucasian,female,0024,False,0.04601438555080806,0.1429430055741318,0.051307893446928904,0.05141568955691852,0.08175052709815468,0.08178460885475569,0.08371565333058797,0.08374114025570599,0.04305706547698505,0.03375420774707642,0.06494706584887586,0.021289416669098855,0.05156773637830028,0.17693331776133378,0.15484186541461403,0.04891561477039954,0.08397174589283328,0.08397716141432333,0.17265363055694175,3.1064851537851643,1.1150402821368954,1.1173829432134101,1.7766297673993185,1.777370443520341,1.8193365472228467,1.8198904375945844,0.9357305321276624,0.733557719896222,1.411451333565299,0.46266871575610974,1.1206872755338728,3.8451739742556805,3.3650751511968164,1.063050482688463,1.8249020363449937,1.8250197282673182,3.752166382104602
caucasian_female_loPoly_0025_grp.fbx,caucasian,female,0025,False,0.04531161398269225,0.13595996649752645,0.048302832367558834,0.04805605502530637,0.08224105409318154,0.08221826186840676,0.08243865964893865,0.08238618835842854,0.04116507232373155,0.035095128070619784,0.060362263145504524,0.021779963631962974,0.05180685133103547,0.17466458751541938,0.15338774336291552,0.050324014760802484,0.0813331874742657,0.08228490746670834,0.16805074285964597,3.00055448365753,1.0660143862014968,1.0605681590521674,1.8150104766648854,1.814507466006658,1.8193715121343477,1.8182135023903083,0.9084883257404038,0.7745283159418053,1.3321587522475187,0.48067066514740137,1.143345971980257,3.8547421326050384,3.3851750110138497,1.110620662950228,1.7949744077827965,1.8159782941772686,3.7087785688639694
caucasian_female_loPoly_0026_grp.fbx,caucasian,female,0026,False,0.04303056548933644,0.1446493597340815,0.05441939552171171,0.05423154884727826,0.08180751823603086,0.08186061941032119,0.08220711746730924,0.08224239193193213,0.038332836382937704,0.031334796288124786,0.0603424719752809,0.020268745773351377,0.05361110810409399,0.17725200416542994,0.15444821538847123,0.0504645137116579,0.08086338340478734,0.08134218666289794,0.1688005092429092,3.36154912419005,1.2646683793917972,1.2603029551335452,1.9011490391941022,1.9023830730415887,1.9104354435611888,1.9112551972460812,0.8908280880584083,0.7281985707552455,1.4023164996573096,0.47103135975227306,1.245884349750866,4.119211591801075,3.5892676201697977,1.1727597148162903,1.879208011450056,1.890335061551902,3.922804809170827
caucasian_female_loPoly_0027_grp.fbx,caucasian,female,0027,False,0.044341271339501366,0.14423977050124273,0.05425248745844455,0.05423551164335547,0.08630744325169537,0.08634588084316341,0.07930836961902832,0.07933606934980783,0.03803122549847248,0.03281498126530571,0.06169989512080815,0.015123844757561521,0.05374529669447421,0.1742516609792562,0.15239295989850402,0.05268727608560889,0.08351623015910177,0.0837139091639958,0.17032010375287274,3.252946208891104,1.2235212437428196,1.223138399169891,1.9464359195043759,1.9473027776324108,1.7885903408542225,1.789215034958445,0.8576936192759185,0.7400550384326153,1.3914778096550173,0.3410782844218646,1.2120828986379397,3.9297849546326455,3.4368198135704993,1.18822204447423,1.8834874967759763,1.8879456234584635,3.841119088553135
caucasian_female_loPoly_0028_grp.fbx,caucasian,female,0028,False,0.044853854588019625,0.14237857092429407,0.05294712000017963,0.05292629116135273,0.08553318760627025,0.08559006192303419,0.08500092639183814,0.08503344446672637,0.03907815308943837,0.033714768140562554,0.06026937361817401,0.020539119015004555,0.05157220049053437,0.17418420495176604,0.15037466948005812,0.04873003685379046,0.08429444342694906,0.0845043220479156,0.16982595765160807,3.1742772662914707,1.1804363412352457,1.1799719700230453,1.9069305947479482,1.9081985864799036,1.895064029001907,1.8957890073830719,0.871232883959901,0.7516582119916111,1.3436832613773142,0.45791201678552085,1.149783022311514,3.8833720435320243,3.352547308614651,1.086418041467637,1.879313254149264,1.883992419917608,3.7862065414767776
caucasian_female_loPoly_0029_grp.fbx,caucasian,female,0029,False,0.044438320938388724,0.14465524317417727,0.05403099505294361,0.05401025722591039,0.0840110611587186,0.0840587836793405,0.08159942260121457,0.0816235536236449,0.04292974547642334,0.03266962230424016,0.06876340133820605,0.020304883383983795,0.05288738831063345,0.17502031844942312,0.15330544069084212,0.05183101911357714,0.08324929218380415,0.08339161964690932,0.17059039546600824,3.2551914680740026,1.2158649092042564,1.2153982437993691,1.8905093483436357,1.8915832530190184,1.8362400036299225,1.8367830264516845,0.9660523748397932,0.7351677924450564,1.547389727742925,0.45692283045831983,1.190130211804332,3.9384998072289705,3.449847731722169,1.166358629648451,1.8733671845798292,1.8765699937791798,3.8388128053380415
caucasian_female_loPoly_0030_grp.fbx,caucasian,female,0030,False,0.0434689476466663,0.14245682318657904,0.0533396518404601,0.053323331322484534,0.08557895014025595,0.08561708187142252,0.08304319850610131,0.08294586325393258,0.039061324573668135,0.035214558469833034,0.0641869900472415,0.016921188972095314,0.050644509570668204,0.16944242111397997,0.15164997104638595,0.05008903921688919,0.08306555368114779,0.08320182307679817,0.16966904694583163,3.2772089249670224,1.2270748368243694,1.2266993844874914,1.9687375649366365,1.9696147826571233,1.9104027817998035,1.908163591356089,0.8986029496544256,0.8101083733627882,1.4766170685561582,0.38927072975489957,1.1650732836306013,3.8980106555897907,3.488696627281158,1.1522947282743938,1.9109170609865964,1.9140519285881321,3.903224166477925
caucasian_female_loPoly_0031_grp.fbx,caucasian,female,0031,False,0.047130368649959564,0.1467949002981186,0.055330243053807605,0.055330243053807605,0.0858750661959619,0.08588136875599459,0.08174755192213636,0.08170126606043733,0.03883994370698929,0.03290997828278124,0.06367196358790664,0.02208604436201912,0.05212678760290146,0.17359288036823273,0.151091208096815,0.04784380653708517,0.08281633002618909,0.08281633002618909,0.17082816362380981,3.1146563140291614,1.1739828191192194,1.1739828191192194,1.8220749944427939,1.8222087205351887,1.7344984616878547,1.7335163802184141,0.8240959029082963,0.6982754267679482,1.3509752928266405,0.4686159899586966,1.1060127280151495,3.6832489399248876,3.205814264237558,1.015137540986033,1.7571755197009293,1.7571755197009293,3.62458789347824
caucasian_female_loPoly_0032_grp.fbx,caucasian,female,0032,False,0.04407999141043164,0.1453061790684328,0.05519929717475364,0.05514432072958396,0.08646176768128683,0.08646252735932922,0.08354124641439384,0.08350871994313312,0.04413164260303228,0.03488945518579414,0.06675298352882642,0.01836021592319202,0.05311669298487049,0.1754113771774012,0.15007161132577826,0.04979537828303816,0.08398180348280934,0.08414636074163365,0.17103802019834405,3.296420312687396,1.2522529022474036,1.2510057049723906,1.9614742406874752,1.9614914747662053,1.8952192081104533,1.8944813116132,1.0011717604960426,0.7915032210631843,1.5143601755110405,0.4165204061007831,1.2050068814736723,3.9793877349960116,3.4045290510257096,1.129659437076341,1.9052136989059132,1.9089468497881832,3.880173628116168
caucasian_female_loPoly_0033_grp.fbx,caucasian,female,0033,False,0.04786993218339457,0.14577852871289207,0.054203843305276354,0.054184658593823466,0.08467195417327593,0.08468950916030404,0.07989972668664595,0.07989214682083003,0.03982249327419983,0.03199911429209731,0.06339918217734102,0.021845687670838807,0.05244092342835239,0.1749203392848677,0.15059079891207866,0.050816889182487224,0.08344050932332943,0.08355859393921734,0.170965416806026,3.0453046842514784,1.1323150218307378,1.1319142543640242,1.7687920227020393,1.7691587453236812,1.669100477948078,1.6689421350077351,0.8318894859018353,0.6684595701850058,1.3244050970127201,0.4563550996300927,1.0954877317863307,3.6540753518248184,3.145832718858887,1.0615617542093556,1.743067213959284,1.7455339944726869,3.571457259455479
caucasian_female_loPoly_0034_grp.fbx,caucasian,female,0034,False,0.045940702972539785,0.14696798179137394,0.055433204118591324,0.05543477671124704,0.08537368889217664,0.08539192822676754,0.08334211696039048,0.08334868909074782,0.03967031159840581,0.032415920015529544,0.06268959027323871,0.021658754164177934,0.05174685493295826,0.17349797242266296,0.15090232934250655,0.05018063661042818,0.0832484137557956,0.0833536961914203,0.1708634243786663,3.199079950501005,1.2066250738854716,1.2066593048082472,1.8583452879074838,1.8587423069648936,1.814123676126739,1.8142667329354532,0.8635112009957273,0.7056034827091254,1.3645762083943354,0.4714502121816477,1.1263836115848944,3.776563291301141,3.2847196402872996,1.0922914401293062,1.812084020689797,1.8143757234460136,3.719216584056121
caucasian_female_loPoly_0035_grp.fbx,caucasian,female,0035,False,0.046901325073100214,0.14770595522101604,0.05525213572422392,0.055243449459950085,0.08598389003787434,0.08600573270118254,0.080569501314854,0.08057344812447273,0.04269306734104938,0.032763376128554594,0.06948982055524203,0.020088122072667806,0.05426701973390777,0.17466548465601708,0.15549219858876023,0.05437732046113976,0.08299779099148456,0.08306075627277562,0.17108179756139016,3.149291730901038,1.1780506337104157,1.1778654307495122,1.8332934070382914,1.833759122309111,1.7178512800923793,1.7179354314380517,0.9102742251846432,0.6985597118522713,1.4816174265212225,0.4283060668618326,1.157046621802847,3.7241055425147196,3.3153050227559824,1.1593983832309107,1.7696257165895535,1.7709682219706473,3.6476964626211044
caucasian_female_loPoly_0036_grp.fbx,caucasian,female,0036,False,0.04654131483621366,0.14283369402161575,0.052042636348642604,0.0520360907095708,0.08650505070270306,0.08652843015814711,0.08171658626397531,0.08171163301142148,0.039755642156986196,0.036616717929292095,0.06687709883539544,0.018449746392105112,0.0526224027971707,0.17468927550500127,0.14834291050694037,0.05063401049762419,0.08518101362642205,0.08523741114631778,0.1706431137588463,3.068965595928486,1.1182029672300615,1.118062325757107,1.8586722572649308,1.8591745949304292,1.755785940976293,1.7556795139754389,0.8542010963139453,0.7867572727189206,1.4369404704346378,0.39641652705843666,1.1306599949390637,3.7534237294275163,3.1873381968039114,1.0879368293700635,1.8302236180088096,1.831435391249299,3.666486741067947
caucasian_male_loPoly_0001_grp.fbx,caucasian,male,0001,False,0.04799955125120253,0.14494704856284157,0.0520835304958187,0.05220013561164863,0.08365117879469924,0.08363913231212779,0.0823857554116228,0.08251366689022013,0.04777513297135985,0.03404139090887748,0.06927310392874182,0.024655342966483487,0.052539443324923066,0.17589615349085916,0.15554608555744728,0.053740689107488235,0.08216999578939721,0.0819478438842744,0.1712208761046579,3.0197584099124306,1.0850836963713042,1.0875129923290867,1.742749184402084,1.74249821366887,1.7163859507865458,1.719050798170804,0.9953245754597121,0.7092022742196916,1.443203157592152,0.5136577806207261,1.0945819691096965,3.6645374572424245,3.240573745021218,1.1196081568812972,1.7118909166330718,1.7072627086742058,3.567134934420211
caucasian_male_loPoly_0002_grp.fbx,caucasian,male,0002,False,0.0473820191264973,0.13815087549386693,0.04864374103087711,0.04891337530539714,0.08516708022657651,0.08527740615600449,0.08590103382726516,0.08614874960669143,0.03990674745269608,0.036564367842295636,0.06745365692251444,0.02446188993223612,0.05208914438524121,0.17588000796967235,0.15862722480602068,0.05509964420021039,0.08743222618289671,0.08734842707374522,0.1702059507615273,2.915681476659766,1.0266287069998294,1.0323193525124272,1.7974556972594016,1.799784131789248,1.8129458265155902,1.8181738810390782,0.842233999065252,0.7716929019989327,1.423612968928809,0.5162694706388392,1.0993441255885938,3.7119567973690573,3.347835903373566,1.1628808821571976,1.8452617215293439,1.8434931369334076,3.592205522249337
caucasian_male_loPoly_0003_grp.fbx,caucasian,male,0003,False,0.041801340936105776,0.1432153071018915,0.05479031247154938,0.05488492177145144,0.08197472238281191,0.08197302339660929,0.08063630045315065,0.08057610593673291,0.047499129205241956,0.033496214882611966,0.07337560687858921,0.017603197119210746,0.05062801104103337,0.1760755196970189,0.15087857855429807,0.052418788311273404,0.0818015815425948,0.08200404895639424,0.17103308657052158,3.4260936107480164,1.3107309776329308,1.312994285406877,1.9610548500851201,1.9610142057860482,1.9290362138478985,1.9275961998418945,1.1363063514600016,0.8013191474840875,1.7553409827389357,0.4211156083752816,1.2111575826818415,4.212197880593209,3.6094195826138478,1.2539977698657232,1.9569128575954113,1.9617564202483155,4.091569378885458
caucasian_male_loPoly_0004_grp.fbx,caucasian,male,0004,False,0.04362075980045119,0.14818178490504424,0.05673034667243176,0.05682088913972338,0.08361202318682502,0.08358989885407841,0.0825718870547036,0.08255898906926958,0.04698897814179331,0.032811657277619546,0.07388346846139544,0.01996668565030902,0.05281267529695011,0.17687116166108607,0.1550450178076427,0.05460178817508225,0.08209174437051979,0.08216504974593353,0.1719312668876192,3.397047313777224,1.3005355003432326,1.3026111741211726,1.916794287154076,1.9162870898276696,1.8929493074499246,1.8926536228838367,1.0772159484784416,0.752202791233365,1.6937684900351329,0.4577335594714353,1.2107234156064342,4.054747383360723,3.5543859968720444,1.2517385855923922,1.881942101560337,1.8836226173456898,3.9415009659194618
caucasian_male_loPoly_0005_grp.fbx,caucasian,male,0005,False,0.04422159280500837,0.1464741789592434,0.05490426592397655,0.0549309267211858,0.08578728169110579,0.08575463913584641,0.08585446015340745,0.08587409482366874,0.04416650766539279,0.034671536191567875,0.06666850194684604,0.02215729915999814,0.052194595581265525,0.1780427015765514,0.1617485643498254,0.056454672000043546,0.08576089432272962,0.08582013800744012,0.17266734224282781,3.312277321287583,1.2415714234010653,1.2421743143309965,1.939941016357734,1.939202857616973,1.941460148936198,1.94190415533705,0.9987543384097793,0.7840408721696046,1.5076006475120773,0.5010515848603421,1.1802965987999003,4.026148546064739,3.6576829121249195,1.2766313562918454,1.9393443085798725,1.9406840089604476,3.90459346419725
caucasian_male_loPoly_0006_grp.fbx,caucasian,male,0006,False,0.05077840274748957,0.15052907400096668,0.05417211650664933,0.05420849153096642,0.08364953998251531,0.08359575339751574,0.08321341805247257,0.0832142688142678,0.04701053179296897,0.031448835898849795,0.07291717901687983,0.02455066886392153,0.05675923110787681,0.17625870147758918,0.15243960434924597,0.04908412928663587,0.08063139240377647,0.08067276816950711,0.17099008040566668,2.9644310544685,1.0668338028676483,1.0675501512037306,1.647344844588497,1.6462856032163915,1.6387561157895332,1.63877287019198,0.9257977653756176,0.6193348785553242,1.435988039629403,0.4834864339078741,1.117782916294722,3.471135205927745,3.002055915529608,0.9666339748952134,1.5879072212007062,1.5887220511971594,3.3673780811098917
caucasian_male_loPoly_0007_grp.fbx,caucasian,male,0007,False,0.04781383501444986,0.1492664324532697,0.05378679200835822,0.0538568792938643,0.08381850239823384,0.08375939285399245,0.08280445850324522,0.08280335673190249,0.041437495612325806,0.03417470082544381,0.07123586331408276,0.02241549138112318,0.05430944201468512,0.18103844805691374,0.15801256035835223,0.054849838559490605,0.08142697726177184,0.08150786824342655,0.1722565219285662,3.1218251455496047,1.124921102691371,1.1263869396292552,1.7530177692900597,1.7517815257587988,1.7318096002594399,1.7317865573192033,0.8666423766218072,0.7147450275660977,1.4898588095381704,0.46880764478207987,1.1358520394415597,3.786319336280011,3.304745589024581,1.1471541352605243,1.7030003394867559,1.7046921297736104,3.6026501927006778
caucasian_male_loPoly_0008_grp.fbx,caucasian,male,0008,False,0.048063215876498776,0.15017601882588255,0.05423685634890862,0.054318635780543086,0.08585289730860578,0.08586396522686048,0.08357234703235424,0.08359029642110939,0.044503221312467756,0.03771002303265561,0.0701968624545333,0.020142652209686744,0.052597914157359246,0.17931269791411505,0.15961463214266602,0.05680677531735452,0.08092468033588256,0.08098549133287647,0.172546254247669,3.1245520318858513,1.128448343703704,1.1301498409952004,1.78624954121276,1.786479819567066,1.7388005673007447,1.7391740210621676,0.9259309952713395,0.7845921739725803,1.4605111450492245,0.41908665165985687,1.094348623956263,3.730767794957155,3.320931178488037,1.1819179029410523,1.6837133941229239,1.684978623589678,3.5899856283240936
caucasian_male_loPoly_0009_grp.fbx,caucasian,male,0009,False,0.04272341402095715,0.14755040489501986,0.05565104591959209,0.05573905258874616,0.0849227651159993,0.08491863781154706,0.08570886142524439,0.08573350024348379,0.04261430540305374,0.03572017634382369,0.06988467121851838,0.02550970223650185,0.04902538004871207,0.17693257666491097,0.1591913187387223,0.05493083573829857,0.0820738711364832,0.08213688903375135,0.17188167632828533,3.453619245471391,1.3025889244781221,1.3046488410641632,1.9877335896972579,1.9876369844856465,2.006133250100321,2.006709955375497,0.9974461634117094,0.8360796336711727,1.6357464125932868,0.597089507500233,1.147506143227777,4.1413492043992575,3.726090772161468,1.2857314191078764,1.9210513255383441,1.922526345704973,4.023125966571213
caucasian_male_loPoly_0010_grp.fbx,caucasian,male,0010,False,0.04453439983746993,0.14723329285740097,0.055200611155753365,0.055288995446312265,0.08388896898706662,0.08388330375230564,0.08472613711127885,0.08475726079775547,0.04741858691368624,0.0324776647771763,0.07135604133541962,0.020251621231938854,0.055191808060626096,0.17713209298941518,0.1566884600098669,0.053438382051431685,0.08260681460469671,0.08266284626582714,0.17182335280994138,3.3060576407167215,1.2395049974224466,1.241489627076859,1.8836892221119574,1.8835620118030356,1.9024874573473602,1.90318632578592,1.0647631288788504,0.7292714148097837,1.6022679455844546,0.4547410834287193,1.2393073278645452,3.9774218050735124,3.5183691838602895,1.1999349322424282,1.8548990197728852,1.8561571856252357,3.8582164222941717
caucasian_male_loPoly_0011_grp.fbx,caucasian,male,0011,False,0.0427066196313311,0.1399042539558213,0.050869524932155026,0.050944749423894334,0.08358338504836768,0.08358604948189458,0.08213423475932283,0.08215844369408774,0.0389643590943488,0.03515073158961753,0.06407262584682748,0.015608504308860334,0.05334920122682343,0.17445467601211334,0.15913759039159614,0.05696798494823956,0.0821080501356741,0.08208147614273902,0.1714647713109377,3.275938371230453,1.1911391107816767,1.192900535413003,1.9571529137615924,1.957215303001244,1.9232202283476032,1.9237870944440982,0.9123728225439588,0.8230745465939361,1.5002972934861254,0.3654820831899647,1.2492021538432545,4.084956325696337,3.726297978284545,1.33393805082259,1.9226071003624157,1.921984855072002,4.014945991771848
caucasian_male_loPoly_0012_grp.fbx,caucasian,male,0012,False,0.04440070147178634,0.14397899777470533,0.05181190994374715,0.05188468814335844,0.08494798557105336,0.0849599967919544,0.08153171828607009,0.08156456297912058,0.04494553245604285,0.03798015172477802,0.0711887754127035,0.019664722396350046,0.05330045921065575,0.17925495935640354,0.1488241607762926,0.05143670270920488,0.08197623031661355,0.08194680176599839,0.17341616780925478,3.242718988712246,1.1669164726298331,1.1685555953733675,1.9132126915839853,1.91348321030335,1.8362709503109542,1.837010683962941,1.012270774248977,0.8553953083131322,1.6033254667820775,0.44289215585581804,1.2004418273554667,4.037210075843239,3.3518425575068975,1.1584659927476473,1.846282324361563,1.8456195296389646,3.9057078393108067
caucasian_male_loPoly_0013_grp.fbx,caucasian,male,0013,False,0.04651269174813922,0.14368067531514395,0.050419303080049445,0.05021696007182735,0.08730656432295444,0.08722345165115462,0.08235477118368073,0.08227100426577347,0.04303705319779772,0.04216125134652014,0.07008400084148925,0.016354019942937156,0.05355890991678331,0.17555839762723505,0.15635258846562017,0.054855756669818366,0.08133502548798141,0.08132061380161569,0.173760920865323,3.0890638643998067,1.0839902225625657,1.0796399473878293,1.8770481999990296,1.8752613184259341,1.7705870825456023,1.768786135002922,0.9252754803105855,0.9064461711830909,1.506771554331577,0.3516033866948028,1.1514902256527861,3.7744192182611838,3.361503765730247,1.1793717931195182,1.7486630515473294,1.7483532073774035,3.7357743517880677
caucasian_male_loPoly_0014_grp.fbx,caucasian,male,0014,False,0.04794539403878134,0.13799750468513985,0.046317740361343215,0.046272660709554235,0.08229730758185302,0.08223142876874535,0.08377699381972191,0.08373677300962623,0.04877525162609581,0.0363827105382947,0.06895485219473713,0.021326363661233947,0.05770339849837649,0.1752663000934973,0.1639565342038721,0.058072801835244166,0.07745555338550716,0.07726138484407344,0.17286036318774778,2.878222349648822,0.9660519282389968,0.9651116991994249,1.7164799504053638,1.7151059119929486,1.7473418562783662,1.7465029683955564,1.0173083901791113,0.7588364068687392,1.4381955467706027,0.4448052641716492,1.2035232925962032,3.6555398825532763,3.419651407416809,1.2112279604641714,1.615495188606774,1.6114454035267585,3.605359110156173
caucasian_male_loPoly_0015_grp.fbx,caucasian,male,0015,False,0.04393836001060932,0.1426142395790849,0.05084492011387967,0.050832880476015606,0.08449193154546716,0.0844435548850923,0.08487131750871606,0.08486522036450196,0.05117490593640193,0.03728485746190649,0.07198843450545549,0.014592601580596902,0.06000024169536997,0.17871768168623528,0.16494382066476773,0.05835619559529702,0.08201390675707791,0.0818200881676379,0.17140836246012595,3.2457797592957354,1.1571874804067037,1.156913468407595,1.9229650702726686,1.9218640583012798,1.9315995746819656,1.9314608088242364,1.1646976792953874,0.8485718960130446,1.6383960277095735,0.3321152991844344,1.3655548746216828,4.067463638676597,3.7539821837897573,1.3281377725797316,1.8665673169702943,1.8621561694128248,3.9011097004698816
caucasian_male_loPoly_0016_grp.fbx,caucasian,male,0016,False,0.04640927289944823,0.1399076231007084,0.04887288519023339,0.04881910264421131,0.08460521130830122,0.08458417819384287,0.0832954359494585,0.08334140460990525,0.049104092899589,0.036964702343971964,0.07117626469005842,0.01866128083291216,0.05739499004508782,0.1720747540444852,0.16049502217932,0.05794084634279576,0.08124488225239762,0.08109548878878424,0.1697114837849361,3.014648029583152,1.0530844837005504,1.051925608702905,1.8230238489538393,1.8225706396457788,1.7948015718739867,1.7957920778133136,1.0580664128476964,0.7964938908666126,1.5336647235191794,0.4021024176212429,1.2367138388365098,3.707766644336525,3.458253322068921,1.248475632624803,1.7506174343309644,1.7473983909312312,3.656844272321143
caucasian_male_loPoly_0017_grp.fbx,caucasian,male,0017,False,0.04640927289944823,0.1399076231007084,0.04887288519023339,0.04881910264421131,0.08460521130830122,0.08458417819384287,0.0832954359494585,0.08334140460990525,0.049104092899589,0.036964702343971964,0.07117626469005842,0.01866128083291216,0.05739499004508782,0.1720747540444852,0.16050108143324057,0.05794084634279576,0.08122261750444432,0.08107424202591916,0.1697114837849361,3.014648029583152,1.0530844837005504,1.051925608702905,1.8230238489538393,1.8225706396457788,1.7948015718739867,1.7957920778133136,1.0580664128476964,0.7964938908666126,1.5336647235191794,0.4021024176212429,1.2367138388365098,3.707766644336525,3.4583838833456233,1.248475632624803,1.7501376865012248,1.7469405780516563,3.656844272321143
caucasian_male_loPoly_0018_grp.fbx,caucasian,male,0018,False,0.04466970515822181,0.14134713785433817,0.050294049829669354,0.05029340245272739,0.08341942852786306,0.08338636011374961,0.0822729229990603,0.08227894744280073,0.04274868797435521,0.03614900888854728,0.06726897305264526,0.0226137024736429,0.05299958029154217,0.17485045763719714,0.16219391669415223,0.0570438253697091,0.08412698239119004,0.08400576670101262,0.17261706822270667,3.1642729083095844,1.125909599168517,1.1258951066407588,1.8674721096185491,1.8667318223478737,1.8418058213647586,1.841940687796473,0.9569950780498263,0.8092511190863272,1.5059193431963784,0.5062424834357938,1.186477056515498,3.914296210773501,3.6309600907293915,1.2770136979337043,1.8833117902437244,1.8805981907304061,3.8642983563757674
caucasian_male_loPoly_0019_grp.fbx,caucasian,male,0019,False,0.04383564884528641,0.14272324442221693,0.05159873270835388,0.05160353691112131,0.08214870470119327,0.08214215769212388,0.07857542133544637,0.07858272429385843,0.05164411337733773,0.03685265017023692,0.07359669798348684,0.019493274686046926,0.056981070318523536,0.17923797053916057,0.15948529198159128,0.059484099934730986,0.08429540958149247,0.0841674660189319,0.17238996915394716,3.255871606370982,1.1770952197027242,1.177204815497334,1.8740159405676646,1.8738665870336837,1.79250047404957,1.7926670726651814,1.1781304654485787,0.8407004604928904,1.6789234315485808,0.44469000002364545,1.2998797056622247,4.088863180097169,3.6382555336292355,1.3569800265686551,1.9229876094455631,1.9200688990824033,3.9326432639877313
caucasian_male_loPoly_0020_grp.fbx,caucasian,male,0020,False,0.045752121067308985,0.14210645563841012,0.05013984830401554,0.05014987579126915,0.08310405341705389,0.083077412325152,0.08475304214774496,0.08473628515190508,0.04697163441925649,0.036432912178461264,0.05519994635041358,0.017053717044836204,0.05588668778468442,0.1762230589971574,0.15858192105232696,0.05651713167257528,0.08342951460553778,0.08331379217570807,0.17275751979273715,3.1060080346733625,1.0959021600386893,1.0961213299267665,1.8163978298359982,1.8158155378836165,1.8524396283848594,1.8520733722321616,1.0266547937778316,0.7963108885129585,1.206500268461986,0.3727415614184826,1.2215103142970312,3.8516915694007707,3.4661108021424094,1.2352898697183716,1.823511405794697,1.8209820710419002,3.7759455903384693
caucasian_male_loPoly_0021_grp.fbx,caucasian,male,0021,False,0.04692388540170293,0.14228953878741812,0.049646962437818264,0.04965772971100502,0.08244848051858447,0.082405658878957,0.0832620147094124,0.08325144804678926,0.0485073382996474,0.03426518068441418,0.07585840386000639,0.017784608812482224,0.05550039373900316,0.17637988168302524,0.15795991879981439,0.05396152018951038,0.07907918533126705,0.07896852162118159,0.1729862269323262,3.0323477599801283,1.0580317894139368,1.0582612519380774,1.757068491084336,1.7561559144879844,1.7744058062674986,1.7741806189767897,1.03374513607279,0.7302289738174718,1.6166266542210375,0.37900972309161757,1.1827748973444763,3.758850746759009,3.366300924306703,1.1499797965910137,1.6852650767150061,1.682906710413109,3.6865282030982094
caucasian_male_loPoly_0022_grp.fbx,caucasian,male,0022,False,0.04427355046262379,0.1353088087837402,0.047135729941398925,0.04716568332198938,0.08297658561236528,0.0829485088471528,0.07822690505885635,0.0782456331027512,0.04712759487741372,0.03740490190414396,0.06980381822861566,0.0165732787679768,0.05544820829827854,0.17740674691484332,0.1578262614876335,0.05892794857949439,0.07937941958234718,0.07926114839363933,0.1730422113195115,3.056199635445306,1.0646476157630822,1.0653241682481995,1.8741796116490592,1.8735454459921579,1.766899294080703,1.7673223015806474,1.064463870301058,0.8448588720193467,1.5766483035406162,0.37433814534409526,1.2524003094147265,4.0070594081812345,3.5647979400448615,1.3309966777849,1.7929309656193069,1.7902595921362225,3.9084783016350952
caucasian_male_loPoly_0023_grp.fbx,caucasian,male,0023,False,0.04276230891361413,0.14071592500183056,0.05089715459937441,0.05090987921315872,0.08407936895025568,0.0840446888211024,0.08260220109370278,0.08259270467113002,0.04481445893442987,0.03751929407439371,0.07010101238924278,0.018064302185925495,0.05565496255828111,0.1757251631728248,0.15489043376625744,0.05513347531954053,0.08253047344620544,0.08234186275585856,0.17456507909845365,3.2906531143137405,1.1902340143090453,1.1905315804159178,1.966202739896665,1.9653917423141132,1.9316590519134698,1.9314369773152074,1.047989691692312,0.877391680374134,1.6393177583291088,0.4224351454552635,1.3014957323916245,4.10934693745874,3.6221251307818267,1.2893007117767634,1.9299816951635749,1.9255710191468074,4.082218278977864
caucasian_male_loPoly_0024_grp.fbx,caucasian,male,0024,False,0.04735318469825686,0.14093750538378524,0.049070531462559984,0.049085104902281365,0.08331290124765037,0.08327699569399728,0.08292737174487315,0.08286697828842249,0.04340238167296503,0.035149540285966396,0.06166948318224124,0.01542652455952344,0.050373434831829864,0.1760963438615864,0.14625489838314076,0.047888030731721584,0.08182513937047431,0.08171966729613124,0.17380989199785293,2.9763046832407314,1.0362667637931084,1.0365745242914624,1.7593938354629237,1.7586355854342957,1.751252260503734,1.7499768772990878,0.9165673217024985,0.7422846110551103,1.3023302144345823,0.3257758619156044,1.06378135183132,3.7187856526167025,3.088596877171064,1.0112948270928948,1.7279754232345519,1.7257480741129425,3.670500582070695
caucasian_male_loPoly_0025_grp.fbx,caucasian,male,0025,False,0.046559863149427554,0.13902973115182649,0.048245652317637104,0.04825838598056337,0.08514476473577831,0.08510803172657001,0.08780012273380766,0.08778271232823608,0.04412819316276607,0.03945229126972585,0.0573874235222776,0.02153229305127725,0.05197967779568879,0.16822567030766847,0.15013539900288678,0.05066179535589811,0.07947448480099958,0.0793579245175308,0.17256844699838048,2.9860425213370894,1.0362069184524714,1.0364804085803396,1.8287159578308416,1.8279270163107515,1.885747010295651,1.8853730743689987,0.947773257432966,0.8473455160963228,1.2325513788152784,0.46246469802053075,1.116405295884721,3.6131049132977697,3.2245670164675446,1.0881001774705816,1.7069312370171068,1.7044277871445268,3.706377882695778
caucasian_male_loPoly_0026_grp.fbx,caucasian,male,0026,False,0.04510830228887491,0.14136863948245276,0.05025908294388727,0.05027535360779599,0.08142745948566175,0.08139782111581802,0.0830899777453715,0.083077387803789,0.04685657442941457,0.031674222986462365,0.0648612847045631,0.02345698108570931,0.051486506177507774,0.1737894775467322,0.1527054081617321,0.054337447654856125,0.07901758814092144,0.07890747558923202,0.17097656628733685,3.1339827107019853,1.1141869765354193,1.1145476787361919,1.805154602454286,1.8044975533449241,1.84201075033285,1.8417316455795416,1.0387572143447934,0.7021816689889967,1.4379012601536074,0.5200147178115927,1.1413975602049187,3.852715990812051,3.3853060393140515,1.2045997055459434,1.75173048267014,1.74928941204451,3.790356932353557
caucasian_male_loPoly_0027_grp.fbx,caucasian,male,0027,False,0.046692973173598884,0.14322107712675128,0.050316668923780485,0.05032682625459317,0.0833072190812317,0.08327986385318334,0.08559237345889627,0.0855889442566849,0.048814850032066315,0.03410953724714989,0.06727309061459974,0.019451769533674442,0.05433133559395655,0.17605503076747106,0.15879645129289427,0.057296776850951414,0.07915181860033409,0.07904400648829428,0.1724491666837945,3.067294014332145,1.0776068753794952,1.077824409841799,1.784148950453539,1.7835630972471763,1.8330889562477435,1.833015514742988,1.0454431730140326,0.7305068606433502,1.4407540587421248,0.41658879723411685,1.1635869789648894,3.7704823403067422,3.4008639951563606,1.2270963478365118,1.695154821391585,1.6928458634325583,3.6932573567900495
caucasian_male_loPoly_0028_grp.fbx,caucasian,male,0028,False,0.04682488372574551,0.143575664995444,0.050485361024617946,0.05049267269494334,0.08337595618319961,0.0833430278912057,0.07974901660702315,0.0797399371055089,0.04283200978939392,0.03607232123907867,0.06756361313936864,0.016419123317612392,0.05231040221270152,0.1757065093808213,0.15185971125103453,0.05258514542806473,0.07923707653212927,0.07913022680948463,0.17333270094824996,3.066225766546911,1.0781737616330656,1.078329910879868,1.7805907788588355,1.7798875567817287,1.7031332544062487,1.7029393510627313,0.9147275205265228,0.770366488261992,1.4428997525138636,0.35064952672983873,1.117149644601038,3.75241741997564,3.24314123534146,1.123017106375687,1.6922001770730017,1.6899182766358227,3.7017219725192234
caucasian_male_loPoly_0029_grp.fbx,caucasian,male,0029,False,0.044273435495145196,0.14319328670169387,0.05165913728384335,0.05166524254914996,0.08536106460200348,0.08532294977778165,0.084024857710268,0.08401169263497178,0.04534046197628793,0.039091756154507246,0.06732826016079964,0.020623161119569706,0.05355884523312052,0.172282863200117,0.1562218054747386,0.052805472266672614,0.07865744933837736,0.07854934465317616,0.17170702812877733,3.2342935464629967,1.1668201644190914,1.1669580634829053,1.9280424852361806,1.9271815892204196,1.8978617035373673,1.8975643451971123,1.0241008286167388,0.8829618871296729,1.520737196194827,0.4658134361818644,1.2097286924795685,3.8913371251482993,3.528567497136496,1.1927123268412951,1.776628546185501,1.774186795641587,3.8783307915557144
caucasian_male_loPoly_0030_grp.fbx,caucasian,male,0030,False,0.045017223605806476,0.14190169134634115,0.05042562231391462,0.05043372024937246,0.08406651367999832,0.08402899254617846,0.08569249009671728,0.08568155722719181,0.04157740286327209,0.03717517546585988,0.05837691249411771,0.02071741342433843,0.0542919876793767,0.1750244719475521,0.15730184797510643,0.05373759755703554,0.07893216810915794,0.07882436194964079,0.17261197641378861,3.1521644379694305,1.1201406545074128,1.1203205397781872,1.867429995597399,1.8665965116369396,1.903548980432111,1.9033061207297624,0.9235887852024107,0.8257989384548562,1.2967683881461773,0.46021082076830316,1.206027012122843,3.887944611603654,3.4942592051549153,1.1937119451787843,1.7533770807442022,1.7509823049032671,3.834354111334501
caucasian_male_loPoly_0031_grp.fbx,caucasian,male,0031,False,0.04718975805143407,0.14285875571155848,0.049955143260319926,0.04996863846885149,0.08216762640514315,0.08212275536327719,0.08212331305213441,0.08211802099511092,0.04261822641531373,0.03372264845761636,0.06889557651474128,0.023019867945799393,0.05493336170325161,0.17574910418869302,0.15762186180710738,0.05605354322454962,0.07902425901101715,0.07891722060842157,0.17289097861146566,3.027325453880285,1.0586013856199845,1.0588873631093552,1.7412173699976434,1.7402665060025992,1.7402783240088837,1.7401661798224752,0.903124495125878,0.7146179563129069,1.4599688440794534,0.4878149178198601,1.1640950064498627,3.72430610890475,3.3401710098896626,1.1878328166771812,1.6746061491751099,1.6723378942186231,3.6637394585287897
caucasian_male_loPoly_0032_grp.fbx,caucasian,male,0032,False,0.042060784408434124,0.1395416157222293,0.05040744816408398,0.0504200061282668,0.08456688559307345,0.08452981738551463,0.07831906200892574,0.0783029448164158,0.04551580361246146,0.03896149423514649,0.07067935803090127,0.019223094600716823,0.048712711892879776,0.17466954402726817,0.15770383337218927,0.057299758960004034,0.0797665671927858,0.07965196360664682,0.17298276266182064,3.3176180065307603,1.1984428933754305,1.198741460422133,2.0105874577107485,2.0097061568011205,1.8620447314629973,1.8616615433523467,1.082143480028264,0.9263140187022724,1.6804098883312428,0.4570312910489174,1.1581503430809006,4.152788553136043,3.7494268257290546,1.362308377409009,1.8964593341438212,1.8937346206666281,4.112685131643283
caucasian_male_loPoly_0033_grp.fbx,caucasian,male,0033,False,0.044230344472069034,0.14248133907376606,0.05113878664863435,0.051150346167397415,0.08572336042349703,0.08568764565674211,0.08593460311462904,0.08592684265444399,0.04455447422810279,0.03893356194554454,0.07109126522162772,0.016423481203587526,0.05385934922511933,0.17771609769058844,0.15591051207692114,0.053839506812650664,0.08198298161611035,0.08187093379420188,0.17280202644679712,3.221348166613114,1.1561923665534173,1.156453714704806,1.9381119782512741,1.937304506205076,1.9428879458285877,1.9427124902612012,1.0073282213806505,0.8802455058908855,1.6072962141753395,0.37131705392796044,1.2177013285331952,4.01796775068786,3.5249671676280268,1.217252713160525,1.8535460800645964,1.8510128006328879,3.906865942586535
caucasian_male_loPoly_0034_grp.fbx,caucasian,male,0034,False,0.04195060032395565,0.1402965904472115,0.051384923414247635,0.05139605759995821,0.08580981708783166,0.0857739262738434,0.086219718877644,0.08620354402535453,0.04226158036628721,0.04077416132516573,0.06400181846652825,0.019702399973756238,0.05042491845413786,0.17241803108284115,0.1561305079968935,0.04966106927904237,0.07943130742619055,0.07931629876450726,0.1726809765905231,3.34432855224472,1.2248912534609087,1.2251566652935066,2.04549676107568,2.044641211602941,2.055267820050926,2.054882251020577,1.0074130057717905,0.9719565634411643,1.5256472606419502,0.4696571639406384,1.202007076531465,4.110025357238638,3.7217705298900348,1.1837987751198806,1.8934486470466967,1.8907071210424164,4.116293336853981
caucasian_male_loPoly_0035_grp.fbx,caucasian,male,0035,False,0.04500524940669241,0.14441042816085353,0.05174271768810596,0.051751864188462136,0.08648537033295163,0.08644418574777801,0.0886352834090727,0.08862425192152812,0.04431696691168683,0.037354934376557805,0.06258671690457943,0.020559901514890053,0.054674915869497895,0.17392433922473216,0.15616440520756475,0.05555932986431413,0.07847888787681943,0.07834896234723625,0.1729339388692883,3.2087463143661474,1.1497040538655845,1.1499072857213515,1.9216729486692057,1.9207578424156784,1.9694432222364793,1.9691981066624071,0.9847066174706448,0.8300128289257523,1.3906537066156686,0.4568334091229974,1.2148564132024913,3.8645345046986694,3.46991533801705,1.2345077651331113,1.7437718690911064,1.7408849718669823,3.8425281750260116
caucasian_male_loPoly_0036_grp.fbx,caucasian,male,0036,False,0.046699827845034805,0.1441328189872596,0.0509663653728701,0.051010855941106194,0.08467590508264482,0.08465396709523201,0.08170166211960472,0.0817281690358454,0.050069438307755156,0.037258890119683225,0.07508025905152042,0.015826312257820368,0.05556453943671254,0.17436920997015565,0.15831772474959804,0.056153268389057646,0.07908745924806736,0.07897363922992486,0.17296668402186202,3.0863672445547143,1.0913608834275161,1.0923135757668483,1.8131952298331155,1.8127254639169414,1.749506708905167,1.7500743109170767,1.072154665621077,0.7978378473539629,1.6077202532878945,0.338894445400039,1.1898232177877341,3.733829823715182,3.390113669689483,1.2024298799428645,1.693527854331824,1.6910905858579401,3.7037970374499376
genericGenie-0013-unified_rig.fbx,generic,,0013,True,0.04496854171156883,0.14892783761024475,0.056798122721592466,0.056798122721592466,0.08466927143704563,0.08466927143426956,0.08460175222843089,0.08441284511470822,0.03593282774090767,0.03203786904079082,0.05899675418511074,0.02177935786080075,0.05646548606455326,0.1801423206927328,0.16528822313897437,0.05135975498477869,0.08719151074650824,0.08719151074650824,0.1772959679365158,3.31182270853873,1.2630634785957557,1.2630634785957557,1.8828556189373422,1.8828556188756087,1.8813541424374414,1.8771532698600217,0.7990658885801363,0.7124507004537485,1.3119561351026185,0.4843243083241386,1.2556663817725418,4.0059631430384695,3.6756411670884024,1.1421263183094421,1.93894459166055,1.93894459166055,3.942666610665379
latino_female_loPoly_0001_grp.fbx,latino,female,0001,False,0.050614116435015975,0.14912670862143002,0.05383314517301877,0.05381738442587581,0.08366859049910383,0.08353390771102294,0.08529123966545357,0.08516874780314501,0.045115155416227494,0.033446186288967575,0.06682067810452876,0.026479425193516943,0.05606322942168509,0.1795166972192494,0.15045467082873815,0.049995977498342274,0.08721543130740247,0.08715150895693997,0.17915927780726884,2.9463461801787147,1.0635994257083543,1.063288035364058,1.6530682819787412,1.6504073091599465,1.6851275034102382,1.6827073907828483,0.8913551908814084,0.6608074712103195,1.3201984507685829,0.523162845834011,1.1076599449022346,3.5467713330476265,2.972583172955485,0.9877872226127401,1.7231444002263545,1.7218814650026493,3.539709678371911
latino_female_loPoly_0002_grp.fbx,latino,female,0002,False,0.052170356723164495,0.1518067197306571,0.054076415363912105,0.0540565699066694,0.08266360617253755,0.08255022165663556,0.08325207190115816,0.0831255267246051,0.04665238130908826,0.03181978258173597,0.07467925885901575,0.02638359700923705,0.05641703697337987,0.18986737849274454,0.15803431776235372,0.05362660069513767,0.08823164450512584,0.08816558475795425,0.17960325943996058,2.909827136820255,1.036535280961598,1.0361548837688395,1.5844937885163732,1.582320437153191,1.5957734838372855,1.5933478692833243,0.8942315950922728,0.6099207400590279,1.4314500331153943,0.5057200806434643,1.0814002532654674,3.6393728243081056,3.02919756905139,1.027913245441287,1.6912217981049293,1.6899555666409174,3.4426304652851605
latino_female_loPoly_0003_grp.fbx,latino,female,0003,False,0.04929545954708976,0.15334432382070043,0.05756942987680205,0.057524549442717524,0.0858025015111573,0.08568762206579032,0.08669799031003655,0.08665979657699993,0.046528872823597,0.03529176813815056,0.07092628016089826,0.02721166345647952,0.05510396912627588,0.18586526378124224,0.15846483655089125,0.05122519240117662,0.0876369796444626,0.08757540919396088,0.17630296593232347,3.1107190242179894,1.1678444709863904,1.1669340335039757,1.7405761564955893,1.738245729993383,1.7587419025319728,1.7579671104235812,0.9438774534427463,0.715923301301977,1.438799451562989,0.5520115585997414,1.117830518927154,3.770433737486379,3.2145929464257623,1.0391462595504048,1.7777900936443627,1.7765410850933236,3.576454455484061
latino_female_loPoly_0004_grp.fbx,latino,female,0004,False,0.05178802170137256,0.15182866170568662,0.05455584491270548,0.05454167282140915,0.08335385398647327,0.08314739828980697,0.08581300909998711,0.08569186113670185,0.04944202463824209,0.032143277882775295,0.06805277059863107,0.025147525252674996,0.057130627538715756,0.1834244299470387,0.15101744348756305,0.04982630975445929,0.08800474764290064,0.08794319864194891,0.18003124914315577,2.931733183035695,1.0534452392735358,1.0531715834969537,1.609519947819596,1.6055333947541632,1.657004965256527,1.6546656605427104,0.9547000061779094,0.6206701246115255,1.3140639159967649,0.4855857479492888,1.1031629643655918,3.5418311787371737,2.9160689774631914,0.9621203536558093,1.699326306580431,1.6981378271033303,3.476310606751451
latino_female_loPoly_0005_grp.fbx,latino,female,0005,False,0.05036965214036675,0.15187502667513764,0.055399405309238564,0.05538613718070337,0.08427074045771468,0.0841121705907587,0.08471311611151451,0.08457951872794003,0.04576443010705667,0.03331529623856369,0.07002682166751595,0.024314356712488112,0.05646776960464608,0.18183474794800963,0.15067765987658244,0.050204794605545076,0.08748654838504824,0.08739889768285374,0.17927936653621696,3.0152089645547395,1.0998568176499461,1.0995934025185845,1.673045909129463,1.6698977859994066,1.6818284921929125,1.6791761533758371,0.9085714941910547,0.6614160476177773,1.3902581950014252,0.48271837662746814,1.1210672936014232,3.610006029846798,2.9914373729777624,0.9967270463897139,1.73689006509806,1.7351499160505692,3.5592734696005706
latino_female_loPoly_0006_grp.fbx,latino,female,0006,False,0.050685423170655296,0.14909015219980462,0.05371799552412793,0.05380245891422816,0.08296987532654317,0.08286301423757526,0.08316235990096045,0.08294964546855374,0.04648851470149762,0.033527103660545565,0.07098804503079664,0.023913069792825214,0.05634883625308377,0.17952454247307784,0.1508880767302813,0.049828921426276776,0.08625757299139403,0.08621033373289018,0.17753800178522514,2.941479874752658,1.059831252533142,1.0614976762269097,1.6369573367709238,1.6348490168184968,1.6407549685627942,1.6365582110119987,0.9171969334254763,0.6614742772820792,1.4005613565025081,0.47179382743458803,1.111736525575806,3.5419363446691103,2.9769520957188944,0.9831016159913527,1.7018220939177933,1.7008900851557316,3.502742813993355
latino_female_loPoly_0007_grp.fbx,latino,female,0007,False,0.044885132941810686,0.1513537465121935,0.05775976371603128,0.05765344627965197,0.08257943877113087,0.08244676705959504,0.08076944300782583,0.08075861143485938,0.05086786834045808,0.03367890547339452,0.07149196265270859,0.02474915006395053,0.055828996966694105,0.17972761617671668,0.15480002614290705,0.054267798867530054,0.08764302696730573,0.08768072652703834,0.1801939625775866,3.372024022038862,1.2868350816942289,1.2844664257627172,1.8397949022048632,1.8368390969562114,1.7994698403263225,1.7992285227172047,1.1332899115260155,0.7503354288168429,1.5927760032568274,0.551388587754334,1.243819351923745,4.004168070744415,3.4488040025099314,1.2090372760593826,1.9526070487732898,1.9534469607276888,4.014557845048404
latino_female_loPoly_0008_grp.fbx,latino,female,0008,False,0.0475662824142517,0.15119830043706703,0.056324373590476644,0.05531393050462136,0.08154370736691195,0.08116684368696665,0.08410926322812277,0.0839670783592918,0.0480977966267529,0.032673036278267294,0.06756401981152296,0.027301201631394205,0.05357569972084445,0.1841881233064262,0.15316149830772108,0.05194282813178892,0.08727836034962634,0.08693661929972486,0.1754240495331284,3.1786865141213,1.1841239367825993,1.1628810934370675,1.7143174372290237,1.7063945208097162,1.7682538756260286,1.7652646811459412,1.0111741802285972,0.6868948889829127,1.4204183379964879,0.573961223070363,1.126337754425648,3.872241301145708,3.2199594026257388,1.0920094128740643,1.834878740144641,1.8276942171473363,3.687991590458376
latino_female_loPoly_0009_grp.fbx,latino,female,0009,False,0.04897339269518852,0.1510179406870227,0.05591016901267435,0.05583601667911722,0.08159483278703901,0.08189632870269886,0.0871229586654327,0.08715887998949638,0.04723440296948896,0.03207780145568905,0.06402177184132604,0.02538319102463507,0.05417739972911227,0.18162007629871368,0.15268965057732897,0.050377496603066625,0.08579156457559559,0.08579174606999627,0.17530510574580901,3.0836732432846077,1.1416437770742263,1.140129641959703,1.6661053747059562,1.6722616954970513,1.7789855648288024,1.7797190513627508,0.9644911322251438,0.6550046809160639,1.3072766316150275,0.5183057498715805,1.1062619260689903,3.7085459328725916,3.1178083072102587,1.028670750189134,1.7517994946677307,1.7518032006474618,3.579598963806977
latino_female_loPoly_0010_grp.fbx,latino,female,0010,False,0.04572383372938783,0.1454052514146133,0.05302695481900059,0.053004825838192104,0.08051409928117656,0.08066085007254935,0.08786632924762537,0.0878065344566156,0.0465765168061979,0.03516779671855918,0.059493330586392994,0.027465051589694086,0.05052702521898921,0.1786433390631187,0.15442430422746883,0.0484099734059497,0.08408834336663257,0.08435122605743049,0.17006712544988645,3.180075675088412,1.1597224137598694,1.1592384433881056,1.7608781397835451,1.7640876429988992,1.9216745858987656,1.9203668479832692,1.0186485473168454,0.7691349095243509,1.30114484578215,0.6006725453566161,1.1050478732389024,3.9070070134626578,3.377326257054787,1.058747035352712,1.8390484022906182,1.844797760324631,3.719441516133852
latino_female_loPoly_0011_grp.fbx,latino,female,0011,False,0.05115623233702002,0.14692884107983878,0.05197080145099279,0.05192298800136075,0.08376460937596347,0.08370575768570271,0.0826698034415556,0.08261856946122825,0.05061313485774987,0.03865200058221844,0.07503367583647189,0.02797823872179603,0.053478743310885674,0.17974059321527866,0.1572144601972435,0.05443101426941716,0.08515265381111316,0.08516302067844274,0.17302067800955556,2.872159155738125,1.015923164720309,1.0149885093039945,1.6374272605558147,1.6362768300496537,1.6160260375885869,1.6150245177739568,0.9893835520236871,0.755567773787111,1.4667553181427824,0.5469175004420553,1.045400352366938,3.513561984610945,3.073222030142997,1.0640153072810894,1.6645606981007295,1.6647633492119625,3.3822013487953138
latino_female_loPoly_0012_grp.fbx,latino,female,0012,False,0.046867535454208915,0.14985807487608027,0.055118872952847654,0.055043939689699305,0.08256022647089577,0.0827028616217051,0.08562690750932235,0.08558110858468064,0.04992863189998752,0.03565839948376296,0.07030394853012066,0.02556937203761919,0.053082226240012895,0.18070082690275643,0.14944496812172145,0.04831045077161788,0.08713946647277904,0.08714680135530092,0.17416200935719767,3.19748144261813,1.1760565691938412,1.1744577383096877,1.7615653494636976,1.7646087173179492,1.8269982980646078,1.8260210987261347,1.0653137916494329,0.7608336802476494,1.500056443096093,0.5455668148499356,1.1326011859931473,3.855564948135729,3.188667094896295,1.030787096087413,1.8592713618986236,1.8594278643144388,3.716047956636413
latino_female_loPoly_0013_grp.fbx,latino,female,0013,False,0.04877222928778505,0.15320518786227416,0.056483297814374035,0.05643729224514482,0.0846099984498414,0.08475262006217033,0.08762924133565318,0.08759564031983338,0.05213850544147657,0.036237582131535884,0.07136383780873172,0.026455465293188995,0.05358383629959638,0.18089026418602297,0.15581480281732446,0.05047792222643893,0.08630223374966198,0.08630527840618869,0.17553124645602286,3.1412381615421507,1.158103671683513,1.1571603978184257,1.7347986689431865,1.7377229070682754,1.7967036285872588,1.7960146911261161,1.0690203462677192,0.7429962226600855,1.4632063953370429,0.5424288715015685,1.098654645934267,3.708878327432261,3.194744326693061,1.0349726260940273,1.7694953667265783,1.7695577927540775,3.598999861586898
latino_female_loPoly_0014_grp.fbx,latino,female,0014,False,0.04514311381091146,0.14512599157918832,0.05255753630791089,0.0525332739323004,0.08007328627100212,0.08029281424669786,0.08663925991107439,0.0866693827118773,0.0560679371507197,0.03652900644105185,0.07341906513941202,0.028319887639083934,0.05465333875153098,0.18246271504157255,0.1612163150838521,0.05531291228553745,0.08737616888189446,0.0873763564383922,0.1743513943205753,3.214797990831332,1.164242602494277,1.1637051478625002,1.7737652437180296,1.778628177555852,1.9192131999129616,1.9198804733520307,1.2420042043525943,0.8091822507871065,1.6263624491420445,0.6273357163111505,1.210668342030071,4.041872605550524,3.5712271811627843,1.2252790650911605,1.935537039998666,1.9355411947075882,3.8621924719431546
latino_female_loPoly_0015_grp.fbx,latino,female,0015,False,0.05183446724182053,0.15729096016223473,0.058053299786834316,0.058015289697015124,0.08533149445021121,0.08559455153272638,0.08652070978887597,0.08656112821811764,0.0532484570627382,0.03646488115288309,0.06947955821011052,0.026323544498727987,0.053063342749915844,0.1830836014782083,0.15568844174518165,0.053575422634361276,0.0886006256030543,0.08860121448484745,0.17798605567064532,3.034485903528896,1.1199748521770543,1.1192415545887553,1.6462307609359388,1.6513057061705054,1.6691733202395154,1.6699530799513902,1.0272789496286527,0.7034871407622549,1.3404123145699811,0.5078386235923326,1.0237076905288196,3.5320822460483345,3.0035698258237478,1.033586829096145,1.7092994356382714,1.7093107964532752,3.433739462205652
latino_female_loPoly_0016_grp.fbx,latino,female,0016,False,0.04208865664193039,0.15022154290658313,0.05667807168243359,0.0566148281167672,0.0791837006180826,0.07942380886008017,0.08694496690563328,0.08698147285438777,0.0504126483168184,0.03593926870967947,0.06913875488510084,0.025983490511856104,0.054138057518056865,0.18268398945740352,0.15962881110639174,0.05435943774523659,0.08828407861263812,0.0882777677766064,0.1768917891753572,3.5691693413879704,1.3466353218308384,1.3451326945028999,1.8813549049982423,1.8870597257541124,2.0657577086700183,2.0666250670432036,1.1977728048130507,0.853894411870474,1.6426933145740286,0.6173513859781953,1.2862861834398007,4.34045664634985,3.792680114845081,1.291546038347101,2.0975741602711553,2.097424218777764,4.202837612049859
latino_female_loPoly_0017_grp.fbx,latino,female,0017,False,0.0452888554506185,0.1520408915540916,0.05713829613479923,0.05707841500538598,0.08067827609541979,0.08060793936835237,0.08373499082283561,0.0838448104844847,0.04318289511807953,0.036225644777779016,0.07275129491706944,0.02730219123152328,0.05269614526051835,0.18311280363365637,0.15944484461834388,0.05366586311776334,0.08718913697101492,0.08681669240340316,0.17602672858572357,3.357136983067988,1.2616414251647623,1.2603192206440816,1.7814156549703222,1.7798625857578727,1.8489094058501332,1.8513342775002641,0.9534993695118827,0.7998798913626397,1.6063840473159032,0.6028456881912749,1.1635565689659904,4.0432199447680155,3.520619875063908,1.1849684118486692,1.9251786361897163,1.9169548786249473,3.8867559542911705
latino_female_loPoly_0018_grp.fbx,latino,female,0018,False,0.049387051426599306,0.15136239591497258,0.054988439362043784,0.05512416723091179,0.08081819217909668,0.08098740170219873,0.07692940624564368,0.07694068812560799,0.04675373948867295,0.033820346254204374,0.07443579211833846,0.02535269118907816,0.049322600783782915,0.1780022924667057,0.15183622018879836,0.05414193023748855,0.08117784629281373,0.08092735382687409,0.1707228183160033,3.0648194525225394,1.1134181485559924,1.116166396628055,1.636424727627471,1.6398509196801296,1.5576837252569886,1.5579121632713753,0.9466801142838003,0.6848018919386047,1.5071924718763063,0.5133469291390717,0.9986949890516914,3.6042300020939435,3.074413551788214,1.0962778435549265,1.643707084102054,1.6386350569470833,3.456833590677858
latino_female_loPoly_0019_grp.fbx,latino,female,0019,False,0.049780097434435705,0.14905465815160937,0.05276742857951078,0.05282258515122014,0.07938887293851944,0.07934825541195428,0.07895389840563088,0.07897437668764509,0.04600402498041931,0.033720929016616136,0.07433010828717687,0.02373030604708779,0.04912478896677849,0.1777838047493549,0.15167796836260272,0.04833526595358344,0.08127906438993504,0.08131088897465451,0.16920788473169138,2.994262081305205,1.060010552390132,1.0611185568849404,1.594791433324951,1.593975494251737,1.5860535128445532,1.5864648877327037,0.9241449364579936,0.6773978106617659,1.4931692005037849,0.4767026838053595,0.9868359344109299,3.5713832216481722,3.0469600539126005,0.9709757201107285,1.6327622599973,1.6334015633807735,3.399107142258037
latino_female_loPoly_0020_grp.fbx,latino,female,0020,False,0.0463776648339411,0.1489882340422979,0.05450503847310592,0.05448458133501571,0.0798815501234171,0.08001087131811031,0.0883859641908703,0.0884383717794662,0.0439038656727208,0.03339836162888281,0.06619358510170842,0.02320170908223548,0.052191912321599865,0.17881355247120548,0.1533937131798722,0.04561581807308714,0.08306605180738368,0.08309355489663899,0.17078743850566283,3.212499693025987,1.1752432699719901,1.17480217104725,1.722414235590328,1.7252026725492877,1.9057872902256559,1.9069173080647073,0.9466596869402991,0.7201389235199376,1.4272729198143068,0.5002776479866125,1.1253674049454006,3.855596289969785,3.3074910892799476,0.9835729814430758,1.7910787898616336,1.7916718143132482,3.682536391540643
latino_female_loPoly_0021_grp.fbx,latino,female,0021,False,0.046372383765499174,0.14374534673107373,0.05077450535417672,0.05076289442922282,0.07755377385921293,0.07747432392698168,0.07840966831280309,0.0784531205813502,0.044741771560441436,0.035721711492164326,0.0701598679535485,0.023378154832043023,0.04993050845042446,0.17615670159051094,0.14904731868896248,0.05233322797431789,0.08318876097846332,0.0829586120579919,0.16950633213815147,3.099804992945382,1.0949298101848433,1.094679425710053,1.6724129225574242,1.6706996198160122,1.690869908894774,1.6918069378982183,0.9648365670977022,0.7703229506769739,1.5129666033202094,0.5041395963223322,1.0767293892614707,3.798741563110471,3.214139679397999,1.1285429759005305,1.793928934064316,1.7889658741182226,3.6553292794981
latino_female_loPoly_0022_grp.fbx,latino,female,0022,False,0.04477860791533402,0.14671098306864264,0.05359672240373582,0.05357604466458349,0.0777698223775062,0.07782807772309917,0.08017605718161595,0.08024496674778493,0.049335679126877544,0.033741051366778636,0.07185838603930388,0.021252886600970515,0.050735107115049645,0.1796196762668287,0.14756732059833458,0.0498818216585554,0.08514068856265224,0.08491105339788028,0.17108835529445834,3.2763631988301007,1.1969269456762661,1.196465168499284,1.7367628427518542,1.7380638065000602,1.790499100222372,1.792037995006669,1.1017689344018886,0.75350826963123,1.604748101485679,0.47462142282660513,1.1330210892437296,4.011283169107175,3.295487007486928,1.1139654397669165,1.9013697059013885,1.8962414722321743,3.8207609226697445
latino_female_loPoly_0023_grp.fbx,latino,female,0023,False,0.04506024653223101,0.15002294438011016,0.05534510028880068,0.05533297805353445,0.0797543126302406,0.07981237093034323,0.08390273714037129,0.08396203203243448,0.04596308252809396,0.03414989764158469,0.07209708764845871,0.027486400779774593,0.0501876485737877,0.1777043768233948,0.15561407062203433,0.053898670176648907,0.08489204422200555,0.08486775986223796,0.17105535622907608,3.329385787376922,1.2282467262848429,1.22797770344988,1.7699484305571516,1.7712368899991366,1.8620123855815292,1.8633282881037396,1.0200361974321903,0.7578719663053266,1.6000153837793276,0.6099922413898452,1.1137899242936704,3.9437062710317212,3.453466915915021,1.196146810650401,1.883967593503586,1.8834286625913854,3.796147810836375
latino_female_loPoly_0024_grp.fbx,latino,female,0024,False,0.050184469974192014,0.14963697367283021,0.05305094202055822,0.05298688325000397,0.08320660492827396,0.08325297450384737,0.084299759314074,0.08428052830172388,0.04992258628224216,0.03541262032762061,0.07096517138398484,0.02792014325977643,0.05139746082519575,0.1790972126122408,0.152346772900039,0.053753072706620574,0.08484085682843669,0.08487835533162003,0.17310490631755526,2.981738648426154,1.0571187071984685,1.0558422411804513,1.6580150188108789,1.658939001381528,1.6797977413615448,1.6794145349162037,0.994781579000744,0.705648985549354,1.4140862984201996,0.5563502668083316,1.0241706418664487,3.5687776059873455,3.0357354173190476,1.071109702548692,1.6905799119143263,1.691327125209647,3.44937201501932
latino_female_loPoly_0025_grp.fbx,latino,female,0025,False,0.042478413573307575,0.14761901169889766,0.05537335363357637,0.055324193747711754,0.08193978746941379,0.08198854863162382,0.08427935910197398,0.08426509484180679,0.041912696026429115,0.03578002011999813,0.06786489545858904,0.022053825075712186,0.0504972508181008,0.17805235421935678,0.14967861604147925,0.051046629843510695,0.08720688391746186,0.08724626421736861,0.17228160888267569,3.475153596405915,1.3035645396223476,1.302407248619006,1.9289747562725084,1.9301226607752477,1.9840514749103797,1.983715674701114,0.9866822345918789,0.842310649343116,1.5976325326149592,0.5191772295745594,1.188774404932864,4.191596136519577,3.523639501818254,1.2017075391814347,2.052969416265126,2.053896482428715,4.0557448922935615
latino_female_loPoly_0026_grp.fbx,latino,female,0026,False,0.04649654228196444,0.14734528096186714,0.05369939347439402,0.05364090783440288,0.08003494822593228,0.08008064976385124,0.07793242449714513,0.07792291634276444,0.04712474935323491,0.033953654014224975,0.07241639482488475,0.022422885917670828,0.04917773013944605,0.1771114187327884,0.15472568239186038,0.05157404266771788,0.08220468551608302,0.08232663847724693,0.17113613463054542,3.1689513613364095,1.1549115447929448,1.1536536955611358,1.7213096780527068,1.7222925799132756,1.6760907515347516,1.675886259890555,1.013510834148933,0.7302404081646147,1.5574576360052126,0.4822484601477226,1.0576642418101188,3.8091309598625407,3.327681474755102,1.1092016768679798,1.7679741649944027,1.7705970043536041,3.680620670516557
latino_female_loPoly_0027_grp.fbx,latino,female,0027,False,0.04639143510083117,0.14471570792743654,0.05169351018728015,0.05162872553374067,0.08182903563495106,0.08187873860778012,0.07871483806364929,0.0787101548882231,0.04746520933666314,0.03910960399430239,0.0648346111692812,0.023378322203778112,0.046723330580576955,0.17699138674023052,0.1506955092727446,0.05209165649952621,0.08431632497727234,0.08446806862694713,0.17168268776911125,3.119448829571641,1.1142899562155166,1.1128934774603614,1.7638823946078996,1.7649537771318728,1.6967536764612612,1.696652727322352,1.0231459585912386,0.8430350108656519,1.3975556269894223,0.5039361716869857,1.0071542404114986,3.815173778425739,3.2483476517855054,1.1228722799004964,1.817497665118829,1.820768606173896,3.700741039719103
latino_female_loPoly_0028_grp.fbx,latino,female,0028,False,0.04162013778336869,0.13503713725084898,0.048703868377260255,0.048653179948416184,0.07788454203075962,0.07804133945722781,0.08021474658794676,0.08019377096839918,0.0480681436975039,0.0378351850033363,0.06365769186429508,0.02240013324705011,0.04655150296102732,0.17441590359959405,0.15045843745535425,0.05171752247492612,0.08326631484230049,0.08350883017703453,0.16968109928976885,3.2445144212090886,1.1701995949836141,1.1689817126904822,1.871318697601287,1.875086042805292,1.9273061277562706,1.9268021500987058,1.1549251457959329,0.9090595807314974,1.5294925787038731,0.5382042069068101,1.1184850757420892,4.190661369441459,3.6150393888286714,1.2426081514701839,2.000625641262858,2.006452516128009,4.076899028373064
latino_female_loPoly_0029_grp.fbx,latino,female,0029,False,0.042582218113004854,0.14273966650250017,0.05227660597121703,0.05219597371506916,0.07910768738312557,0.07915507913552933,0.0836788469992372,0.08366913847780721,0.045175434612039427,0.03426160209959383,0.06491482055492162,0.021830078206807598,0.05110469919675511,0.18003181460363255,0.15347226276059428,0.05179577455888099,0.08439140231738015,0.08449172923193507,0.17273418909618365,3.3520956123914702,1.2276628200176227,1.2257692536483489,1.857763425408918,1.8588763724206963,1.9651124508631737,1.9648844561306256,1.0608990469250026,0.8045988118484165,1.5244584108477022,0.5126571412713836,1.2001417836227615,4.227863708881097,3.6041396987190524,1.2163709842785824,1.9818460863974237,1.9842021617500196,4.056486410308195
latino_female_loPoly_0030_grp.fbx,latino,female,0030,False,0.04233509697016957,0.14662429029783355,0.05504379978329414,0.05492085777990293,0.07782806113164603,0.07791837733865092,0.07520023374354144,0.07523415648806359,0.051393025147426434,0.0328638725015298,0.0704430008252685,0.020895542192519406,0.051868913111736886,0.17991968369301897,0.15378602926235901,0.05501143312883761,0.08608597535690367,0.0861524978367235,0.17348872311349245,3.4634216239341296,1.3001930720054677,1.2972890511766542,1.8383815486825443,1.8405149135138221,1.7763094719383663,1.7771107632297514,1.213957893698444,0.7762796084933159,1.663938572643509,0.49357492217965054,1.2251988733670574,4.249894214717286,3.6325895124492265,1.2994285372158265,2.0334422622809183,2.0350135939792184,4.097988088600274
latino_female_loPoly_0031_grp.fbx,latino,female,0031,False,0.04319902340358235,0.143686955525146,0.052978034871589405,0.05292826507550528,0.07853616995598471,0.07869338982441422,0.0850271656812064,0.08506620694907922,0.042019267800369756,0.033448726222820066,0.05977661016011202,0.02874937040300026,0.05141488927321254,0.1783844686075371,0.15297166961868203,0.05003271552844431,0.08487270173500967,0.08494358831513082,0.1734792007682994,3.326162125999138,1.2263711236397097,1.225219018981714,1.8180079957426067,1.821647426823275,1.9682659232096293,1.9691696766928524,0.9726902251425721,0.7742935739618195,1.3837491093642396,0.6655097300328362,1.1901863797446142,4.1293634566920385,3.5410909221155356,1.158190893831532,1.9646902880672867,1.9663312182211679,4.015813023076659
latino_female_loPoly_0032_grp.fbx,latino,female,0032,False,0.044133426929903005,0.14342262269367365,0.052366689477978685,0.052300512164889144,0.08160084039850897,0.08172144130875672,0.07927088915195615,0.07934447915810214,0.044379746878528,0.04313466257250752,0.07069430658704172,0.02192668791911866,0.05559881851941494,0.18040903657730176,0.1487025650866865,0.050949361026273475,0.08773733683436213,0.08773444352990782,0.17633013880779688,3.249750419822856,1.1865538917055443,1.1850544089394621,1.8489577192388742,1.851690362467312,1.796164373953146,1.7978318176860533,1.005581255881539,0.9773694356664887,1.6018313442852576,0.49682722245758876,1.2597892886886484,4.087809380038512,3.3693863230442167,1.1544392667987509,1.988001905533307,1.9879363474143121,3.995387421145916
latino_female_loPoly_0033_grp.fbx,latino,female,0033,False,0.0500338104963203,0.14770091769847793,0.0515185533129545,0.05143843154556586,0.08190485203829745,0.08187154672253553,0.08032487077710529,0.08035123210824663,0.049678190037759216,0.041203340603058504,0.06775965266730898,0.022310643696384594,0.055048933385869636,0.17910502851076107,0.15135039580268067,0.05072947708060541,0.08572381978865441,0.0857427473250699,0.17502036594984052,2.9520221672770752,1.029674789945159,1.0280734374478406,1.6369900918164344,1.6363244356245206,1.605411820133362,1.6059386904812296,0.992892397060439,0.8235099464608792,1.3542772776079548,0.4459113442504127,1.1002346781066807,3.579679955096229,3.0249624064473686,1.013903929710416,1.713317833247158,1.7136961281686867,3.4980419083354097
latino_female_loPoly_0034_grp.fbx,latino,female,0034,False,0.04582801260095675,0.14433067499943047,0.052767182589808954,0.052715930489891545,0.07977175310736123,0.07980745218240408,0.07983712658286082,0.07986135075887954,0.04664322957216631,0.03917998901839718,0.06678641749692492,0.020936043773247565,0.05458826050126267,0.1776060312989676,0.15131662300667145,0.05038100698370869,0.08338267860420215,0.08339288203543782,0.1714170910969704,3.1493985186784488,1.1514176503632045,1.1502992928999718,1.740676686156271,1.7414556654970008,1.7421031821308801,1.7426317709708468,1.017788617156672,0.8549353723791902,1.4573273791831554,0.45683944349815603,1.1911548723830767,3.8754905835750715,3.3018368988471565,1.0993495926257315,1.8194696621529114,1.8196923083174859,3.740443483542896
latino_female_loPoly_0035_grp.fbx,latino,female,0035,False,0.05063217401709302,0.14918772191607685,0.05385057501311188,0.053831731673892574,0.08367408714139739,0.08354453028992376,0.08529168437117322,0.0851732024528926,0.04511738282231922,0.033445211115922274,0.06681898606996567,0.026478968701474172,0.056053521407703026,0.1795013479093429,0.15044776784559527,0.049997136812231516,0.08718987638720435,0.08714265969651813,0.17914601566281346,2.9465004182066576,1.0635643453692576,1.06319218399983,1.652587287939674,1.650028502859067,1.6845352984918132,1.682195246527214,0.8910812877023203,0.6605525392733765,1.3196941938027016,0.5229672479110828,1.1070731702885166,3.545203250580247,2.9713866877374313,0.9874578325503637,1.7220251367790318,1.7210925935572006,3.538185336508268
latino_female_loPoly_0036_grp.fbx,latino,female,0036,False,0.04690865313473294,0.14489789454956384,0.051299436446420314,0.051243173754617274,0.0815626673771052,0.08171343073929418,0.07866657988834852,0.07873363644921082,0.04867566218184489,0.040054118857737485,0.06984753117827644,0.018072671996009416,0.05682102417416173,0.18316482754539326,0.1518215121900477,0.052317832625049666,0.08295885768655274,0.0829780703328622,0.17315998388085269,3.088937431935686,1.0936028433618843,1.0924034336998452,1.738755259990893,1.7419692376285787,1.6770163846401467,1.6784458983093986,1.0376691490594854,0.8538748435750738,1.4890116537274587,0.3852737349780722,1.211312207386515,3.9047129965403142,3.23653530946582,1.115313042026175,1.7685192846674778,1.7689288604072517,3.691429455104915
latino_female_loPoly_0037_grp.fbx,latino,female,0037,False,0.04634922506069349,0.14391099961529533,0.05186409919039516,0.05187912471273189,0.08062608630198753,0.08076595427095537,0.08413255100947283,0.08417343227579062,0.042157024379135,0.03874225226082125,0.06773284936595673,0.021252094939501354,0.057706056272288433,0.18244599273082038,0.1538968748863688,0.050004264868714336,0.08167047047963126,0.08178175806983695,0.17330056791241413,3.1049278478085967,1.1189852499686896,1.1193094306279576,1.739534721376875,1.7425524194890805,1.815187867743263,1.8160698947084226,0.9095518711247302,0.8358770229726378,1.4613588312913919,0.45852104132641075,1.245027423796695,3.936333185547559,3.320376439624256,1.078858703748221,1.762067658578654,1.7644687254802034,3.739017592753279
latino_female_loPoly_0038_grp.fbx,latino,female,0038,False,0.04394565156404928,0.1411043716350999,0.05091613751400624,0.050862789470258664,0.07757364977855927,0.07770155664799701,0.08204544482307473,0.08209089957810863,0.04884482394765378,0.03664611241552049,0.06897501148386953,0.022062934776192613,0.056982780199615626,0.18094730583153923,0.15249754316744082,0.04947114616387076,0.08230969004016295,0.08230636269174707,0.17371046823047062,3.210883594010322,1.1586160564668773,1.1574021014599793,1.7652178774843816,1.7681284469010468,1.866975272934486,1.868009613157378,1.111482529197778,0.8338962129645532,1.5695525957406915,0.5020504644023002,1.296664816007226,4.117524701341946,3.4701395414556746,1.1257347292204385,1.8729882732583767,1.872912558180833,3.9528477118445626
latino_female_loPoly_0039_grp.fbx,latino,female,0039,False,0.04692179053687598,0.15062159219044507,0.054487381885981255,0.054463495932539935,0.08169199129094015,0.08169747371684558,0.08879674143511948,0.08885060177877603,0.03958225110127553,0.039011095590741555,0.05831882571073869,0.026140423741698976,0.05527563066683545,0.18177514687148355,0.16310252922379478,0.051723351143729744,0.08453887489423548,0.08455351652148073,0.1755863624188503,3.2100563611712793,1.1612383343120602,1.1607292754469143,1.7410245933973505,1.741141435185413,1.8924414524491313,1.893589327307279,0.8435792975583001,0.8314067972338485,1.2428942937483545,0.5571062707241561,1.178037539368711,3.874002777635391,3.476050836031332,1.1023311461884688,1.8016975466397882,1.8020095898733843,3.7421070340624887
latino_female_loPoly_0040_grp.fbx,latino,female,0040,False,0.04542735584255016,0.14523303593335715,0.05238470381557833,0.05246239012616453,0.07883728901401946,0.07898237725163505,0.08427119606327908,0.08434497990925172,0.04673905897161483,0.03667193750731577,0.06240842826758722,0.02456782035951962,0.05475949311246333,0.17971500796373172,0.14901697137316527,0.047204742876950326,0.08279953881531514,0.08281677932390119,0.17213331461608275,3.197039168133194,1.1531532673207336,1.1548633890996778,1.7354584600359995,1.7386523117344885,1.855075966898899,1.8567001830700618,1.028874740885448,0.8072655083518309,1.3738071941473535,0.5408155483376788,1.205429902243443,3.956096599296215,3.2803355733416137,1.0391259187649076,1.8226801291780186,1.8230596473838725,3.7891995125732527
latino_female_loPoly_0041_grp.fbx,latino,female,0041,False,0.04585637729610297,0.14196539517524273,0.04960662309248738,0.049678763795585154,0.07650336377762756,0.07654445371348068,0.0791928052848898,0.07928339599486686,0.04088706190865174,0.03605938194844741,0.06190035929569352,0.0192851481664923,0.055329144023238096,0.17842287615369257,0.14940844318109753,0.052063179076937346,0.08247024956751893,0.08250606389327832,0.16991275466716518,3.095870270312597,1.0817824262952216,1.083355614308569,1.668325504294232,1.6692215614683037,1.7269747405803002,1.728950271909173,0.8916330578108371,0.7863547902095585,1.349874607319973,0.42055542333762197,1.2065746856967734,3.8909064927127495,3.2581824381010307,1.135353077299498,1.7984466813632818,1.7992276921598418,3.705324421290579
latino_female_loPoly_0042_grp.fbx,latino,female,0042,False,0.04512012934451931,0.1427594978118236,0.050289889496412735,0.05034397268992192,0.07582893725224765,0.07592844847741453,0.07850591342808581,0.07854449312215954,0.03964372019389355,0.03560029894891559,0.06437470989134278,0.022019959578371728,0.05437290670258716,0.1801770855210048,0.14839144923555814,0.05134803011900476,0.08259497231282897,0.08261131155615804,0.17193667945156138,3.1639868920093073,1.1145776890934687,1.1157763379957408,1.6806010610751607,1.6828065340339604,1.7399310367363083,1.7407860806963809,0.8786260316585068,0.7890114559975195,1.4267403668062024,0.4880296200003351,1.2050698323007307,3.9932750224460674,3.2888081526207564,1.1380293200609353,1.8305570820102643,1.830919209592043,3.8106424327537156
latino_female_loPoly_0044_grp.fbx,latino,female,0044,False,0.04758759241363669,0.14603949231006236,0.05180369938224803,0.051776757972999785,0.07891926034464633,0.07899149201522039,0.08628400710236696,0.08633810321800124,0.03628237212075067,0.0372943906137389,0.06357821818782693,0.027749080903401207,0.05099054069204018,0.17577251054881482,0.1556807891614221,0.050142263700237284,0.0841354106681435,0.08414220345248828,0.1746336497326275,3.068856500254745,1.088596769762262,1.0880306261966437,1.6583999387628452,1.6599178064865623,1.8131618500969053,1.814298619428795,0.7624334470502356,0.7836998831454188,1.3360251057712254,0.5831158815979401,1.0715091498814373,3.6936626047600902,3.271457564153009,1.0536835581929656,1.7680115004942691,1.76815424325557,3.6697307191902504
latino_female_loPoly_0045_grp.fbx,latino,female,0045,False,0.046844434661304155,0.14617346357031621,0.052309711765453466,0.052293037608408824,0.083197886963706,0.08320423384783868,0.0846088182799696,0.08465453181937432,0.04610950157493867,0.04133315703525423,0.06225648782375479,0.024488995616322114,0.053797904625498924,0.17921064800624237,0.15421922928832746,0.051593537923009844,0.083477368627994,0.08348968574869949,0.17491863565777238,3.120401913849177,1.1166686532490893,1.1163127057995106,1.7760463449979815,1.776181833539546,1.806165852821375,1.8071417113141766,0.9843111974415057,0.8823493619701528,1.3290049986488952,0.5227727859965241,1.1484374827974748,3.8256550495694066,3.292156910492513,1.1013803090173417,1.782012510804202,1.7822754474965654,3.7340323759369416
latino_female_loPoly_0046_grp.fbx,latino,female,0046,False,0.04627957662883931,0.14411407062680232,0.05161636195197013,0.05160148199147154,0.07820628653012177,0.0782994897157788,0.08355484716797781,0.08360451533291523,0.041104657945672425,0.037488368577162624,0.061636926436933206,0.024552874442395223,0.053448453731742326,0.1814789325825909,0.15263035555647061,0.04961760387679199,0.08392403933986702,0.08393168621727715,0.17452182439991487,3.1139885263556417,1.115316208830769,1.1149946855675397,1.6898660754253139,1.6918799915508766,1.8054367229433612,1.806509942893832,0.8881813737262645,0.8100413034850796,1.3318385976444715,0.5305336874472399,1.1549036880868029,3.921361123029409,3.2980067380598803,1.0721274370058211,1.8134141548643599,1.8135793870891803,3.771033296168074
latino_female_loPoly_0047_grp.fbx,latino,female,0047,False,0.046434421543968755,0.1486921690790167,0.0548006431448212,0.05480290722223864,0.08422656747832732,0.08437116153756935,0.08925870719682641,0.08934183805922222,0.04598334280159829,0.04071287175931537,0.06554150035522535,0.025856007218663057,0.052958566932316035,0.1788730920060907,0.15929280940635146,0.051810599104026314,0.08479340897935447,0.08484270063125354,0.17241897301037287,3.202197079987743,1.180172839946557,1.180221598547228,1.8138821304917772,1.8169960717111182,1.9222530232729902,1.9240433085749638,0.9902856818848634,0.8767821457787377,1.4114852339263901,0.5568284552480104,1.1405023508728231,3.852165829969816,3.430489798511156,1.1157800050328366,1.8260894862028936,1.8271510187957438,3.7131715498406574
latino_female_loPoly_0048_grp.fbx,latino,female,0048,False,0.04762449295286203,0.15028416445561227,0.05434573116211128,0.054337445316022456,0.08225398158472993,0.08240339106101836,0.0816208933085278,0.08169860238208894,0.048465512997808616,0.04054499360242896,0.07320774092556524,0.023872216131764108,0.052845273490813985,0.17995673425576916,0.15525124403860668,0.05529538717629848,0.08267943212187548,0.0827261039513198,0.17239299759349483,3.155606603609642,1.1411298639106104,1.1409558810380365,1.7271361117932242,1.7302733520455522,1.7138427781124068,1.7154744820685635,1.0176594015558131,0.8513475123516749,1.5371867790387839,0.5012592187677977,1.1096238555887492,3.7786593220821794,3.2599033483101207,1.1610703599727346,1.7360695515164912,1.737049547870269,3.619839013595939
latino_female_loPoly_0049_grp.fbx,latino,female,0049,False,0.04799197778797772,0.1496935783107511,0.054369510269457126,0.054345937895324284,0.08284854849087119,0.0828797443005052,0.08407750565588239,0.08412787929451886,0.04426037740413382,0.03637047142302929,0.07086062399974324,0.024916481427785058,0.05288322301007091,0.17988561846151147,0.15641968860312191,0.05578019123984494,0.08258003867664668,0.08263642492929181,0.17374965012842045,3.119137514442054,1.1328874694361317,1.1323962962188707,1.7262999423963152,1.7269499637347112,1.751907496442964,1.75295712267131,0.9222453302439498,0.7578448128082838,1.4765097682116,0.5191801333519284,1.1019179756188018,3.7482434930317434,3.2592882355081016,1.162281568937928,1.720705052862678,1.7218799628214683,3.6203894512542005
latino_female_loPoly_0050_grp.fbx,latino,female,0050,False,0.04377480769720717,0.14709595309736354,0.05497824649513448,0.054973725996429315,0.08166248782721061,0.0818116759203788,0.086013862332074,0.08606181510123243,0.05062573043594688,0.03895476070525463,0.07368317031305747,0.027372406251900735,0.053979820040939284,0.17825748782180428,0.1624637087564369,0.055587818618486405,0.08353698757807303,0.08353540746929963,0.17196202596226728,3.3602878193054457,1.2559334783472293,1.255830211218418,1.8655133425616548,1.868921423625086,1.964916966101525,1.9660124082446433,1.156503776924114,0.8898899333769076,1.683232301618048,0.6253004340130337,1.233125235279633,4.072147821980657,3.711351740942132,1.2698586594141201,1.9083347699869548,1.90829867368279,3.9283330986109264
latino_female_loPoly_0051_grp.fbx,latino,female,0051,False,0.04857314316829293,0.14872386766260207,0.05326685939796441,0.05323896206812362,0.0796474765232974,0.079778992504169,0.07796263823421004,0.07801819972182616,0.04972913321127353,0.03708735318053428,0.07592562332028809,0.02697037569112111,0.05585031025578734,0.17926888920712775,0.15399339891370548,0.05448579260330295,0.08508076433529299,0.08508806446178814,0.17326940362268475,3.0618538962429036,1.0966319229828099,1.09605758646635,1.639743103454109,1.6424506898340132,1.6050564807817849,1.6062003533828149,1.0237989548869713,0.7635362004891579,1.563119418836581,0.5552528399835271,1.1498187395919794,3.6906997882761896,3.170340415899371,1.1217267207626296,1.7516009627071267,1.7517512541237201,3.5671853275451557
latino_female_loPoly_0052_grp.fbx,latino,female,0052,False,0.04052954000198581,0.14050735158359495,0.051776618674072225,0.051771555181717915,0.07620585223960101,0.07634852296771277,0.08119480999656423,0.08124755237287193,0.045670077425163526,0.037219674760466274,0.06720615226152982,0.025099891735810842,0.05478861379208214,0.17806938299036518,0.15325279303558362,0.052588497109298776,0.08463986031946175,0.08465263260720125,0.17214248334945456,3.466788707118575,1.2775032401437407,1.277378306765418,1.8802545559576345,1.8837747224363255,2.0033489152007635,2.0046502469283163,1.1268343391739912,0.9183344977180258,1.6582017032080043,0.6192987074262633,1.351819285128765,4.3935702942012265,3.781261594088528,1.297535010432443,2.088349887892009,2.088665023167141,4.247333755601967
latino_female_loPoly_0053_grp.fbx,latino,female,0053,False,0.048630068117244706,0.14547745588659297,0.05116368130029444,0.05115636765080814,0.08017901595792437,0.08033585446576012,0.08590878920079947,0.08597059642174978,0.04076198512185369,0.03754528108748765,0.06450482631529593,0.025682528043712214,0.059575874406474674,0.1800697744939669,0.15703095995624947,0.05229457031211758,0.08355700659890186,0.0835715743779521,0.17359095833689436,2.9915124843307637,1.0520997251523752,1.051949331583757,1.648753930687835,1.6519790651346473,1.7665776036685288,1.7678485708570035,0.838205388147484,0.772058986159917,1.3264391520032002,0.5281203386718049,1.2250830959734658,3.7028484940598383,3.2290919185565508,1.0753546588920653,1.718216935198405,1.71851649840311,3.569621944973943
latino_female_loPoly_0054_grp.fbx,latino,female,0054,False,0.049704646580626954,0.13992477269320455,0.04792555668921492,0.047924597404321555,0.07825051420252938,0.07832090391509833,0.07982761337331468,0.07987871165649525,0.04597125223735393,0.03616051627395814,0.06817306800494495,0.02436025718534908,0.055593561393987606,0.17450304341824455,0.15130425681546264,0.05022778927482387,0.08284605690591133,0.08286550290331243,0.17010518789958853,2.8151245873206165,0.9642067691090785,0.9641874694065484,1.5743098399381548,1.5757259995411563,1.6060392511558175,1.6070672895123057,0.9248884239179328,0.7275077635911041,1.3715632781808433,0.49010019909977215,1.1184781548302154,3.51079940051841,3.0440666461641332,1.0105250259318979,1.6667668438508059,1.6671580748269592,3.4223196341142335
latino_female_loPoly_0055_grp.fbx,latino,female,0055,False,0.04693441976830572,0.14694902763995613,0.053060515759462974,0.05303807504063363,0.0810722201033175,0.08118866270770404,0.08189586955530315,0.08194807308975943,0.04322378363734568,0.0397958118602731,0.06906188171124557,0.02321035405847859,0.05440020943771148,0.17923952646990413,0.15372371291586254,0.05208305468511648,0.08403013437218762,0.08403619501813218,0.17324515965115528,3.1309437373547575,1.1305245920030342,1.13004646275503,1.7273510677991728,1.7298320317689284,1.7449000106869648,1.7460122761568266,0.9209399807374247,0.8479025000570426,1.4714548949826853,0.4945273463069906,1.159068540875993,3.8189355989640363,3.2752873834326253,1.1096984887046069,1.7903733504538222,1.790502480545863,3.6912176715167524
latino_female_loPoly_0056_grp.fbx,latino,female,0056,False,0.047854636808616555,0.14516438212414595,0.05126255882518708,0.051241309625965244,0.07941171874741072,0.07950504747756305,0.07479358873849297,0.07482543183955297,0.05253213289532943,0.03992027428691373,0.0707887815496086,0.021999176493049756,0.05665621173894844,0.17933247992084253,0.14903371701093956,0.05553124535217448,0.08092291411884754,0.08095160055285604,0.17284645444475524,3.033444443527949,1.0712140399309624,1.070770003560844,1.6594362436601358,1.6613864983559468,1.5629329512542842,1.5635983643298728,1.09774384257516,0.8341986680740163,1.4792460306973347,0.4597083576463097,1.1839231371775265,3.7474420846205754,3.114300451322306,1.1604151458563718,1.6910151140103693,1.6916145634247117,3.6119060967072905
latino_female_loPoly_0057_grp.fbx,latino,female,0057,False,0.05221481564473474,0.150319172289295,0.0531431951966877,0.053113066685184285,0.08305596137648714,0.08309912253783051,0.08007521721053651,0.08010193472595215,0.0531151948340006,0.03828401048027057,0.07471243760574439,0.02467455099875526,0.05872415203660466,0.18658823527582577,0.16239573809203006,0.05856747659220195,0.08012021496945658,0.08014317822569435,0.17548940759423615,2.8788605385883987,1.0177800024856847,1.0172029917056715,1.590658903051444,1.5914855106112031,1.5335727268551826,1.534084411423743,1.0172437492720834,0.7332020616667841,1.4308666359004616,0.47255842415759636,1.1246645480117923,3.573473026226054,3.1101467291765834,1.1216639543590499,1.534434508293352,1.5348742925950722,3.3609121362842966
latino_female_loPoly_0058_grp.fbx,latino,female,0058,False,0.04534677417829383,0.14654675126082128,0.05339695056064548,0.05339729669077158,0.08053045025710048,0.08053726261308555,0.08131620266502262,0.0813167861065696,0.04527799971403224,0.038542613096022874,0.07181211560964584,0.027941699188144122,0.05872415378689766,0.18642592430114746,0.16664545674643313,0.05637141233260133,0.08595342896780955,0.08595365121112516,0.17614190281977687,3.2316907633744965,1.177524786012343,1.1775324189726224,1.7758804615400414,1.7760306895575468,1.7932080977867286,1.7932209640061576,0.9984833658951973,0.8499526988288417,1.5836212588638818,0.616178321268969,1.2950017912190805,4.111117663368083,3.674913150188342,1.2431184655155618,1.8954695350513584,1.8954744360243525,3.884331487995696
latino_female_loPoly_0059_grp.fbx,latino,female,0059,False,0.04729723870727367,0.1493309257876417,0.054289902587863,0.054275871351067026,0.08063678611945359,0.0807530822179836,0.08355563980338768,0.08358391778033038,0.05132833879357413,0.038205774805305036,0.0655353461885936,0.028596430162755135,0.053155266100462006,0.18025664989623472,0.1538233332760822,0.04929177613362983,0.08579467394070184,0.08579747312445482,0.1765492678734347,3.1572863420603166,1.1478450766199584,1.1475484158173517,1.704894161338276,1.7073529961816751,1.7666071442462024,1.7672050222136184,1.0852290788316261,0.807780239386988,1.385606178707324,0.6046109866950308,1.1238555897405371,3.8111453189023847,3.2522687894764197,1.0421702721103976,1.813946781791889,1.8140059646074083,3.7327605733204003
latino_female_loPoly_0060_grp.fbx,latino,female,0060,False,0.044341695656641214,0.1447964345896348,0.053232888351052964,0.053212156467747365,0.08079881167959556,0.08086726400660096,0.08133419074514725,0.08134840187387277,0.04823626772841179,0.037918652962987506,0.0688868344290685,0.030332130381338834,0.05502046458629966,0.1796923280255724,0.1618224283311303,0.05707115754334314,0.08416044821284763,0.08416512094436444,0.17289037993943798,3.26546904545244,1.20051539668804,1.2000478484132482,1.822185879071001,1.8237296253349118,1.8342598211614747,1.834580312484936,1.0878309233351853,0.8551466605293948,1.553545334903111,0.684054363103633,1.2408290610343191,4.052446018686686,3.6494415906914823,1.2870765697656712,1.8979979670723894,1.8981033471542204,3.8990475528543205
latino_female_loPoly_0061_grp.fbx,latino,female,0061,False,0.046153788626462605,0.14773907254971827,0.05480245813304256,0.05479309670580046,0.08506615853368023,0.08508938909877867,0.08257541914973264,0.08262657818846551,0.05000155242117311,0.04326998450868512,0.06613686615872655,0.021984798172475523,0.05427804779919137,0.1753657162769553,0.16334252813926917,0.05641454784278019,0.0866148365435273,0.0866300570602844,0.17880424209484683,3.201017228410389,1.187388072874719,1.187185241698326,1.8431023988550084,1.8436057283928378,1.7891363116047083,1.7902447588255186,1.0833683194645556,0.9375174995683012,1.4329672195275969,0.47633788745720396,1.1760258348124137,3.799595255250792,3.5390925209033774,1.2223167267883726,1.8766571308918734,1.8769869091659885,3.874096740832412
latino_female_loPoly_0062_grp.fbx,latino,female,0062,False,0.042960608252961496,0.14083967453143834,0.05091768517957028,0.050898762660577496,0.07885949808049943,0.07887608647409362,0.07847289571663536,0.07849881322094325,0.04589465270286695,0.03913733755697867,0.07021886169780453,0.024249663148528815,0.056890241818835986,0.18532098091460933,0.15523731923620038,0.05580146732861869,0.08635370712765393,0.08637041814780104,0.17506264503344732,3.2783445174273,1.1852179764251884,1.1847775143423112,1.8356234068232318,1.83600953714747,1.8266244103102478,1.8272276956304947,1.0682961570895169,0.911005201009479,1.6344941227168026,0.5644627516850198,1.3242420005753583,4.313742017417414,3.61348047779326,1.2988984466897533,2.0100671438165945,2.010456128536008,4.074957319101257
latino_female_loPoly_0063_grp.fbx,latino,female,0063,False,0.04695289026278873,0.14469638985304492,0.052121133067630304,0.05210425921191915,0.0845995173130154,0.08460729147957095,0.08249658906145328,0.08252554689968132,0.04045691355713798,0.04264639682510122,0.06837967253638025,0.026170659955911727,0.05624401028957398,0.18218683457866916,0.14785667680269313,0.050244611231052914,0.08607084476610052,0.08609531530019612,0.17417348256801302,3.0817355234832093,1.1100729428138638,1.1097135643897305,1.8017957326912952,1.801961306450696,1.757007685783164,1.757624428183173,0.8616490556961737,0.9082805464459233,1.4563463964341454,0.5573812348811377,1.1978817485949034,3.8802048938626577,3.149043136112816,1.0701068869209303,1.8331319815324274,1.8336531535829368,3.7095369761731067
latino_female_loPoly_0064_grp.fbx,latino,female,0064,False,0.04893560728656462,0.1440720661001762,0.04975809779414125,0.04974729001771379,0.08112659012408273,0.08117214897556663,0.08050347424859917,0.08052611277660074,0.04332135628830335,0.04057771769636905,0.06817437157796669,0.023344172625482693,0.054920174243117736,0.1783550382574485,0.15451789358717327,0.051390386340918234,0.08268225043191244,0.08269434147820158,0.17313269205366835,2.9441152177083847,1.0168076080625743,1.0165867509602158,1.6578233033669987,1.658754299302476,1.645089919435854,1.645552538155777,0.8852726816000366,0.8292063784709536,1.3931444884037254,0.4770385802873624,1.1222947315542193,3.644688359807405,3.1575758870697923,1.050163453372072,1.6896132492589508,1.6898603300036188,3.5379696228108797
latino_female_loPoly_0065_grp.fbx,latino,female,0065,False,0.0429798825193723,0.14277267918049863,0.05232869410712389,0.052322155347148215,0.08148122845260715,0.08151786856671657,0.0833533897962592,0.08338166032292374,0.044640144441147174,0.04133102144833527,0.06744281785658021,0.02286844545293875,0.054698197205394386,0.17974900461713733,0.15451878207107195,0.0496244022128036,0.0869101732375327,0.08692889418048867,0.1740330634864865,3.3218489863518537,1.2175159874747867,1.2173638521130223,1.8957992362096652,1.896651730724812,1.9393582511234033,1.9400160129646973,1.0386288147955394,0.9616364453696717,1.5691717590475438,0.5320732424671303,1.272646503413319,4.182166029330563,3.595142029562919,1.1545960413092433,2.0221128617175657,2.022548436266834,4.049174946163352
latino_male_loPoly_0001_grp.fbx,latino,male,0001,False,0.043201298095857356,0.14824648744991883,0.055946331445971074,0.05589650627681023,0.08164442213971992,0.08189658629661921,0.08457655286331217,0.08455802079599986,0.05103856861945324,0.034176391268478844,0.0677784941370299,0.024693931303646995,0.055461107148010017,0.183795400768903,0.15763894494838626,0.05586635416298522,0.08792594699430753,0.08794533951127977,0.17516059433614833,3.431528541595708,1.2950150553771407,1.293861729635625,1.8898603916614474,1.8956973495310876,1.9577317486073955,1.9573027784576749,1.1814128479705894,0.7910963969797027,1.5688994804424474,0.5716016043975062,1.2837833489389587,4.254395327684088,3.64894000635371,1.2931637850100235,2.0352616904985754,2.0357105778660154,4.054521555058198
latino_male_loPoly_0002_grp.fbx,latino,male,0002,False,0.04055157545378294,0.14609814910896007,0.05649292748532484,0.056458108934749764,0.08358537118935862,0.08357972245589361,0.08652290731287984,0.08649094960428781,0.0533826483838065,0.03627181388293764,0.06758144979081876,0.022714590303793174,0.05306902980570987,0.18053864755299123,0.15516569182363046,0.05172520362784265,0.08630018144858108,0.08631826209747887,0.1740787476824953,3.602773689408681,1.3931130135673873,1.3922543896992527,2.0612114388655933,2.061072141356143,2.1336509456085353,2.1328628699731396,1.3164136728706697,0.8944612749824482,1.6665554675635734,0.5601407602444751,1.3086798530477122,4.452074809245156,3.8263788789285003,1.2755411608309624,2.128158535959677,2.128604403936333,4.292773973255236
latino_male_loPoly_0003_grp.fbx,latino,male,0003,False,0.042184719094880446,0.14786059425131423,0.05564986892452288,0.05551056002177767,0.07877521950672131,0.07891961896735117,0.08377455185305227,0.08377691569402232,0.05096310986365148,0.0332082342088349,0.0721746077144798,0.02533359500236946,0.055258581927960626,0.18186105053119866,0.1581462520826435,0.0574261929857658,0.08752613413676795,0.08746220172938453,0.17649920286895193,3.505074762232058,1.3191949625018735,1.3158926078641224,1.86738755636947,1.8708105840375,1.9858980609691717,1.9859540964488611,1.2080940908727393,0.7872100353244988,1.7109182960812683,0.6005396159066507,1.3099194000480336,4.311064632720747,3.748899020210287,1.3613031974114784,2.0748303180568093,2.0733147833144865,4.183960606018873
latino_male_loPoly_0004_grp.fbx,latino,male,0004,False,0.04575510850368206,0.14880386418892888,0.0549568447999045,0.05487882504888271,0.0820690399671864,0.08229699964607011,0.08531524836965589,0.08536947815691225,0.04984601029745117,0.03224351245371265,0.07448864541156237,0.02025376177241045,0.054337645481103064,0.18049752350595216,0.16029081746400797,0.05641376073561369,0.08510201127261355,0.0853339367713306,0.17326322947521444,3.2521803369115423,1.2011083919838579,1.199403232635028,1.79365851488653,1.7986406837926614,1.8646059677203104,1.8657911859184488,1.0894086349601795,0.7046975410651232,1.6279853298909353,0.4426557478446492,1.1875754917449348,3.9448605720479706,3.5032332499246257,1.2329499935744639,1.8599455679525954,1.8650144117670162,3.786751581220082
latino_male_loPoly_0005_grp.fbx,latino,male,0005,False,0.041354906679551495,0.13871934782921594,0.05073798411317206,0.05069705100194523,0.0768857316749271,0.07713030186174578,0.08526230394027584,0.08528334504147661,0.05085630948672781,0.03367770382540124,0.0715468285120322,0.022174916394604147,0.05542198498500226,0.17950113211546914,0.1532434134987813,0.05132267750085484,0.08772528499898731,0.08763095532331731,0.17249136064225679,3.3543624920766084,1.2268915151067228,1.2259017145119828,1.859168303067271,1.8650822370222861,2.0617215896762007,2.062230383018761,1.2297527323855484,0.8143581144158074,1.730068672779995,0.5362100455559446,1.3401550005771485,4.3405038610382345,3.705567870971756,1.2410299435213585,2.121278756079609,2.118997777031562,4.171001085284701
latino_male_loPoly_0006_grp.fbx,latino,male,0006,False,0.043260138158212245,0.14690762069375649,0.054715999278158386,0.05474218017401259,0.0830934048413481,0.08335648139645246,0.08752383332572843,0.08756546691568716,0.05132993010392907,0.03599291367439495,0.06479176743275858,0.026184224079641286,0.05528390321889124,0.17949009071435654,0.15899980845857598,0.05737359153633893,0.08471992294277862,0.0846645012223699,0.1732250854906954,3.395911963028912,1.2648133271800803,1.2654185239494125,1.92078454621334,1.9268658156291294,2.0231981924244833,2.024160593187201,1.1865410581030449,0.8320110662328588,1.4977244685581037,0.605273704487017,1.277940976903618,4.149087320477806,3.6754345970204074,1.32624614666071,1.9583830877501693,1.957101960995418,4.004265655767708
latino_male_loPoly_0007_grp.fbx,latino,male,0007,False,0.04541713425812124,0.1455826915366924,0.052367044249801424,0.052360880963080336,0.07966963911619472,0.07995264510011801,0.08372927258917616,0.08385180841626069,0.04999053228006972,0.03309531884825925,0.07218265914421478,0.02309012773502443,0.05645194022301245,0.17883084838281796,0.15940069311941962,0.05768346351920423,0.08456027194141334,0.08451166819239096,0.17350079489530382,3.205457453772749,1.1530239656289507,1.1528882616304101,1.7541758285189173,1.7604070887810657,1.8435613333354286,1.8462593421174913,1.1006976353011682,0.728696765854207,1.5893265905764955,0.5084012479474216,1.2429657032558814,3.937519425300165,3.509703897509044,1.2700815333563147,1.8618583784002785,1.8607882151278414,3.820161657695947
latino_male_loPoly_0008_grp.fbx,latino,male,0008,False,0.05003971003262772,0.1531752897816799,0.05373902166249067,0.05368364183700112,0.07889777935778286,0.07921203963061042,0.07973064511478069,0.07984165687767159,0.05796617502343281,0.030616356492654238,0.07318156701128449,0.025136618450030863,0.05820011899492854,0.183041938333494,0.16113474452645407,0.06239724952946556,0.0835240345824276,0.08344409613444406,0.17223775124163537,3.0610746881187763,1.0739275193131788,1.0728208017591914,1.5767033683116594,1.5829835860152122,1.5933474646994035,1.5955659380442433,1.1584034956564846,0.6118412051686801,1.462469845719878,0.5023334154742477,1.1630786620661857,3.65793363339124,3.220137455260798,1.2469546583859152,1.6691550476205173,1.667557547396567,3.4420213692151704
latino_male_loPoly_0009_grp.fbx,latino,male,0009,False,0.045988894538727516,0.14142217185826045,0.048767220418305134,0.04870662455323121,0.08141818543006765,0.08166428118608454,0.0912903098830598,0.09133636856778651,0.045297828289269516,0.03753448301500438,0.06692001398807891,0.02453327546720763,0.04933570606059201,0.17897245942811452,0.16755203381736483,0.059648943966348095,0.08186020537902162,0.08180818713053692,0.16985655708243366,3.075137449524211,1.0604129737721348,1.0590953542537336,1.7703879653272578,1.7757391649698075,1.9850511911344968,1.9860527086788664,0.9849731928460239,0.8161640628999328,1.4551342157556142,0.5334608651344732,1.0727743416194995,3.891645172670997,3.6433150980889155,1.2970293059798899,1.7799994150780614,1.7788683105145258,3.6934255277520633
latino_male_loPoly_0010_grp.fbx,latino,male,0010,False,0.04972165835271202,0.14406311233994842,0.048881204582628575,0.04885056650001985,0.08166417385493228,0.0816837401307224,0.08378429117059381,0.08393980156863913,0.052088556669343616,0.03571088000419898,0.07393429426939895,0.022975050038338475,0.051208780174405166,0.18146880456375317,0.1592300259665615,0.055995101229774864,0.08368072403560366,0.08362907938785274,0.17267471942417573,2.897391541488894,0.9830968274605506,0.9824806355710648,1.6424265915595309,1.6428201077140268,1.6850663060401299,1.6881939249329303,1.047602964081396,0.7182157873913947,1.486963563140413,0.4620732855561589,1.0299089344756747,3.6496933243147778,3.2024279004740084,1.1261712317107513,1.6829833679720654,1.6819446928863602,3.4728270364449205
latino_male_loPoly_0011_grp.fbx,latino,male,0011,False,0.049351361266913744,0.15108194834579394,0.05404940000713309,0.054056962778903546,0.0823473775226443,0.08226264934684344,0.08676024511367586,0.08673718403003597,0.054133579217938814,0.03315971290779372,0.06748760382752621,0.02429247106062887,0.059810894682283525,0.18242249110754905,0.1580159924565515,0.052462835741600516,0.08330335055395771,0.08356624519731286,0.175197080421398,3.061353212298982,1.095195727526345,1.0953489709542124,1.668593842371919,1.6668770067340404,1.7580111852323286,1.75754390159419,1.096901439560314,0.6719108056300919,1.3674922453004636,0.49223507593325666,1.2119401197223325,3.6964024177758428,3.201856816105475,1.063047389065087,1.6879645954124094,1.6932915942348592,3.5499948922149396
latino_male_loPoly_0012_grp.fbx,latino,male,0012,False,0.044663767106414884,0.14942425041306756,0.055417212169839816,0.055401257431440316,0.08169730720702567,0.08160665441585926,0.08617510788023104,0.08619734629288262,0.05575263384333285,0.032906132195812385,0.08067115768085364,0.027973761430384193,0.06303173399004787,0.18172352006766498,0.16144604717159047,0.05654423518468368,0.08462744485852103,0.08476970378139885,0.17426479445057003,3.3455362163485383,1.2407643994247959,1.2404071805999375,1.8291629322796599,1.8271332604216992,1.9294187092394641,1.929916616471485,1.2482743273870716,0.7367522788082559,1.8061879439915662,0.6263188988007783,1.4112498356860468,4.068701138323031,3.614698392702361,1.2659978960118314,1.8947672876963018,1.8979523957177296,3.9017039031967604
latino_male_loPoly_0013_grp.fbx,latino,male,0013,False,0.047134581313797934,0.14706179185930401,0.05331497587236466,0.05335877575896077,0.08303702537729779,0.08302314887020458,0.08656536344772552,0.08664198192318869,0.0492119164912645,0.033615535731144695,0.07422346485576779,0.022016129378324617,0.06144347224375186,0.17913544757930117,0.1629865375387098,0.05900063957224751,0.08336129188550384,0.08326280364883695,0.1730803997641149,3.1200402710749,1.1311222967574661,1.1320515483891824,1.7617007102381954,1.7614063084061131,1.8365573859968671,1.8381829117430935,1.0440724224033462,0.7131820161369347,1.574713570947537,0.46709080179905466,1.3035752208064106,3.8005099989476725,3.457897216772306,1.25174845999907,1.7685802984124754,1.7664907871890447,3.6720470393453617
latino_male_loPoly_0014_grp.fbx,latino,male,0014,False,0.05268060235014283,0.1508296872370961,0.05290227882279335,0.05289345657215109,0.079756805982779,0.07960918084874248,0.08358358092608169,0.08366113346432316,0.061076279733112096,0.029692450698359758,0.0754152445982213,0.021329500072057896,0.06031921019506726,0.1806082165625491,0.1596578492756132,0.05879727061639186,0.08370941456432283,0.0837299443826595,0.1745529177712479,2.8630972408896,1.0042079335231808,1.0040404667470109,1.513969135217429,1.5111668678277108,1.586610198010674,1.5880823250324194,1.1593694264763186,0.5636315716553164,1.4315562319688782,0.4048833749145631,1.144998490984485,3.4283627845052425,3.0306762290689773,1.116108548372216,1.5889988122752714,1.58938851583637,3.313419171084604
latino_male_loPoly_0015_grp.fbx,latino,male,0015,False,0.0477881247243163,0.14673352739827442,0.051613333536147214,0.05152606012215764,0.08200550028396215,0.081895495934612,0.08461022033985383,0.08467529599530121,0.05818992931928453,0.03549678017643388,0.07731990302720171,0.0221999161138454,0.060357388748790514,0.17879710622678263,0.16124140683409136,0.058258891059835824,0.08470248738451033,0.08471101853557735,0.17515896952583174,3.070501892358441,1.0800451751119773,1.0782189177626245,1.7160225632841128,1.713720645182393,1.7705281558537727,1.7718899095493363,1.2176650507835354,0.7427950015032051,1.6179731569976963,0.4645488024883573,1.263020658311761,3.74145474965257,3.374089436743392,1.2191081235332848,1.7724589084243911,1.7726374287391393,3.6653241895617765
latino_male_loPoly_0016_grp.fbx,latino,male,0016,False,0.04530987656757413,0.14209163992882204,0.05025741341817138,0.05025161529081373,0.08100116932510532,0.08091559691153571,0.08275133166160505,0.08273867496220834,0.051322855498061204,0.034359334932520615,0.07354178760214727,0.026183765305146843,0.06023476586709312,0.18087214821456915,0.162010500169008,0.05674089318169687,0.08396309804965404,0.08398158508969873,0.17519650081418647,3.1359970649425573,1.1091933420568605,1.1090653759753593,1.787715515055575,1.7858269110678333,1.8263420236466892,1.8260626872115562,1.1327079079882165,0.7583188817845901,1.6230851455194035,0.5778820709453261,1.3293959381518143,3.9918923183297683,3.5756111568167523,1.2522853179057942,1.8530860026606641,1.8534940161324536,3.866629399285658
latino_male_loPoly_0017_grp.fbx,latino,male,0017,False,0.04673567888536533,0.14236374374458957,0.0497524765390897,0.04974615654784955,0.08153222913099681,0.08148943112234251,0.08419064547194989,0.084225385490799,0.05481627834875226,0.03484688235165572,0.06931772587946927,0.020867802368366616,0.056096376164998955,0.1774701080840032,0.16073967803634742,0.05524092992483482,0.08377987234797271,0.0838141819354819,0.17505761458812652,3.046146908313531,1.0645502050183984,1.0644149766149413,1.7445393129086986,1.7436235669588158,1.8014212584448643,1.8021645881594988,1.1729000124981015,0.7456162654046214,1.4831864548173967,0.4465068843773894,1.2002901745065868,3.797315291371014,3.4393354685317505,1.1819862520951374,1.792631975101303,1.7933660949071442,3.7456953394752874
latino_male_loPoly_0018_grp.fbx,latino,male,0018,False,0.04448476579704147,0.14824153213298832,0.05383729835503419,0.05382271832547906,0.08001958991673265,0.07996551631255101,0.08145473047635862,0.08149594888640677,0.04980436411352999,0.03168934946840319,0.07328435944118512,0.025830959787742594,0.06073494038910084,0.18842519259750234,0.15731956310602288,0.05746693755438958,0.08571634931450432,0.08574089051648762,0.17596893988756818,3.3324112081275103,1.2102412452987383,1.209913491981532,1.798808839003812,1.7975932856966788,1.8310702330768682,1.8319968066871735,1.1195824732619433,0.7123640846617819,1.647403512823687,0.580669793915393,1.3652975192945742,4.235724055672872,3.536481766000118,1.2918341037598877,1.9268697447026915,1.9274214212495628,3.955712404790749
latino_male_loPoly_0019_grp.fbx,latino,male,0019,False,0.04395044329730477,0.14540479378480653,0.05263405032145902,0.05262288733642008,0.08508466782573228,0.08500327673371062,0.08868975811233912,0.08867663041248408,0.05305075107645254,0.03790395300445064,0.06844727861926826,0.027112274084010287,0.05696702602440988,0.17475238176368152,0.15910354810366956,0.051941263972652085,0.08357376137580987,0.08359177779164015,0.17502460882014864,3.3083805958727015,1.1975772341000885,1.1973232438282857,1.9359228586199502,1.934070975318772,2.0179491140144643,2.0176504207847685,1.2070583843168161,0.8624248166974705,1.5573740213779765,0.6168828355292819,1.296164992900159,3.976123302819976,3.6200669701419477,1.181814336235315,1.9015453566752754,1.9019552823660906,3.982317257557261
latino_male_loPoly_0020_grp.fbx,latino,male,0020,False,0.04608179910437276,0.14298707471454572,0.049965432130390466,0.04996054177763602,0.07828329318453053,0.07817748338719696,0.0884372945875838,0.08845778159857973,0.05135337329288378,0.031796969429070114,0.06368586437294646,0.02962666354300025,0.05664746630811534,0.1804719120276705,0.16915211858491808,0.05337783221120592,0.08177478530492738,0.08184562581011473,0.1726817765749965,3.102896967861168,1.0842769401694037,1.0841708168658546,1.698789862939664,1.69649373302742,1.9191371931308097,1.919581772365868,1.1143960151506063,0.690011458907056,1.3820177512753236,0.642914645669486,1.2292807010379938,3.9163382405906386,3.6706925917062776,1.158327870192482,1.7745571330605376,1.776094410392677,3.747288081871146
latino_male_loPoly_0021_grp.fbx,latino,male,0021,False,0.04740919108987558,0.14066435527690999,0.04804530052219883,0.04803385706232098,0.08285774677284528,0.08277583542589359,0.08446482515132409,0.08445158432656219,0.05058619498154492,0.03908565339352833,0.07015023623896231,0.017080815395476262,0.057888307921973685,0.17998327438700473,0.1593853587951133,0.050935654923858736,0.08345401658830577,0.08348905859132195,0.17425481838987258,2.9670271110563076,1.0134174285133308,1.0131760521132114,1.7477148390017538,1.7459870865329041,1.7816128731494403,1.7813335850102103,1.067012404528197,0.8244319823856946,1.4796758735236715,0.3602848941905684,1.2210355543133482,3.7963793570281115,3.3619084217859747,1.0743835478504133,1.760291932214125,1.7610310716554574,3.675549284515959
latino_male_loPoly_0022_grp.fbx,latino,male,0022,False,0.047542832070632715,0.1430787223319464,0.049166883658078274,0.049166995977914435,0.07639674588191576,0.07631798583267646,0.08124577964530315,0.08124986752814964,0.04724121455549989,0.03187043772882229,0.0684817965770223,0.020722318992312274,0.06016412794631549,0.17619527403981425,0.1545820146658019,0.053660649336014575,0.08251066818964041,0.08253310769602971,0.1724798410608013,3.0094699053556457,1.0341597569331327,1.0341621194309325,1.6069035552702415,1.605246942784004,1.7088965067246973,1.708982489882798,0.99365587824712,0.6703521086306659,1.4404231635860754,0.43586631443254903,1.265472108538502,3.706032357896709,3.2514263019953216,1.1286801185148758,1.735501748550806,1.7359737336095833,3.627883185514781
latino_male_loPoly_0023_grp.fbx,latino,male,0023,False,0.04370237444141214,0.14767229695051728,0.053706629387890885,0.05369523880833547,0.08108324255288936,0.08099573050567416,0.0851802528972621,0.08517223823374612,0.051671469663825464,0.03204723254098813,0.06711585717550786,0.018228411385648506,0.06016412794631549,0.17909374700801908,0.15533213611844449,0.05383956991040282,0.08363042216105966,0.08365682014666444,0.1723105120564985,3.3790451626029685,1.228917880878316,1.2286572410457897,1.8553509640898438,1.8533485088838337,1.9490989674132155,1.948915575466704,1.1823492504531254,0.7333064381650701,1.5357485270161713,0.4171034553302294,1.3766786980183914,4.0980324135045345,3.5543179999678136,1.2319598328136772,1.9136356600755293,1.9142397001521199,3.942818079312825
latino_male_loPoly_0024_grp.fbx,latino,male,0024,False,0.04422791610341386,0.14579510027407577,0.05222859556360847,0.05222412982301007,0.08195438894251851,0.08189005119907991,0.09053869222981424,0.09053442877269499,0.04830107516449498,0.034468274923779574,0.06634646912708507,0.02705908176069891,0.061176058098011264,0.17663076172682812,0.1662495055757351,0.05441919293048608,0.08272659910149589,0.0827465794451141,0.1728346301175009,3.296449688770712,1.1808965957493316,1.1807956246660918,1.8530013657187123,1.851546679423112,2.0470937861534413,2.0469973887308432,1.0920947541719408,0.7793330086632556,1.5001038930243409,0.6118100092581634,1.3832001027353222,3.993648746954966,3.758926945303277,1.2304263398538369,1.8704611564348699,1.8709129150836719,3.9078176261657545
latino_male_loPoly_0025_grp.fbx,latino,male,0025,False,0.04462217476229037,0.14691114494630167,0.052281548885904,0.052275501045129916,0.07826507801140213,0.07819056653923175,0.08249638683934589,0.08248259571729691,0.053540255494843446,0.03173389293241883,0.07408014092055923,0.026924577118641647,0.06472204807317222,0.18381583875996418,0.16058657180243527,0.05900472572976036,0.08567651168872065,0.08569088221520682,0.17294517450671956,3.292334937257572,1.1716495030647065,1.1715139686402571,1.7539503269021066,1.7522804963174854,1.8487755757942692,1.8484665114754089,1.199857599502067,0.7111686756970155,1.6601642863709862,0.6033900692217105,1.4504458471142916,4.119383238024172,3.59880648260436,1.3223184670870076,1.920043389752594,1.9203654387464568,3.8757674951529553
latino_male_loPoly_0026_grp.fbx,latino,male,0026,False,0.03572401329229371,0.14053885030227461,0.05325374514676163,0.05324280156921902,0.08285748520470863,0.08278594787258582,0.08437982310343474,0.08437813929208285,0.04553065805744013,0.041602832464141676,0.07152371774572382,0.02265972235998065,0.05798378825818252,0.17975117407267413,0.15868845340322532,0.05284410669062908,0.08309055424667959,0.08313382517452553,0.17139430955202442,3.9340162918535047,1.4906988392104699,1.490392502476882,2.3193778517203283,2.317375351846154,2.3619917060560756,2.3619445721761805,1.274511284186032,1.16456211466913,2.002118775416331,0.6342994605499362,1.6231039828520786,5.0316623891596635,4.442066799853564,1.479232085663468,2.325902007896847,2.3271132639640726,4.797733898195507
latino_male_loPoly_0027_grp.fbx,latino,male,0027,False,0.04064966486534983,0.13943529938122312,0.05020729301768131,0.05020213774229243,0.08081078924839302,0.08073471434426457,0.083523612571329,0.08350233660753509,0.044075334687605064,0.035827942658496585,0.07167885380875318,0.02487989996002688,0.058847001771399114,0.1800700957990905,0.15651598406499442,0.052406658278667646,0.08341718486034604,0.08344103542063333,0.17424191231233446,3.430170945888391,1.2351219421855184,1.23499512009717,1.987981684869361,1.986110208083994,2.0547183561782654,2.054194957919894,1.0842730151306932,0.8813834696343751,1.7633319744747251,0.6120567055704007,1.447662655186141,4.429805175407092,3.8503634552325714,1.289227314721101,2.052100186721383,2.052686921209018,4.2864292458376445
latino_male_loPoly_0028_grp.fbx,latino,male,0028,False,0.044845775795904604,0.14176370233414354,0.04941498400733438,0.0494123589593863,0.08016992718590804,0.08008613036094114,0.08504168375392453,0.08498358865145676,0.05106744340956107,0.035342244550234776,0.06525450022559297,0.02320039419528649,0.055416158589036646,0.17592823797943105,0.15489518563334181,0.051027203193583566,0.08324815025842655,0.08326445147825423,0.1742503225435509,3.161138364052778,1.1018871483509276,1.1018286133406288,1.7876806848155653,1.7858121292274478,1.8963142513344744,1.8950188093126403,1.1387347526770768,0.7880841377586848,1.4550868853862513,0.517337336316193,1.2357052053517457,3.9229611899254317,3.4539526384442016,1.137837450416979,1.8563208859914275,1.8566843810929923,3.8855459505611623
latino_male_loPoly_0029_grp.fbx,latino,male,0029,False,0.04339831077461639,0.14045733997593926,0.049592491713394866,0.049589373642097104,0.07925519827173487,0.07916418429475487,0.08735635909441815,0.08731750313636072,0.0573029776868043,0.03409498512511441,0.06801387214148094,0.02312852422430622,0.05939373588570824,0.17908445100627834,0.1663200622450246,0.052251296503270775,0.08313171068064512,0.08314494833070946,0.17551465564966504,3.236470209759698,1.1427286184235872,1.1426567706663333,1.8262277230866582,1.8241305452160108,2.012897680467157,2.0120023470460193,1.3203965007854805,0.7856293140574615,1.5672009100700335,0.5329360477743309,1.3685725279530363,4.1265304526789235,3.8324086646779114,1.203993786178251,1.9155517621959781,1.9158567890467484,4.044273901838671
latino_male_loPoly_0030_grp.fbx,latino,male,0030,False,0.04286486416142404,0.14329715897362655,0.05161732182227916,0.05160953846294648,0.08291823803524817,0.08284173945712359,0.084582968690364,0.08455691584671438,0.05125292446853582,0.03764605847223665,0.06968030368512933,0.027260342730213178,0.05952222654647116,0.17589801163835816,0.1548800909008046,0.054797482619215215,0.08820346066264666,0.08821718259856179,0.17414124472684217,3.3429980889239794,1.2041872249470893,1.2040056459432842,1.9344103768295597,1.932625731535071,1.9732470951461427,1.9726393049627537,1.1956861516118031,0.8782498022265045,1.625580881878489,0.6359600867403645,1.3886017770245915,4.1035476276315,3.613217816754169,1.2783776104563014,2.0577100240066732,2.058030144837185,4.062563783499854
latino_male_loPoly_0031_grp.fbx,latino,male,0031,False,0.0440760415846051,0.14370264243814235,0.051614348083108004,0.05160434155021272,0.08381421931566696,0.08374334510479159,0.08681830588410819,0.08680910678619852,0.05070320510452634,0.03598990192004528,0.06919431656254932,0.024319612629399245,0.06019201295100129,0.1772604205862908,0.1587881643097342,0.05615765533647855,0.08875594879783275,0.08877000169105975,0.1740008835105429,3.2603345779657054,1.171029571338273,1.170802542491409,1.9015822724185294,1.8999742738703993,1.9697391771776558,1.9695304674664627,1.1503575022090002,0.8165411553794307,1.5698850004424523,0.5517648989126468,1.3656401706460224,4.0216955564404495,3.6025958457484486,1.274108411679449,2.0137005413125273,2.0140193742367596,3.9477429745260526
latino_male_loPoly_0032_grp.fbx,latino,male,0032,False,0.048221901955621586,0.14825306957567802,0.05201803844924735,0.05201329009789621,0.08531496828025253,0.08522033808060209,0.08346932117969476,0.08346075207471086,0.05577422243435341,0.03791582802588986,0.07424616022279484,0.025589677608435245,0.062040203885279005,0.18715081975890466,0.16308477822259143,0.06205324579352428,0.08698998696855295,0.08699715020052627,0.1797062847660918,3.074392829053377,1.078722247353896,1.0786237785843416,1.769216161543515,1.767253771098245,1.7309421195479022,1.730764418033935,1.1566159809640482,0.7862781534578134,1.5396771427871774,0.530665041623313,1.2865565514685493,3.8810335587994595,3.381964866766924,1.2868270075832269,1.8039518028262234,1.804100350097957,3.726652775568138
latino_male_loPoly_0033_grp.fbx,latino,male,0033,False,0.04487409571582927,0.14644454551512823,0.05231030264293244,0.052299930310572645,0.08498458287901182,0.08491593996534606,0.0839561027147704,0.08393300722556658,0.05221286216089088,0.03999509365247799,0.07101164321948891,0.023703523079202694,0.05786981446957613,0.18217086373263436,0.15060181262342945,0.052092039559522824,0.0845467715376102,0.08454824269628566,0.17492955306623678,3.263453963340149,1.1657126858710172,1.165481542887647,1.8938450240242646,1.8923153460982636,1.8709257841413174,1.870411111057985,1.1635412664699754,0.8912735290701309,1.5824640493967586,0.5282228577776401,1.289604025361176,4.059599660486838,3.3560968799713304,1.160848786556103,1.8840885858294067,1.884121369970279,3.8982301542965834
latino_male_loPoly_0034_grp.fbx,latino,male,0034,False,0.045615068202518004,0.14587473415673038,0.05246324606662398,0.05242627906134361,0.07998801551561317,0.0800488201035058,0.08479860410744416,0.0848113348254875,0.044358893639845416,0.03527236124121395,0.06953611826389684,0.025628464897475837,0.060157943084493064,0.1848225813535926,0.1627002942343873,0.0548981638937417,0.08341301796711628,0.0835718244910044,0.17569250530658215,3.1979505874920062,1.1501297298011701,1.1493193176558623,1.753543700964975,1.7548766944315783,1.8590042161279325,1.8592833063177534,0.9724614121567126,0.7732611751146493,1.524411143159452,0.5618420821754053,1.318817343808603,4.051787898968661,3.5668102810247704,1.2035094116270828,1.82862859256915,1.83211004135671,3.8516330727942156
latino_male_loPoly_0035_grp.fbx,latino,male,0035,False,0.0503423112725059,0.14237707555865448,0.048437901205850856,0.0484040631692008,0.08454523640889801,0.08448625440976057,0.08277434483289235,0.08275312415053031,0.04830647291137551,0.03900769456403132,0.06682138504011917,0.018258598551682454,0.05627207183523028,0.17125236447007774,0.15858858078698718,0.04957707586984161,0.08394366382720522,0.08398644061136398,0.17422996906096375,2.828179159036997,0.962170785994581,0.9614986270135027,1.6794071283547085,1.678235509538517,1.6442301265198163,1.6438085987467435,0.9595600934945105,0.7748490996545702,1.3273404289765536,0.3626889209128199,1.1177888025566851,3.4017580866138344,3.150204604801274,0.9847993589622449,1.6674574866619298,1.6683072049819172,3.460905243659685
latino_male_loPoly_0036_grp.fbx,latino,male,0036,False,0.043346551191446085,0.14649337820420205,0.05400836649749988,0.05397444053662353,0.08348490773419556,0.08347680788417783,0.08473168535241865,0.08471532458877062,0.050355655796973715,0.03247075305677008,0.07165296245353417,0.02115236769913801,0.06320191319038698,0.1775331055563628,0.16947406870790696,0.061752675698303415,0.08284262905718823,0.08287459514852212,0.1731028418583462,3.3795855535817285,1.2459668650214961,1.2451841969673179,1.9259873147801962,1.9258004521626386,1.9547503324587314,1.954372891504415,1.1616992451042054,0.7490965754889812,1.653025684490304,0.487982714142946,1.458060940332875,4.095668529020062,3.9097474666300696,1.4246271964190211,1.9111700188396121,1.9119074729266214,3.9934628499926874
latino_male_loPoly_0037_grp.fbx,latino,male,0037,False,0.042999700695807476,0.14035633211651097,0.05098218163026828,0.05096783824338197,0.0830267158706492,0.08295013462579189,0.08613873577810356,0.0861135587329902,0.045297670546550935,0.032479188461507304,0.06392894410235037,0.020490203674858376,0.06041913597398881,0.1772237993589142,0.15867597063306865,0.05383951650947804,0.08128608243269224,0.08131454549172916,0.1720820883540475,3.2641234670313852,1.1856403836606033,1.185306814201881,1.9308672973796865,1.9290863258003939,2.003240357124211,2.00265484037163,1.0534415313027403,0.755335221779208,1.4867299787643293,0.4765196813766705,1.4051059657696583,4.121512394066356,3.690164537553159,1.2520904945444762,1.8903871682208646,1.891049104433823,4.001936887221769
latino_male_loPoly_0038_grp.fbx,latino,male,0038,False,0.04291873691199894,0.14174602930933167,0.05203730894060536,0.0520243546540689,0.0791909791691067,0.0791037244857941,0.07981115229841716,0.07978082186278787,0.04529645027141229,0.029932579379540355,0.06983407021917022,0.021598323758826185,0.05426549140590458,0.17663716906833035,0.1552961496852213,0.05793269157467577,0.0854169220326556,0.08544094797311916,0.17122580796407647,3.3026607842623448,1.212461332385043,1.2121594994918006,1.8451376919940763,1.8431046712299402,1.8595876309701949,1.8588809364630503,1.0554003572912372,0.6974245174296357,1.6271231458269328,0.5032376372844249,1.264377642733782,4.115618999471238,3.618376514752572,1.3498228452869339,1.9902012076402766,1.9907610083751588,3.9895351141194992
latino_male_loPoly_0039_grp.fbx,latino,male,0039,False,0.044293478996454666,0.14239925180478288,0.052376867358155846,0.052360125775193014,0.08131320874787616,0.08128668931574827,0.08224999394806934,0.08221583271584201,0.04381420375738643,0.03208491669471713,0.07038637781678948,0.017793300198074426,0.06059048503886711,0.18406075181698323,0.16155055907169347,0.05882253164551629,0.08740876081714243,0.08742507858596138,0.172507164295026,3.214903300239315,1.182496126853079,1.182118157378968,1.835782841857706,1.8351841209459887,1.8569323478666642,1.8561611004279597,0.9891795530645358,0.7243711133479777,1.5890912028477904,0.4017137646717395,1.3679324002460247,4.155481935201247,3.6472763650970896,1.3280178703105385,1.9734002114428353,1.9737686125977834,3.8946402089759937
latino_male_loPoly_0040_grp.fbx,latino,male,0040,False,0.04148700373146983,0.1425335261437801,0.05330323895164217,0.0532858415588036,0.08021324262222002,0.0801832951592736,0.07887386718328837,0.07883843402782739,0.04389100426620883,0.03425338653747553,0.07038392980129937,0.018100037861119325,0.059585460837643524,0.17693750667355307,0.16089518525692167,0.058868692321651685,0.08328817866509607,0.08330343241057218,0.16552647783628424,3.4356187076402858,1.284817753932159,1.2843984083233226,1.9334547064765375,1.932732854806066,1.9011704892888868,1.9003164108480737,1.057945870236839,0.8256413685400168,1.6965295989285887,0.43628211808869677,1.4362440156758096,4.264889983832159,3.878206927121979,1.418967074669628,2.007572761922985,2.0079404371972673,3.989839297811827
latino_male_loPoly_0041_grp.fbx,latino,male,0041,False,0.04288569364264514,0.1417568639187488,0.05203418684377277,0.05197495629854819,0.07958465001326104,0.07954701470330634,0.08282576484916897,0.08284027162509162,0.05649121719430827,0.030251127353389706,0.06712961619287416,0.025191801763949,0.05621579057759767,0.18357288408444616,0.15731202335632333,0.055782148040487006,0.08200734957454331,0.08201616867288618,0.17253221184065048,3.3054581115084747,1.2133227289585087,1.2119416029886658,1.8557389015651315,1.8548613289585578,1.9313145670286602,1.9316528331190619,1.3172508684372524,0.7053897181998302,1.565314921853592,0.5874173791816324,1.3108285258489374,4.280515679986646,3.668170198368756,1.3007169361723405,1.9122309238574597,1.9124365658232014,4.02307149974802
latino_male_loPoly_0042_grp.fbx,latino,male,0042,False,0.04562696719747135,0.14418950266831582,0.05260150486443815,0.05255217893788556,0.07895138602917501,0.07894573239280782,0.08506880593869741,0.08506676751578704,0.05793589770596204,0.0296802203999571,0.06319271424570351,0.02547122863074591,0.06043220046825923,0.1800285695048168,0.1628913634199036,0.05969816625426744,0.08460111498937822,0.08461245911101588,0.1700741758810161,3.1601816102365623,1.1528599881903467,1.1517789186040401,1.7303667299971344,1.7302428200220812,1.864441385519306,1.8643967096831597,1.2697731465520867,0.650497331358942,1.3849860757172057,0.5582494343861962,1.3244842727922619,3.9456615366448022,3.5700677346122416,1.3083965453127009,1.854191066945752,1.8544396945082318,3.7274924529816573
latino_male_loPoly_0043_grp.fbx,latino,male,0043,False,0.04372286703887267,0.13937186910665206,0.05061360196321331,0.05057438363879186,0.08336380606509522,0.0833285122622979,0.08529397564114238,0.08527527680565422,0.04567283625475088,0.0383603447247608,0.061947182785620995,0.022331187110233644,0.05749176001983549,0.17491051961118284,0.15284383355632247,0.0567948892445023,0.08604105389702335,0.08605423206312968,0.1688508214313774,3.1876196266530457,1.1576002533917618,1.15670327826004,1.9066408886448138,1.9058336725314253,1.9507864286509415,1.9503587614654494,1.0445983840479756,0.8773519973119738,1.4168142892035338,0.5107438880981814,1.3149128571262567,4.0004357320775705,3.495741334172658,1.2989744975782969,1.9678730999165008,1.9681745020659667,3.8618423920201135
latino_male_loPoly_0044_grp.fbx,latino,male,0044,False,0.04666669130622173,0.13332907196415103,0.04531772529209482,0.04529552110662494,0.07865588906045147,0.07862701861905516,0.0817262053743172,0.0817173300741395,0.053476749586111046,0.034269127509977494,0.06753879880601815,0.023727648476981746,0.05812256180982428,0.17885876772244744,0.16028238556235871,0.05735073880452687,0.08623200884646766,0.08624725875535229,0.16992451657793067,2.8570500335937727,0.9710936006738693,0.9706177969507348,1.6854824470910121,1.6848637951020193,1.7512749047932017,1.7510847198898098,1.1459297432338293,0.7343380589188812,1.4472592102756103,0.5084493417646326,1.2454828097503288,3.8326858561451407,3.4346207343178285,1.2289437540835622,1.8478277853602827,1.8481545689495575,3.6412377184168587
latino_male_loPoly_0045_grp.fbx,latino,male,0045,False,0.04637102248412717,0.13804247288208518,0.048242285023576935,0.04822033877866923,0.07896503182640421,0.07893482371690914,0.0790786364904557,0.0790606790876754,0.05142081960040998,0.03232098475928786,0.07079032185242722,0.022436307302859174,0.0542047140619303,0.1774517476799772,0.15480186972134688,0.057499277869281565,0.08762124702243498,0.08764252093960234,0.17270388119585384,2.9769124226091246,1.040354135820281,1.0398808608366374,1.702896067332438,1.7022446236532436,1.7053459737171932,1.7049587188796178,1.1088998440353857,0.6970082397978469,1.5266068777469548,0.48384327325409177,1.1689350624193076,3.826780997566294,3.338332032129239,1.239982963260377,1.8895690094482562,1.890027785555137,3.724392345563881
latino_male_loPoly_0047_grp.fbx,latino,male,0047,False,0.04630015267165411,0.1412701006208998,0.05020597501090141,0.05017041552279696,0.08248615426320254,0.08244802045601808,0.08657572765722395,0.08657200573485695,0.05240157685561898,0.034350541194782654,0.06812661149685457,0.020840278225446287,0.055900003166401584,0.1765717379355876,0.16282058338648575,0.054335188750844456,0.08643696401759128,0.08644578889969447,0.1701885724276767,3.0511800171101426,1.084358735638436,1.083590714669766,1.7815525328429904,1.7807289112136,1.8698799606815844,1.8697995738544957,1.1317797854195906,0.7419098904140925,1.4714122430650873,0.45011251632880955,1.207339499781492,3.813631872615582,3.516631673790739,1.173542323632759,1.8668829157124947,1.8670735172892492,3.6757669814741147
latino_male_loPoly_0048_grp.fbx,latino,male,0048,False,0.044918990358470565,0.14234688164442333,0.05144692155857729,0.05141007606191251,0.08209320548337598,0.08206470240790327,0.08463185756539635,0.08462298888946837,0.049201073754354355,0.0344271936490298,0.06590117658878608,0.020542510158276517,0.05615972910247987,0.17661296944868246,0.15868495409207015,0.054767873235215314,0.085564523566072,0.08557457324039572,0.17076742286148147,3.168968859461027,1.1453267570800536,1.1445064916116907,1.8275834970519393,1.8269489530596268,1.8840997290901254,1.8839022919737254,1.095329021460882,0.7664284832381081,1.467111706270994,0.4573235060347417,1.2502446883668568,3.9318107561911795,3.5326919155062053,1.2192587767032814,1.9048630185860074,1.905086747441966,3.8016754494856793
latino_male_loPoly_0049_grp.fbx,latino,male,0049,False,0.044256333676114604,0.14419952796599833,0.053173039782488336,0.053160075330922325,0.0803756329888866,0.08034119697866303,0.08421816056058065,0.08419861364137879,0.05703443151985368,0.03164338471433106,0.06953633058883103,0.02469394648608234,0.05637983388613221,0.17669331426101895,0.163211896610414,0.058167777337345884,0.08657906418870104,0.08659067429128393,0.1704451626382968,3.258280024308106,1.20147864420107,1.2011857041744314,1.8161385345904917,1.8153604310431986,1.902962888361303,1.9025212132929408,1.2887292457900887,0.7150023982083535,1.571217604642207,0.5579754226096185,1.2739381960273117,3.992497786963798,3.687876582928522,1.3143379151793446,1.9563090070298401,1.9565713446800366,3.8513168281331676
latino_male_loPoly_0050_grp.fbx,latino,male,0050,False,0.04405858977800946,0.14533971386313957,0.053554732877652174,0.053532782592682425,0.07966037926371464,0.07961563065915234,0.08107694325582433,0.08105359738667615,0.04567800532074983,0.031644839355297924,0.07022033671374821,0.022583379504213977,0.05795297604868211,0.17615041388788902,0.159938783150268,0.058730911725668355,0.08720788944159834,0.08721875611846802,0.16926130289741587,3.2987827026565792,1.2155344314806562,1.2150362247727169,1.8080555838279408,1.807039922528118,1.8402074070988874,1.83967752474755,1.0367559549885697,0.7182444902286117,1.593794469309061,0.5125760860254724,1.315361575136198,3.9980946910790434,3.6301385032095763,1.33301841982655,1.9793617971205602,1.9796084386250756,3.8417321968370772
latino_male_loPoly_0051_grp.fbx,latino,male,0051,False,0.042951489333850824,0.14059886410992622,0.05188284919281728,0.05186411950018123,0.08342612836460203,0.0833772730445129,0.0795758252990263,0.07955697111683112,0.05306718739746209,0.03859740910221048,0.07634861200448877,0.02344393911994201,0.05768509971248047,0.1741425712555628,0.16223700808448577,0.059831235880317614,0.08596557620624343,0.08598123284811428,0.16817389863239796,3.2734339667965315,1.2079406325015951,1.2075045663039723,1.942333773717421,1.941196320258953,1.852690710687678,1.8522517461142114,1.2355144890316738,0.8986279568143214,1.777554473397901,0.5458236602162577,1.3430290918228491,4.054401231631285,3.777214960428018,1.3929956052341954,2.0014574008844077,2.001821920069043,3.915438119624344
latino_male_loPoly_0052_grp.fbx,latino,male,0052,False,0.04590662616752217,0.14302323149426213,0.0516173397970973,0.05159506140256748,0.08150295847081705,0.08146435220601451,0.0821749379415869,0.0821554042591555,0.05147787433617586,0.03393558925922752,0.07130212971750594,0.02248949861022785,0.05783991800036709,0.17319144808285292,0.15741125828810076,0.056200242501530946,0.08439411499491323,0.08441060181307022,0.16908314594353108,3.1155247822469607,1.1243984606652564,1.1239131626507926,1.7754072837632846,1.7745663100733067,1.790045246229044,1.7896197372325844,1.1213604360364695,0.7392307405774056,1.5531990840997694,0.4898965680500962,1.259947045319733,3.772689533986745,3.4289441727579066,1.2242294237970217,1.838386351611699,1.8387454897042443,3.683196959988171
latino_male_loPoly_0053_grp.fbx,latino,male,0053,False,0.04793760553930195,0.14351176471703792,0.05112293944523365,0.051110057286608064,0.07804282960361213,0.07800207132271018,0.08048588590925139,0.08046642020170001,0.052062145098119385,0.03155510883145636,0.07283569085934533,0.02454264315954772,0.0608815029149501,0.18220203738599444,0.16109388206704392,0.05840852458937701,0.08653697117275527,0.08655086794951602,0.17269198990521648,2.9937199220219473,1.066447497118315,1.0661787694987217,1.6280085065915153,1.6271582705306316,1.6789717593062616,1.6785656958967028,1.0860397492201797,0.6582537545724035,1.519385251723316,0.5119705684804444,1.2700155176719456,3.8008164015746457,3.3604907932869126,1.218428078171122,1.8052001179284474,1.8054900109384218,3.6024325362607827
latino_male_loPoly_0054_grp.fbx,latino,male,0054,False,0.04616947310270107,0.1448982815221855,0.052639637693571655,0.05261200503613024,0.08025160738624831,0.08020828901183341,0.08018354034444691,0.08016733511898204,0.05137187679008771,0.033939101734849535,0.07169398582233785,0.01814062740789948,0.05846642420521557,0.17812691574430844,0.1574151179662425,0.05645867204474715,0.08588037907700628,0.08589388131031962,0.1702638383143031,3.13840015457548,1.140139450508307,1.1395409455745393,1.7381963014334967,1.737258054329863,1.7367220146975406,1.7363710203201772,1.1126805947257448,0.7350983118077642,1.5528439248777892,0.3929138928561477,1.2663437608473613,3.8581102138219423,3.4095064852934867,1.2228571878903276,1.8601117427953058,1.8604041921651155,3.6878012000605245
latino_male_loPoly_0055_grp.fbx,latino,male,0055,False,0.04808053957402426,0.14181681057306564,0.04987800959054841,0.04985446720011377,0.08016241117814756,0.08012171150930358,0.08532361128610817,0.08531147748221374,0.051592987705589906,0.03393994156526975,0.05803742464314636,0.023388823738519155,0.058867163472665684,0.17651203989181635,0.16359470701229314,0.05833979612649628,0.08521009168924683,0.08522268773661638,0.169212911793876,2.9495677841702688,1.0373845641594097,1.0368949192709953,1.6672527365199472,1.6664062470835856,1.7745976239460646,1.774345259808683,1.0730534258285085,0.7058976847174562,1.2070876316558925,0.4864509413940745,1.2243449011638994,3.6711742724946004,3.4025139580728827,1.213376485442244,1.772236593935439,1.7724985720139121,3.519363827715737
latino_male_loPoly_0056_grp.fbx,latino,male,0056,False,0.046986049281296016,0.14376153880296622,0.05207934030798449,0.052057616334056846,0.08235609670588183,0.08231773121228038,0.08246265182422156,0.08244912519391512,0.053615295087459026,0.03617591746908578,0.06827284386253687,0.021646288754443063,0.057766112364630445,0.17655641548431955,0.1551102077225211,0.055838297366370034,0.0858070082927914,0.08582579911001263,0.17146212272739347,3.059664325942682,1.1084000699057706,1.1079377204582233,1.7527776428452722,1.7519611133819892,1.7550454461607161,1.7547575600644525,1.1410896618797433,0.7699289049076641,1.4530449975438688,0.46069608076327273,1.2294311449510549,3.7576348338484866,3.3011970594485933,1.1884016260247248,1.826223093988646,1.8266230173171372,3.6492134442051993
latino_male_loPoly_0057_grp.fbx,latino,male,0057,False,0.045602852713284535,0.14431178642060513,0.051684679928636304,0.051665204437338824,0.08444973955847712,0.08442176318027488,0.08651786098712169,0.08651706761980188,0.04907950089316304,0.03891218197381304,0.07007123400193671,0.022884433904271896,0.05999357363452374,0.17650457439218525,0.15445259433580089,0.05747191656818151,0.08875723820636891,0.08877725249467618,0.1710088370495003,3.1645341866642864,1.133365060593678,1.1329379932034005,1.8518521218273727,1.8512386431404548,1.8972028248118398,1.8971854274940712,1.0762375152654808,0.8532839429687161,1.5365537424268265,0.5018202270842904,1.315566243447903,3.8704722158920517,3.3869064136596747,1.260270205671572,1.9463089023049889,1.9467477846800259,3.7499591993656973
latino_male_loPoly_0058_grp.fbx,latino,male,0058,False,0.04012008762049879,0.13780392035277866,0.050863015188293934,0.05084374496098274,0.08198163587734396,0.08195221560955789,0.08281191161772652,0.08280996053197569,0.04996921011968573,0.038732964350730904,0.06823147522418095,0.019485650157151934,0.060591233304494715,0.1749423656170035,0.15336720175303717,0.05809910898920479,0.0881709646888044,0.08819485992251987,0.16884046496641067,3.434786126498131,1.2677692947586234,1.2672889810690455,2.0434062022201718,2.0426728970473524,2.0641009661059404,2.064052334962128,1.2454910515737425,0.9654257168406792,1.7006811119056242,0.48568314061198653,1.5102467840458176,4.360468184212518,3.822703559467711,1.448130162096652,2.1976762743597473,2.1982718671197006,4.208377273835864
latino_male_loPoly_0059_grp.fbx,latino,male,0059,False,0.047528609706400715,0.1482460058567405,0.054547176451621486,0.05452761626873709,0.08544434497035103,0.08540470630456976,0.08848452643732002,0.08847869545440892,0.05398861571680421,0.03692879911159215,0.06310990784374089,0.022601408679754006,0.06169821154772566,0.17782584509714205,0.1567321679348236,0.05692541045163518,0.08902017279811822,0.08903499182548323,0.17143959095756695,3.1190898865441903,1.1476703566247084,1.1472588111786028,1.797745515767615,1.7969115198643868,1.8617108092140078,1.8615881255725732,1.1359182616598507,0.7769804195770305,1.3278298741240442,0.4755327121784136,1.2981278419220563,3.741448491669095,3.2976383888148186,1.197708302499936,1.8729807866887762,1.8732925784170964,3.6070819663483453
latino_male_loPoly_0060_grp.fbx,latino,male,0060,False,0.04805151389619181,0.1461412558354972,0.05222544317731624,0.05219713841440846,0.08071326639275492,0.08064448184094308,0.07543544051697094,0.07542635229898864,0.056222880730459474,0.033045080817266516,0.07129646580029397,0.01401537867475478,0.0538928683798733,0.177402111257949,0.1542443833411708,0.06053768065068077,0.08592490508718552,0.0859374921651713,0.1704397982021051,3.0413455058089065,1.0868636374317278,1.0862745870436603,1.6797236933496829,1.6782922181216509,1.569886865165956,1.56969773027206,1.1700543057169996,0.6877011385875484,1.4837506671344307,0.29167402935593106,1.1215644213895295,3.6919151317729555,3.2099796829376275,1.2598496018556975,1.788183100178978,1.7884450498443512,3.5470224428373904
latino_male_loPoly_0061_grp.fbx,latino,male,0061,False,0.047326469869650785,0.14390339072079358,0.05125487132797802,0.051232736496608915,0.0842779920267601,0.0842330588302546,0.08255123937370465,0.08253786852285168,0.049537450738430994,0.037552192953348246,0.07045938149915612,0.01781721613497724,0.05462248166683056,0.17544671978985746,0.15253024111059893,0.05427364831138238,0.08652024492412576,0.08653256342053069,0.17018394536843084,3.0406533831308433,1.0830064331683107,1.082538728067337,1.7807791761963923,1.7798297456424284,1.7442931957754697,1.7440106720442514,1.0467176376110412,0.793471244670828,1.4887943616589046,0.3764746490505296,1.1541634484311813,3.707158388806151,3.222937217390316,1.1467926608696128,1.8281575862815178,1.828417873947994,3.5959568891819105
latino_male_loPoly_0062_grp.fbx,latino,male,0062,False,0.04480945885508943,0.1455114803133378,0.05320867254350708,0.05318104600149675,0.08411278921992324,0.08406225526879117,0.08560080517404689,0.08559470281921608,0.05235340330326927,0.03748770385353952,0.0727674639710666,0.02233291335242095,0.05713542152791162,0.17657902183739058,0.16418533815001163,0.05818749596032857,0.08546367296981654,0.08547673089423868,0.1705380714507589,3.2473384868117123,1.1874428726216064,1.1868263389093903,1.8771212902154866,1.8759935383429303,1.9103289207502758,1.9101927362261435,1.1683560712611238,0.8366024676792473,1.6239308804507404,0.49839730099495255,1.2750750173681737,3.940664010436601,3.664077682370037,1.2985538644531,1.907268580194193,1.9075599901945766,3.8058498318907787
latino_male_loPoly_0064_grp.fbx,latino,male,0064,False,0.042273722785120364,0.132341832670098,0.046949883081694496,0.0469281347132493,0.08055921433454169,0.08051182826191236,0.0871327243140726,0.08712308111748057,0.048380375713846666,0.03569964988793716,0.061794761283696584,0.025940125305392716,0.051549040016533,0.1704159851593429,0.15396909742177306,0.05254988265939445,0.08507751737401684,0.08509909704911446,0.16447665268130146,3.130593284693632,1.110616240739982,1.1101017753224045,1.9056569667173284,1.904536032257163,2.0611556913729356,2.0609275781158884,1.1444550544972523,0.844487959326422,1.4617771327546127,0.6136229221459342,1.21941093947556,4.031250950515445,3.6421939511787587,1.2430862293938096,2.0125390377012806,2.0130495126175143,3.890753920995916
middleEast_female_loPoly_0001_grp.fbx,middleeast,female,0001,False,0.04216684616426858,0.14299476263394792,0.05318350895488791,0.053471912702104045,0.08299901987163602,0.08326679148436607,0.08202182309482388,0.08199684193954117,0.04090053224080642,0.03625501292325429,0.06617725760421313,0.02207517663291956,0.05449881267407385,0.17752386181079313,0.15433050053290442,0.052141527358757565,0.08139364917921335,0.08139941972804947,0.1734744250394418,3.391165705798483,1.2612636180496386,1.2681032034929653,1.968347823508031,1.974698111402148,1.9451732950406826,1.944580859097397,0.969968967597695,0.8597990179776862,1.5694144481758878,0.5235197469339232,1.2924564588436107,4.210034137227546,3.659996290253296,1.236552697245386,1.9302759533432892,1.9304128037212767,4.114000472400539
middleEast_female_loPoly_0002_grp.fbx,middleeast,female,0002,False,0.04678000498729433,0.14651241032329526,0.05255622068941274,0.05277396666708391,0.08196289257794982,0.08225966591535282,0.0810992392881085,0.08109833024535673,0.045912835802910265,0.03168925022990523,0.06507601948450804,0.02409521124047497,0.05336320419895958,0.18523066052151108,0.1526678127251952,0.05218198628584186,0.0827660792099599,0.08277867017184352,0.17486178166817543,3.1319451625344787,1.1234761668727324,1.1281308473869887,1.7520924292379048,1.7584364503102325,1.7336304113292726,1.7336109790365226,0.9814628240287792,0.6774101507366701,1.3911075790219132,0.5150750036691818,1.1407267744724114,3.959611816454928,3.263527072446027,1.1154762873585569,1.7692618722986362,1.7695310249395357,3.737959876568391
middleEast_female_loPoly_0003_grp.fbx,middleeast,female,0003,False,0.044486123917602385,0.14132500010476226,0.05078544338518658,0.05108731258425109,0.08219833693297544,0.0824675577641635,0.08332470791264793,0.08336744244234907,0.04194407914105999,0.034388774689472594,0.06153993566409427,0.020321554191373038,0.055493562849350336,0.17491693404891218,0.15208078822295565,0.05021126704820984,0.08319006509993432,0.08312544058597157,0.17335957447340145,3.1768333057410385,1.1416018954416405,1.1483875888777249,1.8477298018866282,1.8537815952882448,1.8730494045060597,1.8740100305606087,0.9428575800118978,0.7730224991767726,1.383351262026764,0.45680658150871517,1.2474353340411504,3.931943685920917,3.4186118013931965,1.1286950317634241,1.870022779553007,1.868570090303603,3.896935925334823
middleEast_female_loPoly_0004_grp.fbx,middleeast,female,0004,False,0.041660732095747756,0.141534908679342,0.05249385689344918,0.052702616237522794,0.08262465962825684,0.08267288254350988,0.08229649141133959,0.08227193437125857,0.048183130235163615,0.032802211935603835,0.06819761918839139,0.020802369095939945,0.05664295024807703,0.18371012785473528,0.15229737558109302,0.05243668167484337,0.08505916478973598,0.08504151897352959,0.1771701240241874,3.397321687819985,1.2600320314295952,1.265042969393763,1.9832743082469788,1.9844318230775442,1.9753971490995343,1.9748076961819865,1.1565598541193565,0.7873652306497011,1.6369760145274117,0.49932797743761226,1.3596244568601443,4.409671136659797,3.655657688181571,1.2586596307124305,2.041710755208208,2.041287195291742,4.252688685762938
middleEast_female_loPoly_0005_grp.fbx,middleeast,female,0005,False,0.04448792639487104,0.14452730961788526,0.05245006224328148,0.052782824982269015,0.08505322525018134,0.08531782743747407,0.08455512455184337,0.08458781294133927,0.0415693582294622,0.0374177825158978,0.06609252561536862,0.025669752781739892,0.05620141073900794,0.17737128930827528,0.15336630573566978,0.05324804318819426,0.0857072768245828,0.08556882623754601,0.17667068460185636,3.248686134190054,1.1789729594888103,1.186452803256622,1.9118271437345982,1.9177748740231295,1.9006308318652412,1.9013656017712548,0.9343963991599905,0.8410772438297248,1.4856283709143239,0.5770049283461169,1.2632958039034907,3.9869533979611194,3.447369166510561,1.1969099821728972,1.9265289207649805,1.9234168272543073,3.971205199220625
middleEast_female_loPoly_0006_grp.fbx,middleeast,female,0006,False,0.04284441992626021,0.14476350889425926,0.05364602692102242,0.05391369178876028,0.08387547691623905,0.08417653050961607,0.08028063012566992,0.08030592226784128,0.043183931557473576,0.03761889094292252,0.06930615145147087,0.024269933508463733,0.0566470107376016,0.17880485432986426,0.15250045638223114,0.05381109429261881,0.08288377268682733,0.08297331689316369,0.17133439876240403,3.3788182718639352,1.2521123407284525,1.2583597089551326,1.9576756333869765,1.964702303228584,1.873770966297161,1.874361291530059,1.007924290532996,0.8780347827714465,1.617623755223063,0.5664666145611229,1.3221560902235838,4.17335220403512,3.559400655784361,1.2559650564818805,1.9345289965292818,1.936618981794352,3.9989898114454276
middleEast_female_loPoly_0007_grp.fbx,middleeast,female,0007,False,0.043063144376105957,0.14306687480929017,0.05162404612026642,0.051946801179881937,0.0826918820394583,0.08291365033936063,0.08274654169965101,0.08278883534848606,0.04239100018235361,0.03418436848352055,0.06690983834454456,0.024657071404069888,0.056716207786198465,0.1758676170758787,0.15752875226865423,0.05427010385659261,0.08707452489215756,0.08705195532762434,0.17239561685724392,3.3222579744704466,1.1987988073836655,1.206293732900405,1.9202471913625698,1.9253970312805617,1.9215164823301618,1.9224986133251878,0.9843916601193364,0.7938196102207555,1.5537610946419926,0.5725794472581786,1.3170475265542396,4.083947413126216,3.658087549130777,1.26024480197282,2.0220196679476983,2.021495563986871,4.003321618866723
middleEast_female_loPoly_0008_grp.fbx,middleeast,female,0008,False,0.043190558224497536,0.14979855216128873,0.05539702658092799,0.055897819914078925,0.08403010608541994,0.08423875708287985,0.08008223591083036,0.08013793584228725,0.0443102747606886,0.033134208675193386,0.07056644260431606,0.027038384793231764,0.06113867225728162,0.17818633500996503,0.16388635189044023,0.060805874609353876,0.0811942234720417,0.0812190633486743,0.16972366328954183,3.4683171118710736,1.2826189069607112,1.294213879420847,1.9455665668557707,1.9503975069046438,1.8541607055545763,1.8554503376812872,1.025925030428432,0.7671632420902533,1.6338395590425832,0.626025360744138,1.415556426464615,4.125585367148562,3.7944948763705595,1.4078510931323178,1.879906785413776,1.8804819082566786,3.9296473642999863
middleEast_female_loPoly_0009_grp.fbx,middleeast,female,0009,False,0.045962854822682885,0.14407042679782692,0.052906173526634404,0.05296918067248656,0.08700912211734295,0.08723030793435485,0.08250462338054601,0.08246961523786116,0.04219023051127077,0.037118184528565704,0.06890638128648173,0.022950421514846057,0.0571993994613058,0.17646954976894502,0.15727197348605823,0.053152589040828896,0.08625561463507755,0.08631609469251902,0.17358651021215635,3.1344969182968914,1.1510636954718696,1.1524345229823718,1.8930312847844155,1.897843558039965,1.7950282613827022,1.7942665997578988,0.9179201482160698,0.8075691701866984,1.4991754004904871,0.4993254140410773,1.244470120099625,3.8393948863649885,3.421718996628638,1.1564248836562223,1.8766374492584825,1.877953295666953,3.7766694623696564
middleEast_female_loPoly_0010_grp.fbx,middleeast,female,0010,False,0.04853408368503516,0.14949173107627706,0.05405437073690959,0.05407539312621868,0.08785812929380958,0.0881524376048971,0.08077959361479294,0.08074482341857844,0.04912717734965221,0.03569670645237914,0.07276750225035483,0.025934800319035434,0.061024014602888414,0.18143532882065538,0.15683724635382015,0.054407348694581574,0.08543766430764874,0.08548387943702475,0.17431648512912987,3.080139146056874,1.113740419777958,1.114173566707145,1.810235665804884,1.816299616924214,1.6643889712437334,1.6636725634417415,1.01222014756611,0.7354976903249076,1.4993072234058007,0.534362624157919,1.2573434990327088,3.7383074953694564,3.231486708837955,1.1210132048162549,1.7603642187231054,1.7613164388098372,3.5916302914126725
middleEast_female_loPoly_0011_grp.fbx,middleeast,female,0011,False,0.0477113629645889,0.14784442011481005,0.052719925330258405,0.05276577223518221,0.08485177776751635,0.08511767653275468,0.0804296003046855,0.08040526860216127,0.04283147838957905,0.03351280897999298,0.07187019335368952,0.02589487324292871,0.062103496553437804,0.1812195091557494,0.15569217171915742,0.05646325606955991,0.0889043467882914,0.08895415139089907,0.17616449026251277,3.0987255640661395,1.1049763002869322,1.1059372224252881,1.7784396105073093,1.7840126804997904,1.685753567014631,1.6852435899145786,0.8977207048427505,0.7024072861818262,1.5063538094066011,0.5427401699286548,1.3016500199235697,3.7982463274052654,3.263209475585748,1.1834341456869848,1.8633788947566996,1.86442276773607,3.692296327674836
middleEast_female_loPoly_0012_grp.fbx,middleeast,female,0012,False,0.043361755295708855,0.14201121158252933,0.05109271863998925,0.051142795779174244,0.08186881589647106,0.08214744236465032,0.07950863813031683,0.07948171331426841,0.04407289012878839,0.03372118976288394,0.07041384109481752,0.025839624574514688,0.05561940157644646,0.1775650297454671,0.1544330333061854,0.05519579417591319,0.09114388835268639,0.09119236774483251,0.17677461104757933,3.2750337391573026,1.1782899075823496,1.1794447764026612,1.8880420162458904,1.8944676433054766,1.8336120756205903,1.8329911409774973,1.016400047189739,0.7776712343151164,1.6238697122527643,0.5959081775702889,1.282683350734896,4.094968677687252,3.5615032706360097,1.2729142028384504,2.10194185477787,2.103059876680247,4.076740202098627
middleEast_female_loPoly_0013_grp.fbx,middleeast,female,0013,False,0.04428168015914007,0.15098645050245163,0.055913278200508176,0.05602244174445429,0.08658048320775592,0.08687558904445401,0.08677923624662243,0.0867672070960546,0.04522975067920545,0.03552139609548817,0.06343808584430469,0.029496604877298892,0.05948162427280263,0.18229502158406433,0.16015759326913534,0.053413318993918976,0.08856603627805487,0.08861687105622028,0.17648222812736125,3.4096820617427923,1.2626729157422734,1.2651381235562904,1.9552212765324593,1.9618855637870876,1.9597096572387065,1.959438006512614,1.0214099943059565,0.802169113001831,1.4326034065627158,0.6661130465531934,1.3432558127658392,4.116714201650211,3.616791248515389,1.2062170812390474,2.000060430402937,2.0012084170642988,3.985445617535675
middleEast_female_loPoly_0014_grp.fbx,middleeast,female,0014,False,0.04558154960745543,0.1507806768555826,0.055256555075822104,0.05535750854777421,0.08719888928281795,0.08752481817144,0.08289880447955086,0.08288828849286144,0.04912966493579465,0.036493218435849385,0.07095273979004044,0.02271049767601067,0.0589555068218705,0.18472369496237873,0.15490325548500522,0.05605762936399251,0.08848058193265795,0.08853333539674396,0.17700107860850153,3.3079322259575075,1.2122570547005758,1.2144718427633228,1.9130303825510022,1.9201808390718738,1.8186921066411426,1.8184613995506642,1.0778410422395748,0.8006138174354753,1.5566109621344517,0.4982388240766629,1.2934072520480433,4.052597960209867,3.3983762469468317,1.2298315841992258,1.9411490547084396,1.9423063971976773,3.8831737870436682
middleEast_female_loPoly_0015_grp.fbx,middleeast,female,0015,False,0.04260080666233734,0.1495233103548016,0.05674677161963056,0.05683672573125974,0.08693084166372286,0.08716750122756936,0.08080177152171397,0.08078787685837398,0.035904445324658245,0.03690649395823925,0.06539135247268303,0.02624891688366902,0.056699232789016604,0.1764378347115922,0.15623355277829773,0.05642054485888526,0.08737762515825137,0.08742282258119596,0.1758945260362866,3.5098704008108053,1.3320586173265923,1.3341701762072062,2.040591445902759,2.0461467295320652,1.8967192842653249,1.8963931246352943,0.8428113957851592,0.8663332187760581,1.5349792080461806,0.616160090388036,1.3309427034663042,4.141654783912294,3.6673848459405156,1.3244008571500998,2.051079122769299,2.052140075048978,4.12890130063645
middleEast_female_loPoly_0016_grp.fbx,middleeast,female,0016,False,0.04624664358722492,0.1494811481582966,0.05423778581195441,0.05433055832210121,0.08719711768725869,0.08748860057109623,0.08336692586969785,0.0833546689834345,0.043559501010862554,0.03782942971351401,0.06602544206586168,0.024713319852640605,0.05620117278983697,0.17880210613288827,0.15688372363414108,0.054943546305638385,0.08761201103045646,0.08766018232521315,0.17592446980353393,3.232259393622005,1.1727939933555946,1.1748000310472126,1.8854799164570257,1.8917827064808634,1.8026589478317723,1.8023939148409944,0.9418954032567964,0.8179929780669302,1.4276807340911637,0.5343808314657318,1.2152486846712887,3.8662720635207397,3.39232669584433,1.1880547871979164,1.8944512343952724,1.8954928514948104,3.8040483840027464
middleEast_female_loPoly_0017_grp.fbx,middleeast,female,0017,False,0.05013673271246689,0.15231897649746584,0.05463563007714934,0.05470723825758013,0.08934395225069929,0.08962474744677687,0.08607787395883765,0.08606696292117645,0.0497918263974895,0.03708001632940067,0.06865382369142276,0.029562582046957414,0.06005750697068569,0.18052254212869756,0.15873208544541254,0.05606872912382994,0.0860054844316509,0.0860555303344296,0.17428049179829372,3.0380714549352863,1.089732559767776,1.0911608175850827,1.782005875075366,1.7876064633244635,1.7168624539714714,1.7166448283490805,0.9931206862450447,0.7395778369135816,1.3693318247351896,0.5896391816454855,1.1978743671853176,3.6006044343573516,3.165983837753005,1.1183163738527384,1.7154186118367656,1.7164168001923115,3.4761038936818776
middleEast_female_loPoly_0018_grp.fbx,middleeast,female,0018,False,0.04203070120975647,0.1480643439663798,0.055362322836639305,0.05544873447359057,0.08557913476774949,0.08588307176393474,0.08020994709393395,0.08019132020890793,0.04321565796864024,0.03747085252790079,0.07234165133007266,0.025518409431497368,0.05640073193791676,0.17952714839934705,0.15233432643445402,0.05623967525001433,0.09079454503307463,0.09083595593921225,0.1749711680757157,3.522766447018258,1.317187704300974,1.3192436213916747,2.036110088686416,2.0433413978827204,1.9083656656985544,1.907922492387382,1.0281926478687609,0.8915114773103711,1.7211621326289028,0.6071373709457374,1.3418936709251144,4.271333649738727,3.6243584344268105,1.338061788913471,2.160195819240787,2.1611810729944887,4.162937163539401
middleEast_female_loPoly_0019_grp.fbx,middleeast,female,0019,False,0.04295560867113774,0.14484546373332133,0.0529698453740668,0.05305019465869619,0.0852321884159047,0.08553033565933514,0.08302829996443141,0.08301187337776048,0.043127953377616046,0.03840070921361168,0.06059219205181679,0.024254461911007184,0.05720067533298173,0.1763264357782799,0.15475879596103848,0.05494015885958165,0.08797032378243119,0.08801366284366735,0.16875152721727163,3.371980242259826,1.2331298988124388,1.235000417869555,1.98419231044846,1.991133132675262,1.9328861243728312,1.9325037159475031,1.0040121584074795,0.8939626372798545,1.4105769636673597,0.5646401636791141,1.3316229731698663,4.10485245659562,3.60276110032221,1.278998495404779,2.047935682995903,2.048944609712969,3.9285097438430037
middleEast_female_loPoly_0020_grp.fbx,middleeast,female,0020,False,0.046081464537346704,0.1484835055091469,0.05399793780107274,0.054067155110594706,0.08691179459591797,0.08722039948812402,0.08409627785915001,0.08408267834802492,0.048738736353701365,0.036447944809190926,0.06361691050882046,0.029751326480060437,0.061230673180318176,0.1801955592639926,0.15704611690181502,0.056444338795015224,0.08742900601276536,0.08747659903640875,0.1733516127930668,3.222195887216399,1.1717930049143757,1.1732950689268133,1.8860467102880452,1.8927436522213021,1.8249480285287856,1.824652909628776,1.0576646563435734,0.7909458862717287,1.3805314381287113,0.6456245863442228,1.3287484196751993,3.9103696263375745,3.4080105412998987,1.224881616973565,1.8972705596608928,1.8983033615503557,3.7618512027232565
middleEast_female_loPoly_0021_grp.fbx,middleeast,female,0021,False,0.04626753843653593,0.15306185870742545,0.05715476906102756,0.05723545826500781,0.08880842319754964,0.0890747955265872,0.08700776338983954,0.08698775707096204,0.047293913604218,0.036913779588335346,0.07007514199131738,0.02794147707111493,0.058297823927856,0.17858842380799034,0.15647420793592962,0.051672029223244834,0.08683417491195301,0.08687338689976444,0.17431737916106008,3.308191096385573,1.2353103491646824,1.2370543192721677,1.9194542480224233,1.9252114665397417,1.880535821225631,1.8801034161409096,1.0221834833311896,0.7978332289920522,1.5145638683034277,0.6039110360159226,1.2600156804931761,3.8599076121794504,3.381943652579692,1.1168095595602545,1.8767839795726622,1.8776314849541127,3.7675957064404244
middleEast_female_loPoly_0022_grp.fbx,middleeast,female,0022,False,0.042350810021162685,0.15075325965881348,0.05697553583331987,0.05697553371164659,0.08645040457026644,0.08657222876698896,0.08511832204108993,0.0851230013860923,0.04394349828362465,0.03956478660227144,0.06744805762375385,0.025126949159476327,0.05917253345251095,0.17982974648475647,0.15772033328199464,0.056768421524525284,0.08681608872162266,0.08681610057176989,0.17537346482276917,3.5596310810461977,1.3453234024295926,1.3453233523320083,2.0412928236099193,2.0441693729996864,2.0098392922958577,2.0099497823903807,1.0376070318765118,0.9342155812958697,1.5926037209217503,0.5933050429713245,1.397199567681054,4.246193789325296,3.724139708382953,1.3404329573899088,2.0499274672253187,2.049927747034541,4.140970733148554
middleEast_female_loPoly_0023_grp.fbx,middleeast,female,0023,False,0.04970474196536955,0.15283309828366426,0.05464751233088618,0.054678962577748395,0.08789853357104377,0.08804930281918286,0.0834961732078233,0.0834895088566306,0.04731281023548947,0.04023117661657306,0.07112423095782505,0.02594189905898979,0.061767915239324726,0.1833278716921973,0.1595344283111257,0.05623902289420169,0.0851331638756945,0.08515961763957082,0.1772364566357602,3.0748192675488917,1.0994426320321786,1.1000753734089295,1.768413436936957,1.771446734006362,1.6798432082395078,1.6797091294589093,0.9518771924910787,0.8094031882230281,1.4309345174224817,0.5219200026642149,1.242696628067396,3.6883376604173117,3.2096420181051744,1.131461922353097,1.7127775039051356,1.7133097220161309,3.565785670092503
middleEast_female_loPoly_0024_grp.fbx,middleeast,female,0024,False,0.0508766807615757,0.15243149548769366,0.053716457628362455,0.05371647103343701,0.08535643264678773,0.08537105403945175,0.08895674633260331,0.0889562683916199,0.05009333975613117,0.03548849258311124,0.06732211262182324,0.03171053629856605,0.05942811444401741,0.18132853507995614,0.15935314920538385,0.05497839079104519,0.08491211928795857,0.0849120996288047,0.17685683071613312,2.9960974891824432,1.0558168658858633,1.0558171293675678,1.6777122911534876,1.6779996800405996,1.748477789844092,1.7484683957370815,0.9846031424668699,0.6975394631073045,1.3232410529554013,0.6232823333576282,1.1680815956236699,3.5640795029400465,3.132145156091518,1.0806206294921519,1.6689791475564957,1.6689787611485465,3.4761864977973005
middleEast_female_loPoly_0025_grp.fbx,middleeast,female,0025,False,0.04490527624285397,0.15242160955474032,0.057411696814432644,0.05744256280178826,0.0884035943874496,0.08848940850723021,0.0864254633769536,0.08642412754544433,0.04557598362330845,0.0407500601494693,0.06855208097061219,0.026984542735770552,0.05861119419361295,0.17911449948553657,0.15439884629708914,0.05311094340132154,0.08836209122896892,0.08838187814589503,0.17566086794765218,3.3942917694219963,1.2785067060704007,1.279194063769498,1.9686683121455637,1.9705793151937694,1.9246171187000989,1.9245873709372292,1.014936048423958,0.907467085361803,1.526593013254679,0.6009214282489745,1.3052184308283836,3.988718352757936,3.4383230483224008,1.1827328065880318,1.9677440742396164,1.9681847110329211,3.911809093382564
middleEast_female_loPoly_0026_grp.fbx,middleeast,female,0026,False,0.046738264258464834,0.15022476170574203,0.054356916487063235,0.05438560106551016,0.08724516187793513,0.08739836691254443,0.08121014981449068,0.08120511279237325,0.04682755660527287,0.04281093835012589,0.07257859091551669,0.02594396135812997,0.05952643519863942,0.179816367788209,0.1564187853852097,0.056229706255568064,0.0852374847859489,0.08526228800426884,0.17515955331571312,3.214170746157622,1.1630067429647557,1.1636204709005706,1.8666752662329353,1.8699532021391998,1.737551684961912,1.7374439141193838,1.0019104763136741,0.9159719349734375,1.552873048818279,0.5550903904915815,1.2736124488803304,3.847305214284722,3.3466964994721744,1.2030764759387533,1.823719518435292,1.8242502017782327,3.7476691977064536
middleEast_female_loPoly_0027_grp.fbx,middleeast,female,0027,False,0.04511182623781105,0.148496606889147,0.054324841463704684,0.05435277049489855,0.07994106772487974,0.08010979404516048,0.07710423826890284,0.0770993378433256,0.057032042317066566,0.04035511407224395,0.06893513872156617,0.024338838532291438,0.057513336445644804,0.18097293533149292,0.15821865660952594,0.05859182636983999,0.0860663630067906,0.08608927458652595,0.175841623524284,3.2917445218540653,1.2042261640512268,1.2048452706918364,1.7720645425317791,1.7758047218672661,1.7091801573813685,1.7090715289797735,1.264237054301837,0.8945573131867537,1.528094614440311,0.5395223506134968,1.2749059668402267,4.011651720271261,3.5072545229151677,1.2988129999651956,1.9078447977939095,1.908352681904266,3.897905232151744
middleEast_female_loPoly_0028_grp.fbx,middleeast,female,0028,False,0.05026395481495201,0.15051833627757313,0.052851170193393776,0.05287296526764155,0.08640785235720033,0.086539574756343,0.08752490578692923,0.08752000371119606,0.04631512462465742,0.04244504205648188,0.05703972921186361,0.03025547936064504,0.05458983895309919,0.1786894739590239,0.1611322785201612,0.054223358919032405,0.0841010307985991,0.08413251033790559,0.17726104857369496,2.994558164627318,1.05147257886823,1.051906191271552,1.719081848519739,1.7217024620315011,1.7413055958122343,1.7412080691502114,0.9214381318614442,0.8444429455012911,1.1348038454565856,0.6019319305858708,1.0860633460712161,3.55502217477462,3.205722253916821,1.0787722358627976,1.6731876969931856,1.673813981562762,3.5266036909806617
middleEast_female_loPoly_0029_grp.fbx,middleeast,female,0029,False,0.04740098224907918,0.15369135282501312,0.056144338753173297,0.05616976821041717,0.0889827596758465,0.08911871587895774,0.09025134715877474,0.09024575168158075,0.05269138935732162,0.0429617807367668,0.06348286660053036,0.029213027228987457,0.05776346269342869,0.1818849987101194,0.16148664434870819,0.05380740188102892,0.08502487264241007,0.0850499625372849,0.17626877283538459,3.242366413788793,1.184455175594256,1.1849916509168612,1.8772345097885623,1.8801027246790645,1.9039974041999514,1.9038793586040905,1.1116096514718365,0.9063479003665874,1.3392732299711698,0.6162958201051826,1.2186132006695032,3.8371567440177405,3.4068206329594624,1.1351537315890579,1.7937365136365244,1.794265825344518,3.7186734213468498
middleEast_female_loPoly_0030_grp.fbx,middleeast,female,0030,False,0.046820715760137264,0.15131215914169865,0.05490023914360788,0.054926734998625,0.0864802820513911,0.08662799329572404,0.07582720902119316,0.07581844717933844,0.05226204678212036,0.04248192925539398,0.08482172376588418,0.0238521834820457,0.06222839261070309,0.1815374887873487,0.15834198755135714,0.05775304051190394,0.08533653014985575,0.08536262576910773,0.17598710403977152,3.2317352839472067,1.172563004479941,1.1731289047355642,1.8470516874289145,1.8502065141318993,1.6195226362974948,1.6193355002891603,1.1162163143737285,0.9073319056681896,1.8116280878837103,0.5094365409585053,1.3290781996904837,3.8772899098203895,3.38187883249252,1.2334933282048277,1.8226233572984054,1.823180709291606,3.7587444186320056
middleEast_female_loPoly_0031_grp.fbx,middleeast,female,0031,False,0.04732366561523936,0.15029874497378967,0.053971340417853515,0.05398823334080579,0.08721495256745547,0.08735529023176336,0.08440974837473912,0.08440643093633309,0.048721753442346624,0.04140755088392047,0.07043375850448082,0.02737935732368666,0.05900823760014704,0.17960927713569214,0.16258126666415726,0.058199164132196515,0.08508118100145073,0.0850966125178672,0.17536203892528304,3.1759742830527875,1.1404725250292835,1.1408294906770764,1.8429458376396386,1.845911323564776,1.7836688531489655,1.7835987521041097,1.0295431008762992,0.8749861268267064,1.4883411415577126,0.5785552950672073,1.2469075848838085,3.795337381427478,3.4355171889263407,1.2298109915106614,1.7978569473716455,1.798183031926082,3.705588665743852
middleEast_female_loPoly_0032_grp.fbx,middleeast,female,0032,False,0.046957893582534785,0.15081229910707097,0.05476985403523522,0.05479486936158393,0.08702586671530106,0.08714985415794728,0.08076851515733253,0.0807632998497137,0.047916003189300276,0.04228625670547551,0.07498724057216524,0.026150736636245304,0.05395441278099435,0.17985491621320995,0.15827839440895525,0.05501811168353399,0.08506140366092657,0.08508408034232978,0.17570583459659062,3.2116495779777297,1.166360964189543,1.1668936824279525,1.8532744992562635,1.8559148954322182,1.720019979502936,1.7199089160113494,1.0204035899753783,0.9005143433691666,1.596903839827592,0.5568975659072501,1.1489955929595148,3.8301316880215435,3.370645110619363,1.171647778170294,1.8114399341916767,1.8119228494093995,3.741774197936798
middleEast_female_loPoly_0033_grp.fbx,middleeast,female,0033,False,0.05090240192849646,0.15324505545528685,0.05485088187187082,0.0548748631189655,0.08913041952890195,0.08926598078148025,0.08625120451318327,0.08625050229881129,0.05848456101449512,0.04443611952655312,0.07045251174072187,0.02546775111604681,0.05732706504042957,0.18155674808494904,0.16358391550533796,0.053765641433536,0.08411737695824299,0.08413783650664897,0.17674224792369012,3.010566292540635,1.0775696193849726,1.0780407414968203,1.7510061637976355,1.7536693240305992,1.6944427226507293,1.6944289273415616,1.1489548390398052,0.8729670475859538,1.38407047745385,0.5003251349871826,1.1262153232171235,3.5667619052630393,3.2136777304758093,1.056249595236421,1.6525227449267368,1.652924681724036,3.4721789390599525
middleEast_female_loPoly_0034_grp.fbx,middleeast,female,0034,False,0.04487856104970968,0.1528824344279606,0.058108141894245284,0.058108636376780466,0.08868084842584094,0.08869833696575331,0.08608545162960103,0.086085635784687,0.04412268102169037,0.043715997646730335,0.06260934099566763,0.02808791323645813,0.0607923436909914,0.1779140159487728,0.15634198822554948,0.0496634046437004,0.08451441616101062,0.08451417643697477,0.17497897893190578,3.4065805777199625,1.2947862082717376,1.294797226506806,1.9760180886284147,1.9764077744717956,1.9181865375373466,1.9181906409462275,0.983157213370053,0.974095350301191,1.3950835216467496,0.6258648356694545,1.3545965438520822,3.9643431470921398,3.483667581328588,1.1066175804676712,1.8831801685307676,1.883174826914855,3.898943612253756
middleEast_female_loPoly_0035_grp.fbx,middleeast,female,0035,False,0.04175591658470623,0.15249570459130993,0.0600381227287655,0.060037580035556315,0.08887211359616591,0.08887977091756741,0.08357103474752474,0.08357174091724463,0.04123353399353839,0.042716512772112386,0.05991650931549752,0.023115921397603115,0.05593751184642315,0.17618955671787515,0.15032130404821853,0.04869008528727964,0.08612491300853786,0.08612424161266376,0.17522466927781055,3.6520741744934875,1.4378351055226366,1.4378221087247318,2.1283717581885564,2.128555141096365,2.0014178009478534,2.001434712795985,0.9874896150319649,1.0230050317649593,1.4349226221378861,0.5535963113325523,1.3396307977804311,4.219511176588742,3.6000001040158245,1.1660643393734806,2.062579870180181,2.062563791120517,4.196403374892969
middleEast_female_loPoly_0036_grp.fbx,middleeast,female,0036,False,0.04324414025074762,0.15113804489396565,0.05792613041989154,0.05792565021317382,0.0889051368196661,0.08891296460338372,0.08431284306945383,0.08431338351500305,0.043144332245651014,0.04259169415813789,0.06791393458854347,0.023535668885824142,0.06238134950399399,0.1770159155132017,0.1537430802887858,0.05158861874395538,0.08578932382903116,0.08578878478609313,0.17522466927781055,3.494994790452626,1.3395139800216076,1.3395028754716054,2.0558886430428935,2.0560696567865415,1.9496940528953215,1.9497065504394069,0.997691987757928,0.9849124970729775,1.5704771604834797,0.5442510534226022,1.4425387842672053,4.093408135455795,3.555234984377516,1.1929620624857606,1.9838369622239862,1.9838244971146117,4.05198642548527
middleEast_female_loPoly_0037_grp.fbx,middleeast,female,0037,False,0.042384153236248744,0.14534989744509152,0.054733160564532306,0.054732749834170695,0.08429666246796186,0.08430115615651536,0.08294194148876843,0.08294164919770057,0.045557929203070814,0.03953533650323386,0.0653231442003707,0.024017703003262066,0.058293381705892065,0.17599789798259877,0.15326076584186313,0.05013249645388045,0.08594120885610206,0.08594110604556603,0.1747968792916062,3.429345317692511,1.2913590666646175,1.2913493760059573,1.9888721616801759,1.988978184526225,1.9569092492293307,1.9569023529946403,1.0748811931933966,0.9327858051773357,1.5412162143775838,0.566667048162734,1.37535794052474,4.152445773815243,3.6159921607396406,1.1828122688789497,2.0276731347460646,2.027670709062686,4.124109270681676
middleEast_female_loPoly_0038_grp.fbx,middleeast,female,0038,False,0.04654908553018663,0.14753549546004546,0.05386289792255842,0.053862504841735645,0.08925963174087707,0.08926746079950522,0.08349725358853381,0.08349719011136497,0.0451524015516141,0.04500467279547337,0.061104102061245794,0.02354394234313559,0.05872212164116274,0.17685150355509974,0.1524041939143911,0.050115303817148404,0.08900296288755676,0.08900280449072188,0.17439061403274791,3.169460662430632,1.1571204312408856,1.1571119868038295,1.917537814636403,1.9177060039475136,1.7937463784199725,1.7937450147590517,0.9699954582852807,0.9668218458617899,1.3126810412123,0.5057874300853359,1.261509672474275,3.7992476445195313,3.2740534465614473,1.0766119945503358,1.9120238748801885,1.9120204720886393,3.746381095277528
middleEast_female_loPoly_0039_grp.fbx,middleeast,female,0039,False,0.04117222503274258,0.14138074219251343,0.052628803543293134,0.05262865783890078,0.08668704333895924,0.08669429478665544,0.08213625971037883,0.0821361680283671,0.04336104355920688,0.044847211356559814,0.06706450879670667,0.021212420278443125,0.058362819254404175,0.173604033887751,0.149049326602103,0.049640446793016095,0.08874876907052684,0.0887486695314068,0.17163388431072335,3.4338863658711456,1.2782598827593021,1.278256343859176,2.1054738545225717,2.105649979269059,1.9949434271540885,1.9949412003613498,1.053162502748482,1.0892588710203217,1.6288774469529645,0.5152118998080322,1.4175289095498391,4.2165327171337195,3.6201426200204185,1.205678020887603,2.155549499691809,2.1555470820639067,4.168681293620395
middleEast_female_loPoly_0040_grp.fbx,middleeast,female,0040,False,0.04673195444437605,0.1495606899263145,0.0558436781668584,0.055843530990114604,0.09012876653106751,0.09013851315475921,0.0848676841771887,0.08486779297508766,0.04182979464687075,0.04474307000430504,0.0662278123204248,0.0228900500528932,0.05624835379422019,0.1799514591698629,0.1515581364711324,0.049653666900492124,0.08655393853216542,0.08655397453523393,0.17640458792448518,3.2003944988933233,1.19497844314061,1.1949752937593023,1.9286325085835148,1.9288410730188692,1.8160525316398806,1.8160548597663255,0.8951004755570361,0.9574405893415322,1.4171847316862,0.4898158085842245,1.2036379488722495,3.850715453899,3.2431371268995073,1.0625206561731486,1.8521360718004753,1.8521368422169695,3.774817253458882
middleEast_female_loPoly_0041_grp.fbx,middleeast,female,0041,False,0.044449713081836414,0.14795115590133345,0.0557900929547271,0.05578989545677703,0.08844623138091325,0.08845335614360533,0.08399329801825674,0.08399312090995784,0.04659286886516773,0.04710608331621977,0.06247992254840244,0.023715216434259497,0.054243765771393615,0.1784570664173532,0.15258640080028252,0.05072583557234072,0.08787874013076379,0.087878636102455,0.1755229681730318,3.328506432177423,1.2551283031233949,1.2551238599462318,1.9898043260273648,1.9899646141866825,1.8896252010359793,1.8896212165715898,1.0482152894752224,1.059761245916092,1.405631627663616,0.5335291229123884,1.2203400654471124,4.01480806161326,3.4327870805230067,1.1411960180473906,1.97703728635931,1.9770349459997987,3.9487986761551483
middleEast_female_loPoly_0042_grp.fbx,middleeast,female,0042,False,0.04301967285650453,0.15326943248542105,0.058367074715559616,0.0583668686114679,0.0886806248772423,0.08868771478813373,0.0804183913730876,0.08041820424275253,0.0395105332145146,0.045543253394308106,0.06604354083582141,0.0242135068669387,0.05696962960064716,0.17709529399913393,0.15481390742886894,0.055412313437196464,0.09016516480009397,0.09016484169002004,0.17650371044874757,3.562775407350567,1.356753104800391,1.3567483138738674,2.061397007202808,2.0615618134512204,1.8693399097043208,1.869335559826169,0.9184294205654484,1.0586610815526463,1.5351939345544254,0.5628473035512087,1.3242692428339424,4.116611825242119,3.5986770040130893,1.2880691497127037,2.0959054035777283,2.0958978928261938,4.102860359665901
middleEast_female_loPoly_0043_grp.fbx,middleeast,female,0043,False,0.043149791659499295,0.14971157908454694,0.05656355727928636,0.056563362901035835,0.08663960171061905,0.08664889959810607,0.07919487531701301,0.07919474370760343,0.04817924835027499,0.04404548033644224,0.06859706342314986,0.019751645153041692,0.06004199385643294,0.1783524304635447,0.15334296248411972,0.05360329413688518,0.08720301461556036,0.08720277350814062,0.175436548888689,3.469578260445399,1.3108651306044965,1.3108606258724214,2.0078799544225747,2.008095433736134,1.835347802880492,1.835344752821511,1.1165580758874527,1.0207576593651007,1.5897426333934206,0.45774601437023227,1.3914781867368502,4.133332366259084,3.55373587187093,1.242260786793036,2.0209370952168406,2.020931507532394,4.065756568955929
middleEast_female_loPoly_0044_grp.fbx,middleeast,female,0044,False,0.04515468702825674,0.14759553223855493,0.05400103877427509,0.054000676668327516,0.08484440574863206,0.08484967118900517,0.08427843759301386,0.08427841083142265,0.04559297114680376,0.04191525709022442,0.05866812542384417,0.0226650565446507,0.05749389715604725,0.17698317021172305,0.14922616951712445,0.04749000250268804,0.08755442482091703,0.08755425333993416,0.17558538168669224,3.268664715718063,1.1959121483996225,1.1959041291668162,1.8789722913047413,1.879088900248788,1.8664383066208474,1.8664377139560995,1.0097062818367615,0.9282592760303009,1.299269893890108,0.5019425011287851,1.2732653228239388,3.91948614550182,3.3047769642106526,1.0517181189401206,1.9389886318141798,1.9389848341799991,3.888530587684398
middleEast_female_loPoly_0045_grp.fbx,middleeast,female,0045,False,0.04160638713221788,0.1478197574617283,0.05579312172810002,0.055792858960501304,0.08693708196419846,0.08694252714642056,0.08193921747256841,0.08193949627770239,0.04184475727866515,0.04464818710447103,0.06351969018899477,0.022707680543076654,0.05675509572029126,0.17923620343267668,0.15060289983734076,0.05090170752016394,0.0897454846218487,0.08974533835558635,0.17491394281400674,3.5528140665514347,1.3409749217301459,1.3409686061710016,2.0895128838735144,2.0896437575829956,1.9693903537497692,1.969397054767406,1.0057291719583767,1.0731089667215479,1.5266812277437167,0.5457739089653612,1.3640957466442212,4.307901161018743,3.6197062570886267,1.2234108998314885,2.157012199512857,2.1570086840366898,4.204016615481671
middleEast_female_loPoly_0046_grp.fbx,middleeast,female,0046,False,0.04265829548687615,0.15001301467434514,0.05604601789519725,0.0560457492703339,0.08609153744075128,0.0860993888554127,0.08469522628373823,0.08469532472312334,0.04369829967768649,0.042791069980422695,0.062294730917219904,0.026734096208166212,0.056803379207974715,0.17813280969900303,0.15385154080910815,0.05222931879519234,0.08835860382297643,0.08835841422378748,0.17502435296774105,3.51661999060644,1.3138363184820605,1.3138300213513314,2.018166372053881,2.0183504256962452,1.9854339072172906,1.9854362148431344,1.0243798815433285,1.0031125128660472,1.460319269821386,0.6267033387771195,1.3315904576039685,4.175807018679537,3.6066031015336906,1.224364879071662,2.0713111673709514,2.0713067227679316,4.1029382672260635
middleEast_female_loPoly_0047_grp.fbx,middleeast,female,0047,False,0.042174527431181705,0.14488668739824156,0.05317441293362384,0.05317400185937364,0.08676678834234125,0.08677107354931604,0.08404070662345764,0.08404095951571577,0.03896462731309831,0.045963360110980525,0.06212841905707846,0.023372556823434653,0.05793854221701634,0.17796712368768902,0.1568618779490444,0.05437941687775388,0.0895983890769033,0.089598287441025,0.1748818159105038,3.435407489382316,1.2608182277890654,1.2608084808096625,2.0573268659363873,2.057428472456621,1.9926887565151994,1.9926947528422134,0.9238900750382765,1.0898369919136912,1.473126620291277,0.5541865729633326,1.3737804723848435,4.219777541742155,3.7193511700872954,1.2893900700247918,2.1244669361880937,2.1244645263003132,4.146621825125776
middleEast_female_loPoly_0048_grp.fbx,middleeast,female,0048,False,0.042986683568863586,0.14851079881194412,0.05504915806500242,0.05504854145540632,0.08766722640260675,0.08767173481611042,0.08147994076890515,0.08148042479038152,0.042188324035383105,0.04695463726788516,0.0667848549790083,0.02233797515503483,0.05748090334248995,0.1802634671334859,0.15177536368929098,0.05318971229763861,0.08754135152334785,0.08754106090779389,0.17482896149158733,3.454809407988722,1.2806095631177281,1.2805952189175036,2.0394042788196503,2.0395091581248064,1.8954693408338035,1.8954806006341924,0.9814277476837326,1.092306578912165,1.5536172934118222,0.5196487214290434,1.3371792976400934,4.193472307411396,3.530753039976919,1.2373532424856648,2.036476049219029,2.0364692886241227,4.06704930403658
middleEast_female_loPoly_0049_grp.fbx,middleeast,female,0049,False,0.043689565750513235,0.14515451341874655,0.05224894940282236,0.052248404063248016,0.08432905781973941,0.08433342133596927,0.0785970780542444,0.07859743474606015,0.049371061862876715,0.04764826153562425,0.06955820694629618,0.02325255104739529,0.05771574378062867,0.17957373708535584,0.159898014038777,0.055028372032399527,0.08753742478522258,0.0875373864330588,0.1738066822290453,3.322406870501829,1.195913681110657,1.1959011989638335,1.9301875944772644,1.930287469954507,1.7989896833277885,1.798997847561276,1.130042402911655,1.0906096391004874,1.5921011287570204,0.532222068312092,1.3210418274745765,4.110220232235802,3.6598673228263574,1.2595312195739343,2.003623137046041,2.0036222592125554,3.9782194957386032
middleEast_female_loPoly_0050_grp.fbx,middleeast,female,0050,False,0.04568146730639999,0.14587550610454952,0.05204391564657236,0.052043373243064794,0.08235268268123178,0.0823569034574602,0.07653935106395159,0.07653971373535927,0.04817325063316211,0.04070921363380177,0.06926474720298344,0.02146113243891737,0.05880515649926824,0.18111424893185363,0.14969194999733063,0.05403485437436435,0.08627630386014747,0.08627527678501547,0.17369574308448565,3.193319188416531,1.1392785458815808,1.1392666722807632,1.802759139255891,1.8028515350670877,1.6755011512782207,1.6755090904147911,1.0545469196523163,0.8911538099411792,1.5162548684875412,0.4697995424483805,1.2872869451596975,3.964720478811753,3.276863875525266,1.182861618956667,1.888650013833074,1.888627530423662,3.8023240785908556
middleEast_female_loPoly_0051_grp.fbx,middleeast,female,0051,False,0.04320624659393767,0.14356982707989865,0.051622440540398135,0.05162202885533393,0.08434853811632112,0.08435288054564347,0.08024553546960085,0.08024606919998052,0.04159532115290453,0.044802490157438944,0.06598071754044058,0.02229111496402405,0.05624179728341926,0.17801465839190542,0.15151356689666146,0.04978746399167735,0.08424754604751909,0.08424739952757894,0.17383785545842342,3.32289514590798,1.1947911380860692,1.194781609716987,1.9522301696106181,1.9523306742752133,1.857266987891057,1.857279340974737,0.9627154504724053,1.0369447403868044,1.5271106088094777,0.515923430552094,1.3017052328565526,4.120113928546687,3.5067514269550215,1.1523209701502537,1.949892728227404,1.9498893370524766,4.023442653841051
middleEast_female_loPoly_0052_grp.fbx,middleeast,female,0052,False,0.0432835072603834,0.1441008895742428,0.05207201274388212,0.052071189481915386,0.08489494794282823,0.08490040683389813,0.07842568815336949,0.07842686475670382,0.04525043072204535,0.04480822520921183,0.0715491212926274,0.02490129825342356,0.057278374211597316,0.177867159247919,0.15199700283956322,0.05487710876342323,0.08750537389262861,0.08750576526700404,0.17318597436011848,3.3292332044019846,1.203045132886971,1.2030261126638226,1.9613694295178112,1.961495548943325,1.811906962196455,1.8119341458377263,1.0454427930211245,1.0352263031656859,1.6530342807528215,0.5753068507970762,1.323330243712093,4.109351817954861,3.511660964190933,1.2678526357232431,2.021679374691539,2.0216884168048104,4.001200118055877
middleEast_female_loPoly_0053_grp.fbx,middleeast,female,0053,False,0.0477543790375565,0.14831709861910064,0.0517294541038928,0.051728755355421874,0.08489976460992503,0.08490468553293604,0.08305960301730092,0.08306064141816125,0.04688826390164834,0.04251952992777346,0.06679917872032541,0.02213983373593972,0.05936821922711967,0.17806369811346223,0.1581164442601202,0.05404054294306666,0.08551257440904877,0.0855126187039792,0.17329297214750836,3.1058324201526406,1.083240011627208,1.083225379493255,1.7778424999130549,1.7779455464421938,1.73930861821025,1.739330362830979,0.9818631264113601,0.8903797051645027,1.398807398747476,0.46361892212079264,1.2431994808356621,3.728740729167974,3.3110354997134253,1.131635339673591,1.790675036142702,1.7906759637001601,3.628839399444852
middleEast_female_loPoly_0054_grp.fbx,middleeast,female,0054,False,0.04744153845284471,0.14149951934982286,0.048643571701510256,0.0486431284072421,0.08340845309302135,0.0834131728484183,0.07851492948372449,0.07851566167472372,0.042272429920495014,0.04260050287402862,0.07516609504904584,0.022844786735677428,0.060773482546719174,0.17724778503306735,0.1589211926246558,0.059718646022679546,0.08397619715675803,0.08397672051160901,0.17183104157506288,2.9826081523572134,1.02533714731575,1.0253278033045183,1.7581312877516933,1.7582307734671838,1.6549827860613264,1.6549982196038107,0.8910425609935138,0.897957871167523,1.5843941301304636,0.48153553785749115,1.2810183760614333,3.736130631793184,3.3498321894138843,1.2587839258635733,1.7700985232641124,1.7701095548382992,3.621953401571434
middleEast_female_loPoly_0055_grp.fbx,middleeast,female,0055,False,0.04971489873208776,0.14809222519844265,0.05134181514720461,0.05134081101970019,0.08902563751567526,0.08903182683169666,0.08178333894459011,0.08178438627542184,0.04653332757500107,0.04806781493327079,0.07683194428726581,0.02203502106003318,0.061261357740077,0.18504317850124224,0.15988891973474217,0.058856296427603684,0.0873083741314735,0.08730909907628,0.17452748864970447,2.978829867410726,1.032724926664022,1.0327047289460334,1.7907235011265337,1.7908479973274565,1.6450468779051186,1.6450679446448373,0.9360036681512298,0.9668694125740241,1.5454510870335083,0.4432277168818006,1.232253495480556,3.7220870045101555,3.2161167740958145,1.183876421930952,1.7561812727805395,1.7561958548238499,3.5105671157096863
middleEast_female_loPoly_0056_grp.fbx,middleeast,female,0056,False,0.05077595080656154,0.1474691554945971,0.05085873145683076,0.05085687152054601,0.08699773633411155,0.0870033151128586,0.07962914342190586,0.07962981793397866,0.04551040941182057,0.04734703539156521,0.07820877060550809,0.02275038532165235,0.06091775372675609,0.18592388183144135,0.1557842680964849,0.05729860093020845,0.08525630497858423,0.08525688440830052,0.17445160448635963,2.9043110597062487,1.0016303121646029,1.0015936819045053,1.7133649877979091,1.713474858290897,1.5682452451804358,1.5682585292659545,0.8962985170912737,0.9324696955836577,1.540271907530711,0.44805434384327514,1.1997363468156657,3.6616523940584735,3.0680719045511924,1.1284594383765634,1.679068606777659,1.6790800182767462,3.435713201136473
middleEast_female_loPoly_0057_grp.fbx,middleeast,female,0057,False,0.046329801941652975,0.1394383013278314,0.048074090135733445,0.04807299821808426,0.08648546021991492,0.08649034892451686,0.0842741959961785,0.0842751376061104,0.042076112713003745,0.05039124348321253,0.06175940111420604,0.02168803352941543,0.058840017766277536,0.18082060665011127,0.15959353138508825,0.05593840905313514,0.08579351504218341,0.08579386626102549,0.17384263128065885,3.0096891306256346,1.0376493773117614,1.0376258089474812,1.8667349437157825,1.866840463368297,1.8190061788373733,1.8190265029029302,0.9081867599173797,1.0876636931596313,1.3330383149918246,0.4681227335426342,1.2700252386224256,3.902900488930082,3.4447272532284474,1.2073958167052623,1.8517997368136911,1.8518073176542593,3.7522852245212173
middleEast_female_loPoly_0058_grp.fbx,middleeast,female,0058,False,0.04826718949205798,0.1472156795969427,0.051443463969450154,0.05144968195163352,0.085307829720062,0.08528160550152111,0.0810235535424596,0.08103013641674309,0.04401907542655119,0.04421764288820915,0.06780129335710451,0.025381265288326994,0.05901844240777901,0.17956090721914486,0.16171154246405028,0.05750703579477678,0.08569522433521361,0.08570807818262219,0.17750056943164627,3.050015572610997,1.065806078846062,1.0659349030483574,1.767408266729489,1.7668649531697633,1.6786466002084386,1.6787829842480473,0.9119875403931321,0.916101462578111,1.4047077128503769,0.5258492478105298,1.2227445399009627,3.7201442451645197,3.3503409700425744,1.1914312061662333,1.7754343113206155,1.7757006174292547,3.6774581511702213
middleEast_female_loPoly_0059_grp.fbx,middleeast,female,0059,False,0.04806996137435952,0.15104474156049053,0.054234537779445674,0.05424347824584527,0.08700655387986259,0.08696330533053942,0.08295253925280034,0.0829691113922207,0.04198434010500931,0.044309671127122544,0.0622565359087101,0.02229790539856764,0.0566493440431214,0.1798431128605054,0.15582012827738045,0.050421599354725184,0.08597210278939055,0.08604782673853396,0.17944613953151273,3.1421856236618004,1.1282417590702358,1.1284277477031364,1.8099984146496906,1.8090987145441224,1.7256626983072045,1.7260074487281856,0.8734007455933536,0.9217746355576913,1.295123485202501,0.46386360132299437,1.1784770035895664,3.741278497395123,3.241528052495894,1.0489211539416803,1.7884787158420312,1.79005400209104,3.733020256330582
middleEast_female_loPoly_0060_grp.fbx,middleeast,female,0060,False,0.05060578140072473,0.15556497131527047,0.05599840020122849,0.05600052426918776,0.08768620185095093,0.08777570344613712,0.08150203776720841,0.08151396858468174,0.047386265239832935,0.04302765888725732,0.06359161000706373,0.025078771008919132,0.054714605212776844,0.18102221936807666,0.1521736537444315,0.049599675800630884,0.08397189773163426,0.08398042337675171,0.17874605969803453,3.074055315605553,1.1065613187118288,1.1066032915437953,1.7327309138179847,1.7344995179716776,1.6105281948287675,1.6107639547981445,0.9363804673739178,0.8502518427003505,1.256607609780985,0.49557126309998994,1.0811927747842913,3.5771055076620994,3.007040886088407,0.9801187616860031,1.659334080165625,1.659502551926785,3.532127254050754
middleEast_female_loPoly_0061_grp.fbx,middleeast,female,0061,False,0.04356400115118433,0.14696472887676434,0.05425602341934744,0.05426003377007614,0.08624170910582322,0.0862628125256703,0.08166221724250135,0.08167031950474317,0.04358138900978818,0.04412350332156747,0.0702530042358696,0.023147617436303967,0.059441411868855744,0.18332511187964612,0.15654246237365577,0.0548142375301138,0.08520318096404154,0.08522532312813472,0.17697553345679765,3.373536061729926,1.2454325127542247,1.2455245692830728,1.979655376615439,1.9801397999762278,1.8745343651769069,1.8747203504406043,1.0003991336457712,1.012843222743509,1.612638930755324,0.5313473699528327,1.3644617183479202,4.208178932955112,3.5933903736342185,1.2582461684335813,1.9558162407615587,1.9563245082188183,4.062426057758618
middleEast_female_loPoly_0062_grp.fbx,middleeast,female,0062,False,0.046463442981720504,0.1501339152800658,0.054381463933496715,0.05438356370794956,0.08588199091507111,0.0859033296989341,0.08083448091711327,0.08084180338638307,0.049249401196028844,0.04365231751078274,0.0717716151957186,0.020212771062927966,0.057583067567310436,0.18031721563054398,0.15335740386901392,0.052564082982051764,0.08802054525465033,0.08801901203703068,0.17531672128494208,3.2312266514371526,1.1704139952541033,1.1704591872226293,1.8483776793910542,1.848836939026019,1.739743672222373,1.7399012685776984,1.059960218949,0.939498123889706,1.5446899882979994,0.43502525352845695,1.2393198581939908,3.880840593356024,3.3006035288720916,1.1312997834175,1.8944042801408214,1.8943712817764888,3.773218471001269
middleEast_female_loPoly_0063_grp.fbx,middleeast,female,0063,False,0.0434942655541475,0.1461773813006115,0.053380145482316725,0.05338255455890965,0.08537871725328873,0.08539923117564988,0.08035256942509202,0.08036094087592817,0.04388117997343788,0.0459382992648783,0.06513681766580826,0.020262479370704533,0.057165689767564996,0.180109418936744,0.15071482667020078,0.051954272619695,0.08685763914941765,0.08685688270298478,0.17554793519839304,3.3608426177154382,1.2272915705603065,1.2273469589330548,1.9629879057734136,1.9634595523709544,1.8474290438370167,1.8476215163556233,1.0088957570466086,1.0561920906030275,1.4975955297996053,0.4658655368137916,1.3143270506866582,4.140992304204324,3.4651654591700307,1.1945085623992282,1.9969905927319451,1.9969732008660697,4.036116783713646
middleEast_female_loPoly_0064_grp.fbx,middleeast,female,0064,False,0.043901152928437166,0.14060765506318956,0.05030901968883059,0.05031185107736055,0.08403043438749246,0.08405194245364436,0.07935331406880411,0.0793600463573373,0.04347017799363901,0.044287391945310256,0.07010321053281594,0.024120752988160698,0.05720606818910921,0.18009238690942564,0.1519329545913252,0.05386534622017337,0.08880034034623437,0.08881519604416456,0.17587017281479003,3.202823745708745,1.1459612409459685,1.1460257355740384,1.9140826329656908,1.9145725532688538,1.8075451047528788,1.8076984558173523,0.9901830611259644,1.0087979242254228,1.59684212956982,0.549433246718593,1.303065281277698,4.102224540731139,3.460796458785253,1.2269688294514436,2.022733673782712,2.0230720634818256,4.006049068949835
middleEast_female_loPoly_0065_grp.fbx,middleeast,female,0065,False,0.04232953305403264,0.14812045546306427,0.054673454464559804,0.05467540210308437,0.08370773252041713,0.0837321461025928,0.07855801510782177,0.0785643896203792,0.05012032567252525,0.04274473114897921,0.06609622471097738,0.021911179098124334,0.056871538981951485,0.18479098382072787,0.1526770491822639,0.05592498828562312,0.09100599283515916,0.09102135168531582,0.1816741154905115,3.4992225232910563,1.2916148731140134,1.2916608844537105,1.9775255355065269,1.978102286073194,1.8558677462268327,1.8560183387823728,1.1840509936300938,1.0098087095460415,1.561468316378712,0.5176333759731117,1.3435427910191289,4.365533245661996,3.6068682587964127,1.321181318353694,2.1499408632500665,2.1503037033063706,4.291899824612022
middleEast_female_loPoly_0066_grp.fbx,middleeast,female,0066,False,0.04408330845581665,0.14927407357853645,0.055007896743171705,0.05501006633647657,0.08521176946448006,0.08523403995753687,0.08017359129546749,0.08018183268429052,0.03998216279342807,0.04377857511994994,0.06834959347057855,0.023690774977112493,0.0581383202226192,0.18045450002990615,0.1544026797447649,0.054165791178850155,0.08721702120328378,0.08722323360026317,0.17659723772089805,3.386181273761457,1.2478168873895759,1.2478661031444924,1.932971286623943,1.9334764776778117,1.8186836266117146,1.818870576936264,0.9069682878611746,0.993087330635083,1.5504642429250348,0.5374091874446545,1.3188284241617088,4.093488133059935,3.502520231654527,1.2287142929197084,1.978459064402998,1.9785999884215666,4.005988749639697
middleEast_female_loPoly_0067_grp.fbx,middleeast,female,0067,False,0.043197248168110804,0.14968685064737974,0.055781578988500495,0.05578366554553397,0.08589831099092742,0.08592149713336553,0.08107934879476232,0.08108770107329107,0.045650702248823005,0.04739382029869382,0.06456334253301634,0.018763484535292363,0.05584277026476356,0.1802303940161638,0.15197279039278866,0.052736130210981495,0.08683404276064682,0.0868402739086175,0.17654196931407198,3.4651941268305606,1.2913225113649653,1.2913708143731883,1.9885134964300692,1.9890502468811135,1.8769563394229578,1.877149691520208,1.0567965364637137,1.0971490617701205,1.4946170247177566,0.43436758893229677,1.2927390663275622,4.172265634022818,3.5181127696226366,1.2208215209855084,2.0101753339174437,2.0103195826424187,4.086879993536239
middleEast_female_loPoly_0068_grp.fbx,middleeast,female,0068,False,0.04506732526105873,0.1488164589107847,0.05413640255068866,0.05413818980198624,0.08710448905604956,0.0871313135365536,0.08457825702558033,0.0845858556584894,0.041628102048563174,0.04748960782372941,0.06600633005175036,0.021040172618937494,0.05572069622632736,0.18140059710653877,0.15256834698486915,0.05094452337188794,0.08610466152002229,0.08610260751242221,0.17605343473823343,3.3020921043959177,1.2012339813178627,1.2012736386813123,1.9327636719393648,1.9333588810037734,1.8767090466463021,1.8768776529007238,0.9236869906839739,1.053748087969261,1.4646160975695703,0.4668609130242227,1.2363879130513626,4.025102356435636,3.3853428420944853,1.1304092949112186,1.9105784738998621,1.9105328974741884,3.906454037785014
middleEast_female_loPoly_0069_grp.fbx,middleeast,female,0069,False,0.045008527134095005,0.14756764473885764,0.053572495258316095,0.05357410172829647,0.08784674868925955,0.08786948991179593,0.08579286997519658,0.08579892912979994,0.04409414723345846,0.04758658245429889,0.06350959942123494,0.02594747597859275,0.05619603768044803,0.17834407098575739,0.15381924708813666,0.05158461102165939,0.08564959365049517,0.08564695124477331,0.17595084021808477,3.2786597148403844,1.1902743473188147,1.1903100398882602,1.9517801244092168,1.9522853891664618,1.9061470223096124,1.9062816446798425,0.9796842963131784,1.057279264271924,1.4110570477460689,0.5765013349867415,1.2485642445712963,3.9624507252684036,3.41755789141598,1.146107511316069,1.902963707195244,1.9029049981929702,3.909277895139073
middleEast_female_loPoly_0070_grp.fbx,middleeast,female,0070,False,0.04498254137527886,0.1437375471213943,0.05159378050556059,0.05159552839990658,0.08348619726508182,0.08350840176098531,0.07659021770245483,0.07659811381940025,0.04545372276255997,0.043141661573108066,0.06539157894209706,0.020576533893281873,0.05740398541146301,0.1802084073628803,0.1513750839192214,0.05374119720229483,0.08707844945758779,0.08708860645598115,0.17652592075300935,3.195407434235995,1.146973446322779,1.1470123034947517,1.8559688873195477,1.856462512073166,1.7026654199788425,1.7028409573474306,1.0104747613824252,0.9590756825673151,1.4537101938405472,0.4574337790658969,1.276139223272312,4.00618555228891,3.3651963470968513,1.1947123385925342,1.935827696597055,1.9360534952754493,3.9243207554747683
middleEast_female_loPoly_0071_grp.fbx,middleeast,female,0071,False,0.04691470228714898,0.1412887275533584,0.049298103640626874,0.0493001664260748,0.08417896649336744,0.08420109718367913,0.08247628621060872,0.08248343503634424,0.047098779839425266,0.04442877194364495,0.06850943089265897,0.025217382273763994,0.053539793938932455,0.1719298586402412,0.15912991335684593,0.052028182850182264,0.08588095599486913,0.08587777586726017,0.17097028352107194,3.0116087423634923,1.0508028664210614,1.0508468352697882,1.794298213343368,1.794769935196706,1.758005106923611,1.7581574861434932,1.003923664508188,0.9470116994819984,1.460297679676959,0.5375155557721959,1.1412156814133347,3.6647330209603988,3.3918986074528554,1.1089952683006576,1.8305765955674391,1.83050881025806,3.6442794089285875
middleEast_female_loPoly_0072_grp.fbx,middleeast,female,0072,False,0.0468390695848962,0.14540540430287327,0.05140349829783909,0.051405325831173056,0.08744904659190843,0.08746632781910671,0.08593889334823221,0.08594688318700865,0.03856960858571995,0.046641777489475816,0.060770374960532406,0.02133346573856691,0.05380135774667111,0.18155308069806597,0.15684554742872373,0.05328947217119166,0.08626842667648403,0.08626457427551598,0.1775206104586982,3.10436149973741,1.0974491755151077,1.0974881928002536,1.8670107533499638,1.867379702335318,1.834769437349033,1.8349400179956439,0.8234495033214145,0.9957878733038711,1.2974291654189587,0.45546305525774433,1.1486427510938428,3.8761034817098476,3.3486051029352724,1.1377141485401212,1.8418048744568207,1.8417226268587752,3.7900114590649725
middleEast_female_loPoly_0073_grp.fbx,middleeast,female,0073,False,0.04237684050390615,0.13647456469682304,0.04812417050363404,0.04812630016962088,0.08336625382916663,0.08338671897469359,0.07996677308161552,0.07997355999211712,0.04285278341464616,0.046137552541121424,0.06467331675566303,0.024091047619213896,0.05410612188399987,0.1762702316202001,0.15783167280751345,0.05457192237720476,0.08432654687876324,0.08432250655853354,0.17289637787717488,3.2204988166648074,1.135624315814628,1.1356745712362573,1.9672597776958434,1.9677427100070684,1.8870395275042853,1.8871996836277927,1.011231203295964,1.0887445121556105,1.5261476784637038,0.5684956059193055,1.2767851789000777,4.159588811345011,3.724479478194347,1.2877770435050369,1.989920576334385,1.9898252336853897,4.079973301955767
middleEast_male_loPoly_0001_grp.fbx,middleeast,male,0001,False,0.03892554099284064,0.13881247120943896,0.05122302242109446,0.05171138262104954,0.08011452548515571,0.08035185307511451,0.08308848090322858,0.08322648416573875,0.03939032554633511,0.03557965724253906,0.06090875508482375,0.023270061341423738,0.054895951899445294,0.17503793718055183,0.1520856561715387,0.05237818664794005,0.07929329378083103,0.07919508117349869,0.16981239293254177,3.5661025555166974,1.315923198871292,1.3284692081880258,2.05814802933351,2.0642449925074438,2.134549161911728,2.138094475836473,1.0119403492318826,0.9140440013173621,1.5647503806312253,0.5978095807506869,1.4102810262686396,4.496737430386532,3.9070916496577657,1.3455994524924826,2.037050526681569,2.034527437603619,4.362492815803753
middleEast_male_loPoly_0002_grp.fbx,middleeast,male,0002,False,0.041070285498469875,0.1405052321469908,0.05128963091197285,0.05178100253536201,0.07912888042604532,0.07926936422834739,0.08414206583340686,0.0840801564171437,0.04678304499160821,0.03238223938014525,0.06493492623173776,0.021415646511775507,0.061872904638311944,0.1743233970896302,0.1585652016348458,0.05756285589416468,0.08308014195073461,0.08244526141863313,0.16882946513356936,3.421092170207229,1.2488257700055119,1.2607899338145867,1.9266698408754273,1.9300904112609754,2.0487334045082712,2.04722600285494,1.1390971458757249,0.7884590766078724,1.581068294111493,0.5214389491539662,1.5065126498966532,4.244513885741672,3.8608254047991304,1.401569411936746,2.022877146881043,2.0074187558716807,4.110744862970561
middleEast_male_loPoly_0003_grp.fbx,middleeast,male,0003,False,0.04021296183138807,0.13864359244922786,0.05094570889230711,0.051400983642147645,0.08237430127812469,0.08255324164575081,0.08549984632082225,0.0855738736798902,0.045996690352463995,0.038536820972089623,0.06837668611814597,0.019903655214601454,0.05903901059281783,0.17848011504781072,0.1677007524520985,0.06018354215864297,0.08323981229105093,0.08300641875176212,0.17023506122344897,3.447733917997807,1.2668977009433222,1.2782192930147913,2.0484514824726925,2.0529013006277546,2.1261762980633194,2.128017181094476,1.143827468996861,0.9583183932999897,1.7003643353814049,0.49495621083711705,1.4681587205729065,4.438372776324543,4.170315858733896,1.4966204780187802,2.0699746673740016,2.064170729323693,4.2333380450124585
middleEast_male_loPoly_0004_grp.fbx,middleeast,male,0004,False,0.039672053765744154,0.13836972857828522,0.050989213896735164,0.05146676831461787,0.07935980585951838,0.0795450883257152,0.08326561850768754,0.08331669633684616,0.04686039121559513,0.03623979946461878,0.06697964101978532,0.022418851066298946,0.061418309287125536,0.17774939116466568,0.1592104813001447,0.056534727198009234,0.08194837702077215,0.08190813920377711,0.16949424048243572,3.487838804497792,1.2852678159244455,1.2973053681193123,2.000395702428787,2.0050660546946637,2.0988481967521775,2.100135698262944,1.1811939833590852,0.9134843302695601,1.688333087449599,0.5651043729341049,1.548150485220373,4.480468599237176,4.013164587854512,1.4250516883203457,2.0656449374832357,2.0646306764814577,4.272383816660126
middleEast_male_loPoly_0005_grp.fbx,middleeast,male,0005,False,0.04611345747852701,0.14208230155404544,0.04997152657958072,0.05038563996345605,0.08039066885496178,0.08053213675487524,0.08326048901942369,0.08328399504945633,0.049526108624970054,0.034539278458975115,0.06559363018678314,0.019337442114412937,0.06598349390874744,0.18550237381210416,0.1569825537006908,0.057357698593002826,0.08121611941263344,0.08095242030647122,0.17071423603676927,3.0811461409114,1.0836647111713589,1.0926450263877612,1.7433233865059055,1.7463912089518656,1.8055572835369025,1.8060670269245802,1.074005536193684,0.7490064798341899,1.4224400809097253,0.4193448761333397,1.4308945266026305,4.022738349178965,3.4042676972072763,1.2438386043751275,1.7612238130366213,1.755505328225869,3.702048065171936
middleEast_male_loPoly_0006_grp.fbx,middleeast,male,0006,False,0.0439000253633113,0.14136790884914183,0.05044225629797954,0.05075211575073054,0.08241781599535433,0.08260011265000033,0.08605740545202477,0.08621335592519888,0.04898855702375031,0.03720813352058917,0.060608673509573274,0.021093031422422328,0.06529014782042998,0.18141721586246826,0.16201144040484727,0.05911780171096101,0.08268468591153087,0.08243374463343518,0.17057414202584376,3.2202238536127967,1.149025675509878,1.156083973316921,1.877397912945937,1.881550453932812,1.9603042308022396,1.9638566313278312,1.1159118159574382,0.8475651941578429,1.3806067993807116,0.4804787980840319,1.4872462437116292,4.1325082243365765,3.6904634806941496,1.346646185775731,1.8834769508045248,1.877760751872544,3.885513518823572
middleEast_male_loPoly_0007_grp.fbx,middleeast,male,0007,False,0.03654781296076078,0.139034964341966,0.052860147608222066,0.05329179450945688,0.08026658241459783,0.08044405363611394,0.08405937376443258,0.08412550569567079,0.04033627286272006,0.03806111189393031,0.062287636320558254,0.02144149401920628,0.061591906826725946,0.17845629663601528,0.16005517656964335,0.058604250707877385,0.08512323759676796,0.0849619498502903,0.1706373976051857,3.804193823888712,1.4463286124664934,1.4581390839083346,2.1962075405380697,2.2010634048741013,2.2999836913547234,2.301793154791269,1.1036576362592947,1.0414060051909062,1.7042780750638291,0.5866696877929943,1.6852419293283984,4.8828173884881485,4.379336644342716,1.6034954203907439,2.3290925147329533,2.3246794532277186,4.6688812211113415
middleEast_male_loPoly_0008_grp.fbx,middleeast,male,0008,False,0.042491066542821615,0.1410497215086695,0.051840395932519406,0.0518019379019493,0.08459946616735908,0.08446251047418539,0.08757554271325876,0.08737287074691659,0.04199468299340766,0.03839006035084555,0.061849661191402144,0.018797573437878086,0.059627571463645224,0.17884873930513626,0.16073402838665163,0.05825558443085959,0.08683491282739207,0.08648708333428551,0.17149648817993568,3.319514735327308,1.220030471117399,1.2191253860324824,1.9909941794965653,1.9877710150924506,2.0610342323368593,2.05626447758999,0.9883179315135875,0.9034854493980952,1.455592109674897,0.4423888352845717,1.4032966530400877,4.209090377265447,3.782772273429927,1.3710078181292724,2.0436039829661996,2.035418038921796,4.036059862303175
middleEast_male_loPoly_0009_grp.fbx,middleeast,male,0009,False,0.0401829718595052,0.13570732771162744,0.04923618307586885,0.04974267246476285,0.0803175486120546,0.08029251745298178,0.08462479012657004,0.08467501143883625,0.04255101744562686,0.03862341628014944,0.06169944581800669,0.016436796589284083,0.060939020497278604,0.1767162117738156,0.16314454184101748,0.058683849341904876,0.08513112333737201,0.08504837466549327,0.16669093797403126,3.3772347198736656,1.2252996928155808,1.2379042704626715,1.9987956314648652,1.9981727019523259,2.105986347213197,2.1072361629919256,1.0589315691831165,0.9611886451602297,1.5354624847990632,0.40904880422367246,1.5165384160819255,4.397788505829833,4.06004171148496,1.4604158584159905,2.1185870381867837,2.1165277412246764,4.148297904815142
middleEast_male_loPoly_0010_grp.fbx,middleeast,male,0010,False,0.04205049403179276,0.1451415148728484,0.0538935994695671,0.053871650255790285,0.08563792370926296,0.08553188011531766,0.08839143990309016,0.0882105266207182,0.04325166114283809,0.03819332965060637,0.06162332017821234,0.018030334629985736,0.059598777442696454,0.17510806503326667,0.16434254491855146,0.05895616534532611,0.08570602146226322,0.08545263946879827,0.17137016611068842,3.4516007056448017,1.281640102226153,1.2811181294341039,2.0365497643027792,2.034027948652644,2.1020309496544987,2.097728662926662,1.0285648751269647,0.9082730305553574,1.4654600759653698,0.4287781878698903,1.4173145599106665,4.16423324065763,3.908219123283032,1.4020326443906135,2.038169192434795,2.032143532111438,4.07534251514672
middleEast_male_loPoly_0011_grp.fbx,middleeast,male,0011,False,0.040627152776493314,0.14718982971365002,0.055303335479488014,0.055561383566781114,0.08088066448317194,0.08097054686046876,0.08159537349988509,0.0815978840738218,0.040181123813092655,0.039202186533397486,0.059969008655315785,0.018261622592404665,0.05050373121288972,0.17666658507356867,0.15031422196170283,0.05000830234769265,0.0827695522741024,0.08258501354836482,0.17063079115683516,3.622942285013224,1.361240739259638,1.3675923555964442,1.9908031687115697,1.9930155407621364,2.008395073825991,2.0084568692944185,0.989021407287524,0.9649257664957436,1.4760819933710339,0.44949304453771016,1.2431028945279905,4.348485507844575,3.6998463266338946,1.2309083686668594,2.0372964044379818,2.032754153427856,4.199919991822842
middleEast_male_loPoly_0012_grp.fbx,middleeast,male,0012,False,0.04057042289584664,0.14065882084695716,0.05156349554190917,0.05192312037519008,0.07971213888004061,0.07985778706652373,0.0831267360743967,0.08315422628435531,0.05130628313525206,0.03624986028793095,0.06811735409432094,0.020075974493289885,0.06093894046398114,0.17989308279001007,0.16116676535959715,0.058784192351730574,0.0835201654045325,0.08335368613228562,0.16997524462194072,3.467028707293977,1.2709627324882515,1.2798269445819765,1.9647845201091327,1.9683745291868548,2.0489492132680414,2.0496268056616227,1.2646228329186209,0.8935046198801639,1.6789904869661685,0.4948426232782785,1.5020533707628596,4.434094346313222,3.9725187428622157,1.4489420655693621,2.058646655445211,2.05454319138534,4.189634529033755
middleEast_male_loPoly_0013_grp.fbx,middleeast,male,0013,False,0.04017889393161068,0.13807811581368776,0.05007560803133769,0.050504686896837764,0.07813285132230044,0.07830133045997123,0.0796991597744942,0.07980404878341307,0.04567216672080951,0.034781085505228786,0.0654613854951812,0.021605321596282555,0.0566938631541184,0.17701822048608581,0.1534119630694536,0.055111305053426554,0.08262212126045526,0.08251978536974959,0.16804855735880098,3.4365832979054467,1.2463162404762165,1.2569954509649477,1.944624246135097,1.9488174710147457,1.9836076102580569,1.9862181601924929,1.1367203586676389,0.8656556241799584,1.62924807254785,0.5377281324134362,1.4110359347028865,4.405751457155396,3.81822265517262,1.3716481381302492,2.056356289973738,2.0538092838047812,4.182508300124933
middleEast_male_loPoly_0014_grp.fbx,middleeast,male,0014,False,0.04153628267604401,0.13531317228654685,0.047839898457060215,0.048352573996347056,0.07806028164974187,0.07824048633769523,0.08224048133995882,0.08234058308388426,0.040009132270057424,0.03464595258694879,0.06278998755318964,0.01783230972120599,0.05480619304138187,0.17465564901448016,0.15663277653160707,0.0580819748687205,0.08189800433033194,0.08182217584700523,0.1695042259017873,3.257710213066046,1.1517616737679754,1.1641045101090457,1.8793275811068912,1.883666069684669,1.9799672970588407,1.9823772802705346,0.9632333394421121,0.8341129815868378,1.5116901058024546,0.42931886467275865,1.3194775629979825,4.204893595719208,3.7709868683541288,1.398343114180971,1.9717220476633188,1.9698964513787856,4.080871348642583
middleEast_male_loPoly_0015_grp.fbx,middleeast,male,0015,False,0.042507780244620375,0.1393161292800371,0.04978273092164263,0.04984137211001097,0.07899419117210017,0.07935882864885198,0.08073371661923429,0.08091239890659975,0.04779666671425191,0.03824921055432598,0.06411041160871248,0.019678152688832808,0.06795359868961304,0.17735508337787442,0.16097689855322625,0.05931363642465991,0.07950780572544613,0.07944145831025025,0.16911809753339513,3.2774265905749904,1.171143979646948,1.1725235197695063,1.858346653659888,1.8669247886425528,1.8992691727169555,1.90347269231589,1.1244216103309905,0.8998167002419906,1.5082041743834895,0.462930611186718,1.5986155545775174,4.172296985569361,3.786998465383261,1.3953595337918503,1.870429490034553,1.8688686601155575,3.9785210274488065
middleEast_male_loPoly_0016_grp.fbx,middleeast,male,0016,False,0.040952649277855684,0.13943712504807249,0.050220090801628654,0.050314676539425326,0.08204842529164195,0.08233968287962502,0.08238443676532778,0.08264926483503068,0.04042377653129092,0.04055582582416406,0.06339647493168267,0.01937879058638333,0.0657934683233612,0.17126313853203218,0.15704879625943657,0.057221654743520596,0.0806356096575947,0.08056022379151666,0.16486152443333185,3.404837721291704,1.2262965079718091,1.2286061445756569,2.0034949322804367,2.0106069895738967,2.011699809855171,2.018166499419162,0.9870857501067523,0.9903101884569359,1.5480433146473636,0.4731999254773981,1.6065741651282544,4.18197947024246,3.834887340105675,1.3972638096080892,1.968996171908145,1.9671553663093042,4.02566201064988
middleEast_male_loPoly_0017_grp.fbx,middleeast,male,0017,False,0.04155586099615092,0.13880687597737623,0.049983783437609126,0.050224619913557894,0.0798668172840445,0.0802226059192498,0.08304278528497694,0.08328375660804323,0.04441942464731839,0.038233357889942976,0.05861554098190666,0.01966760886234659,0.05826499967067656,0.17050395109472774,0.1562145057398407,0.05445608394986151,0.08236245493163306,0.08230229191249748,0.16532763163465244,3.340247865162344,1.2028094771574782,1.2086049647295218,1.9219146317637867,1.9304763274350245,1.998341107471428,2.004139840003732,1.068908779231712,0.9200473043618158,1.4105240410573103,0.4732812265439113,1.4020886169600315,4.103006098478396,3.759144967645116,1.3104308909615774,1.9819696417615273,1.9805218792150805,3.9784431767630997
middleEast_male_loPoly_0018_grp.fbx,middleeast,male,0018,False,0.03765156127267414,0.138964525272723,0.05209923628663084,0.05222142365477489,0.07805341663574594,0.07832753232464784,0.08161735363483473,0.08185183340168474,0.05005447931288261,0.035832910558320996,0.06139060133185066,0.022684398925749204,0.058394685427097526,0.1709574686361338,0.15624417548055677,0.05587613433131069,0.08181308046870157,0.08170528719217414,0.16922330805657465,3.6908037960587143,1.3837204760069854,1.386965689857725,2.073045950750353,2.0803262780365643,2.167701706809939,2.17392933081607,1.3294131138516683,0.951697867156626,1.6304928469567948,0.6024822918090398,1.550923346955013,4.540514731860728,4.149739617675615,1.4840323333912622,2.1729000791284037,2.1700371626148813,4.494456599848611
middleEast_male_loPoly_0019_grp.fbx,middleeast,male,0019,False,0.03774859702056427,0.13737817451700693,0.051026649602260984,0.05083442576245064,0.07869326440555349,0.07862830246089497,0.0840765569815942,0.08416749961920068,0.043963459517995095,0.04077260100404392,0.06186179241994515,0.02048193523907879,0.06243871640607919,0.1712355076195998,0.15464724768888174,0.05300145458288495,0.08202989745353849,0.08193251106089296,0.16458830586530154,3.6392921952084087,1.3517495650093498,1.3466573535105852,2.0846672622742464,2.082946352100469,2.2272763391919415,2.2296855052215276,1.1646382379203435,1.0801090430415803,1.638783883444589,0.5425879861951125,1.6540672060491284,4.536208525215281,4.096768089278516,1.4040642240031171,2.173058177734424,2.1704783098629776,4.360117166093324
middleEast_male_loPoly_0020_grp.fbx,middleeast,male,0020,False,0.03780846684937214,0.13711530543965011,0.050913919890179515,0.05089098430497008,0.08025655108089853,0.08090230435082156,0.08287706317106522,0.08349518108169185,0.04200875051693121,0.04127671497546495,0.06661838082432874,0.023125203256709824,0.05712442430066801,0.1697306101866107,0.1644818739524467,0.0612069159724254,0.08096598865285035,0.08116450167549712,0.16490532393846546,3.6265767132508597,1.3466274655626511,1.3460208399276892,2.1227137138524648,2.1397933080210327,2.192023905683483,2.208372569412409,1.111093731578508,1.0917320488003444,1.7619963562588896,0.6116408620545228,1.510889730817441,4.489222238574567,4.350397878013352,1.6188679698722515,2.141477700627654,2.146728191832115,4.361597749928438
middleEast_male_loPoly_0021_grp.fbx,middleeast,male,0021,False,0.040493173366786435,0.13853012512747476,0.050173025661872886,0.05045969425056442,0.07900901564536202,0.0798815139807914,0.08568336891097797,0.08599750261401067,0.04284500509827273,0.03688859125448567,0.06282341243222898,0.02081958021001614,0.05328657018172343,0.17073747750885604,0.15788250276230423,0.0556023511572288,0.08246763926366976,0.08279802354767536,0.1663171097982319,3.421073568936457,1.2390489924661257,1.2461284225244937,1.9511687792334718,1.972715579913337,2.115995408284245,2.1237531036416146,1.0580797091446363,0.9109829679276917,1.55145688047651,0.5141503734822845,1.3159395955227968,4.2164509054975525,3.8989906108915537,1.3731290124778244,2.036581290299957,2.0447403022156934,4.10728762331701
middleEast_male_loPoly_0022_grp.fbx,middleeast,male,0022,False,0.040037307888269424,0.13622388243675232,0.04929304513644568,0.04929304513644568,0.07875253431054792,0.07864345802982776,0.08327175744727311,0.08327175744727311,0.04846017168938358,0.037780416490832656,0.06449894607067108,0.02216127468611605,0.055711131542921066,0.17520268261432648,0.1574483494832005,0.054701603108493244,0.07912884201094342,0.07912884201094342,0.16754326224327087,3.4024236299030663,1.2311778123046107,1.2311778123046107,1.966978762166517,1.9642543961570802,2.079854062107682,2.079854062107682,1.2103753784999611,0.9436302909342709,1.6109711035183936,0.5535156046945181,1.3914804586360296,4.375985595816229,3.9325408671978033,1.366265765449238,1.9763776883242308,1.9763776883242308,4.184678518116837
middleEast_male_loPoly_0023_grp.fbx,middleeast,male,0023,False,0.044739319679928675,0.14512816419199961,0.0511985628234127,0.05139318907369648,0.08269666045467848,0.08298157134844796,0.0891462225116929,0.08943676036436932,0.0482210715140136,0.041111232069552535,0.06320751343814535,0.021808430900601385,0.059631379724492346,0.1783536645231687,0.163777897819608,0.057360062419600476,0.07971141667893133,0.07953531315304128,0.16799457089827682,3.2438616686678903,1.1443750863825009,1.1487253145861518,1.8484112196229605,1.8547794633917027,1.9925699172329259,1.9990639331177218,1.0778230840118683,0.9189060621321025,1.4127955876473022,0.48745557725557603,1.3328629078650176,3.986508194562091,3.660714981615677,1.282095097331885,1.781685936424557,1.77774972266114,3.7549648072463637
middleEast_male_loPoly_0024_grp.fbx,middleeast,male,0024,False,0.03961943071059277,0.14331235260348685,0.053088791709153274,0.052735191243216906,0.08178077283567653,0.08155094425741323,0.08538861282748426,0.08536986876025315,0.05200181641461591,0.03924381499108208,0.06917493870557044,0.025464829438006834,0.05912759155035019,0.17487043142318726,0.1618645526812261,0.05734547269823885,0.08235765169914273,0.0823969294648748,0.17082878255711406,3.6172239235424053,1.339968564842586,1.3310436393806504,2.0641582013900917,2.058357295770268,2.155220589897434,2.1547474870058747,1.3125331556243829,0.990519406443408,1.7459851760837044,0.642735874324375,1.4923887216416176,4.413754268721316,4.085484061181866,1.4474077913216152,2.078718704989452,2.07971008131737,4.3117424832518045
middleEast_male_loPoly_0025_grp.fbx,middleeast,male,0025,False,0.03953610733151436,0.14061018079519272,0.05160650109946476,0.05160649380328533,0.08029001444348652,0.08029205971454742,0.08140080375167238,0.08139656892478767,0.04456183664176213,0.03894316077291073,0.06974903213610827,0.025651814798078532,0.053687695608918604,0.17213302114717102,0.16492674649444206,0.06119505505537486,0.07951385002586583,0.07951385002586583,0.16670076549053192,3.5565003811872975,1.3053005109162341,1.3053003263715248,2.0308022175842053,2.030853949309935,2.0588977834645736,2.0587906705702967,1.127117454131397,0.985002404166103,1.7641856228094335,0.6488199402886431,1.3579408604580545,4.3538181365155095,4.1715474189584265,1.5478270165104517,2.0111704310981846,2.0111704310981846,4.216418275393901
middleEast_male_loPoly_0026_grp.fbx,middleeast,male,0026,False,0.04761790542741061,0.1463405670833241,0.05106203001225663,0.05059581334942602,0.08762330230926069,0.08848180231683235,0.08680817571382123,0.08662817487523312,0.047802251356202995,0.04237600188990269,0.0705137754638266,0.02824791583539783,0.056900706444353785,0.1745418259912072,0.1611501879897923,0.05403662289540297,0.08111486020392727,0.08163974709606069,0.17053072695845278,3.073225623214521,1.0723283511513604,1.0625375663899155,1.8401334859811265,1.8581624185825483,1.823015416882475,1.8192353086023556,1.0038713573631122,0.8899173852680532,1.4808248038402019,0.593220461543806,1.1949434972752846,3.6654662657785564,3.384235122131776,1.1347963000551788,1.7034529233458175,1.7144758124759065,3.5812311656255478
middleEast_male_loPoly_0027_grp.fbx,middleeast,male,0027,False,0.04290810820621455,0.1421440932230558,0.050386188844938645,0.05089045996241946,0.08409871984620841,0.0842513075186715,0.08364470997048465,0.0836475992437694,0.049076407592650695,0.042175056730540075,0.0683293802670809,0.018526666946809843,0.05531339544242309,0.17631995772738665,0.15751285724285213,0.057133699789509836,0.0804569665464861,0.08045905143697533,0.17104387295617599,3.3127560073242406,1.1742812944067529,1.1860336446865023,1.959972680269042,1.963528830349809,1.9493916993145377,1.9494590356154267,1.1437560322350162,0.982915781974086,1.592458468191904,0.43177543176155575,1.2891128915912409,4.109245667042704,3.6709345582390163,1.3315362102409105,1.8750993672294598,1.8751479568917961,3.9862832482417163
middleEast_male_loPoly_0028_grp.fbx,middleeast,male,0028,False,0.043193572013779824,0.1392332395389579,0.04917596869078765,0.04916597116687356,0.07985208220036809,0.07996347947787806,0.0812908801183391,0.0811873664092996,0.04589012523212483,0.038554774544602925,0.06900618667124372,0.02194917668906174,0.05859343659721686,0.17479023977940614,0.16235921140027734,0.0609904474693791,0.08084900571739384,0.0808686374196122,0.16718866076973313,3.2234712955561773,1.1385020131027666,1.1382705544979792,1.8487029082682322,1.8512819326997942,1.8820133720916918,1.8796168648288412,1.0624295026464756,0.8926044489282571,1.5976031491266578,0.5081584056548832,1.356531397276523,4.046672493852643,3.7588743840977243,1.4120260174342987,1.8717832757985609,1.8722377809784543,3.8706838303716995
middleEast_male_loPoly_0029_grp.fbx,middleeast,male,0029,False,0.04406262685097538,0.14030596694059302,0.048716665065822944,0.048844083821987,0.08646678837641625,0.08581761777245882,0.08874286176853147,0.08850005410453508,0.0465495371656178,0.044171415275163724,0.06139446569412749,0.02198603135174028,0.05628523968120202,0.17153722385169318,0.16342200296766957,0.05773229031095739,0.07973053996529636,0.07985568527333603,0.16627068300687747,3.184239728038075,1.1056232582453158,1.1085150231097893,1.962361178984094,1.9476282715214275,2.0140165966198413,2.008506083939388,1.0564403552936918,1.0024689500368709,1.3933455647519672,0.4989723246891167,1.2773918330281318,3.893032170593252,3.708857475074753,1.3102326038394012,1.8094822225409701,1.8123223915681805,3.7735081834594904
middleEast_male_loPoly_0030_grp.fbx,middleeast,male,0030,False,0.044526908711404946,0.14561176474893495,0.0517866009525035,0.051779940445468305,0.08062405375043512,0.08088730214942422,0.08209558891127296,0.0820427608730342,0.0440037282668277,0.04516579538074206,0.06948690918942642,0.021259282730715347,0.060184107935571496,0.175211085161573,0.1573543768903044,0.05620973346052825,0.0833410054547422,0.08327187822514484,0.16936058385354882,3.270197032825648,1.1630405624641778,1.162890978600668,1.8106815874640854,1.8165937068230849,1.8437298093915357,1.84254337988705,0.9882502410403522,1.0143483275130993,1.5605599220865813,0.4774479824886222,1.3516345436339752,3.934948331966623,3.5339164887950165,1.2623767309975173,1.8716997848403423,1.8701473027211502,3.8035558442027995
middleEast_male_loPoly_0031_grp.fbx,middleeast,male,0031,False,0.048211612329714174,0.14356298061189748,0.04882695260047176,0.04883611915177881,0.0844202818635713,0.08436117228584364,0.08661507075637448,0.0867992211942014,0.043858960688887144,0.04368002913985904,0.0690818039335294,0.020594223660068543,0.05567533152676813,0.17475805474249168,0.15773884132710336,0.05341712486609599,0.08383971770986216,0.08388961905721289,0.16827764870956893,2.977767672030657,1.0127633207234252,1.0129534523299843,1.7510362708102318,1.7498102264016064,1.7965603424341645,1.8003799707130848,0.9097177748161647,0.9060063961589978,1.4328872359855167,0.42716313902191866,1.1548116488204203,3.6248124942874678,3.271801827500477,1.107972172778248,1.7389942725103467,1.7400293208096953,3.490396619775661
middleEast_male_loPoly_0032_grp.fbx,middleeast,male,0032,False,0.049494028091430664,0.14788004755973816,0.050503107450162066,0.050503107450162066,0.08415005045347247,0.08462892754484022,0.08248764844883581,0.08248435098712611,0.060441210865974426,0.039065204639810974,0.07403187089076597,0.020726555197043136,0.057282090187072754,0.18598458170890808,0.15956154607824294,0.0575281360606323,0.08327095361794581,0.08327095361794581,0.17331208288669586,2.9878361746301656,1.0203879012810864,1.0203879012810864,1.7002061399816053,1.7098815919469035,1.6666182088969563,1.666551585471124,1.2211818919713093,0.7892912770737824,1.4957738083876781,0.4187688090117625,1.1573535716522234,3.757717625353456,3.223854518033646,1.16232479511185,1.6824444651002906,1.6824444651002906,3.5016766581724816
middleEast_male_loPoly_0033_grp.fbx,middleeast,male,0033,False,0.044800150250842066,0.14706554644402953,0.05253587011982262,0.052578652556875626,0.08434887604254164,0.08429619240209442,0.08833056221104607,0.08852087326344935,0.04673424235226928,0.04267994792239931,0.06705383723891145,0.026207988706468566,0.05343414553762777,0.1758454838327254,0.16183424886232328,0.055822062715550874,0.08210297868981187,0.0821059969549047,0.1690073150562561,3.282702080698162,1.1726717393952302,1.1736267013052564,1.8827810971673296,1.8816051269941887,1.9716577224958258,1.9759057228113985,1.043171553903234,0.952674213890546,1.496732418607259,0.5849977859388085,1.1927224627248525,3.9251092428963497,3.6123595112112694,1.246024006682916,1.8326496279612066,1.8327169997239334,3.772472058909656
middleEast_male_loPoly_0034_grp.fbx,middleeast,male,0034,False,0.03955164734844892,0.13399971517724965,0.047815193292214425,0.04785602485980075,0.08057833438340511,0.08046013371237583,0.08390925246954292,0.0839880506673643,0.044747647640654885,0.0429825133606768,0.06309523507548925,0.023759797873321695,0.05685383522977325,0.17426383626625294,0.16109295553951103,0.059517830365089744,0.08386665518603403,0.08393002130320425,0.16845863729349997,3.387967990225941,1.2089305123238963,1.209962873055337,2.037294013913307,2.03430549942773,2.1215109380983486,2.123503224212936,1.1313725379484032,1.0867439472748643,1.5952618741672624,0.6007284011206546,1.4374580843344535,4.405981746625959,4.072977141009742,1.504812930817756,2.120433934070334,2.1220360447640294,4.259206596614903
middleEast_male_loPoly_0035_grp.fbx,middleeast,male,0035,False,0.04335691055865064,0.14014790561925133,0.04962166518718778,0.04947217381230607,0.08124560721137779,0.081091457346931,0.08376297602510023,0.08379498131600324,0.04740501362321611,0.044017205898999254,0.05927491221757547,0.015468066492561161,0.056852871947117516,0.17290681005174136,0.15810637862028218,0.05768039682594396,0.08141780988329649,0.08150862389671537,0.16674247809010365,3.2324237085497045,1.1444926436827771,1.1410447187048318,1.8738790694386211,1.8703236993151375,1.931940605218877,1.932678787217793,1.0933669630147989,1.015229298670979,1.3671387433703772,0.35676127042393585,1.311275900763509,3.987987331750572,3.646624646062023,1.3303622440514382,1.8778508162651335,1.8799453846337915,3.8458108740138295
middleEast_male_loPoly_0036_grp.fbx,middleeast,male,0036,False,0.04292480835800607,0.14424663782442324,0.05202325043987575,0.052022753600857306,0.08160075441452314,0.08161001387619728,0.08483953948748396,0.08484040540679708,0.046054518983848346,0.03932502514884859,0.06522777676582507,0.01990451213580798,0.06225286983898677,0.17546147906777698,0.16000498567869287,0.05639071250953421,0.08021728308464518,0.0802170133973636,0.16728357970749083,3.3604491980805604,1.211962322719903,1.2119507480842215,1.9010161614222667,1.9012318749461785,1.9764686840275716,1.976488856961272,1.0729114641523738,0.9161374657952068,1.5195822476784382,0.4637064880942098,1.4502771758415025,4.087647348460462,3.7275643572873336,1.3137091268810885,1.868786050612234,1.8687797678286435,3.897130496478737
middleEast_male_loPoly_0037_grp.fbx,middleeast,male,0037,False,0.040276954311639884,0.14354085221912077,0.05352491293292306,0.05356406358782909,0.08196289845783243,0.0820313895433483,0.08497466819188818,0.08504802112345589,0.042974653021061335,0.04076540764143673,0.06294785715088552,0.02232748428634174,0.0611301697162156,0.17391702200764728,0.16360722249443813,0.05843289734244069,0.08439171510932396,0.08438960246292825,0.17659221691651136,3.5638457443550546,1.3289215594301917,1.329893595562892,2.0349825317885437,2.0366830348848284,2.1097590332775193,2.1115802467436655,1.0669787166265903,1.0121273650936333,1.5628753024330302,0.5543488743856976,1.5177455882891626,4.318028137430092,4.0620554679616445,1.4507774567639988,2.0952854194572272,2.0952329664743288,4.3844481275853795
middleEast_male_loPoly_0038_grp.fbx,middleeast,male,0038,False,0.039813511073589325,0.1398252418502643,0.05107017492796367,0.05123025224869584,0.07965395041313593,0.07976844409704822,0.08469662430795073,0.08477519836832072,0.04549416340903226,0.03990587994078701,0.06860158784584658,0.020182454766530702,0.06409839540719986,0.17728986716488696,0.1643295030584257,0.0586009067585402,0.08629708374985867,0.08536229431117237,0.16961324468046718,3.512004796357152,1.2827347689473576,1.2867554472652356,2.000676359990143,2.003552109473796,2.1273337122014104,2.1293072648535425,1.1426815214800596,1.0023200382158448,1.723073047213716,0.5069247655457076,1.6099659055119142,4.453007594260982,4.127480813101039,1.4718849249498538,2.167532614502434,2.144053413259457,4.260193087893264
middleEast_male_loPoly_0039_grp.fbx,middleeast,male,0039,False,0.04421067370173259,0.13860388104733437,0.047973346703985266,0.04806146167370479,0.0820359688296394,0.08219431960373995,0.0847735682942093,0.08492102201087312,0.05227561459456884,0.042062631869510335,0.0641510893742005,0.023684546977314053,0.06173706595690782,0.17606971565780044,0.15607210105858751,0.05551532574534624,0.0868143972340461,0.08654887000800258,0.17017550545172502,3.135077334094155,1.0851077960864737,1.0871008661381538,1.8555692994658994,1.8591510312252673,1.917490985686723,1.9208262372067206,1.1824206739586551,0.95141350148351,1.45103170802137,0.5357201099694138,1.3964289794228668,3.9825160061042086,3.5301905171481507,1.2556996104578844,1.9636524387694165,1.957646485821608,3.849195029232408
middleEast_male_loPoly_0040_grp.fbx,middleeast,male,0040,False,0.0403128580340387,0.13630867009003053,0.04919626873912926,0.04919506145628477,0.08284664208370364,0.08288389515713178,0.08387096150638364,0.08386483063216431,0.05106547190053273,0.04281177831533642,0.06239147484378147,0.017662359661484005,0.05444330537166036,0.17397123576536536,0.1573269575542143,0.05692423574797196,0.08486095734566884,0.08485791194204251,0.16692182421723079,3.381270312686252,1.2203617192705545,1.2203317714349666,2.055092249072268,2.056016348112745,2.0805014974519063,2.0803494151010558,1.2667291378203678,1.061988169610493,1.5476817543201822,0.43813216236295016,1.3505196115266853,4.3155272101638245,3.9026495571555153,1.412061523891638,2.1050593156658692,2.104983771440655,4.140659639569293
middleEast_male_loPoly_0041_grp.fbx,middleeast,male,0041,False,0.045720384894321,0.14601146608875742,0.053115665817438984,0.053070886708518096,0.0849743364665178,0.08511653240948291,0.08456662300900177,0.08477706939506162,0.044914738350772365,0.04036145042287775,0.07153077856889956,0.023959458981789312,0.06048229127365628,0.17145097467172202,0.15050298411674068,0.051671741845313715,0.08377444678234987,0.08375689757269854,0.1685044777236593,3.1935747353451025,1.1617501895535565,1.160770777218678,1.858565641188917,1.8616757624902533,1.8496480990803277,1.854250999658402,0.9823788328682966,0.8827889466847227,1.5645270426799163,0.5240432476054101,1.322873624390001,3.74998974894934,3.291813585222789,1.130168566269702,1.832321555822152,1.8319377180724938,3.685543726570629
middleEast_male_loPoly_0042_grp.fbx,middleeast,male,0042,False,0.044494651183970314,0.1486876117108976,0.05559229713885256,0.055658323535209886,0.08755295229574814,0.08770273748183692,0.08306268285467629,0.08327076295316414,0.05252538278583821,0.043588389857758175,0.06934443010884103,0.019700751543021817,0.061453361881389015,0.17570303963095257,0.15091362668122768,0.056282430989294814,0.08459575718015483,0.08458022631092124,0.1724499282478594,3.341696310779574,1.2494152816031132,1.2508991992111944,1.9677185901232561,1.9710849539917912,1.866801528822874,1.8714780482010689,1.1804875729593551,0.9796321287593636,1.5584891276509911,0.4427667375470791,1.3811404347749614,3.9488575582822305,3.3917251324715627,1.2649257717874003,1.9012567787166152,1.9009077284640494,3.875745143721598
middleEast_male_loPoly_0043_grp.fbx,middleeast,male,0043,False,0.04504985793145088,0.14090278934536363,0.04991531084826244,0.0499372083953814,0.08065800017919601,0.08075598425020024,0.08246143352542812,0.08261309424599629,0.048350397489116924,0.04041685266380461,0.07069438328242653,0.02383361451975091,0.059891773674425566,0.17322480888809708,0.1676667463260922,0.06466948463546034,0.08333896133996732,0.08335957620226718,0.16776046235012537,3.1277077401612505,1.1080015152148752,1.108487588825857,1.7904163050175979,1.7925913190021774,1.8304482480478348,1.8338147563462392,1.0732641501930646,0.8971582712936415,1.5692476409136977,0.5290497154511963,1.3294553284842443,3.8451799149218355,3.721804108266414,1.435509180381062,1.8499272842719772,1.8503848853221565,3.7238843817308895
middleEast_male_loPoly_0044_grp.fbx,middleeast,male,0044,False,0.04467327903034264,0.140438882858138,0.04988155490166727,0.04988263731814591,0.08033328845422823,0.08045905923697541,0.08056079845173787,0.08073039524306888,0.04225013140229734,0.03804006106310672,0.06691235777482657,0.023104746423373988,0.06166096206185517,0.17460147251390457,0.1577096866967045,0.060841517080546643,0.08466137163461389,0.08465284351543513,0.16875933072948152,3.1436887084726908,1.1165859320017029,1.1166101616195447,1.7982402500533903,1.8010555970679167,1.803333003539319,1.8071293846201844,0.945758456047082,0.8515171012467977,1.4978161269375116,0.5171938779707879,1.3802649682369248,3.908409597498162,3.530291264036968,1.3619219005442231,1.8951232923177823,1.894932392536887,3.777634738091603
middleEast_male_loPoly_0045_grp.fbx,middleeast,male,0045,False,0.04631555730004788,0.14546306120877475,0.05226931863240253,0.052306455587150934,0.08504408162090234,0.0851831270131146,0.08406008311219129,0.0842350522651002,0.050718339216210884,0.04197897374978397,0.06843801831858858,0.019019213353828075,0.062105738573851904,0.17522676435301987,0.1624000562460404,0.061431580533252594,0.08372637746297634,0.08376261548604097,0.16775013408754144,3.1406954744475106,1.1285477640651964,1.129349588698501,1.8361882395143805,1.8391903709863497,1.8149427106667761,1.8187204726782615,1.0950605406222425,0.9063687494426537,1.4776464390836084,0.410644164996551,1.340926077419513,3.7833241046381345,3.5063824277004327,1.3263703194863443,1.8077376662137192,1.8085200819974667,3.6218960510568663
middleEast_male_loPoly_0046_grp.fbx,middleeast,male,0046,False,0.04370724723067838,0.14168753256442343,0.05154097542062106,0.051576831775798554,0.08315038348034437,0.08328662142172387,0.08285002887371579,0.08301688778370389,0.05372369341951406,0.040458981905380685,0.06515632011562238,0.01773032377052282,0.05905915549854782,0.17527012640026227,0.16135057352842413,0.055411636734448606,0.08366674070362856,0.08369060842408689,0.16515448859571416,3.2417400212057306,1.1792317907508059,1.1800521662594314,1.902439269201576,1.9055563252966545,1.8955673057250528,1.899384954297324,1.2291712890535251,0.9256813107411231,1.4907440812215866,0.40566095771132893,1.351243998205722,4.010093005290874,3.6916205835807294,1.2677905895559318,1.9142532647286552,1.9147993462590789,3.7786522615817186
middleEast_male_loPoly_0047_grp.fbx,middleeast,male,0047,False,0.0442323449129245,0.14272261467871133,0.05166566159458502,0.05167078665054781,0.08220638462586184,0.0823286317426462,0.08353933604036663,0.08373089382724952,0.04552700237273048,0.041365971413248256,0.06745043629294421,0.018888631836167482,0.0638581977865206,0.17315953807126316,0.15871568148172724,0.05776631167677488,0.08677569571323808,0.08678916173117379,0.16727477503408503,3.226657211135293,1.1680516078515326,1.1681674745543467,1.8585129227874486,1.8612766721890461,1.8886481420965047,1.8929788595219539,1.0292694737833736,0.9351973424579012,1.5249120621058343,0.42703211582726436,1.4436991281432496,3.914771835229262,3.5882267104349514,1.3059744354610467,1.961815406442144,1.9621198446979549,3.7817297582432277
middleEast_male_loPoly_0048_grp.fbx,middleeast,male,0048,False,0.039569452023202424,0.1356529837209461,0.04939168225781861,0.04939568016958857,0.07893451008480434,0.07904869253010173,0.0778507621658471,0.07801995501236139,0.051510273200274,0.03875603730975481,0.07466570825954275,0.020345766562192998,0.058778993119879705,0.17544085207704105,0.1585667068571963,0.06163681672626823,0.08240004423503992,0.082425512706288,0.16764792542011814,3.4282249762115224,1.2482276031736983,1.2483286384816328,1.994834551626324,1.9977201727168166,1.9674460520756665,1.9717218971496664,1.3017686767577628,0.9794433667423383,1.8869533046796012,0.5141786282575459,1.4854639150780593,4.43374479823899,4.007301055476259,1.5576868916487931,2.082415601477696,2.083059241203441,4.2368017965427995
middleEast_male_loPoly_0049_grp.fbx,middleeast,male,0049,False,0.044690732097238936,0.14259145232249967,0.051030022449254475,0.05102607743483897,0.08214736683897247,0.08227880835698563,0.08696615529451997,0.08713610173491843,0.047364673693787995,0.03973634805803064,0.06778361120754813,0.025591176647490842,0.05812827902412742,0.17583078224197699,0.1633439286419417,0.05861774000187461,0.08589123407056787,0.08588264140443728,0.17044835862666816,3.1906269069892725,1.1418479862496411,1.1417597125913148,1.8381298086644606,1.8410709445967868,1.9459550384025344,1.9497577606320267,1.059832127849932,0.8891406829400679,1.5167263552555654,0.5726282709311872,1.3006786037349045,3.9343902860978215,3.654984400043725,1.3116307845289497,1.9219025967998042,1.9217103272681284,3.8139531537725406
middleEast_male_loPoly_0050_grp.fbx,middleeast,male,0050,False,0.05025906358285658,0.14998253424507943,0.05254936539112547,0.05255123228631913,0.0830127183022104,0.0831391538675311,0.08688187770179323,0.08705625486453236,0.05183672412588359,0.03454759450228085,0.07303142287660831,0.023530245090768273,0.062482764184606014,0.18180579746070855,0.17024746135168833,0.06209304913063685,0.0831951131880461,0.0831866493799652,0.17260182111515926,2.984188792093584,1.0455699259993796,1.0456070714426207,1.6516964778970955,1.654212154798084,1.728680789258253,1.7321503557465272,1.03139056780129,0.6873903339907246,1.4530995539980456,0.46817913851451987,1.243213854981551,3.6173733551757357,3.387398196765447,1.2354597301294896,1.655325572289891,1.6551571686731594,3.434242678051684
middleEast_male_loPoly_0051_grp.fbx,middleeast,male,0051,False,0.041950458228026344,0.14152072679306885,0.051362508155528515,0.05135892792157844,0.08266751434119712,0.08273388273707508,0.08698718289361512,0.08698719944445205,0.04879638620371707,0.04210031386135188,0.06976378519302544,0.025226096316761523,0.06019950045558059,0.176865749671676,0.16533495867406303,0.06034342976502066,0.08247735788489073,0.08247370156377565,0.17001411914912212,3.3735204040875386,1.2243610755415812,1.2242757312068278,1.9705986020903212,1.9721806681435023,2.0735693140891738,2.073569708622097,1.1631907794303207,1.0035722049211233,1.663004127721721,0.6013306500644712,1.4350141332988442,4.216062401757394,3.941195535347114,1.4384450686335126,1.9660657205834546,1.96597856251011,4.0527356870571385
middleEast_male_loPoly_0052_grp.fbx,middleeast,male,0052,False,0.04242398839103832,0.1393408979336789,0.050128675791479504,0.0501993594230692,0.08191113479002743,0.0821427956949398,0.08577515120206336,0.08600278012047144,0.046189986228680736,0.03974051905274188,0.06947260171080341,0.01932843089530871,0.059468353853737464,0.1736266178492965,0.16271992054116763,0.05737330620116164,0.08580359379271695,0.08594354279976688,0.1730746554661516,3.2844836899661556,1.1816115762012778,1.1832777003510908,1.9307740242388527,1.9362346354095201,2.0218549564798245,2.027220527399511,1.088770480581169,0.936746415410973,1.637578274594259,0.4556014563541523,1.401762448772959,4.092651927228359,3.835563951255953,1.3523788869714386,2.022525392988326,2.0258242107647204,4.079641307433321
middleEast_male_loPoly_0053_grp.fbx,middleeast,male,0053,False,0.045959897247879994,0.14229708888246725,0.050253188649740176,0.05026553497150832,0.08123800308082756,0.08137699427966999,0.08060643116761834,0.08079407058928828,0.052794077110605714,0.03792352096708581,0.06612439593972963,0.020681156741518446,0.06037740637524232,0.17894981924033973,0.1575413499796786,0.05798095255654013,0.08292464415918496,0.08307352656434099,0.17004353079320073,3.0961141648120423,1.0934138598853855,1.0936824923782207,1.7675845235832168,1.7706087078648483,1.7538427192923391,1.7579253964284067,1.1486987628772596,0.8251437282931506,1.4387411613018732,0.44998265835923756,1.3136975926991952,3.8936079050654144,3.4278003088213076,1.2615553129682995,1.8042826273509576,1.8075220254800057,3.6998239982149737
middleEast_male_loPoly_0054_grp.fbx,middleeast,male,0054,False,0.04836354988757003,0.14323972803999643,0.04976633839405839,0.04976530077155313,0.0825705636325887,0.08270225835193877,0.0886775264478573,0.08888308874146437,0.04777820661509871,0.04078725835639347,0.06590594561323126,0.021685461953318223,0.0599790973484437,0.1785651766175417,0.16687708613486638,0.05825684707571501,0.08258316850420876,0.08248729363344084,0.17060057178001437,2.961728995761964,1.0290050773723063,1.0289836227332718,1.7072891428470236,1.7100121588302635,1.8335611561600529,1.8378115119359408,0.9878970159586702,0.8433470754568463,1.3627193571696403,0.44838441354553316,1.2401715235518516,3.692143712209904,3.450472236277173,1.2045610219089329,1.7075497703578113,1.705567391665784,3.527461738780689
middleEast_male_loPoly_0055_grp.fbx,middleeast,male,0055,False,0.045706420396842175,0.14692961575789196,0.053810490971494374,0.05380048594990765,0.08362610248726975,0.083732136733741,0.08765968405865157,0.08783020333334862,0.04684493860887384,0.04009264496654899,0.06402474919446297,0.02028206714981711,0.06029352227136887,0.17941791428926002,0.15920133003227618,0.056794622994433,0.08607264824315158,0.08604728726311416,0.17483790495406917,3.2146384355236717,1.1773070501756489,1.1770881526662869,1.829635787733826,1.831955686022745,1.917885568319586,1.9216163193435456,1.0249093716407143,0.8771775303873712,1.4007823985902512,0.4437465671938375,1.3191477640969342,3.9254422624103786,3.483128379996157,1.2425961714200857,1.883163185736993,1.882608318831704,3.8252373175596266
middleEast_male_loPoly_0056_grp.fbx,middleeast,male,0056,False,0.04781096288885479,0.1489541227096416,0.05418423059597899,0.05417400309952642,0.07833394273924583,0.07841928729249983,0.07735583267569097,0.0774544145795605,0.05037126014753521,0.03155462839155024,0.06783563491035648,0.022872284565712116,0.06009607897795425,0.1784790868133468,0.15814170318465226,0.062392582956639804,0.08911268730455194,0.08915586409884202,0.1740756946938369,3.115480502994937,1.1333013878415295,1.133087472541887,1.638409645113135,1.6401946866202972,1.617951783475237,1.6200136935040874,1.0535504224132088,0.659987301759738,1.4188301345875978,0.4783899587816893,1.2569518651539906,3.73301594507213,3.3076452267293006,1.3049848651172875,1.8638546877148336,1.86475776081107,3.6409158940912207
middleEast_male_loPoly_0057_grp.fbx,middleeast,male,0057,False,0.0474602078012294,0.14711031860840312,0.05269161809196724,0.052683600187253016,0.08339996293233616,0.08351272229868616,0.08860779755893912,0.08875130214015836,0.051475997946306744,0.037675243355757004,0.06742357996836477,0.025079119869321397,0.060201678151228614,0.17876779965615525,0.16961233421143232,0.06014087198889256,0.08577225201009486,0.08580025802038112,0.1730888998479506,3.0996560155093213,1.110227294255596,1.1100583547358238,1.7572608042853066,1.7596366760223678,1.8669913526304418,1.870015034739468,1.0846138340121916,0.7938280319704178,1.4206338971532748,0.528424147958993,1.2684663835304397,3.7666880938419425,3.5737798477788947,1.2671851804941883,1.807245606031102,1.8078357005878631,3.647032068904404
middleEast_male_loPoly_0058_grp.fbx,middleeast,male,0058,False,0.04548974579195374,0.14313756669611677,0.05121436346352444,0.05121285134116587,0.08080410120197644,0.08090685498217896,0.07977661436053939,0.0799554146999528,0.05072035597015083,0.03585833212488875,0.07541746007664267,0.022023561355463905,0.0589347713717786,0.16895009405793315,0.159750909247554,0.059880267402321476,0.08490932980844847,0.0849247450675948,0.17070962215800448,3.1465897248745467,1.1258441341429364,1.1258108931930861,1.7763146352044275,1.7785734691111383,1.7537274164027168,1.7576579800121763,1.1149843791635847,0.7882728623915811,1.6579002314403475,0.48414342555766604,1.295561677599065,3.7140259000483837,3.511800439118103,1.3163464943546277,1.8665597780383134,1.8668986513135528,3.7527055644307366
middleEast_male_loPoly_0059_grp.fbx,middleeast,male,0059,False,0.045653594944730515,0.1422618101815022,0.050678259967469254,0.050686350401447186,0.07895937210637641,0.07907849870277578,0.08019992125904243,0.08038272322453939,0.048516190730082696,0.03494000462120235,0.0677706582082552,0.020730867054187935,0.05730386562304529,0.17530975975375326,0.15512255074582978,0.056188761652768614,0.08447458490601026,0.08446137699302406,0.17140505167874479,3.1161140837589727,1.1100606650762495,1.1102378785900533,1.729532410360384,1.7321417688685932,1.7567054983541743,1.7607096072467656,1.062702527343525,0.7653286595174306,1.4844539250479662,0.45409057226019744,1.255188461991195,3.8399990179522123,3.397816775078181,1.2307631353191848,1.8503380732290085,1.850048766045156,3.7544699795547842
middleEast_male_loPoly_0060_grp.fbx,middleeast,male,0060,False,0.04348296299602292,0.1361161321401596,0.04818544274587278,0.04818535436328768,0.0798249737069919,0.07983121207315239,0.08586919897239159,0.08599337219049842,0.04512133449316025,0.04127585308311767,0.06416545746922243,0.026934212077041247,0.05760660629207131,0.17281968146562576,0.1610481166674165,0.05816332146450364,0.08371771026011195,0.08349032637640365,0.17111678421497345,3.130332497180774,1.1081453384462316,1.1081433058665955,1.8357758581054593,1.835919325011361,1.9747780062790443,1.9776336814573476,1.037678469548802,0.9492419614296496,1.4756459322951658,0.6194198881871212,1.3248086681061773,3.9744228442167655,3.7037061315749447,1.337611732434688,1.9252991169844846,1.9200698531983647,3.9352604428227282
middleEast_male_loPoly_0061_grp.fbx,middleeast,male,0061,False,0.046548722167525695,0.14766571716494334,0.05335970142359601,0.05336816874541925,0.08244833464015568,0.08253285759649547,0.08582425541357594,0.08598747098451143,0.05153859478871292,0.03936347831172991,0.06588161117509649,0.022550431596567125,0.059066124765101424,0.17643309987091443,0.16300891270840293,0.05812077758971777,0.08566838242772741,0.0856251963642653,0.17220089488943902,3.172282939013974,1.1463193604232156,1.1465012627704543,1.771226594436464,1.7730423898526217,1.8437510508817032,1.8472573892586857,1.1071967690805564,0.8456403630171291,1.4153258802248756,0.4844479192234247,1.2689096932140573,3.7902887910852563,3.5018987658081118,1.2486009257256308,1.8404024522824216,1.8394746918316258,3.6993688950192802
middleEast_male_loPoly_0062_grp.fbx,middleeast,male,0062,False,0.0434254285124671,0.14011436381841721,0.05057374502286816,0.0507009211995992,0.08062400037078768,0.0807435568040391,0.07936310268875524,0.07951069936306858,0.05864430607986662,0.04273091290317634,0.07320318760434,0.0230321541911033,0.061394955381225955,0.1778927528440588,0.1563747648552207,0.059687305601515854,0.08533554110371612,0.08528201785621725,0.17424343903638137,3.226551092712683,1.1646113062154086,1.1675399169646274,1.8566080550625117,1.8593611984936027,1.8275721255340225,1.8309709791405209,1.3504600435440792,0.9840067068286645,1.6857217098807429,0.530384039491768,1.413801947022813,4.096511167252782,3.600995320295498,1.3744782180878214,1.9651053317577962,1.9638727993607124,4.01247483341143
middleEast_male_loPoly_0063_grp.fbx,middleeast,male,0063,False,0.04432912073627741,0.14673466444992825,0.053510665019223955,0.05354907508020241,0.08209773465610998,0.08218402309749445,0.08435705255384643,0.08451619646885253,0.04678080496152172,0.04255244349251763,0.06857403990748638,0.024291819284355733,0.06001817945791513,0.1805168338981491,0.16616224538585533,0.0627134554495979,0.08478625644034844,0.08468389644761466,0.1733560338597665,3.31011899204772,1.2071221835770067,1.2079886582631836,1.8520045805673753,1.8539511213503026,1.9029714813362304,1.9065615348352132,1.055306403206819,0.9599207650805985,1.5469298458556562,0.5479878436766772,1.3539221726272217,4.072195227423503,3.7483767470685234,1.414723649103994,1.9126536920224164,1.9103446005937201,3.9106580726266915
middleEast_male_loPoly_0064_grp.fbx,middleeast,male,0064,False,0.04371103396599814,0.13745317672628687,0.04850398370216664,0.048572553652709974,0.08109917839532628,0.08118873236118318,0.082633475857457,0.08277280827482146,0.051727974437519114,0.043577663053606386,0.07134996371051157,0.019980346953021522,0.057506265817127394,0.17942262583009497,0.15729279637934163,0.05492673177629338,0.08545089095273836,0.08537980573390402,0.17341969061687815,3.144587630510152,1.1096507975514107,1.111219507882003,1.8553479759461093,1.8573967484809013,1.890448894934304,1.8936364749277865,1.1834077061127672,0.996948804448426,1.632310134004452,0.4571007624428148,1.315600675606536,4.104744490136379,3.5984689015065685,1.2565873371702827,1.9549043616586317,1.953278108230501,3.967412227122734
middleEast_male_loPoly_0065_grp.fbx,middleeast,male,0065,False,0.040976651855965794,0.13911205985029748,0.0506556092293464,0.05074403919804857,0.0838572835647125,0.08395664079284174,0.08063768419296832,0.08081365995100906,0.04986883441129227,0.047041283699915254,0.06881594513841212,0.020771119594894506,0.05944962614280302,0.17716512948876867,0.16091058632722746,0.05995317391831166,0.08623434744242062,0.08616253179659134,0.1727657091259066,3.394910358691108,1.2362066429293062,1.2383647003765814,2.0464649932716186,2.0488897211014687,1.967893435422989,1.9721879726794562,1.2170060791345954,1.1480021321719214,1.679394045670259,0.5069013365929856,1.4508170738734414,4.323562845288327,3.926884677958394,1.4631057249149817,2.1044751959124683,2.102722596747419,4.2161987693182805
middleEast_male_loPoly_0067_grp.fbx,middleeast,male,0067,False,0.047376861997337136,0.1444715471442198,0.05058044551937754,0.05059198562645314,0.07908929894744277,0.07920612787792729,0.08225605950653347,0.08240608323602053,0.05163742187384396,0.038208300029075666,0.0724225591299229,0.020680189061952688,0.06060200505878699,0.1793385606647139,0.16060051945669093,0.05836668798138417,0.08483141920325571,0.08474731538530081,0.17549167632374915,3.0494114859768464,1.067619158107611,1.067862739184725,1.6693655006506776,1.6718314497566165,1.736207423597552,1.7393740269385558,1.0899291277828045,0.8064759551027926,1.5286482911002734,0.43650398507007576,1.2791477211427211,3.7853617378625417,3.389851346965902,1.2319661016102064,1.7905664416529685,1.788791232945401,3.7041642043243144
middleEast_male_loPoly_0068_grp.fbx,middleeast,male,0068,False,0.04736662272956684,0.14592966160308524,0.05267557495247475,0.05271218563901228,0.08234758115584082,0.08243797007575834,0.07863836522170523,0.0787940066308074,0.05392580923289246,0.04184297340068594,0.07652902342804273,0.019843422192881533,0.05962486615133164,0.1762443103335242,0.15852047528831092,0.061334347813053386,0.08492098897644987,0.08482702187878606,0.17372440635879735,3.0808542639033054,1.1120821354146069,1.1128550570296132,1.7385149375329734,1.7404232205117618,1.6602062948561913,1.663492182684648,1.1384769722927974,0.8833851980451001,1.615674055230295,0.41893259534619554,1.258794963950703,3.7208544788968094,3.346670422195004,1.294885391412289,1.7928444985679994,1.7908606734133057,3.6676544863806892
middleEast_male_loPoly_0069_grp.fbx,middleeast,male,0069,False,0.04373438536553043,0.14202023455743504,0.051696883262652475,0.051668739125435195,0.0746701119096872,0.07478935133223356,0.08034227755883691,0.0805130032593274,0.05049635664780933,0.03288600083025307,0.06834563477714564,0.022397517029478415,0.05840361615538261,0.17610520853352984,0.14978363866864128,0.051804551359898636,0.08393011667173898,0.08383781220232941,0.17118629990211962,3.247335783284365,1.1820649319882233,1.181421407745638,1.7073547801254565,1.7100812257254066,1.8370505698740023,1.8409542648513886,1.154614526436409,0.751948393818572,1.5627436902545964,0.5121260272044701,1.335416415876141,4.02669906211437,3.4248483754088452,1.1845267957219026,1.9190876005288302,1.916977030810333,3.914226722780042
middleEast_male_loPoly_0070_grp.fbx,middleeast,male,0070,False,0.043351771654847916,0.1362584125498758,0.04890075000569126,0.048868836026667924,0.07851275885262171,0.07862746706912296,0.08754677792819097,0.08770655129552152,0.04492429055566992,0.03913797203233371,0.060965823226361834,0.02195636459098981,0.06221749373257158,0.17263500296167075,0.15679334302808728,0.05468702531358887,0.08379162849347381,0.08373213881296053,0.17024306499022016,3.1430875221137216,1.1279988830680883,1.1272627198663299,1.8110622900884799,1.8137082769102992,2.0194509840384076,2.0231364935627383,1.0362734633625095,0.9027998288959665,1.406305230424053,0.5064698339389433,1.4351776492071913,3.982190262860121,3.6167689818174593,1.2614715206794407,1.9328305463636941,1.9314582914766987,3.927015171274605
middleEast_male_loPoly_0071_grp.fbx,middleeast,male,0071,False,0.04438344944219837,0.13909740001633347,0.04969943729789674,0.049638742755518626,0.07876489875776409,0.07886923853805239,0.08334181869711561,0.08349616813936535,0.03990277734080761,0.04228376887768514,0.06137947727768344,0.021241991691033916,0.06011004618860496,0.17467042031268887,0.1586516764582662,0.05756870682288848,0.08146801341590437,0.08142134259419918,0.1655111991133099,3.133992552730345,1.1197741032413786,1.1184065992924763,1.7746457237475763,1.7769965951106548,1.8777679460370396,1.881245581150794,0.8990463301590372,0.9526922627488048,1.3829361631213322,0.478601639980639,1.3543347113407154,3.935485468297509,3.574568413500219,1.2970759944618904,1.835549386984942,1.8344978503808307,3.72911977760672
middleEast_male_loPoly_0072_grp.fbx,middleeast,male,0072,False,0.04281305464200621,0.13961287232850986,0.05060488429525231,0.05061069889062716,0.08195866299131598,0.08205558379722622,0.08350067614929381,0.08365429976389026,0.049682233227321626,0.043803995544054945,0.06458242237071356,0.01841976562715341,0.058457643603213656,0.17360534516699402,0.15939269445151408,0.05867340611488924,0.08306540500431557,0.08299409358604647,0.16944177459231705,3.260988347968241,1.1819965830142172,1.1821323966211525,1.914338130662181,1.9166019449758447,1.9503554896399933,1.9539437319618977,1.1604458883570454,1.0231457650087052,1.5084749946187732,0.4302371269972589,1.3654163220079534,4.0549628289465804,3.7229928063839965,1.3704559650205754,1.940188704097175,1.9385230575119128,3.957712805338317
middleEast_male_loPoly_0073_grp.fbx,middleeast,male,0073,False,0.04428879450088189,0.14278082370239023,0.05225714637016779,0.05229188997171435,0.08020383408110122,0.08030036825654516,0.0793310179792338,0.07946460397989717,0.05705511855345669,0.04064388176125693,0.07383070670604211,0.016871779694948512,0.059885561187563045,0.18532108585957657,0.16092052855270525,0.0623617511151942,0.08367782527455593,0.08361013620224189,0.17024824034016223,3.223858886011159,1.1799180121989374,1.1807024905740684,1.8109283620150054,1.8131080143747464,1.7912209820399183,1.7942372303295555,1.2882517845980341,0.9177012429283353,1.6670290428557943,0.38094917427956987,1.352160560305397,4.184378643584133,3.6334366371046958,1.4080706376858472,1.8893678687255693,1.8878395121045126,3.844047738458363
