asset,head_id,actual_label,predicted_label,proba_good,top_contributor,correct
african_female_auth_african_f_0020_frame_0001_subdiv_head_var_0.glb,20,good,bad,0.3388752202238509,ratio_nose_length,False
african_female_auth_african_f_0022_frame_0001_subdiv_head_var_0.glb,22,good,good,0.5533536810639789,ratio_mouth_width,True
african_female_auth_african_f_0022_frame_0002_subdiv_head_var_0.glb,22,good,good,0.5191953884437641,ratio_nose_width,True
african_female_auth_african_f_0022_frame_0002_subdiv_head_var_0.glb,22,good,good,0.5005657583865436,ratio_nose_width,True
african_female_auth_african_f_0022_frame_0003_subdiv_head_var_0.glb,22,good,bad,0.4122387847078717,ratio_brow_width_right,False
african_female_auth_african_f_0022_frame_0004_subdiv_head_var_0.glb,22,good,good,0.5461531098179928,ratio_lip_height,True
african_female_auth_african_f_0022_frame_0006_subdiv_head_var_0.glb,22,good,good,0.5378796581716673,ratio_chin_to_mouth,True
african_female_auth_african_f_0022_frame_0007_subdiv_head_var_0.glb,22,good,good,0.506144830227143,ratio_nose_width,True
african_female_auth_african_f_0023_frame_0005_subdiv_head_var_0.glb,23,good,bad,0.27618851277784473,ratio_lip_height,False
african_female_auth_african_f_0023_frame_0005_subdiv_head_var_0.glb,23,good,bad,0.27596795343201347,ratio_brow_span,False
african_female_auth_african_f_0023_frame_0006_subdiv_head_var_0.glb,23,good,bad,0.22511511795325193,ratio_brow_span,False
african_female_auth_african_f_0023_frame_0006_subdiv_head_var_0.glb,23,good,bad,0.2080307662710258,ratio_chin_to_mouth,False
african_female_auth_african_f_0023_frame_0007_subdiv_head_var_0.glb,23,good,bad,0.4124460588718831,ratio_chin_to_mouth,False
african_female_auth_african_f_0023_frame_0007_subdiv_head_var_0.glb,23,good,bad,0.26486903036479287,ratio_chin_to_mouth,False
african_female_auth_african_f_0037_frame_0002_subdiv_head_var_0.glb,37,good,bad,0.4841886615358404,ratio_nose_length,False
african_female_auth_african_f_0061_frame_0002_subdiv_head_var_0.glb,61,good,bad,0.4733943465911411,ratio_lip_height,False
african_male_auth_african_m_0001_frame_0006_subdiv_head_var_0.glb,1,good,bad,0.21751967291966523,ratio_nose_width,False
african_male_auth_african_m_0001_frame_0009_subdiv_head_var_0.glb,1,good,bad,0.21688007068957627,ratio_nose_width,False
african_male_auth_african_m_0005_frame_0004_subdiv_head_var_0.glb,5,good,bad,0.290973399987767,ratio_nose_width,False
african_male_auth_african_m_0005_frame_0010_subdiv_head_var_0.glb,5,good,bad,0.31432863588677995,ratio_nose_width,False
african_male_auth_african_m_0026_frame_0001_subdiv_head_var_0.glb,26,good,bad,0.24101946595201323,ratio_nose_width,False
african_male_auth_african_m_0026_frame_0002_subdiv_head_var_0.glb,26,good,bad,0.2571767180964805,ratio_nose_width,False
african_male_auth_african_m_0026_frame_0005_subdiv_head_var_0.glb,26,good,bad,0.30372181077303045,ratio_nose_width,False
asian_female_auth_asian_f_0003_frame_0001_subdiv_head_var_0.glb,3,good,bad,0.3080163695958366,ratio_nose_length,False
asian_female_auth_asian_f_0003_frame_0002_subdiv_head_var_0.glb,3,good,bad,0.41579749084890466,ratio_nose_length,False
asian_female_auth_asian_f_0008_frame_0001_subdiv_head_var_0.glb,8,good,good,0.5797475809794571,ratio_nose_width,True
asian_female_auth_asian_f_0008_frame_0003_subdiv_head_var_0.glb,8,good,bad,0.4832708114640809,ratio_nose_width,False
asian_female_auth_asian_f_0009_frame_0001_subdiv_head_var_0.glb,9,good,bad,0.35497194016629635,ratio_eye_to_nose_tip_right,False
asian_female_auth_asian_f_0010_frame_0001_subdiv_head_var_0.glb,10,good,bad,0.44899346282204955,ratio_nose_width,False
asian_female_auth_asian_f_0013_frame_0002_subdiv_head_var_0.glb,13,good,good,0.6548485107574062,ratio_lip_height,True
asian_female_auth_asian_f_0013_frame_0004_subdiv_head_var_0.glb,13,good,good,0.7114118396804743,ratio_chin_to_mouth,True
asian_female_auth_asian_f_0013_frame_0005_subdiv_head_var_0.glb,13,good,good,0.6235373456499175,ratio_chin_to_mouth,True
asian_female_auth_asian_f_0013_frame_0007_subdiv_head_var_0.glb,13,good,good,0.6297196144723378,ratio_lip_height,True
asian_female_auth_asian_f_0013_frame_0007_subdiv_head_var_0.glb,13,good,good,0.5735803362973946,ratio_chin_to_mouth,True
asian_female_auth_asian_f_0013_frame_0008_subdiv_head_var_0.glb,13,good,good,0.6123318794414154,ratio_lip_height,True
asian_female_auth_asian_f_0013_frame_0008_subdiv_head_var_0.glb,13,good,good,0.6193745378086775,ratio_chin_to_mouth,True
asian_female_auth_asian_f_0013_frame_0009_subdiv_head_var_0.glb,13,good,bad,0.4039711647377437,ratio_lip_height,False
asian_female_auth_asian_f_0013_frame_0009_subdiv_head_var_0.glb,13,good,good,0.5198431788196647,ratio_chin_to_mouth,True
asian_female_auth_asian_f_0019_frame_0001_subdiv_head_var_0.glb,19,good,bad,0.40149230100858596,ratio_eye_to_nose_tip_left,False
asian_female_auth_asian_f_0019_frame_0007_subdiv_head_var_0.glb,19,good,bad,0.43382635295813105,ratio_lip_height,False
asian_female_auth_asian_f_0019_frame_0008_subdiv_head_var_0.glb,19,good,bad,0.39104434636005764,ratio_cheekbone_width,False
asian_female_auth_asian_f_0019_frame_0011_subdiv_head_var_0.glb,19,good,bad,0.31749180023787754,ratio_eye_to_nose_tip_left,False
asian_female_auth_asian_f_0019_frame_0012_subdiv_head_var_0.glb,19,good,bad,0.26176962772783674,ratio_brow_width_right,False
asian_female_auth_asian_f_0019_frame_0014_subdiv_head_var_0.glb,19,good,bad,0.4915954236641691,ratio_cheekbone_width,False
asian_female_auth_asian_f_0019_frame_0018_subdiv_head_var_0.glb,19,good,bad,0.3606806622675312,ratio_lip_height,False
asian_female_auth_asian_f_0019_frame_0019_subdiv_head_var_0.glb,19,good,bad,0.2579394243040126,ratio_eye_to_nose_tip_left,False
asian_female_auth_asian_f_0019_frame_0020_subdiv_head_var_0.glb,19,good,bad,0.45397282760219926,ratio_eye_to_nose_tip_left,False
asian_female_auth_asian_f_0022_frame_0001_subdiv_head_var_0.glb,22,good,good,0.5257699112240102,ratio_mouth_width,True
asian_female_auth_asian_f_0022_frame_0001_subdiv_head_var_0.glb,22,good,good,0.5267711997194883,ratio_jaw_width,True
asian_female_auth_asian_f_0022_frame_0002_subdiv_head_var_0.glb,22,good,bad,0.49677570941983074,ratio_mouth_width,False
asian_female_auth_asian_f_0022_frame_0002_subdiv_head_var_0.glb,22,good,bad,0.3678105123532603,ratio_eye_to_mouth_right,False
asian_female_auth_asian_f_0022_frame_0002_subdiv_head_var_0.glb,22,good,bad,0.30768729514484633,ratio_nose_length,False
asian_female_auth_asian_f_0022_frame_0003_subdiv_head_var_0.glb,22,good,bad,0.4472234780587337,ratio_eye_to_mouth_right,False
asian_female_auth_asian_f_0022_frame_0004_subdiv_head_var_0.glb,22,good,bad,0.4679055992025713,ratio_mouth_width,False
asian_female_auth_asian_f_0022_frame_0004_subdiv_head_var_0.glb,22,good,bad,0.39704360588761695,ratio_eye_to_mouth_right,False
asian_female_auth_asian_f_0022_frame_0007_subdiv_head_var_0.glb,22,good,bad,0.4120777923168199,ratio_eye_to_mouth_right,False
asian_female_auth_asian_f_0022_frame_0007_subdiv_head_var_0.glb,22,good,bad,0.3714486695228174,ratio_chin_to_mouth,False
asian_female_auth_asian_f_0022_frame_0009_subdiv_head_var_0.glb,22,good,bad,0.4216627534030539,ratio_eye_to_mouth_right,False
asian_female_auth_asian_f_0022_frame_0010_subdiv_head_var_0.glb,22,good,good,0.5565797861517245,ratio_mouth_width,True
asian_female_auth_asian_f_0022_frame_0010_subdiv_head_var_0.glb,22,good,bad,0.4856827490400703,ratio_mouth_width,False
asian_female_auth_asian_f_0036_frame_0001_subdiv_head_var_0.glb,36,good,good,0.6828647240339538,ratio_lip_height,True
asian_female_auth_asian_f_0036_frame_0004_subdiv_head_var_0.glb,36,good,bad,0.4829123414080399,ratio_cheekbone_width,False
asian_female_auth_asian_f_0036_frame_0005_subdiv_head_var_0.glb,36,good,good,0.6371430452236487,ratio_brow_span,True
asian_female_auth_asian_f_0036_frame_0008_subdiv_head_var_0.glb,36,good,good,0.565920621993775,ratio_brow_span,True
asian_female_auth_asian_f_0036_frame_0013_subdiv_head_var_0.glb,36,good,good,0.6602502067152364,ratio_brow_span,True
asian_female_auth_asian_f_0036_frame_0014_subdiv_head_var_0.glb,36,good,good,0.533917566308342,ratio_cheekbone_width,True
asian_female_auth_asian_f_0039_frame_0001_subdiv_head_var_0.glb,39,good,bad,0.49626864130917897,ratio_lip_height,False
asian_female_auth_asian_f_0039_frame_0003_subdiv_head_var_0.glb,39,good,bad,0.3866886686859749,ratio_lip_height,False
asian_female_auth_asian_f_0040_frame_0003_subdiv_head_var_0.glb,40,good,bad,0.3704621827511609,ratio_face_height,False
asian_male_auth_asian_m_0016_frame_0005_subdiv_head_var_0.glb,16,good,good,0.5132462330183448,ratio_mouth_width,True
asian_male_auth_asian_m_0016_frame_0006_subdiv_head_var_0.glb,16,good,bad,0.42051015580614975,ratio_mouth_width,False
asian_male_auth_asian_m_0016_frame_0006_subdiv_head_var_0.glb,16,good,bad,0.4696089640839293,ratio_mouth_width,False
asian_male_auth_asian_m_0016_frame_0006_subdiv_head_var_0.glb,16,good,good,0.553048506086923,ratio_mouth_width,True
asian_male_auth_asian_m_0016_frame_0010_subdiv_head_var_0.glb,16,good,good,0.525237429459465,ratio_mouth_width,True
asian_male_auth_asian_m_0016_frame_0010_subdiv_head_var_0.glb,16,good,bad,0.328861618314007,ratio_mouth_width,False
asian_male_auth_asian_m_0016_frame_0012_subdiv_head_var_0.glb,16,good,good,0.536613243115765,ratio_mouth_width,True
asian_male_auth_asian_m_0016_frame_0015_subdiv_head_var_0.glb,16,good,bad,0.4588006945986136,ratio_mouth_width,False
asian_male_auth_asian_m_0016_frame_0017_subdiv_head_var_0.glb,16,good,bad,0.3975112269087997,ratio_mouth_width,False
asian_male_auth_asian_m_0018_frame_0010_subdiv_head_var_0.glb,18,good,bad,0.38262413943546303,ratio_nose_length,False
asian_male_auth_asian_m_0018_frame_0014_subdiv_head_var_0.glb,18,good,bad,0.39324714153539747,ratio_lip_height,False
asian_male_auth_asian_m_0018_frame_0015_subdiv_head_var_0.glb,18,good,bad,0.344919638585317,ratio_lip_height,False
asian_male_auth_asian_m_0018_frame_0018_subdiv_head_var_0.glb,18,good,bad,0.3423231607673154,ratio_nose_length,False
asian_male_auth_asian_m_0027_frame_0001_subdiv_head_var_0.glb,27,good,bad,0.426053366728812,ratio_lip_height,False
asian_male_auth_asian_m_0027_frame_0003_subdiv_head_var_0.glb,27,good,bad,0.42562804659126763,ratio_mouth_width,False
asian_male_auth_asian_m_0034_frame_0001_subdiv_head_var_0.glb,34,good,bad,0.2854782462244091,ratio_brow_span,False
asian_male_auth_asian_m_0034_frame_0003_subdiv_head_var_0.glb,34,good,bad,0.27530355543452734,ratio_mouth_width,False
asian_male_auth_asian_m_0035_frame_0003_subdiv_head_var_0.glb,35,good,good,0.5666604084292841,ratio_jaw_width,True
asian_male_auth_asian_m_0042_frame_0002_subdiv_head_var_0.glb,42,good,good,0.6067266060006791,ratio_brow_span,True
asian_male_auth_asian_m_0043_frame_0003_subdiv_head_var_0.glb,43,good,bad,0.45247920957358667,ratio_face_height,False
asian_male_auth_asian_m_0048_frame_0003_subdiv_head_var_0.glb,48,good,bad,0.3937679680365752,ratio_mouth_width,False
asian_male_auth_asian_m_0048_frame_0004_subdiv_head_var_0.glb,48,good,bad,0.3807425903380952,ratio_lip_height,False
asian_male_auth_asian_m_0048_frame_0006_subdiv_head_var_0.glb,48,good,bad,0.35877400966287043,ratio_nose_length,False
asian_male_auth_asian_m_0048_frame_0007_subdiv_head_var_0.glb,48,good,bad,0.32087342427194454,ratio_mouth_width,False
asian_male_auth_asian_m_0048_frame_0008_subdiv_head_var_0.glb,48,good,bad,0.33273006767695884,ratio_nose_length,False
asian_male_auth_asian_m_0048_frame_0010_subdiv_head_var_0.glb,48,good,bad,0.29907803019924484,ratio_nose_length,False
asian_male_auth_asian_m_0051_frame_0003_subdiv_head_var_0.glb,51,good,good,0.5022251545121553,ratio_eye_to_mouth_left,True
asian_male_auth_asian_m_0051_frame_0004_subdiv_head_var_0.glb,51,good,bad,0.42601805820168215,ratio_eye_to_mouth_left,False
asian_male_auth_asian_m_0051_frame_0005_subdiv_head_var_0.glb,51,good,good,0.5486083978810197,ratio_nose_length,True
asian_male_auth_asian_m_0051_frame_0008_subdiv_head_var_0.glb,51,good,bad,0.49147179701436383,ratio_nose_width,False
auth_african_f_0012_frame_0012_subdiv_auth_african_f_0012_head.glb,12,good,bad,0.4858604638464503,ratio_nose_width,False
auth_african_f_0019_frame_0019_subdiv_auth_african_f_0019_head.glb,19,good,good,0.5763874486782775,ratio_nose_length,True
auth_african_f_0020_frame_0020_subdiv_auth_african_f_0020_head.glb,20,good,good,0.6192730258561298,ratio_lip_height,True
auth_african_f_0022_frame_0001_subdiv_auth_african_f_0022_head.glb,22,good,good,0.5461206725504185,ratio_nose_width,True
auth_african_f_0023_frame_0002_subdiv_auth_african_f_0023_head.glb,23,good,bad,0.3031259247905835,ratio_brow_span,False
auth_african_f_0024_frame_0021_subdiv_auth_african_f_0024_head.glb,24,good,good,0.6575177433136538,ratio_lip_height,True
auth_african_f_0037_frame_0022_subdiv_auth_african_f_0037_head.glb,37,good,good,0.6329794550492458,ratio_mouth_width,True
auth_african_f_0056_frame_0023_subdiv_auth_african_f_0056_head.glb,56,good,bad,0.46023932806304196,ratio_brow_width_right,False
auth_african_m_0001_frame_0025_subdiv_auth_african_m_0001_head.glb,1,good,bad,0.21635533265346013,ratio_nose_width,False
auth_african_m_0003_frame_0026_subdiv_auth_african_m_0003_head.glb,3,good,bad,0.3344505304479968,ratio_nose_width,False
auth_african_m_0004_frame_0027_subdiv_auth_african_m_0004_head.glb,4,good,bad,0.3416820270454447,ratio_nose_width,False
auth_african_m_0005_frame_0110_subdiv_auth_african_m_0005_head.glb,5,good,bad,0.29853675012141584,ratio_nose_width,False
auth_african_m_0026_frame_0111_subdiv_auth_african_m_0026_head.glb,26,good,bad,0.297391402974057,ratio_nose_width,False
auth_asian_f_0003_frame_0029_subdiv_auth_asian_f_0003_head.glb,3,good,bad,0.47915396884667383,ratio_nose_width,False
auth_asian_f_0008_frame_0030_subdiv_auth_asian_f_0008_head.glb,8,good,good,0.5342863999080849,ratio_nose_width,True
auth_asian_f_0009_frame_0031_subdiv_auth_asian_f_0009_head.glb,9,good,good,0.5593869966265259,ratio_brow_width_left,True
auth_asian_f_0010_frame_0032_subdiv_auth_asian_f_0010_head.glb,10,good,bad,0.48882485968930844,ratio_nose_width,False
auth_asian_f_0011_frame_0033_subdiv_auth_asian_f_0011_head.glb,11,good,bad,0.4970828427206367,ratio_nose_width,False
auth_asian_f_0013_frame_0011_subdiv_auth_asian_f_0013_head.glb,13,good,good,0.6915175518752641,ratio_lip_height,True
auth_asian_f_0014_frame_0003_subdiv_auth_asian_f_0014_head.glb,14,good,good,0.7004575780383786,ratio_brow_span,True
auth_asian_f_0016_frame_0034_subdiv_auth_asian_f_0016_head.glb,16,good,bad,0.3323464680196269,ratio_brow_width_left,False
auth_asian_f_0018_frame_0035_subdiv_auth_asian_f_0018_head.glb,18,good,bad,0.3861589688138476,ratio_eye_to_nose_tip_left,False
auth_asian_f_0021_frame_0036_subdiv_auth_asian_f_0021_head.glb,21,good,good,0.5959625077771891,ratio_face_height,True
auth_asian_f_0022_frame_0003_subdiv_head.glb,22,good,bad,0.4472601723969963,ratio_eye_to_mouth_right,False
auth_asian_f_0022_frame_0004_subdiv_auth_asian_f_0022_head.glb,22,good,good,0.5520967563079042,ratio_mouth_width,True
auth_asian_f_0022_frame_0004_subdiv_head.glb,22,good,good,0.5205045894291551,ratio_mouth_width,True
auth_asian_f_0022_frame_0006_subdiv_head.glb,22,good,bad,0.48326041566360023,ratio_jaw_width,False
auth_asian_f_0022_frame_0008_subdiv_head.glb,22,good,good,0.5034794419189783,ratio_mouth_width,True
auth_asian_f_0022_frame_0009_subdiv_head.glb,22,good,bad,0.3948671848127848,ratio_chin_to_mouth,False
auth_asian_f_0026_frame_0037_subdiv_auth_asian_f_0026_head.glb,26,good,good,0.5608004108812703,ratio_nose_length,True
auth_asian_f_0029_frame_0038_subdiv_auth_asian_f_0029_head.glb,29,good,bad,0.3222016097767574,ratio_nose_width,False
auth_asian_f_0033_frame_0039_subdiv_auth_asian_f_0033_head.glb,33,good,good,0.6071461693558096,ratio_face_height,True
auth_asian_f_0034_frame_0040_subdiv_auth_asian_f_0034_head.glb,34,good,good,0.6083477771194227,ratio_lip_height,True
auth_asian_f_0035_frame_0041_subdiv_auth_asian_f_0035_head.glb,35,good,good,0.5358439895995143,ratio_lip_height,True
auth_asian_f_0036_frame_0042_subdiv_auth_asian_f_0036_head.glb,36,good,good,0.7077681209387771,ratio_lip_height,True
auth_asian_f_0039_frame_0043_subdiv_auth_asian_f_0039_head.glb,39,good,good,0.5521164089601083,ratio_lip_height,True
auth_asian_f_0040_frame_0044_subdiv_auth_asian_f_0040_head.glb,40,good,good,0.601710170412008,ratio_chin_to_mouth,True
auth_asian_f_0041_frame_0045_subdiv_auth_asian_f_0041_head.glb,41,good,bad,0.44184291304066764,ratio_brow_width_left,False
auth_asian_f_0049_frame_0046_subdiv_auth_asian_f_0049_head.glb,49,good,bad,0.40222068071612843,ratio_nose_width,False
auth_asian_f_0054_frame_0047_subdiv_auth_asian_f_0054_head.glb,54,good,bad,0.36185512855967156,ratio_nose_width,False
auth_asian_f_0061_frame_0048_subdiv_auth_asian_f_0061_head.glb,61,good,bad,0.38893750469129795,ratio_nose_length,False
auth_asian_f_0069_frame_0049_subdiv_auth_asian_f_0069_head.glb,69,good,bad,0.38342948851712205,ratio_face_height,False
auth_asian_m_0011_frame_0050_subdiv_auth_asian_m_0011_head.glb,11,good,good,0.5993745065622279,ratio_mouth_width,True
auth_asian_m_0014_frame_0051_subdiv_auth_asian_m_0014_head.glb,14,good,good,0.5360272994630926,ratio_nose_length,True
auth_asian_m_0016_frame_0005_subdiv_auth_asian_m_0016_head.glb,16,good,bad,0.43469191121175865,ratio_mouth_width,False
auth_asian_m_0017_frame_0052_subdiv_auth_asian_m_0017_head.glb,17,good,good,0.7060324214949874,ratio_mouth_width,True
auth_asian_m_0019_frame_0053_subdiv_auth_asian_m_0019_head.glb,19,good,good,0.5802046592891912,ratio_nose_width,True
auth_asian_m_0023_frame_0054_subdiv_auth_asian_m_0023_head.glb,23,good,bad,0.4730101831422056,ratio_nose_length,False
auth_asian_m_0025_frame_0055_subdiv_auth_asian_m_0025_head.glb,25,good,good,0.5767809535952177,ratio_nose_width,True
auth_asian_m_0027_frame_0056_subdiv_auth_asian_m_0027_head.glb,27,good,bad,0.3829078454706155,ratio_eye_to_nose_tip_left,False
auth_asian_m_0029_frame_0057_subdiv_auth_asian_m_0029_head.glb,29,good,good,0.508323144345951,ratio_lip_height,True
auth_asian_m_0033_frame_0058_subdiv_auth_asian_m_0033_head.glb,33,good,good,0.5550329916309972,ratio_lip_height,True
auth_asian_m_0034_frame_0059_subdiv_auth_asian_m_0034_head.glb,34,good,bad,0.34721726353182397,ratio_brow_width_right,False
auth_asian_m_0035_frame_0060_subdiv_auth_asian_m_0035_head.glb,35,good,good,0.5844194805119538,ratio_jaw_width,True
auth_asian_m_0037_frame_0061_subdiv_auth_asian_m_0037_head.glb,37,good,good,0.5512144649310204,ratio_brow_width_right,True
auth_asian_m_0042_frame_0062_subdiv_auth_asian_m_0042_head.glb,42,good,good,0.6054603042757687,ratio_mouth_width,True
auth_asian_m_0043_frame_0063_subdiv_auth_asian_m_0043_head.glb,43,good,bad,0.4654802503728231,ratio_face_height,False
auth_asian_m_0048_frame_0112_subdiv_auth_asian_m_0048_head.glb,48,good,bad,0.3814866991505946,ratio_mouth_width,False
auth_asian_m_0051_frame_0064_subdiv_auth_asian_m_0051_head.glb,51,good,bad,0.43627583487373295,ratio_face_height,False
auth_asian_m_0062_frame_0065_subdiv_auth_asian_m_0062_head.glb,62,good,good,0.5173057203545758,ratio_eye_to_nose_tip_left,True
auth_caucasian_f_0002_frame_0067_subdiv_auth_caucasian_f_0002_head.glb,2,good,bad,0.2892171896657274,ratio_nose_width,False
auth_caucasian_f_0003_frame_0068_subdiv_auth_caucasian_f_0003_head.glb,3,good,bad,0.24049372592081592,ratio_mouth_width,False
auth_caucasian_f_0007_frame_0069_subdiv_auth_caucasian_f_0007_head.glb,7,good,bad,0.2938155853047521,ratio_mouth_width,False
auth_caucasian_f_0008_frame_0070_subdiv_auth_caucasian_f_0008_head.glb,8,good,bad,0.273931403229655,ratio_mouth_width,False
auth_caucasian_f_0009_frame_0071_subdiv_auth_caucasian_f_0009_head.glb,9,good,bad,0.3024804527956521,ratio_mouth_width,False
auth_caucasian_f_0028_frame_0072_subdiv_auth_caucasian_f_0028_head.glb,28,good,bad,0.39923990430082595,ratio_nose_length,False
auth_caucasian_f_0031_frame_0073_subdiv_auth_caucasian_f_0031_head.glb,31,good,bad,0.3761821588518907,ratio_eye_to_mouth_left,False
auth_caucasian_m_0016_frame_0074_subdiv_auth_caucasian_m_0016_head.glb,16,good,bad,0.27644757439831824,ratio_mouth_width,False
auth_caucasian_m_0024_frame_0075_subdiv_auth_caucasian_m_0024_head.glb,24,good,bad,0.21251905398687576,ratio_lip_height,False
auth_caucasian_m_0025_frame_0006_subdiv_auth_caucasian_m_0025_head.glb,25,good,bad,0.235298925910187,ratio_nose_length,False
auth_caucasian_m_0028_frame_0076_subdiv_auth_caucasian_m_0028_head.glb,28,good,bad,0.2127872122274032,ratio_mouth_width,False
auth_caucasian_m_0034_frame_0077_subdiv_auth_caucasian_m_0034_head.glb,34,good,bad,0.19076474728933324,ratio_mouth_width,False
auth_latino_f_0005_frame_0013_subdiv_auth_latino_f_0005_head.glb,5,good,bad,0.4931897364332026,ratio_face_height,False
auth_latino_f_0006_frame_0014_subdiv_auth_latino_f_0006_head.glb,6,good,bad,0.47404536743959597,ratio_face_height,False
auth_latino_f_0014_frame_0113_subdiv_auth_latino_f_0014_head.glb,14,good,bad,0.2471208555671728,ratio_lip_height,False
auth_latino_f_0018_frame_0078_subdiv_auth_latino_f_0018_head.glb,18,good,bad,0.44760345758983233,ratio_mouth_width,False
auth_latino_f_0020_frame_0015_subdiv_auth_latino_f_0020_head.glb,20,good,bad,0.46126207597036933,ratio_eye_to_mouth_right,False
auth_latino_f_0027_frame_0079_subdiv_auth_latino_f_0027_head.glb,27,good,bad,0.3913287339497646,ratio_nose_length,False
auth_latino_f_0031_frame_0114_subdiv_auth_latino_f_0031_head.glb,31,good,bad,0.2697190168796042,ratio_lip_height,False
auth_latino_f_0032_frame_0080_subdiv_auth_latino_f_0032_head.glb,32,good,bad,0.2793285224534255,ratio_nose_length,False
auth_latino_f_0036_frame_0081_subdiv_auth_latino_f_0036_head.glb,36,good,bad,0.39160509859615344,ratio_nose_length,False
auth_latino_f_0040_frame_0082_subdiv_auth_latino_f_0040_head.glb,40,good,bad,0.40306832865651004,ratio_lip_height,False
auth_latino_f_0041_frame_0083_subdiv_auth_latino_f_0041_head.glb,41,good,bad,0.46941431045224463,ratio_nose_length,False
auth_latino_f_0047_frame_0084_subdiv_auth_latino_f_0047_head.glb,47,good,bad,0.36382333903235164,ratio_nose_length,False
auth_latino_f_0048_frame_0085_subdiv_auth_latino_f_0048_head.glb,48,good,bad,0.4747112619120727,ratio_nose_length,False
auth_latino_f_0058_frame_0016_subdiv_auth_latino_f_0058_head.glb,58,good,bad,0.2811781660364668,ratio_lip_height,False
auth_latino_m_0002_frame_0115_subdiv_auth_latino_m_0002_head.glb,2,good,bad,0.14824610865263554,ratio_mouth_width,False
auth_latino_m_0017_frame_0017_subdiv_auth_latino_m_0017_head.glb,17,good,bad,0.32335803994576173,ratio_mouth_width,False
auth_latino_m_0036_frame_0116_subdiv_auth_latino_m_0036_head.glb,36,good,bad,0.21024483882406708,ratio_mouth_width,False
auth_latino_m_0041_frame_0086_subdiv_auth_latino_m_0041_head.glb,41,good,bad,0.22279016880228641,ratio_mouth_width,False
auth_latino_m_0042_frame_0087_subdiv_auth_latino_m_0042_head.glb,42,good,bad,0.3092372456515741,ratio_nose_width,False
auth_latino_m_0043_frame_0088_subdiv_auth_latino_m_0043_head.glb,43,good,bad,0.3033935311424868,ratio_nose_length,False
auth_latino_m_0049_frame_0018_subdiv_auth_latino_m_0049_head.glb,49,good,bad,0.32905237601657666,ratio_mouth_width,False
auth_latino_m_0058_frame_0089_subdiv_auth_latino_m_0058_head.glb,58,good,bad,0.14281310119971638,ratio_mouth_width,False
auth_latino_m_0064_frame_0090_subdiv_auth_latino_m_0064_head.glb,64,good,bad,0.2588780160227311,ratio_lip_height,False
auth_middleeast_f_0005_frame_0091_subdiv_auth_middleeast_f_0005_head.glb,5,good,good,0.612962660016422,ratio_mouth_width,True
auth_middleeast_f_0006_frame_0092_subdiv_auth_middleeast_f_0006_head.glb,6,good,good,0.5277605312763232,ratio_mouth_width,True
auth_middleeast_f_0009_frame_0002_subdiv_head.glb,9,good,good,0.5930583172382262,ratio_nose_width,True
auth_middleeast_f_0009_frame_0002_subdiv_head.glb,9,good,good,0.5902119560774092,ratio_mouth_width,True
auth_middleeast_f_0009_frame_0007_subdiv_auth_middleeast_f_0009_head.glb,9,good,good,0.6262303124866041,ratio_mouth_width,True
auth_middleeast_f_0011_frame_0093_subdiv_auth_middleeast_f_0011_head.glb,11,good,good,0.5400865414654336,ratio_face_height,True
auth_middleeast_f_0013_frame_0094_subdiv_auth_middleeast_f_0013_head.glb,13,good,bad,0.49455506357363227,ratio_lip_height,False
auth_middleeast_f_0015_frame_0095_subdiv_auth_middleeast_f_0015_head.glb,15,good,bad,0.46706891355561203,ratio_chin_to_mouth,False
auth_middleeast_f_0016_frame_0096_subdiv_auth_middleeast_f_0016_head.glb,16,good,good,0.6806297353547854,ratio_face_height,True
auth_middleeast_f_0021_frame_0097_subdiv_auth_middleeast_f_0021_head.glb,21,good,good,0.5908584708505477,ratio_mouth_width,True
auth_middleeast_f_0028_frame_0008_subdiv_auth_middleeast_f_0028_head.glb,28,good,bad,0.33009122457603046,ratio_brow_width_left,False
auth_middleeast_f_0032_frame_0098_subdiv_auth_middleeast_f_0032_head.glb,32,good,good,0.5020568742560291,ratio_mouth_width,True
auth_middleeast_f_0036_frame_0099_subdiv_auth_middleeast_f_0036_head.glb,36,good,bad,0.44391920869029244,ratio_eye_to_nose_tip_right,False
auth_middleeast_f_0041_frame_0100_subdiv_auth_middleeast_f_0041_head.glb,41,good,bad,0.4894703290134636,ratio_nose_length,False
auth_middleeast_f_0042_frame_0101_subdiv_auth_middleeast_f_0042_head.glb,42,good,bad,0.4111266878287854,ratio_nose_length,False
auth_middleeast_f_0045_frame_0102_subdiv_auth_middleeast_f_0045_head.glb,45,good,bad,0.3682893470017977,ratio_brow_width_right,False
auth_middleeast_f_0064_frame_0103_subdiv_auth_middleeast_f_0064_head.glb,64,good,bad,0.49606889592965414,ratio_mouth_width,False
auth_middleeast_m_0005_frame_0104_subdiv_auth_middleeast_m_0005_head.glb,5,good,bad,0.35623819774113025,ratio_eye_width_left,False
auth_middleeast_m_0006_frame_0105_subdiv_auth_middleeast_m_0006_head.glb,6,good,bad,0.38794674974965576,ratio_eye_width_left,False
auth_middleeast_m_0008_frame_0106_subdiv_auth_middleeast_m_0008_head.glb,8,good,bad,0.2477185311321063,ratio_nose_length,False
auth_middleeast_m_0011_frame_0009_subdiv_auth_middleeast_m_0011_head.glb,11,good,bad,0.22805274096028944,ratio_nose_length,False
auth_middleeast_m_0012_frame_0107_subdiv_auth_middleeast_m_0012_head.glb,12,good,bad,0.2647622589008489,ratio_nose_width,False
auth_middleeast_m_0025_frame_0010_subdiv_auth_middleeast_m_0025_head.glb,25,good,bad,0.21259960458265686,ratio_lip_height,False
auth_middleeast_m_0033_frame_0108_subdiv_auth_middleeast_m_0033_head.glb,33,good,bad,0.29454939904819316,ratio_lip_height,False
auth_middleeast_m_0043_frame_0117_subdiv_auth_middleeast_m_0043_head.glb,43,good,bad,0.3020280340333111,ratio_nose_length,False
auth_middleeast_m_0069_frame_0109_subdiv_auth_middleeast_m_0069_head.glb,69,good,bad,0.3549900782904665,ratio_nose_width,False
caucasian_female_auth_caucasian_f_0003_frame_0002_subdiv_head_var_0.glb,3,good,bad,0.3078154798966399,ratio_mouth_width,False
caucasian_female_auth_caucasian_f_0003_frame_0003_subdiv_head_var_0.glb,3,good,bad,0.24537788417727635,ratio_mouth_width,False
caucasian_male_auth_caucasian_m_0025_frame_0001_subdiv_head_var_0.glb,25,good,bad,0.15852373054748223,ratio_nose_length,False
caucasian_male_auth_caucasian_m_0025_frame_0003_subdiv_head_var_0.glb,25,good,bad,0.22497684226692835,ratio_nose_length,False
caucasian_male_auth_caucasian_m_0025_frame_0003_subdiv_head_var_0.glb,25,good,bad,0.17529759332363806,ratio_nose_length,False
caucasian_male_auth_caucasian_m_0025_frame_0005_subdiv_head_var_0.glb,25,good,bad,0.20414124827829017,ratio_interocular_outer,False
caucasian_male_auth_caucasian_m_0025_frame_0007_subdiv_head_var_0.glb,25,good,bad,0.2068396918265564,ratio_nose_length,False
caucasian_male_auth_caucasian_m_0025_frame_0009_subdiv_head_var_0.glb,25,good,bad,0.23089135459197754,ratio_nose_length,False
caucasian_male_auth_caucasian_m_0025_frame_0009_subdiv_head_var_0.glb,25,good,bad,0.22232381683388885,ratio_nose_length,False
caucasian_male_auth_caucasian_m_0034_frame_0002_subdiv_head_var_0.glb,34,good,bad,0.20514065850412957,ratio_nose_length,False
latino_female_auth_latino_f_0014_frame_0006_subdiv_head_var_0.glb,14,good,bad,0.24866546302663084,ratio_lip_height,False
latino_female_auth_latino_f_0014_frame_0007_subdiv_head_var_0.glb,14,good,bad,0.24486629063183532,ratio_lip_height,False
latino_female_auth_latino_f_0014_frame_0008_subdiv_head_var_0.glb,14,good,bad,0.2547694793975047,ratio_lip_height,False
latino_female_auth_latino_f_0018_frame_0001_subdiv_head_var_0.glb,18,good,bad,0.44630745104896274,ratio_mouth_width,False
latino_female_auth_latino_f_0027_frame_0002_subdiv_head_var_0.glb,27,good,bad,0.36048050992926817,ratio_jaw_width,False
latino_female_auth_latino_f_0031_frame_0010_subdiv_head_var_0.glb,31,good,bad,0.2332932884024902,ratio_lip_height,False
latino_female_auth_latino_f_0032_frame_0002_subdiv_head_var_0.glb,32,good,bad,0.37410221534613824,ratio_nose_length,False
latino_female_auth_latino_f_0040_frame_0002_subdiv_head_var_0.glb,40,good,bad,0.2999477470487825,ratio_lip_height,False
latino_male_auth_latino_m_0002_frame_0003_subdiv_head_var_0.glb,2,good,bad,0.11469942224910384,ratio_mouth_width,False
latino_male_auth_latino_m_0002_frame_0010_subdiv_head_var_0.glb,2,good,bad,0.11518811287258246,ratio_mouth_width,False
latino_male_auth_latino_m_0036_frame_0008_subdiv_head_var_0.glb,36,good,bad,0.17447933230777488,ratio_mouth_width,False
middleeast_female_auth_middleeast_f_0009_frame_0002_subdiv_head_var_0.glb,9,good,bad,0.45751652891893874,ratio_face_height,False
middleeast_female_auth_middleeast_f_0009_frame_0002_subdiv_head_var_0.glb,9,good,good,0.5252331491627263,ratio_mouth_width,True
middleeast_female_auth_middleeast_f_0009_frame_0004_subdiv_head_var_0.glb,9,good,bad,0.4287099670087282,ratio_jaw_width,False
middleeast_female_auth_middleeast_f_0009_frame_0005_subdiv_head_var_0.glb,9,good,bad,0.4534409828554021,ratio_jaw_width,False
middleeast_female_auth_middleeast_f_0009_frame_0007_subdiv_head_var_0.glb,9,good,good,0.5303826497684524,ratio_lip_height,True
middleeast_female_auth_middleeast_f_0009_frame_0007_subdiv_head_var_0.glb,9,good,bad,0.4657244320234666,ratio_mouth_width,False
middleeast_female_auth_middleeast_f_0009_frame_0009_subdiv_head_var_0.glb,9,good,bad,0.4767845467159776,ratio_face_height,False
middleeast_female_auth_middleeast_f_0009_frame_0009_subdiv_head_var_0.glb,9,good,good,0.5038558158614405,ratio_chin_to_mouth,True
middleeast_female_auth_middleeast_f_0013_frame_0003_subdiv_head_var_0.glb,13,good,bad,0.4890786880980443,ratio_lip_height,False
middleeast_female_auth_middleeast_f_0028_frame_0001_subdiv_head_var_0.glb,28,good,bad,0.47564005653470226,ratio_nose_length,False
middleeast_female_auth_middleeast_f_0028_frame_0001_subdiv_head_var_0.glb,28,good,bad,0.3218692944464953,ratio_brow_width_left,False
middleeast_female_auth_middleeast_f_0028_frame_0001_subdiv_head_var_0.glb,28,good,bad,0.2569220485085991,ratio_jaw_width,False
middleeast_female_auth_middleeast_f_0028_frame_0003_subdiv_head_var_0.glb,28,good,bad,0.4241052570964108,ratio_nose_width,False
middleeast_female_auth_middleeast_f_0028_frame_0003_subdiv_head_var_0.glb,28,good,bad,0.3683250074622626,ratio_brow_width_left,False
middleeast_female_auth_middleeast_f_0028_frame_0004_subdiv_head_var_0.glb,28,good,bad,0.40383424767067744,ratio_brow_width_left,False
middleeast_female_auth_middleeast_f_0028_frame_0005_subdiv_head_var_0.glb,28,good,bad,0.38383960815482393,ratio_nose_width,False
middleeast_female_auth_middleeast_f_0028_frame_0006_subdiv_head_var_0.glb,28,good,bad,0.4135189418777437,ratio_nose_width,False
middleeast_female_auth_middleeast_f_0028_frame_0006_subdiv_head_var_0.glb,28,good,bad,0.3224830482073826,ratio_brow_width_left,False
middleeast_female_auth_middleeast_f_0028_frame_0007_subdiv_head_var_0.glb,28,good,bad,0.4051474538755675,ratio_nose_length,False
middleeast_female_auth_middleeast_f_0028_frame_0007_subdiv_head_var_0.glb,28,good,bad,0.3222910280482922,ratio_brow_width_left,False
middleeast_female_auth_middleeast_f_0028_frame_0008_subdiv_head_var_0.glb,28,good,good,0.5218398648684637,ratio_nose_length,True
middleeast_female_auth_middleeast_f_0028_frame_0008_subdiv_head_var_0.glb,28,good,bad,0.41277112665398186,ratio_lip_height,False
middleeast_female_auth_middleeast_f_0028_frame_0009_subdiv_head_var_0.glb,28,good,bad,0.38437398403143147,ratio_nose_width,False
middleeast_female_auth_middleeast_f_0028_frame_0009_subdiv_head_var_0.glb,28,good,bad,0.37148175449137844,ratio_lip_height,False
middleeast_female_auth_middleeast_f_0028_frame_0010_subdiv_head_var_0.glb,28,good,bad,0.46153230856378713,ratio_nose_width,False
middleeast_female_auth_middleeast_f_0028_frame_0010_subdiv_head_var_0.glb,28,good,bad,0.31345454358456587,ratio_brow_width_left,False
middleeast_female_auth_middleeast_f_0041_frame_0003_subdiv_head_var_0.glb,41,good,bad,0.4186505910032625,ratio_nose_length,False
middleeast_male_auth_middleeast_m_0011_frame_0001_subdiv_head_var_0.glb,11,good,bad,0.22899057652231633,ratio_nose_length,False
middleeast_male_auth_middleeast_m_0011_frame_0004_subdiv_head_var_0.glb,11,good,bad,0.2154312888480328,ratio_nose_length,False
middleeast_male_auth_middleeast_m_0011_frame_0007_subdiv_head_var_0.glb,11,good,bad,0.17453467873106981,ratio_nose_length,False
middleeast_male_auth_middleeast_m_0011_frame_0008_subdiv_head_var_0.glb,11,good,bad,0.15914347538923446,ratio_nose_length,False
middleeast_male_auth_middleeast_m_0011_frame_0009_subdiv_head_var_0.glb,11,good,bad,0.20283575726932931,ratio_nose_length,False
middleeast_male_auth_middleeast_m_0011_frame_0010_subdiv_head_var_0.glb,11,good,bad,0.13571593237786347,ratio_nose_length,False
middleeast_male_auth_middleeast_m_0011_frame_0010_subdiv_head_var_0.glb,11,good,bad,0.19300595933764458,ratio_nose_length,False
middleeast_male_auth_middleeast_m_0025_frame_0003_subdiv_head_var_0.glb,25,good,bad,0.28813559240335046,ratio_lip_height,False
middleeast_male_auth_middleeast_m_0025_frame_0004_subdiv_head_var_0.glb,25,good,bad,0.21902464448797732,ratio_lip_height,False
middleeast_male_auth_middleeast_m_0025_frame_0008_subdiv_head_var_0.glb,25,good,bad,0.20559989647401866,ratio_lip_height,False
middleeast_male_auth_middleeast_m_0033_frame_0001_subdiv_head_var_0.glb,33,good,bad,0.2742142480404169,ratio_jaw_width,False
middleeast_male_auth_middleeast_m_0043_frame_0010_subdiv_head_var_0.glb,43,good,bad,0.30381448487582996,ratio_nose_length,False
african_female_auth_african_f_0012_frame_0001_subdiv_head_var_0.glb,12,bad,bad,0.4227910397428405,ratio_nose_width,True
african_female_auth_african_f_0012_frame_0002_subdiv_head_var_0.glb,12,bad,good,0.5034242936211061,ratio_nose_width,False
african_female_auth_african_f_0012_frame_0003_subdiv_head_var_0.glb,12,bad,bad,0.4243516249741106,ratio_jaw_width,True
african_female_auth_african_f_0020_frame_0002_subdiv_head_var_0.glb,20,bad,good,0.502599091569546,ratio_jaw_width,False
african_female_auth_african_f_0022_frame_0001_subdiv_head_var_0.glb,22,bad,bad,0.4958300743640209,ratio_chin_to_mouth,True
african_female_auth_african_f_0022_frame_0004_subdiv_head_var_0.glb,22,bad,bad,0.48980663644690575,ratio_nose_width,True
african_female_auth_african_f_0022_frame_0005_subdiv_head_var_0.glb,22,bad,bad,0.4809576473454388,ratio_chin_to_mouth,True
african_female_auth_african_f_0022_frame_0006_subdiv_head_var_0.glb,22,bad,good,0.5487062019658591,ratio_nose_width,False
african_female_auth_african_f_0022_frame_0008_subdiv_head_var_0.glb,22,bad,bad,0.48899167218927,ratio_nose_width,True
african_female_auth_african_f_0022_frame_0008_subdiv_head_var_0.glb,22,bad,good,0.5439496277085997,ratio_lip_height,False
african_female_auth_african_f_0022_frame_0009_subdiv_head_var_0.glb,22,bad,good,0.5050981398017241,ratio_nose_width,False
african_female_auth_african_f_0022_frame_0009_subdiv_head_var_0.glb,22,bad,bad,0.45276882059530954,ratio_nose_width,True
african_female_auth_african_f_0022_frame_0010_subdiv_head_var_0.glb,22,bad,bad,0.4255780295950156,ratio_nose_width,True
african_female_auth_african_f_0022_frame_0010_subdiv_head_var_0.glb,22,bad,good,0.5025681630228581,ratio_nose_width,False
african_female_auth_african_f_0023_frame_0001_subdiv_head_var_0.glb,23,bad,bad,0.23474023684607132,ratio_chin_to_mouth,True
african_female_auth_african_f_0023_frame_0001_subdiv_head_var_0.glb,23,bad,bad,0.4028721821594864,ratio_lip_height,True
african_female_auth_african_f_0023_frame_0002_subdiv_head_var_0.glb,23,bad,bad,0.2922854657584577,ratio_chin_to_mouth,True
african_female_auth_african_f_0023_frame_0002_subdiv_head_var_0.glb,23,bad,bad,0.2671305670249222,ratio_chin_to_mouth,True
african_female_auth_african_f_0023_frame_0003_subdiv_head_var_0.glb,23,bad,bad,0.24918667904752753,ratio_brow_span,True
african_female_auth_african_f_0023_frame_0003_subdiv_head_var_0.glb,23,bad,bad,0.29764865372288135,ratio_chin_to_mouth,True
african_female_auth_african_f_0023_frame_0004_subdiv_head_var_0.glb,23,bad,bad,0.2838312077122015,ratio_chin_to_mouth,True
african_female_auth_african_f_0023_frame_0008_subdiv_head_var_0.glb,23,bad,bad,0.29139509154860055,ratio_lip_height,True
african_female_auth_african_f_0023_frame_0008_subdiv_head_var_0.glb,23,bad,bad,0.228408972171739,ratio_chin_to_mouth,True
african_female_auth_african_f_0023_frame_0009_subdiv_head_var_0.glb,23,bad,bad,0.2605062352039568,ratio_chin_to_mouth,True
african_female_auth_african_f_0023_frame_0009_subdiv_head_var_0.glb,23,bad,bad,0.17841977981632762,ratio_chin_to_mouth,True
african_female_auth_african_f_0023_frame_0010_subdiv_head_var_0.glb,23,bad,bad,0.20336579044246725,ratio_brow_span,True
african_female_auth_african_f_0023_frame_0010_subdiv_head_var_0.glb,23,bad,bad,0.3805467578253448,ratio_chin_to_mouth,True
african_female_auth_african_f_0037_frame_0003_subdiv_head_var_0.glb,37,bad,good,0.5848268194943513,ratio_jaw_width,False
african_female_auth_african_f_0061_frame_0001_subdiv_head_var_0.glb,61,bad,good,0.5376335386424868,ratio_eye_width_left,False
african_female_auth_african_f_0061_frame_0003_subdiv_head_var_0.glb,61,bad,bad,0.4712784596025874,ratio_jaw_width,True
african_male_auth_african_m_0001_frame_0001_subdiv_head_var_0.glb,1,bad,bad,0.2081943616255063,ratio_nose_width,True
african_male_auth_african_m_0001_frame_0002_subdiv_head_var_0.glb,1,bad,bad,0.21822717418392862,ratio_nose_width,True
african_male_auth_african_m_0001_frame_0003_subdiv_head_var_0.glb,1,bad,bad,0.261111363669492,ratio_nose_width,True
african_male_auth_african_m_0001_frame_0004_subdiv_head_var_0.glb,1,bad,bad,0.2078751846654473,ratio_nose_width,True
african_male_auth_african_m_0001_frame_0005_subdiv_head_var_0.glb,1,bad,bad,0.19237903170552792,ratio_nose_width,True
african_male_auth_african_m_0001_frame_0007_subdiv_head_var_0.glb,1,bad,bad,0.21734905513494354,ratio_nose_width,True
african_male_auth_african_m_0001_frame_0008_subdiv_head_var_0.glb,1,bad,bad,0.21292440496686482,ratio_nose_width,True
african_male_auth_african_m_0001_frame_0010_subdiv_head_var_0.glb,1,bad,bad,0.20571694031955512,ratio_nose_width,True
african_male_auth_african_m_0003_frame_0001_subdiv_head_var_0.glb,3,bad,bad,0.33281720566612255,ratio_nose_width,True
african_male_auth_african_m_0003_frame_0002_subdiv_head_var_0.glb,3,bad,bad,0.3349161699535372,ratio_nose_width,True
african_male_auth_african_m_0003_frame_0003_subdiv_head_var_0.glb,3,bad,bad,0.32113483141620597,ratio_nose_width,True
african_male_auth_african_m_0005_frame_0001_subdiv_head_var_0.glb,5,bad,bad,0.34897640280036835,ratio_nose_width,True
african_male_auth_african_m_0005_frame_0002_subdiv_head_var_0.glb,5,bad,bad,0.3215254162137927,ratio_nose_width,True
african_male_auth_african_m_0005_frame_0003_subdiv_head_var_0.glb,5,bad,bad,0.2618004544827238,ratio_nose_width,True
african_male_auth_african_m_0005_frame_0005_subdiv_head_var_0.glb,5,bad,bad,0.30450407739162405,ratio_nose_width,True
african_male_auth_african_m_0005_frame_0006_subdiv_head_var_0.glb,5,bad,bad,0.3382163997014913,ratio_nose_width,True
african_male_auth_african_m_0005_frame_0007_subdiv_head_var_0.glb,5,bad,bad,0.28298811990872547,ratio_nose_width,True
african_male_auth_african_m_0005_frame_0008_subdiv_head_var_0.glb,5,bad,bad,0.30582497823119303,ratio_nose_width,True
african_male_auth_african_m_0005_frame_0009_subdiv_head_var_0.glb,5,bad,bad,0.2907252635271137,ratio_nose_width,True
african_male_auth_african_m_0026_frame_0003_subdiv_head_var_0.glb,26,bad,bad,0.34720427768758155,ratio_nose_width,True
african_male_auth_african_m_0026_frame_0004_subdiv_head_var_0.glb,26,bad,bad,0.2807683843846594,ratio_nose_width,True
african_male_auth_african_m_0026_frame_0006_subdiv_head_var_0.glb,26,bad,bad,0.28267311998600136,ratio_nose_width,True
african_male_auth_african_m_0026_frame_0007_subdiv_head_var_0.glb,26,bad,bad,0.3080186123805765,ratio_nose_width,True
african_male_auth_african_m_0026_frame_0008_subdiv_head_var_0.glb,26,bad,bad,0.371091186120032,ratio_nose_width,True
african_male_auth_african_m_0026_frame_0009_subdiv_head_var_0.glb,26,bad,bad,0.32075770797442393,ratio_nose_width,True
african_male_auth_african_m_0026_frame_0010_subdiv_head_var_0.glb,26,bad,bad,0.3268859148811755,ratio_nose_width,True
asian_female_auth_asian_f_0003_frame_0003_subdiv_head_var_0.glb,3,bad,bad,0.47546086688417893,ratio_nose_width,True
asian_female_auth_asian_f_0008_frame_0002_subdiv_head_var_0.glb,8,bad,good,0.5303920393731045,ratio_nose_width,False
asian_female_auth_asian_f_0009_frame_0002_subdiv_head_var_0.glb,9,bad,good,0.576172030069192,ratio_lip_height,False
asian_female_auth_asian_f_0009_frame_0003_subdiv_head_var_0.glb,9,bad,bad,0.3944266177295681,ratio_face_height,True
asian_female_auth_asian_f_0010_frame_0002_subdiv_head_var_0.glb,10,bad,bad,0.3998242395825272,ratio_nose_width,True
asian_female_auth_asian_f_0010_frame_0003_subdiv_head_var_0.glb,10,bad,bad,0.48377211376693285,ratio_nose_width,True
asian_female_auth_asian_f_0011_frame_0001_subdiv_head_var_0.glb,11,bad,bad,0.4727188463274873,ratio_nose_width,True
asian_female_auth_asian_f_0011_frame_0002_subdiv_head_var_0.glb,11,bad,bad,0.32912887367594873,ratio_brow_width_left,True
asian_female_auth_asian_f_0011_frame_0003_subdiv_head_var_0.glb,11,bad,good,0.5194325772317626,ratio_nose_width,False
asian_female_auth_asian_f_0013_frame_0001_subdiv_head_var_0.glb,13,bad,bad,0.4513816000193101,ratio_chin_to_mouth,True
asian_female_auth_asian_f_0013_frame_0001_subdiv_head_var_0.glb,13,bad,good,0.5476438661205016,ratio_chin_to_mouth,False
asian_female_auth_asian_f_0013_frame_0001_subdiv_head_var_0.glb,13,bad,bad,0.4599282749131209,ratio_jaw_width,True
asian_female_auth_asian_f_0013_frame_0002_subdiv_head_var_0.glb,13,bad,bad,0.48163130472357074,ratio_chin_to_mouth,True
asian_female_auth_asian_f_0013_frame_0002_subdiv_head_var_0.glb,13,bad,good,0.7358218378966029,ratio_nose_length,False
asian_female_auth_asian_f_0013_frame_0003_subdiv_head_var_0.glb,13,bad,good,0.5159820972493734,ratio_jaw_width,False
asian_female_auth_asian_f_0013_frame_0003_subdiv_head_var_0.glb,13,bad,good,0.5840365212231272,ratio_lip_height,False
asian_female_auth_asian_f_0013_frame_0003_subdiv_head_var_0.glb,13,bad,good,0.6029439095517293,ratio_jaw_width,False
asian_female_auth_asian_f_0013_frame_0004_subdiv_head_var_0.glb,13,bad,good,0.6679033821960381,ratio_lip_height,False
asian_female_auth_asian_f_0013_frame_0005_subdiv_head_var_0.glb,13,bad,good,0.6662144081726252,ratio_chin_to_mouth,False
asian_female_auth_asian_f_0013_frame_0006_subdiv_head_var_0.glb,13,bad,bad,0.4495475869761451,ratio_chin_to_mouth,True
asian_female_auth_asian_f_0013_frame_0006_subdiv_head_var_0.glb,13,bad,good,0.6352541482972838,ratio_chin_to_mouth,False
asian_female_auth_asian_f_0013_frame_0010_subdiv_head_var_0.glb,13,bad,good,0.6402465478180317,ratio_chin_to_mouth,False
asian_female_auth_asian_f_0013_frame_0010_subdiv_head_var_0.glb,13,bad,good,0.6000284407695559,ratio_chin_to_mouth,False
asian_female_auth_asian_f_0016_frame_0001_subdiv_head_var_0.glb,16,bad,bad,0.37222383429429234,ratio_brow_width_left,True
asian_female_auth_asian_f_0016_frame_0002_subdiv_head_var_0.glb,16,bad,bad,0.32611372989060006,ratio_brow_width_left,True
asian_female_auth_asian_f_0016_frame_0003_subdiv_head_var_0.glb,16,bad,bad,0.28631106031221454,ratio_brow_width_left,True
asian_female_auth_asian_f_0018_frame_0001_subdiv_head_var_0.glb,18,bad,bad,0.32628562665938965,ratio_face_height,True
asian_female_auth_asian_f_0018_frame_0002_subdiv_head_var_0.glb,18,bad,bad,0.3795127996602454,ratio_eye_to_nose_tip_left,True
asian_female_auth_asian_f_0018_frame_0003_subdiv_head_var_0.glb,18,bad,bad,0.4738424269365553,ratio_face_height,True
asian_female_auth_asian_f_0019_frame_0002_subdiv_head_var_0.glb,19,bad,bad,0.33140496626024096,ratio_lip_height,True
asian_female_auth_asian_f_0019_frame_0003_subdiv_head_var_0.glb,19,bad,bad,0.48034508686191735,ratio_cheekbone_width,True
asian_female_auth_asian_f_0019_frame_0004_subdiv_head_var_0.glb,19,bad,bad,0.44173723063546494,ratio_cheekbone_width,True
asian_female_auth_asian_f_0019_frame_0005_subdiv_head_var_0.glb,19,bad,good,0.557479990458161,ratio_mouth_width,False
asian_female_auth_asian_f_0019_frame_0006_subdiv_head_var_0.glb,19,bad,bad,0.3254815363198297,ratio_lip_height,True
asian_female_auth_asian_f_0019_frame_0009_subdiv_head_var_0.glb,19,bad,bad,0.44412778621188603,ratio_mouth_width,True
asian_female_auth_asian_f_0019_frame_0010_subdiv_head_var_0.glb,19,bad,good,0.5090130922551303,ratio_lip_height,False
asian_female_auth_asian_f_0019_frame_0013_subdiv_head_var_0.glb,19,bad,good,0.5862355142506148,ratio_nose_length,False
asian_female_auth_asian_f_0019_frame_0015_subdiv_head_var_0.glb,19,bad,good,0.5522980266586117,ratio_nose_length,False
asian_female_auth_asian_f_0019_frame_0016_subdiv_head_var_0.glb,19,bad,bad,0.35294174822045565,ratio_face_height,True
asian_female_auth_asian_f_0019_frame_0017_subdiv_head_var_0.glb,19,bad,bad,0.2981802928903448,ratio_face_height,True
asian_female_auth_asian_f_0021_frame_0001_subdiv_head_var_0.glb,21,bad,good,0.5506707631583662,ratio_lip_height,False
asian_female_auth_asian_f_0021_frame_0002_subdiv_head_var_0.glb,21,bad,good,0.5309652104349594,ratio_face_height,False
asian_female_auth_asian_f_0021_frame_0003_subdiv_head_var_0.glb,21,bad,bad,0.3917497656415835,ratio_face_height,True
asian_female_auth_asian_f_0022_frame_0001_subdiv_head_var_0.glb,22,bad,bad,0.49786468828595404,ratio_nose_length,True
asian_female_auth_asian_f_0022_frame_0003_subdiv_head_var_0.glb,22,bad,bad,0.44527512365556143,ratio_jaw_width,True
asian_female_auth_asian_f_0022_frame_0003_subdiv_head_var_0.glb,22,bad,bad,0.3033688361909274,ratio_nose_length,True
asian_female_auth_asian_f_0022_frame_0005_subdiv_head_var_0.glb,22,bad,bad,0.45732003282325034,ratio_mouth_width,True
asian_female_auth_asian_f_0022_frame_0005_subdiv_head_var_0.glb,22,bad,good,0.5147841996208539,ratio_mouth_width,False
asian_female_auth_asian_f_0022_frame_0006_subdiv_head_var_0.glb,22,bad,bad,0.48904561725106227,ratio_jaw_width,True
asian_female_auth_asian_f_0022_frame_0006_subdiv_head_var_0.glb,22,bad,good,0.5442364681476636,ratio_chin_to_mouth,False
asian_female_auth_asian_f_0022_frame_0008_subdiv_head_var_0.glb,22,bad,good,0.5444507812059511,ratio_jaw_width,False
asian_female_auth_asian_f_0022_frame_0008_subdiv_head_var_0.glb,22,bad,good,0.5005849278954,ratio_mouth_width,False
asian_female_auth_asian_f_0022_frame_0009_subdiv_head_var_0.glb,22,bad,bad,0.44605694053393885,ratio_eye_to_mouth_right,True
asian_female_auth_asian_f_0026_frame_0001_subdiv_head_var_0.glb,26,bad,good,0.5253812304009293,ratio_nose_length,False
asian_female_auth_asian_f_0026_frame_0002_subdiv_head_var_0.glb,26,bad,good,0.5267723223338696,ratio_nose_length,False
asian_female_auth_asian_f_0026_frame_0003_subdiv_head_var_0.glb,26,bad,bad,0.3578687293171626,ratio_jaw_width,True
asian_female_auth_asian_f_0033_frame_0001_subdiv_head_var_0.glb,33,bad,good,0.5914305181878678,ratio_lip_height,False
asian_female_auth_asian_f_0033_frame_0002_subdiv_head_var_0.glb,33,bad,good,0.5020879387154313,ratio_lip_height,False
asian_female_auth_asian_f_0033_frame_0003_subdiv_head_var_0.glb,33,bad,good,0.5701680919907846,ratio_lip_height,False
asian_female_auth_asian_f_0034_frame_0001_subdiv_head_var_0.glb,34,bad,good,0.5528804644047336,ratio_jaw_width,False
asian_female_auth_asian_f_0034_frame_0002_subdiv_head_var_0.glb,34,bad,good,0.6650510176567102,ratio_lip_height,False
asian_female_auth_asian_f_0034_frame_0003_subdiv_head_var_0.glb,34,bad,bad,0.35193902907312646,ratio_lip_height,True
asian_female_auth_asian_f_0035_frame_0001_subdiv_head_var_0.glb,35,bad,bad,0.3532750324236284,ratio_face_height,True
asian_female_auth_asian_f_0035_frame_0002_subdiv_head_var_0.glb,35,bad,good,0.6878289826237054,ratio_lip_height,False
asian_female_auth_asian_f_0035_frame_0003_subdiv_head_var_0.glb,35,bad,good,0.522515257560693,ratio_lip_height,False
asian_female_auth_asian_f_0036_frame_0001_subdiv_head_var_0.glb,36,bad,good,0.6307891787624963,ratio_brow_span,False
asian_female_auth_asian_f_0036_frame_0002_subdiv_head_var_0.glb,36,bad,good,0.5563069655114076,ratio_jaw_width,False
asian_female_auth_asian_f_0036_frame_0002_subdiv_head_var_0.glb,36,bad,bad,0.4355832108503099,ratio_brow_span,True
asian_female_auth_asian_f_0036_frame_0003_subdiv_head_var_0.glb,36,bad,good,0.6003294362260815,ratio_brow_span,False
asian_female_auth_asian_f_0036_frame_0003_subdiv_head_var_0.glb,36,bad,good,0.6606825610572599,ratio_jaw_width,False
asian_female_auth_asian_f_0036_frame_0006_subdiv_head_var_0.glb,36,bad,bad,0.48400568717527426,ratio_lip_height,True
asian_female_auth_asian_f_0036_frame_0007_subdiv_head_var_0.glb,36,bad,good,0.5512085842796209,ratio_brow_span,False
asian_female_auth_asian_f_0036_frame_0009_subdiv_head_var_0.glb,36,bad,good,0.5042969840930682,ratio_brow_span,False
asian_female_auth_asian_f_0036_frame_0010_subdiv_head_var_0.glb,36,bad,bad,0.4286061837707402,ratio_brow_span,True
asian_female_auth_asian_f_0036_frame_0011_subdiv_head_var_0.glb,36,bad,good,0.6549043871776888,ratio_brow_span,False
asian_female_auth_asian_f_0036_frame_0012_subdiv_head_var_0.glb,36,bad,good,0.6126642890376988,ratio_brow_span,False
asian_female_auth_asian_f_0036_frame_0015_subdiv_head_var_0.glb,36,bad,good,0.5121054478948672,ratio_face_height,False
asian_female_auth_asian_f_0036_frame_0017_subdiv_head_var_0.glb,36,bad,good,0.5968531195945017,ratio_brow_span,False
asian_female_auth_asian_f_0036_frame_0018_subdiv_head_var_0.glb,36,bad,good,0.6084422584983037,ratio_brow_span,False
asian_female_auth_asian_f_0036_frame_0019_subdiv_head_var_0.glb,36,bad,bad,0.4241748371514537,ratio_brow_span,True
asian_female_auth_asian_f_0036_frame_0020_subdiv_head_var_0.glb,36,bad,good,0.5605649709907918,ratio_brow_span,False
asian_female_auth_asian_f_0039_frame_0002_subdiv_head_var_0.glb,39,bad,bad,0.48488126194984804,ratio_lip_height,True
asian_female_auth_asian_f_0040_frame_0001_subdiv_head_var_0.glb,40,bad,good,0.5423840852554191,ratio_chin_to_mouth,False
asian_female_auth_asian_f_0040_frame_0002_subdiv_head_var_0.glb,40,bad,bad,0.3515819463966507,ratio_face_height,True
asian_female_auth_asian_f_0041_frame_0001_subdiv_head_var_0.glb,41,bad,bad,0.2297228820439906,ratio_brow_span,True
asian_female_auth_asian_f_0041_frame_0002_subdiv_head_var_0.glb,41,bad,bad,0.4332702684134085,ratio_brow_span,True
asian_female_auth_asian_f_0041_frame_0003_subdiv_head_var_0.glb,41,bad,bad,0.29754310974777004,ratio_brow_width_left,True
asian_female_auth_asian_f_0061_frame_0001_subdiv_head_var_0.glb,61,bad,bad,0.4162714431085416,ratio_chin_to_mouth,True
asian_female_auth_asian_f_0061_frame_0002_subdiv_head_var_0.glb,61,bad,bad,0.40175202974371726,ratio_nose_length,True
asian_female_auth_asian_f_0061_frame_0003_subdiv_head_var_0.glb,61,bad,bad,0.4009682377230991,ratio_nose_length,True
asian_female_auth_asian_f_0069_frame_0001_subdiv_head_var_0.glb,69,bad,bad,0.27879848377021726,ratio_face_height,True
asian_female_auth_asian_f_0069_frame_0002_subdiv_head_var_0.glb,69,bad,bad,0.2622956771469027,ratio_face_height,True
asian_female_auth_asian_f_0069_frame_0003_subdiv_head_var_0.glb,69,bad,bad,0.454534678338424,ratio_face_height,True
asian_male_auth_asian_m_0011_frame_0001_subdiv_head_var_0.glb,11,bad,bad,0.39895633925900054,ratio_mouth_width,True
asian_male_auth_asian_m_0011_frame_0002_subdiv_head_var_0.glb,11,bad,good,0.6519814999218337,ratio_jaw_width,False
asian_male_auth_asian_m_0011_frame_0003_subdiv_head_var_0.glb,11,bad,good,0.5021504728681985,ratio_mouth_width,False
asian_male_auth_asian_m_0016_frame_0001_subdiv_head_var_0.glb,16,bad,good,0.5015774557933069,ratio_mouth_width,False
asian_male_auth_asian_m_0016_frame_0001_subdiv_head_var_0.glb,16,bad,bad,0.43640458845003877,ratio_mouth_width,True
asian_male_auth_asian_m_0016_frame_0001_subdiv_head_var_0.glb,16,bad,bad,0.49279694911309,ratio_mouth_width,True
asian_male_auth_asian_m_0016_frame_0002_subdiv_head_var_0.glb,16,bad,good,0.525476611338497,ratio_lip_height,False
asian_male_auth_asian_m_0016_frame_0002_subdiv_head_var_0.glb,16,bad,bad,0.45383806845879676,ratio_mouth_width,True
asian_male_auth_asian_m_0016_frame_0003_subdiv_head_var_0.glb,16,bad,bad,0.3478374569869578,ratio_cheekbone_width,True
asian_male_auth_asian_m_0016_frame_0003_subdiv_head_var_0.glb,16,bad,good,0.5355809378289998,ratio_chin_to_mouth,False
asian_male_auth_asian_m_0016_frame_0003_subdiv_head_var_0.glb,16,bad,bad,0.4632770890989605,ratio_mouth_width,True
asian_male_auth_asian_m_0016_frame_0004_subdiv_head_var_0.glb,16,bad,good,0.5358186390109237,ratio_mouth_width,False
asian_male_auth_asian_m_0016_frame_0004_subdiv_head_var_0.glb,16,bad,bad,0.4298443151322678,ratio_mouth_width,True
asian_male_auth_asian_m_0016_frame_0004_subdiv_head_var_0.glb,16,bad,good,0.5210269563135456,ratio_mouth_width,False
asian_male_auth_asian_m_0016_frame_0005_subdiv_head_var_0.glb,16,bad,good,0.5343744499114116,ratio_mouth_width,False
asian_male_auth_asian_m_0016_frame_0005_subdiv_head_var_0.glb,16,bad,bad,0.4516150462262719,ratio_mouth_width,True
asian_male_auth_asian_m_0016_frame_0007_subdiv_head_var_0.glb,16,bad,bad,0.43152745769236023,ratio_mouth_width,True
asian_male_auth_asian_m_0016_frame_0007_subdiv_head_var_0.glb,16,bad,good,0.512954761781222,ratio_mouth_width,False
asian_male_auth_asian_m_0016_frame_0007_subdiv_head_var_0.glb,16,bad,good,0.516617057103351,ratio_mouth_width,False
asian_male_auth_asian_m_0016_frame_0008_subdiv_head_var_0.glb,16,bad,bad,0.4216752671802321,ratio_mouth_width,True
asian_male_auth_asian_m_0016_frame_0008_subdiv_head_var_0.glb,16,bad,bad,0.49181923075964723,ratio_mouth_width,True
asian_male_auth_asian_m_0016_frame_0008_subdiv_head_var_0.glb,16,bad,good,0.5300659005237043,ratio_mouth_width,False
asian_male_auth_asian_m_0016_frame_0009_subdiv_head_var_0.glb,16,bad,good,0.557791044154905,ratio_lip_height,False
asian_male_auth_asian_m_0016_frame_0009_subdiv_head_var_0.glb,16,bad,bad,0.4861238407390952,ratio_mouth_width,True
asian_male_auth_asian_m_0016_frame_0009_subdiv_head_var_0.glb,16,bad,bad,0.41476587302922896,ratio_mouth_width,True
asian_male_auth_asian_m_0016_frame_0010_subdiv_head_var_0.glb,16,bad,bad,0.4149975851324972,ratio_mouth_width,True
asian_male_auth_asian_m_0016_frame_0011_subdiv_head_var_0.glb,16,bad,bad,0.4652890457205964,ratio_mouth_width,True
asian_male_auth_asian_m_0016_frame_0013_subdiv_head_var_0.glb,16,bad,good,0.5400664726703432,ratio_mouth_width,False
asian_male_auth_asian_m_0016_frame_0014_subdiv_head_var_0.glb,16,bad,bad,0.4550911694848756,ratio_mouth_width,True
asian_male_auth_asian_m_0016_frame_0016_subdiv_head_var_0.glb,16,bad,bad,0.481530033340811,ratio_mouth_width,True
asian_male_auth_asian_m_0016_frame_0018_subdiv_head_var_0.glb,16,bad,bad,0.4900118388694933,ratio_mouth_width,True
asian_male_auth_asian_m_0016_frame_0019_subdiv_head_var_0.glb,16,bad,bad,0.49723583637753366,ratio_mouth_width,True
asian_male_auth_asian_m_0016_frame_0020_subdiv_head_var_0.glb,16,bad,bad,0.4757274475417018,ratio_lip_height,True
asian_male_auth_asian_m_0017_frame_0001_subdiv_head_var_0.glb,17,bad,good,0.6433143025514171,ratio_jaw_width,False
asian_male_auth_asian_m_0017_frame_0002_subdiv_head_var_0.glb,17,bad,bad,0.47705818691339336,ratio_mouth_width,True
asian_male_auth_asian_m_0017_frame_0003_subdiv_head_var_0.glb,17,bad,good,0.5126375835290171,ratio_jaw_width,False
asian_male_auth_asian_m_0018_frame_0001_subdiv_head_var_0.glb,18,bad,bad,0.3355719411233894,ratio_nose_length,True
asian_male_auth_asian_m_0018_frame_0002_subdiv_head_var_0.glb,18,bad,bad,0.40825033981671727,ratio_lip_height,True
asian_male_auth_asian_m_0018_frame_0003_subdiv_head_var_0.glb,18,bad,bad,0.38637194658137897,ratio_lip_height,True
asian_male_auth_asian_m_0018_frame_0004_subdiv_head_var_0.glb,18,bad,bad,0.39870493125774725,ratio_lip_height,True
asian_male_auth_asian_m_0018_frame_0005_subdiv_head_var_0.glb,18,bad,bad,0.4146282340093865,ratio_lip_height,True
asian_male_auth_asian_m_0018_frame_0006_subdiv_head_var_0.glb,18,bad,bad,0.3766588088046459,ratio_lip_height,True
asian_male_auth_asian_m_0018_frame_0007_subdiv_head_var_0.glb,18,bad,bad,0.3887559933589098,ratio_lip_height,True
asian_male_auth_asian_m_0018_frame_0008_subdiv_head_var_0.glb,18,bad,bad,0.3950473672673847,ratio_lip_height,True
asian_male_auth_asian_m_0018_frame_0009_subdiv_head_var_0.glb,18,bad,bad,0.3595778159845945,ratio_lip_height,True
asian_male_auth_asian_m_0018_frame_0011_subdiv_head_var_0.glb,18,bad,bad,0.3837457922003021,ratio_nose_length,True
asian_male_auth_asian_m_0018_frame_0012_subdiv_head_var_0.glb,18,bad,bad,0.39789438034662394,ratio_lip_height,True
asian_male_auth_asian_m_0018_frame_0013_subdiv_head_var_0.glb,18,bad,bad,0.3637952252308524,ratio_lip_height,True
asian_male_auth_asian_m_0018_frame_0016_subdiv_head_var_0.glb,18,bad,bad,0.3797195293951503,ratio_lip_height,True
asian_male_auth_asian_m_0018_frame_0017_subdiv_head_var_0.glb,18,bad,bad,0.4143430058486153,ratio_lip_height,True
asian_male_auth_asian_m_0018_frame_0019_subdiv_head_var_0.glb,18,bad,bad,0.39041094621794314,ratio_lip_height,True
asian_male_auth_asian_m_0018_frame_0020_subdiv_head_var_0.glb,18,bad,bad,0.41502764375126006,ratio_lip_height,True
asian_male_auth_asian_m_0023_frame_0001_subdiv_head_var_0.glb,23,bad,bad,0.37757338549183445,ratio_nose_length,True
asian_male_auth_asian_m_0023_frame_0002_subdiv_head_var_0.glb,23,bad,bad,0.3946763773978205,ratio_nose_length,True
asian_male_auth_asian_m_0023_frame_0003_subdiv_head_var_0.glb,23,bad,bad,0.4696349997300766,ratio_nose_length,True
asian_male_auth_asian_m_0027_frame_0002_subdiv_head_var_0.glb,27,bad,bad,0.4970195202598263,ratio_jaw_width,True
asian_male_auth_asian_m_0029_frame_0001_subdiv_head_var_0.glb,29,bad,bad,0.38330986800141087,ratio_brow_width_right,True
asian_male_auth_asian_m_0029_frame_0002_subdiv_head_var_0.glb,29,bad,bad,0.49475129251914296,ratio_lip_height,True
asian_male_auth_asian_m_0029_frame_0003_subdiv_head_var_0.glb,29,bad,bad,0.35475119545961614,ratio_nose_length,True
asian_male_auth_asian_m_0033_frame_0001_subdiv_head_var_0.glb,33,bad,good,0.5429735468614922,ratio_eye_to_mouth_left,False
asian_male_auth_asian_m_0033_frame_0002_subdiv_head_var_0.glb,33,bad,bad,0.2916782494161752,ratio_lip_height,True
asian_male_auth_asian_m_0033_frame_0003_subdiv_head_var_0.glb,33,bad,bad,0.349161264641163,ratio_lip_height,True
asian_male_auth_asian_m_0034_frame_0002_subdiv_head_var_0.glb,34,bad,bad,0.2590412856226079,ratio_cheekbone_width,True
asian_male_auth_asian_m_0035_frame_0001_subdiv_head_var_0.glb,35,bad,bad,0.39978506684572795,ratio_jaw_width,True
asian_male_auth_asian_m_0035_frame_0002_subdiv_head_var_0.glb,35,bad,bad,0.45319869324639245,ratio_jaw_width,True
asian_male_auth_asian_m_0037_frame_0001_subdiv_head_var_0.glb,37,bad,bad,0.46737073387805,ratio_brow_width_right,True
asian_male_auth_asian_m_0037_frame_0002_subdiv_head_var_0.glb,37,bad,bad,0.347326756068138,ratio_brow_width_right,True
asian_male_auth_asian_m_0037_frame_0003_subdiv_head_var_0.glb,37,bad,bad,0.4337282242013582,ratio_brow_width_right,True
asian_male_auth_asian_m_0042_frame_0001_subdiv_head_var_0.glb,42,bad,good,0.5934082928750853,ratio_mouth_width,False
asian_male_auth_asian_m_0042_frame_0003_subdiv_head_var_0.glb,42,bad,good,0.5200664244853885,ratio_cheekbone_width,False
asian_male_auth_asian_m_0043_frame_0001_subdiv_head_var_0.glb,43,bad,good,0.6143198097209053,ratio_nose_length,False
asian_male_auth_asian_m_0043_frame_0002_subdiv_head_var_0.glb,43,bad,good,0.6043624428296209,ratio_nose_length,False
asian_male_auth_asian_m_0048_frame_0001_subdiv_head_var_0.glb,48,bad,bad,0.34813810822701446,ratio_lip_height,True
asian_male_auth_asian_m_0048_frame_0002_subdiv_head_var_0.glb,48,bad,bad,0.42781325693972283,ratio_mouth_width,True
asian_male_auth_asian_m_0048_frame_0005_subdiv_head_var_0.glb,48,bad,bad,0.23047841065268543,ratio_mouth_width,True
asian_male_auth_asian_m_0048_frame_0009_subdiv_head_var_0.glb,48,bad,bad,0.31591871576150554,ratio_mouth_width,True
asian_male_auth_asian_m_0051_frame_0001_subdiv_head_var_0.glb,51,bad,bad,0.3730224974292297,ratio_brow_span,True
asian_male_auth_asian_m_0051_frame_0002_subdiv_head_var_0.glb,51,bad,bad,0.4622596874914669,ratio_face_height,True
asian_male_auth_asian_m_0051_frame_0006_subdiv_head_var_0.glb,51,bad,good,0.5255944923341771,ratio_nose_length,False
asian_male_auth_asian_m_0051_frame_0007_subdiv_head_var_0.glb,51,bad,bad,0.3997282023445346,ratio_eye_to_mouth_left,True
asian_male_auth_asian_m_0051_frame_0009_subdiv_head_var_0.glb,51,bad,bad,0.49021029031642,ratio_eye_to_mouth_left,True
asian_male_auth_asian_m_0051_frame_0010_subdiv_head_var_0.glb,51,bad,good,0.510906136558374,ratio_nose_width,False
asian_male_auth_asian_m_0068_frame_0001_subdiv_head_var_0.glb,68,bad,bad,0.4928669668628715,ratio_chin_to_mouth,True
asian_male_auth_asian_m_0068_frame_0002_subdiv_head_var_0.glb,68,bad,bad,0.4457993163714811,ratio_nose_length,True
asian_male_auth_asian_m_0068_frame_0003_subdiv_head_var_0.glb,68,bad,bad,0.48181649179670194,ratio_eye_to_nose_tip_left,True
auth_african_f_0022_frame_0001_subdiv_head.glb,22,bad,good,0.5433030438169147,ratio_lip_height,False
auth_african_f_0022_frame_0001_subdiv_head.glb,22,bad,bad,0.46700472162365836,ratio_jaw_width,True
auth_african_f_0022_frame_0002_subdiv_head.glb,22,bad,good,0.5417979743854545,ratio_chin_to_mouth,False
auth_african_f_0022_frame_0002_subdiv_head.glb,22,bad,good,0.5071961497319614,ratio_chin_to_mouth,False
auth_african_f_0022_frame_0003_subdiv_head.glb,22,bad,good,0.5421851818392941,ratio_chin_to_mouth,False
auth_african_f_0022_frame_0003_subdiv_head.glb,22,bad,bad,0.49006981763615165,ratio_nose_width,True
auth_african_f_0022_frame_0004_subdiv_head.glb,22,bad,good,0.5759801403852699,ratio_nose_width,False
auth_african_f_0022_frame_0004_subdiv_head.glb,22,bad,good,0.5666370610521467,ratio_chin_to_mouth,False
auth_african_f_0022_frame_0005_subdiv_head.glb,22,bad,good,0.5227043635842474,ratio_nose_width,False
auth_african_f_0022_frame_0005_subdiv_head.glb,22,bad,good,0.573573543103812,ratio_nose_width,False
auth_african_f_0022_frame_0006_subdiv_head.glb,22,bad,good,0.5436202124603681,ratio_jaw_width,False
auth_african_f_0022_frame_0006_subdiv_head.glb,22,bad,good,0.5564953391047656,ratio_nose_width,False
auth_african_f_0022_frame_0007_subdiv_head.glb,22,bad,good,0.5387947763261624,ratio_nose_width,False
auth_african_f_0022_frame_0007_subdiv_head.glb,22,bad,bad,0.47504440513064905,ratio_jaw_width,True
auth_african_f_0022_frame_0008_subdiv_head.glb,22,bad,good,0.535665548427672,ratio_chin_to_mouth,False
auth_african_f_0022_frame_0008_subdiv_head.glb,22,bad,bad,0.4593489260757447,ratio_mouth_width,True
auth_african_f_0022_frame_0009_subdiv_head.glb,22,bad,good,0.5678545528573129,ratio_lip_height,False
auth_african_f_0022_frame_0009_subdiv_head.glb,22,bad,bad,0.4713805218671145,ratio_nose_length,True
auth_african_f_0022_frame_0010_subdiv_head.glb,22,bad,good,0.5271008670961724,ratio_nose_width,False
auth_african_f_0022_frame_0010_subdiv_head.glb,22,bad,good,0.5382117579926219,ratio_chin_to_mouth,False
auth_african_f_0023_frame_0001_subdiv_head.glb,23,bad,bad,0.28834754513755745,ratio_brow_span,True
auth_african_f_0023_frame_0001_subdiv_head.glb,23,bad,bad,0.2712800268910631,ratio_brow_span,True
auth_african_f_0023_frame_0002_subdiv_head.glb,23,bad,bad,0.30265761968235283,ratio_lip_height,True
auth_african_f_0023_frame_0002_subdiv_head.glb,23,bad,bad,0.24638646091105798,ratio_chin_to_mouth,True
auth_african_f_0023_frame_0003_subdiv_head.glb,23,bad,bad,0.29336832736004553,ratio_brow_span,True
auth_african_f_0023_frame_0003_subdiv_head.glb,23,bad,bad,0.2659396933157552,ratio_chin_to_mouth,True
auth_african_f_0023_frame_0004_subdiv_head.glb,23,bad,bad,0.2884685332342544,ratio_lip_height,True
auth_african_f_0023_frame_0004_subdiv_head.glb,23,bad,bad,0.26581000003845606,ratio_chin_to_mouth,True
auth_african_f_0023_frame_0005_subdiv_head.glb,23,bad,bad,0.2849973111574503,ratio_nose_length,True
auth_african_f_0023_frame_0005_subdiv_head.glb,23,bad,bad,0.3015427742716683,ratio_brow_span,True
auth_african_f_0023_frame_0006_subdiv_head.glb,23,bad,bad,0.2802931433057395,ratio_brow_span,True
auth_african_f_0023_frame_0006_subdiv_head.glb,23,bad,bad,0.2693824119772509,ratio_brow_span,True
auth_african_f_0023_frame_0007_subdiv_head.glb,23,bad,bad,0.2642591420581844,ratio_brow_span,True
auth_african_f_0023_frame_0007_subdiv_head.glb,23,bad,bad,0.3334852238434389,ratio_brow_span,True
auth_african_f_0023_frame_0008_subdiv_head.glb,23,bad,bad,0.2862986721410585,ratio_eye_to_mouth_left,True
auth_african_f_0023_frame_0008_subdiv_head.glb,23,bad,bad,0.24610321281332462,ratio_brow_span,True
auth_african_f_0023_frame_0009_subdiv_head.glb,23,bad,bad,0.36686640139560744,ratio_mouth_width,True
auth_african_f_0023_frame_0009_subdiv_head.glb,23,bad,bad,0.30166812670749465,ratio_lip_height,True
auth_african_f_0023_frame_0010_subdiv_head.glb,23,bad,bad,0.27204874148903035,ratio_chin_to_mouth,True
auth_african_f_0023_frame_0010_subdiv_head.glb,23,bad,bad,0.2570103342183095,ratio_brow_span,True
auth_asian_f_0022_frame_0001_subdiv_head.glb,22,bad,good,0.5030059379808753,ratio_eye_to_mouth_right,False
auth_asian_f_0022_frame_0001_subdiv_head.glb,22,bad,good,0.5566158970782791,ratio_mouth_width,False
auth_asian_f_0022_frame_0002_subdiv_head.glb,22,bad,bad,0.44250860102548667,ratio_chin_to_mouth,True
auth_asian_f_0022_frame_0002_subdiv_head.glb,22,bad,good,0.5228817414668443,ratio_eye_to_mouth_right,False
auth_asian_f_0022_frame_0003_subdiv_head.glb,22,bad,bad,0.48326710633552694,ratio_nose_length,True
auth_asian_f_0022_frame_0004_subdiv_head.glb,22,bad,bad,0.3878566989243665,ratio_eye_to_mouth_right,True
auth_asian_f_0022_frame_0005_subdiv_head.glb,22,bad,bad,0.45346699967025567,ratio_eye_to_mouth_right,True
auth_asian_f_0022_frame_0005_subdiv_head.glb,22,bad,bad,0.4846166122255478,ratio_eye_to_mouth_right,True
auth_asian_f_0022_frame_0006_subdiv_head.glb,22,bad,bad,0.45691260543336126,ratio_nose_length,True
auth_asian_f_0022_frame_0007_subdiv_head.glb,22,bad,bad,0.4919831684525167,ratio_mouth_width,True
auth_asian_f_0022_frame_0007_subdiv_head.glb,22,bad,bad,0.4035265683883173,ratio_eye_to_mouth_right,True
auth_asian_f_0022_frame_0008_subdiv_head.glb,22,bad,bad,0.4771323794720851,ratio_eye_to_mouth_right,True
auth_asian_f_0022_frame_0009_subdiv_head.glb,22,bad,bad,0.4404851396770772,ratio_eye_to_mouth_right,True
auth_asian_f_0022_frame_0010_subdiv_head.glb,22,bad,bad,0.42420507684253317,ratio_chin_to_mouth,True
auth_asian_f_0022_frame_0010_subdiv_head.glb,22,bad,bad,0.4762381890874439,ratio_mouth_width,True
auth_asian_m_0016_frame_0001_subdiv_head.glb,16,bad,bad,0.471348804416026,ratio_mouth_width,True
auth_asian_m_0016_frame_0001_subdiv_head.glb,16,bad,bad,0.47303121273689797,ratio_lip_height,True
auth_asian_m_0016_frame_0002_subdiv_head.glb,16,bad,bad,0.4672377877573056,ratio_mouth_width,True
auth_asian_m_0016_frame_0002_subdiv_head.glb,16,bad,good,0.535921492668886,ratio_mouth_width,False
auth_asian_m_0016_frame_0003_subdiv_head.glb,16,bad,bad,0.4759331335591758,ratio_mouth_width,True
auth_asian_m_0016_frame_0003_subdiv_head.glb,16,bad,bad,0.4441744289184229,ratio_mouth_width,True
auth_asian_m_0016_frame_0004_subdiv_head.glb,16,bad,bad,0.4738238726968594,ratio_mouth_width,True
auth_asian_m_0016_frame_0004_subdiv_head.glb,16,bad,bad,0.3905500562210248,ratio_mouth_width,True
auth_asian_m_0016_frame_0005_subdiv_head.glb,16,bad,bad,0.42980529774777865,ratio_mouth_width,True
auth_asian_m_0016_frame_0005_subdiv_head.glb,16,bad,bad,0.451826483435759,ratio_mouth_width,True
auth_asian_m_0016_frame_0006_subdiv_head.glb,16,bad,bad,0.49231479551717316,ratio_lip_height,True
auth_asian_m_0016_frame_0006_subdiv_head.glb,16,bad,bad,0.3796923993470251,ratio_jaw_width,True
auth_asian_m_0016_frame_0007_subdiv_head.glb,16,bad,bad,0.4194576743956007,ratio_mouth_width,True
auth_asian_m_0016_frame_0007_subdiv_head.glb,16,bad,bad,0.4605610987566034,ratio_jaw_width,True
auth_asian_m_0016_frame_0008_subdiv_head.glb,16,bad,bad,0.4755291510432401,ratio_jaw_width,True
auth_asian_m_0016_frame_0008_subdiv_head.glb,16,bad,bad,0.4227426143211906,ratio_jaw_width,True
auth_asian_m_0016_frame_0009_subdiv_head.glb,16,bad,bad,0.44124168108723355,ratio_mouth_width,True
auth_asian_m_0016_frame_0010_subdiv_head.glb,16,bad,bad,0.43803104843272095,ratio_mouth_width,True
auth_asian_m_0016_frame_0010_subdiv_head.glb,16,bad,good,0.5025842533951438,ratio_mouth_width,False
auth_caucasian_m_0025_frame_0001_subdiv_head.glb,25,bad,bad,0.25229205533837257,ratio_interocular_outer,True
auth_caucasian_m_0025_frame_0001_subdiv_head.glb,25,bad,bad,0.22809243450699776,ratio_face_height,True
auth_caucasian_m_0025_frame_0002_subdiv_head.glb,25,bad,bad,0.2430242263446402,ratio_nose_length,True
auth_caucasian_m_0025_frame_0002_subdiv_head.glb,25,bad,bad,0.20291888180938397,ratio_jaw_width,True
auth_caucasian_m_0025_frame_0003_subdiv_head.glb,25,bad,bad,0.21193981552507835,ratio_nose_length,True
auth_caucasian_m_0025_frame_0003_subdiv_head.glb,25,bad,bad,0.23388212109895112,ratio_nose_length,True
auth_caucasian_m_0025_frame_0004_subdiv_head.glb,25,bad,bad,0.22002803600753235,ratio_nose_length,True
auth_caucasian_m_0025_frame_0004_subdiv_head.glb,25,bad,bad,0.23485430012441502,ratio_nose_length,True
auth_caucasian_m_0025_frame_0005_subdiv_head.glb,25,bad,bad,0.2508897403511148,ratio_nose_length,True
auth_caucasian_m_0025_frame_0005_subdiv_head.glb,25,bad,bad,0.15034418191437796,ratio_nose_length,True
auth_caucasian_m_0025_frame_0006_subdiv_head.glb,25,bad,bad,0.22646521259358424,ratio_nose_length,True
auth_caucasian_m_0025_frame_0006_subdiv_head.glb,25,bad,bad,0.11731477507914034,ratio_face_height,True
auth_caucasian_m_0025_frame_0007_subdiv_head.glb,25,bad,bad,0.23228185735634466,ratio_interocular_outer,True
auth_caucasian_m_0025_frame_0007_subdiv_head.glb,25,bad,bad,0.1777429402212799,ratio_face_height,True
auth_caucasian_m_0025_frame_0008_subdiv_head.glb,25,bad,bad,0.23620035093324737,ratio_nose_length,True
auth_caucasian_m_0025_frame_0008_subdiv_head.glb,25,bad,bad,0.211919034597629,ratio_nose_length,True
auth_caucasian_m_0025_frame_0009_subdiv_head.glb,25,bad,bad,0.17737560240093267,ratio_nose_length,True
auth_caucasian_m_0025_frame_0009_subdiv_head.glb,25,bad,bad,0.20214686115570418,ratio_interocular_outer,True
auth_caucasian_m_0025_frame_0010_subdiv_head.glb,25,bad,bad,0.20965072867406692,ratio_nose_length,True
auth_caucasian_m_0025_frame_0010_subdiv_head.glb,25,bad,bad,0.24139189066715,ratio_nose_length,True
auth_middleeast_f_0009_frame_0001_subdiv_head.glb,9,bad,good,0.5042602345175387,ratio_chin_to_mouth,False
auth_middleeast_f_0009_frame_0001_subdiv_head.glb,9,bad,good,0.558224359286627,ratio_mouth_width,False
auth_middleeast_f_0009_frame_0003_subdiv_head.glb,9,bad,good,0.5392331047424535,ratio_chin_to_mouth,False
auth_middleeast_f_0009_frame_0004_subdiv_head.glb,9,bad,good,0.5646779681638291,ratio_mouth_width,False
auth_middleeast_f_0009_frame_0004_subdiv_head.glb,9,bad,good,0.5338433080570105,ratio_jaw_width,False
auth_middleeast_f_0009_frame_0005_subdiv_head.glb,9,bad,good,0.555316326468795,ratio_mouth_width,False
auth_middleeast_f_0009_frame_0005_subdiv_head.glb,9,bad,bad,0.46212722122288996,ratio_face_height,True
auth_middleeast_f_0009_frame_0006_subdiv_head.glb,9,bad,bad,0.463288986295142,ratio_jaw_width,True
auth_middleeast_f_0009_frame_0006_subdiv_head.glb,9,bad,bad,0.3663015890290679,ratio_lip_height,True
auth_middleeast_f_0009_frame_0007_subdiv_head.glb,9,bad,good,0.5176817406975792,ratio_lip_height,False
auth_middleeast_f_0009_frame_0007_subdiv_head.glb,9,bad,bad,0.4742921889348977,ratio_mouth_width,True
auth_middleeast_f_0009_frame_0008_subdiv_head.glb,9,bad,good,0.5082804339045979,ratio_jaw_width,False
auth_middleeast_f_0009_frame_0008_subdiv_head.glb,9,bad,bad,0.4920266801009015,ratio_nose_width,True
auth_middleeast_f_0009_frame_0009_subdiv_head.glb,9,bad,good,0.552592451853896,ratio_lip_height,False
auth_middleeast_f_0009_frame_0009_subdiv_head.glb,9,bad,bad,0.45415858077390775,ratio_chin_to_mouth,True
auth_middleeast_f_0009_frame_0010_subdiv_head.glb,9,bad,good,0.5257808568818241,ratio_lip_height,False
auth_middleeast_f_0009_frame_0010_subdiv_head.glb,9,bad,bad,0.4598967084185863,ratio_jaw_width,True
auth_middleeast_f_0028_frame_0001_subdiv_head.glb,28,bad,bad,0.3578788595804558,ratio_brow_width_left,True
auth_middleeast_f_0028_frame_0001_subdiv_head.glb,28,bad,bad,0.27643563398630216,ratio_brow_width_left,True
auth_middleeast_f_0028_frame_0002_subdiv_head.glb,28,bad,bad,0.36381554735803706,ratio_lip_height,True
auth_middleeast_f_0028_frame_0002_subdiv_head.glb,28,bad,bad,0.4043275620836215,ratio_lip_height,True
auth_middleeast_f_0028_frame_0003_subdiv_head.glb,28,bad,bad,0.36778695923772897,ratio_brow_width_left,True
auth_middleeast_f_0028_frame_0003_subdiv_head.glb,28,bad,bad,0.293393104146418,ratio_eye_to_nose_tip_left,True
auth_middleeast_f_0028_frame_0004_subdiv_head.glb,28,bad,bad,0.36938810865623384,ratio_jaw_width,True
auth_middleeast_f_0028_frame_0004_subdiv_head.glb,28,bad,bad,0.43847493518467284,ratio_jaw_width,True
auth_middleeast_f_0028_frame_0005_subdiv_head.glb,28,bad,bad,0.3806566221881155,ratio_brow_width_left,True
auth_middleeast_f_0028_frame_0005_subdiv_head.glb,28,bad,bad,0.31560177786824084,ratio_eye_to_nose_tip_left,True
auth_middleeast_f_0028_frame_0006_subdiv_head.glb,28,bad,bad,0.36379874639778065,ratio_brow_width_left,True
auth_middleeast_f_0028_frame_0006_subdiv_head.glb,28,bad,bad,0.3736833543973593,ratio_lip_height,True
auth_middleeast_f_0028_frame_0007_subdiv_head.glb,28,bad,bad,0.2664851471430848,ratio_jaw_width,True
auth_middleeast_f_0028_frame_0007_subdiv_head.glb,28,bad,bad,0.31461908196492516,ratio_brow_width_left,True
auth_middleeast_f_0028_frame_0008_subdiv_head.glb,28,bad,bad,0.3997254169659638,ratio_jaw_width,True
auth_middleeast_f_0028_frame_0008_subdiv_head.glb,28,bad,bad,0.40204493608513264,ratio_lip_height,True
auth_middleeast_f_0028_frame_0009_subdiv_head.glb,28,bad,bad,0.3777204115357821,ratio_brow_width_left,True
auth_middleeast_f_0028_frame_0009_subdiv_head.glb,28,bad,bad,0.24121354553817312,ratio_brow_width_left,True
auth_middleeast_f_0028_frame_0010_subdiv_head.glb,28,bad,bad,0.3622631902049157,ratio_brow_width_left,True
auth_middleeast_f_0028_frame_0010_subdiv_head.glb,28,bad,bad,0.3515191291757641,ratio_brow_width_left,True
auth_middleeast_m_0011_frame_0001_subdiv_head.glb,11,bad,bad,0.22173609287678941,ratio_nose_length,True
auth_middleeast_m_0011_frame_0001_subdiv_head.glb,11,bad,bad,0.270507930329999,ratio_nose_length,True
auth_middleeast_m_0011_frame_0002_subdiv_head.glb,11,bad,bad,0.21155399592267596,ratio_nose_length,True
auth_middleeast_m_0011_frame_0002_subdiv_head.glb,11,bad,bad,0.19916973754208006,ratio_nose_length,True
auth_middleeast_m_0011_frame_0003_subdiv_head.glb,11,bad,bad,0.2329697508923736,ratio_nose_length,True
auth_middleeast_m_0011_frame_0003_subdiv_head.glb,11,bad,bad,0.1803231649809355,ratio_nose_length,True
auth_middleeast_m_0011_frame_0004_subdiv_head.glb,11,bad,bad,0.2080299744341327,ratio_nose_length,True
auth_middleeast_m_0011_frame_0004_subdiv_head.glb,11,bad,bad,0.23274213391551596,ratio_nose_length,True
auth_middleeast_m_0011_frame_0005_subdiv_head.glb,11,bad,bad,0.2079589243976427,ratio_nose_length,True
auth_middleeast_m_0011_frame_0005_subdiv_head.glb,11,bad,bad,0.20618823408590659,ratio_nose_length,True
auth_middleeast_m_0011_frame_0006_subdiv_head.glb,11,bad,bad,0.22154995944283695,ratio_nose_length,True
auth_middleeast_m_0011_frame_0006_subdiv_head.glb,11,bad,bad,0.2017130634011665,ratio_nose_length,True
auth_middleeast_m_0011_frame_0007_subdiv_head.glb,11,bad,bad,0.20364558826514298,ratio_nose_length,True
auth_middleeast_m_0011_frame_0007_subdiv_head.glb,11,bad,bad,0.21144201381032246,ratio_nose_length,True
auth_middleeast_m_0011_frame_0008_subdiv_head.glb,11,bad,bad,0.20390900096952017,ratio_nose_length,True
auth_middleeast_m_0011_frame_0008_subdiv_head.glb,11,bad,bad,0.16600557157720733,ratio_nose_length,True
auth_middleeast_m_0011_frame_0009_subdiv_head.glb,11,bad,bad,0.2434022367139021,ratio_nose_length,True
auth_middleeast_m_0011_frame_0009_subdiv_head.glb,11,bad,bad,0.30889603256283016,ratio_nose_length,True
auth_middleeast_m_0011_frame_0010_subdiv_head.glb,11,bad,bad,0.1725424894430667,ratio_nose_length,True
auth_middleeast_m_0011_frame_0010_subdiv_head.glb,11,bad,bad,0.14124131955864588,ratio_nose_length,True
auth_middleeast_m_0025_frame_0001_subdiv_head.glb,25,bad,bad,0.16822040837950636,ratio_chin_to_mouth,True
auth_middleeast_m_0025_frame_0001_subdiv_head.glb,25,bad,bad,0.21977936798185127,ratio_chin_to_mouth,True
auth_middleeast_m_0025_frame_0002_subdiv_head.glb,25,bad,bad,0.1818501191579401,ratio_chin_to_mouth,True
auth_middleeast_m_0025_frame_0002_subdiv_head.glb,25,bad,bad,0.19884601150148487,ratio_chin_to_mouth,True
auth_middleeast_m_0025_frame_0003_subdiv_head.glb,25,bad,bad,0.1664127093260922,ratio_chin_to_mouth,True
auth_middleeast_m_0025_frame_0003_subdiv_head.glb,25,bad,bad,0.21045832666394265,ratio_lip_height,True
auth_middleeast_m_0025_frame_0004_subdiv_head.glb,25,bad,bad,0.2042875864553142,ratio_lip_height,True
auth_middleeast_m_0025_frame_0004_subdiv_head.glb,25,bad,bad,0.25734616867043514,ratio_lip_height,True
auth_middleeast_m_0025_frame_0005_subdiv_head.glb,25,bad,bad,0.19654755144151254,ratio_chin_to_mouth,True
auth_middleeast_m_0025_frame_0005_subdiv_head.glb,25,bad,bad,0.26296593612470703,ratio_lip_height,True
auth_middleeast_m_0025_frame_0006_subdiv_head.glb,25,bad,bad,0.2027236062768578,ratio_lip_height,True
auth_middleeast_m_0025_frame_0006_subdiv_head.glb,25,bad,bad,0.23174707902089486,ratio_chin_to_mouth,True
auth_middleeast_m_0025_frame_0007_subdiv_head.glb,25,bad,bad,0.17590524261909937,ratio_lip_height,True
auth_middleeast_m_0025_frame_0007_subdiv_head.glb,25,bad,bad,0.26915059388589035,ratio_lip_height,True
auth_middleeast_m_0025_frame_0008_subdiv_head.glb,25,bad,bad,0.222415270911193,ratio_nose_length,True
auth_middleeast_m_0025_frame_0008_subdiv_head.glb,25,bad,bad,0.19083261034035962,ratio_lip_height,True
auth_middleeast_m_0025_frame_0009_subdiv_head.glb,25,bad,bad,0.18942879019365355,ratio_lip_height,True
auth_middleeast_m_0025_frame_0009_subdiv_head.glb,25,bad,bad,0.23335045036346297,ratio_lip_height,True
auth_middleeast_m_0025_frame_0010_subdiv_head.glb,25,bad,bad,0.18793684917723866,ratio_lip_height,True
auth_middleeast_m_0025_frame_0010_subdiv_head.glb,25,bad,bad,0.30154682898733665,ratio_nose_length,True
caucasian_female_auth_caucasian_f_0003_frame_0001_subdiv_head_var_0.glb,3,bad,bad,0.31200523416182613,ratio_mouth_width,True
caucasian_female_auth_caucasian_f_0007_frame_0001_subdiv_head_var_0.glb,7,bad,bad,0.1735241838151522,ratio_mouth_width,True
caucasian_female_auth_caucasian_f_0007_frame_0002_subdiv_head_var_0.glb,7,bad,bad,0.18332353613243932,ratio_mouth_width,True
caucasian_female_auth_caucasian_f_0007_frame_0003_subdiv_head_var_0.glb,7,bad,bad,0.22816016407446707,ratio_face_height,True
caucasian_female_auth_caucasian_f_0009_frame_0001_subdiv_head_var_0.glb,9,bad,bad,0.24239770628068422,ratio_eye_to_mouth_left,True
caucasian_female_auth_caucasian_f_0009_frame_0002_subdiv_head_var_0.glb,9,bad,bad,0.19824437337822373,ratio_mouth_width,True
caucasian_female_auth_caucasian_f_0009_frame_0003_subdiv_head_var_0.glb,9,bad,bad,0.21699268506407263,ratio_mouth_width,True
caucasian_female_auth_caucasian_f_0028_frame_0001_subdiv_head_var_0.glb,28,bad,bad,0.3406158540364946,ratio_jaw_width,True
caucasian_female_auth_caucasian_f_0028_frame_0002_subdiv_head_var_0.glb,28,bad,bad,0.289220688228384,ratio_jaw_width,True
caucasian_female_auth_caucasian_f_0028_frame_0003_subdiv_head_var_0.glb,28,bad,bad,0.38899641726823697,ratio_nose_length,True
caucasian_male_auth_caucasian_m_0020_frame_0001_subdiv_head_var_0.glb,20,bad,bad,0.3659699758476776,ratio_nose_length,True
caucasian_male_auth_caucasian_m_0020_frame_0002_subdiv_head_var_0.glb,20,bad,bad,0.3275237841056998,ratio_lip_height,True
caucasian_male_auth_caucasian_m_0020_frame_0003_subdiv_head_var_0.glb,20,bad,bad,0.266265964857596,ratio_nose_length,True
caucasian_male_auth_caucasian_m_0020_frame_0004_subdiv_head_var_0.glb,20,bad,bad,0.3508326452599088,ratio_nose_length,True
caucasian_male_auth_caucasian_m_0020_frame_0005_subdiv_head_var_0.glb,20,bad,bad,0.33304447283752336,ratio_nose_length,True
caucasian_male_auth_caucasian_m_0020_frame_0006_subdiv_head_var_0.glb,20,bad,bad,0.3028855817411796,ratio_nose_length,True
caucasian_male_auth_caucasian_m_0020_frame_0007_subdiv_head_var_0.glb,20,bad,bad,0.3507208877593017,ratio_lip_height,True
caucasian_male_auth_caucasian_m_0020_frame_0008_subdiv_head_var_0.glb,20,bad,bad,0.38272986973312156,ratio_nose_length,True
caucasian_male_auth_caucasian_m_0020_frame_0009_subdiv_head_var_0.glb,20,bad,bad,0.3629330645488992,ratio_lip_height,True
caucasian_male_auth_caucasian_m_0020_frame_0010_subdiv_head_var_0.glb,20,bad,bad,0.3293074142973211,ratio_lip_height,True
caucasian_male_auth_caucasian_m_0020_frame_0011_subdiv_head_var_0.glb,20,bad,bad,0.2700918066713156,ratio_cheekbone_width,True
caucasian_male_auth_caucasian_m_0020_frame_0012_subdiv_head_var_0.glb,20,bad,bad,0.3337619660286018,ratio_nose_length,True
caucasian_male_auth_caucasian_m_0020_frame_0013_subdiv_head_var_0.glb,20,bad,bad,0.33558901359291965,ratio_nose_length,True
caucasian_male_auth_caucasian_m_0020_frame_0014_subdiv_head_var_0.glb,20,bad,bad,0.3489536526043381,ratio_lip_height,True
caucasian_male_auth_caucasian_m_0020_frame_0015_subdiv_head_var_0.glb,20,bad,bad,0.2756698259515156,ratio_lip_height,True
caucasian_male_auth_caucasian_m_0020_frame_0016_subdiv_head_var_0.glb,20,bad,bad,0.2586816184268426,ratio_lip_height,True
caucasian_male_auth_caucasian_m_0020_frame_0017_subdiv_head_var_0.glb,20,bad,bad,0.36884879943876503,ratio_nose_length,True
caucasian_male_auth_caucasian_m_0020_frame_0018_subdiv_head_var_0.glb,20,bad,bad,0.23981164685020617,ratio_cheekbone_width,True
caucasian_male_auth_caucasian_m_0020_frame_0019_subdiv_head_var_0.glb,20,bad,bad,0.32607744592452165,ratio_lip_height,True
caucasian_male_auth_caucasian_m_0020_frame_0020_subdiv_head_var_0.glb,20,bad,bad,0.18322930888764502,ratio_cheekbone_width,True
caucasian_male_auth_caucasian_m_0025_frame_0001_subdiv_head_var_0.glb,25,bad,bad,0.21708074848987258,ratio_nose_length,True
caucasian_male_auth_caucasian_m_0025_frame_0002_subdiv_head_var_0.glb,25,bad,bad,0.1598722918313706,ratio_eye_to_mouth_right,True
caucasian_male_auth_caucasian_m_0025_frame_0002_subdiv_head_var_0.glb,25,bad,bad,0.22208478078971372,ratio_interocular_outer,True
caucasian_male_auth_caucasian_m_0025_frame_0004_subdiv_head_var_0.glb,25,bad,bad,0.1983393845605363,ratio_nose_length,True
caucasian_male_auth_caucasian_m_0025_frame_0004_subdiv_head_var_0.glb,25,bad,bad,0.17095361636744244,ratio_nose_length,True
caucasian_male_auth_caucasian_m_0025_frame_0005_subdiv_head_var_0.glb,25,bad,bad,0.22342498251563828,ratio_nose_length,True
caucasian_male_auth_caucasian_m_0025_frame_0006_subdiv_head_var_0.glb,25,bad,bad,0.22103225827978903,ratio_nose_length,True
caucasian_male_auth_caucasian_m_0025_frame_0006_subdiv_head_var_0.glb,25,bad,bad,0.19634793353368843,ratio_nose_length,True
caucasian_male_auth_caucasian_m_0025_frame_0007_subdiv_head_var_0.glb,25,bad,bad,0.15622253289843074,ratio_nose_length,True
caucasian_male_auth_caucasian_m_0025_frame_0008_subdiv_head_var_0.glb,25,bad,bad,0.21813759283140355,ratio_nose_length,True
caucasian_male_auth_caucasian_m_0025_frame_0008_subdiv_head_var_0.glb,25,bad,bad,0.23680404144948503,ratio_nose_length,True
caucasian_male_auth_caucasian_m_0025_frame_0010_subdiv_head_var_0.glb,25,bad,bad,0.21915454420177935,ratio_nose_length,True
caucasian_male_auth_caucasian_m_0025_frame_0010_subdiv_head_var_0.glb,25,bad,bad,0.2078749284761604,ratio_nose_length,True
caucasian_male_auth_caucasian_m_0034_frame_0001_subdiv_head_var_0.glb,34,bad,bad,0.19302006033812633,ratio_mouth_width,True
caucasian_male_auth_caucasian_m_0034_frame_0003_subdiv_head_var_0.glb,34,bad,bad,0.2698945181306583,ratio_nose_length,True
latino_female_auth_latino_f_0014_frame_0001_subdiv_head_var_0.glb,14,bad,bad,0.3059734851973056,ratio_nose_width,True
latino_female_auth_latino_f_0014_frame_0002_subdiv_head_var_0.glb,14,bad,bad,0.18027160496867511,ratio_lip_height,True
latino_female_auth_latino_f_0014_frame_0003_subdiv_head_var_0.glb,14,bad,bad,0.20586846683805776,ratio_mouth_width,True
latino_female_auth_latino_f_0014_frame_0004_subdiv_head_var_0.glb,14,bad,bad,0.18727579459234533,ratio_lip_height,True
latino_female_auth_latino_f_0014_frame_0005_subdiv_head_var_0.glb,14,bad,bad,0.19587950808840107,ratio_lip_height,True
latino_female_auth_latino_f_0014_frame_0009_subdiv_head_var_0.glb,14,bad,bad,0.319182945824518,ratio_lip_height,True
latino_female_auth_latino_f_0014_frame_0010_subdiv_head_var_0.glb,14,bad,bad,0.27169736190107235,ratio_lip_height,True
latino_female_auth_latino_f_0018_frame_0002_subdiv_head_var_0.glb,18,bad,bad,0.34456494444444025,ratio_face_height,True
latino_female_auth_latino_f_0018_frame_0003_subdiv_head_var_0.glb,18,bad,bad,0.29771855735652425,ratio_jaw_width,True
latino_female_auth_latino_f_0027_frame_0001_subdiv_head_var_0.glb,27,bad,bad,0.3295522674744885,ratio_jaw_width,True
latino_female_auth_latino_f_0027_frame_0003_subdiv_head_var_0.glb,27,bad,bad,0.3663285801030385,ratio_nose_length,True
latino_female_auth_latino_f_0031_frame_0001_subdiv_head_var_0.glb,31,bad,bad,0.24277725713149528,ratio_lip_height,True
latino_female_auth_latino_f_0031_frame_0002_subdiv_head_var_0.glb,31,bad,bad,0.2298080557044576,ratio_lip_height,True
latino_female_auth_latino_f_0031_frame_0003_subdiv_head_var_0.glb,31,bad,bad,0.26233998139176,ratio_lip_height,True
latino_female_auth_latino_f_0031_frame_0004_subdiv_head_var_0.glb,31,bad,bad,0.22481679490036247,ratio_jaw_width,True
latino_female_auth_latino_f_0031_frame_0005_subdiv_head_var_0.glb,31,bad,bad,0.19660901924812338,ratio_lip_height,True
latino_female_auth_latino_f_0031_frame_0006_subdiv_head_var_0.glb,31,bad,bad,0.2715013659205195,ratio_lip_height,True
latino_female_auth_latino_f_0031_frame_0007_subdiv_head_var_0.glb,31,bad,bad,0.2823017959742651,ratio_lip_height,True
latino_female_auth_latino_f_0031_frame_0008_subdiv_head_var_0.glb,31,bad,bad,0.2291631647348033,ratio_jaw_width,True
latino_female_auth_latino_f_0031_frame_0009_subdiv_head_var_0.glb,31,bad,bad,0.4083326180464042,ratio_lip_height,True
latino_female_auth_latino_f_0032_frame_0001_subdiv_head_var_0.glb,32,bad,bad,0.2114441483881709,ratio_nose_length,True
latino_female_auth_latino_f_0032_frame_0003_subdiv_head_var_0.glb,32,bad,bad,0.34546254483975314,ratio_nose_length,True
latino_female_auth_latino_f_0040_frame_0001_subdiv_head_var_0.glb,40,bad,bad,0.4052065289381518,ratio_jaw_width,True
latino_female_auth_latino_f_0040_frame_0003_subdiv_head_var_0.glb,40,bad,bad,0.38638764693295524,ratio_nose_length,True
latino_female_auth_latino_f_0047_frame_0001_subdiv_head_var_0.glb,47,bad,bad,0.4362137209106187,ratio_nose_length,True
latino_female_auth_latino_f_0047_frame_0002_subdiv_head_var_0.glb,47,bad,bad,0.47034979138580485,ratio_nose_length,True
latino_female_auth_latino_f_0047_frame_0003_subdiv_head_var_0.glb,47,bad,bad,0.2919500976732844,ratio_nose_length,True
latino_male_auth_latino_m_0002_frame_0001_subdiv_head_var_0.glb,2,bad,bad,0.17302060059077465,ratio_mouth_width,True
latino_male_auth_latino_m_0002_frame_0002_subdiv_head_var_0.glb,2,bad,bad,0.1252311993174848,ratio_mouth_width,True
latino_male_auth_latino_m_0002_frame_0004_subdiv_head_var_0.glb,2,bad,bad,0.1484325989545443,ratio_mouth_width,True
latino_male_auth_latino_m_0002_frame_0005_subdiv_head_var_0.glb,2,bad,bad,0.1624397064112814,ratio_mouth_width,True
latino_male_auth_latino_m_0002_frame_0006_subdiv_head_var_0.glb,2,bad,bad,0.11686728043920976,ratio_mouth_width,True
latino_male_auth_latino_m_0002_frame_0007_subdiv_head_var_0.glb,2,bad,bad,0.2649975212884369,ratio_mouth_width,True
latino_male_auth_latino_m_0002_frame_0008_subdiv_head_var_0.glb,2,bad,bad,0.1405341402494426,ratio_mouth_width,True
latino_male_auth_latino_m_0002_frame_0009_subdiv_head_var_0.glb,2,bad,bad,0.14690099952591737,ratio_mouth_width,True
latino_male_auth_latino_m_0036_frame_0001_subdiv_head_var_0.glb,36,bad,bad,0.2827792342631249,ratio_mouth_width,True
latino_male_auth_latino_m_0036_frame_0002_subdiv_head_var_0.glb,36,bad,bad,0.15540700538042684,ratio_mouth_width,True
latino_male_auth_latino_m_0036_frame_0003_subdiv_head_var_0.glb,36,bad,bad,0.2423937434866506,ratio_mouth_width,True
latino_male_auth_latino_m_0036_frame_0004_subdiv_head_var_0.glb,36,bad,bad,0.2021417170471615,ratio_mouth_width,True
latino_male_auth_latino_m_0036_frame_0005_subdiv_head_var_0.glb,36,bad,bad,0.2729780264930852,ratio_mouth_width,True
latino_male_auth_latino_m_0036_frame_0006_subdiv_head_var_0.glb,36,bad,bad,0.20800579877195702,ratio_mouth_width,True
latino_male_auth_latino_m_0036_frame_0007_subdiv_head_var_0.glb,36,bad,bad,0.18310431563567467,ratio_mouth_width,True
latino_male_auth_latino_m_0036_frame_0009_subdiv_head_var_0.glb,36,bad,bad,0.17244180010847818,ratio_mouth_width,True
latino_male_auth_latino_m_0036_frame_0010_subdiv_head_var_0.glb,36,bad,bad,0.17284949096758231,ratio_mouth_width,True
middleeast_female_auth_middleeast_f_0005_frame_0001_subdiv_head_var_0.glb,5,bad,good,0.5983650191618194,ratio_face_height,False
middleeast_female_auth_middleeast_f_0005_frame_0002_subdiv_head_var_0.glb,5,bad,good,0.6480786664336806,ratio_face_height,False
middleeast_female_auth_middleeast_f_0005_frame_0003_subdiv_head_var_0.glb,5,bad,good,0.6063529983088521,ratio_mouth_width,False
middleeast_female_auth_middleeast_f_0006_frame_0001_subdiv_head_var_0.glb,6,bad,bad,0.3577989885707535,ratio_brow_span,True
middleeast_female_auth_middleeast_f_0006_frame_0002_subdiv_head_var_0.glb,6,bad,good,0.5090521662061777,ratio_face_height,False
middleeast_female_auth_middleeast_f_0006_frame_0003_subdiv_head_var_0.glb,6,bad,bad,0.4682616281275571,ratio_mouth_width,True
middleeast_female_auth_middleeast_f_0009_frame_0001_subdiv_head_var_0.glb,9,bad,bad,0.3014573870052323,ratio_chin_to_mouth,True
middleeast_female_auth_middleeast_f_0009_frame_0001_subdiv_head_var_0.glb,9,bad,good,0.5355030712866415,ratio_mouth_width,False
middleeast_female_auth_middleeast_f_0009_frame_0003_subdiv_head_var_0.glb,9,bad,bad,0.42634974589859487,ratio_chin_to_mouth,True
middleeast_female_auth_middleeast_f_0009_frame_0003_subdiv_head_var_0.glb,9,bad,good,0.5665223537818467,ratio_mouth_width,False
middleeast_female_auth_middleeast_f_0009_frame_0004_subdiv_head_var_0.glb,9,bad,bad,0.4719969286448374,ratio_lip_height,True
middleeast_female_auth_middleeast_f_0009_frame_0005_subdiv_head_var_0.glb,9,bad,bad,0.4693323918938139,ratio_lip_height,True
middleeast_female_auth_middleeast_f_0009_frame_0006_subdiv_head_var_0.glb,9,bad,bad,0.4565368649072928,ratio_jaw_width,True
middleeast_female_auth_middleeast_f_0009_frame_0006_subdiv_head_var_0.glb,9,bad,good,0.5696782201549015,ratio_mouth_width,False
middleeast_female_auth_middleeast_f_0009_frame_0008_subdiv_head_var_0.glb,9,bad,bad,0.43700711359803157,ratio_jaw_width,True
middleeast_female_auth_middleeast_f_0009_frame_0008_subdiv_head_var_0.glb,9,bad,bad,0.4565054882732408,ratio_chin_to_mouth,True
middleeast_female_auth_middleeast_f_0009_frame_0010_subdiv_head_var_0.glb,9,bad,good,0.5533632607008725,ratio_jaw_width,False
middleeast_female_auth_middleeast_f_0009_frame_0010_subdiv_head_var_0.glb,9,bad,good,0.5819125531894997,ratio_mouth_width,False
middleeast_female_auth_middleeast_f_0013_frame_0001_subdiv_head_var_0.glb,13,bad,good,0.6205059777642404,ratio_lip_height,False
middleeast_female_auth_middleeast_f_0013_frame_0002_subdiv_head_var_0.glb,13,bad,bad,0.3762670181122054,ratio_lip_height,True
middleeast_female_auth_middleeast_f_0015_frame_0001_subdiv_head_var_0.glb,15,bad,bad,0.48451808493676957,ratio_eye_to_nose_tip_right,True
middleeast_female_auth_middleeast_f_0015_frame_0002_subdiv_head_var_0.glb,15,bad,good,0.545578512835397,ratio_nose_width,False
middleeast_female_auth_middleeast_f_0021_frame_0001_subdiv_head_var_0.glb,21,bad,good,0.5961167775800578,ratio_mouth_width,False
middleeast_female_auth_middleeast_f_0021_frame_0002_subdiv_head_var_0.glb,21,bad,good,0.5700259754998248,ratio_lip_height,False
middleeast_female_auth_middleeast_f_0021_frame_0003_subdiv_head_var_0.glb,21,bad,bad,0.49008581064334245,ratio_mouth_width,True
middleeast_female_auth_middleeast_f_0028_frame_0002_subdiv_head_var_0.glb,28,bad,bad,0.3531194885085351,ratio_jaw_width,True
middleeast_female_auth_middleeast_f_0028_frame_0002_subdiv_head_var_0.glb,28,bad,bad,0.38233618091531224,ratio_brow_width_left,True
middleeast_female_auth_middleeast_f_0028_frame_0002_subdiv_head_var_0.glb,28,bad,bad,0.28804666115009625,ratio_brow_width_left,True
middleeast_female_auth_middleeast_f_0028_frame_0003_subdiv_head_var_0.glb,28,bad,bad,0.31537055741019204,ratio_brow_width_left,True
middleeast_female_auth_middleeast_f_0028_frame_0004_subdiv_head_var_0.glb,28,bad,bad,0.4372635210427776,ratio_nose_width,True
middleeast_female_auth_middleeast_f_0028_frame_0005_subdiv_head_var_0.glb,28,bad,bad,0.3693672489767157,ratio_brow_width_left,True
middleeast_female_auth_middleeast_f_0032_frame_0001_subdiv_head_var_0.glb,32,bad,bad,0.4979545318219469,ratio_mouth_width,True
middleeast_female_auth_middleeast_f_0032_frame_0002_subdiv_head_var_0.glb,32,bad,bad,0.4272139245384202,ratio_face_height,True
middleeast_female_auth_middleeast_f_0032_frame_0003_subdiv_head_var_0.glb,32,bad,bad,0.4347811551670743,ratio_jaw_width,True
middleeast_female_auth_middleeast_f_0041_frame_0001_subdiv_head_var_0.glb,41,bad,bad,0.49019939215965924,ratio_nose_length,True
middleeast_female_auth_middleeast_f_0041_frame_0002_subdiv_head_var_0.glb,41,bad,bad,0.3946905277715031,ratio_nose_length,True
middleeast_male_auth_middleeast_m_0011_frame_0001_subdiv_head_var_0.glb,11,bad,bad,0.16380757777464078,ratio_nose_length,True
middleeast_male_auth_middleeast_m_0011_frame_0002_subdiv_head_var_0.glb,11,bad,bad,0.23212314681072016,ratio_nose_length,True
middleeast_male_auth_middleeast_m_0011_frame_0002_subdiv_head_var_0.glb,11,bad,bad,0.2541344427109491,ratio_nose_length,True
middleeast_male_auth_middleeast_m_0011_frame_0003_subdiv_head_var_0.glb,11,bad,bad,0.20964372106564633,ratio_nose_length,True
middleeast_male_auth_middleeast_m_0011_frame_0003_subdiv_head_var_0.glb,11,bad,bad,0.2341281059140908,ratio_nose_length,True
middleeast_male_auth_middleeast_m_0011_frame_0004_subdiv_head_var_0.glb,11,bad,bad,0.26270242989018044,ratio_nose_length,True
middleeast_male_auth_middleeast_m_0011_frame_0005_subdiv_head_var_0.glb,11,bad,bad,0.181497753818904,ratio_nose_length,True
middleeast_male_auth_middleeast_m_0011_frame_0005_subdiv_head_var_0.glb,11,bad,bad,0.2380014955210618,ratio_nose_length,True
middleeast_male_auth_middleeast_m_0011_frame_0006_subdiv_head_var_0.glb,11,bad,bad,0.20479255555790513,ratio_nose_length,True
middleeast_male_auth_middleeast_m_0011_frame_0006_subdiv_head_var_0.glb,11,bad,bad,0.19097412821015558,ratio_nose_length,True
middleeast_male_auth_middleeast_m_0011_frame_0007_subdiv_head_var_0.glb,11,bad,bad,0.29831293643800655,ratio_nose_length,True
middleeast_male_auth_middleeast_m_0011_frame_0008_subdiv_head_var_0.glb,11,bad,bad,0.14288562119680354,ratio_nose_length,True
middleeast_male_auth_middleeast_m_0011_frame_0009_subdiv_head_var_0.glb,11,bad,bad,0.2162594100924321,ratio_nose_length,True
middleeast_male_auth_middleeast_m_0025_frame_0001_subdiv_head_var_0.glb,25,bad,bad,0.2631841554102302,ratio_lip_height,True
middleeast_male_auth_middleeast_m_0025_frame_0001_subdiv_head_var_0.glb,25,bad,bad,0.2596781754405499,ratio_lip_height,True
middleeast_male_auth_middleeast_m_0025_frame_0002_subdiv_head_var_0.glb,25,bad,bad,0.2004172892392507,ratio_lip_height,True
middleeast_male_auth_middleeast_m_0025_frame_0002_subdiv_head_var_0.glb,25,bad,bad,0.22856707126930212,ratio_lip_height,True
middleeast_male_auth_middleeast_m_0025_frame_0003_subdiv_head_var_0.glb,25,bad,bad,0.1909057480370665,ratio_lip_height,True
middleeast_male_auth_middleeast_m_0025_frame_0004_subdiv_head_var_0.glb,25,bad,bad,0.21275237441683595,ratio_lip_height,True
middleeast_male_auth_middleeast_m_0025_frame_0005_subdiv_head_var_0.glb,25,bad,bad,0.17050117788321734,ratio_chin_to_mouth,True
middleeast_male_auth_middleeast_m_0025_frame_0005_subdiv_head_var_0.glb,25,bad,bad,0.17880895942670094,ratio_lip_height,True
middleeast_male_auth_middleeast_m_0025_frame_0006_subdiv_head_var_0.glb,25,bad,bad,0.21605563758180343,ratio_lip_height,True
middleeast_male_auth_middleeast_m_0025_frame_0006_subdiv_head_var_0.glb,25,bad,bad,0.17461260912423673,ratio_lip_height,True
middleeast_male_auth_middleeast_m_0025_frame_0007_subdiv_head_var_0.glb,25,bad,bad,0.18742290114245455,ratio_chin_to_mouth,True
middleeast_male_auth_middleeast_m_0025_frame_0007_subdiv_head_var_0.glb,25,bad,bad,0.20505349387940122,ratio_lip_height,True
middleeast_male_auth_middleeast_m_0025_frame_0008_subdiv_head_var_0.glb,25,bad,bad,0.13003404730400678,ratio_chin_to_mouth,True
middleeast_male_auth_middleeast_m_0025_frame_0009_subdiv_head_var_0.glb,25,bad,bad,0.198190952698462,ratio_chin_to_mouth,True
middleeast_male_auth_middleeast_m_0025_frame_0009_subdiv_head_var_0.glb,25,bad,bad,0.2429594570564004,ratio_lip_height,True
middleeast_male_auth_middleeast_m_0025_frame_0010_subdiv_head_var_0.glb,25,bad,bad,0.19022283942351811,ratio_lip_height,True
middleeast_male_auth_middleeast_m_0025_frame_0010_subdiv_head_var_0.glb,25,bad,bad,0.14675031825100174,ratio_lip_height,True
middleeast_male_auth_middleeast_m_0033_frame_0002_subdiv_head_var_0.glb,33,bad,bad,0.29216518980980954,ratio_jaw_width,True
middleeast_male_auth_middleeast_m_0033_frame_0003_subdiv_head_var_0.glb,33,bad,bad,0.3083909013235273,ratio_nose_length,True
middleeast_male_auth_middleeast_m_0043_frame_0001_subdiv_head_var_0.glb,43,bad,bad,0.23781815892839545,ratio_chin_to_mouth,True
middleeast_male_auth_middleeast_m_0043_frame_0002_subdiv_head_var_0.glb,43,bad,bad,0.30663267448176096,ratio_nose_length,True
middleeast_male_auth_middleeast_m_0043_frame_0003_subdiv_head_var_0.glb,43,bad,bad,0.24620504809739638,ratio_chin_to_mouth,True
middleeast_male_auth_middleeast_m_0043_frame_0004_subdiv_head_var_0.glb,43,bad,bad,0.2552433280066541,ratio_chin_to_mouth,True
middleeast_male_auth_middleeast_m_0043_frame_0005_subdiv_head_var_0.glb,43,bad,bad,0.22293634700733508,ratio_chin_to_mouth,True
middleeast_male_auth_middleeast_m_0043_frame_0006_subdiv_head_var_0.glb,43,bad,bad,0.2905222869139476,ratio_eye_width_right,True
middleeast_male_auth_middleeast_m_0043_frame_0007_subdiv_head_var_0.glb,43,bad,bad,0.28323428975899867,ratio_chin_to_mouth,True
middleeast_male_auth_middleeast_m_0043_frame_0008_subdiv_head_var_0.glb,43,bad,bad,0.25990116344618003,ratio_chin_to_mouth,True
middleeast_male_auth_middleeast_m_0043_frame_0009_subdiv_head_var_0.glb,43,bad,bad,0.2821647721505409,ratio_chin_to_mouth,True
auth_african_f_9101_frame_0001_subdiv_auth_african_f_9101_head.glb,9101,good,good,0.7005095591888788,ratio_chin_to_mouth,True
auth_african_f_9102_frame_0002_subdiv_auth_african_f_9102_head.glb,9102,good,bad,0.31564545543674205,ratio_eye_to_mouth_right,False
auth_african_f_9103_frame_0003_subdiv_auth_african_f_9103_head.glb,9103,good,bad,0.45111220310361155,ratio_brow_width_right,False
auth_african_f_9104_frame_0004_subdiv_auth_african_f_9104_head.glb,9104,good,good,0.6771300481145265,ratio_eye_to_nose_tip_right,True
auth_african_f_9106_frame_0006_subdiv_auth_african_f_9106_head.glb,9106,good,good,0.6109084097624374,ratio_nose_length,True
auth_african_f_9107_frame_0007_subdiv_auth_african_f_9107_head.glb,9107,good,bad,0.48950549751855316,ratio_eye_to_nose_tip_left,False
auth_african_f_9109_frame_0009_subdiv_auth_african_f_9109_head.glb,9109,good,good,0.5903074535030743,ratio_eye_width_right,True
auth_african_f_9110_frame_0010_subdiv_auth_african_f_9110_head.glb,9110,good,good,0.5706773290461168,ratio_nose_length,True
auth_african_f_9111_frame_0011_subdiv_auth_african_f_9111_head.glb,9111,good,bad,0.4694421360485593,ratio_eye_to_nose_tip_left,False
auth_african_f_9112_frame_0012_subdiv_auth_african_f_9112_head.glb,9112,good,good,0.7075894473211963,ratio_interocular_outer,True
auth_african_f_9113_frame_0013_subdiv_auth_african_f_9113_head.glb,9113,good,good,0.7437719708563522,ratio_interocular_outer,True
auth_african_f_9114_frame_0014_subdiv_auth_african_f_9114_head.glb,9114,good,good,0.5274906616960692,ratio_cheekbone_width,True
auth_african_f_9115_frame_0015_subdiv_auth_african_f_9115_head.glb,9115,good,good,0.601608783218909,ratio_lip_height,True
auth_african_f_9116_frame_0016_subdiv_auth_african_f_9116_head.glb,9116,good,bad,0.388589759356061,ratio_interocular_outer,False
auth_african_f_9117_frame_0017_subdiv_auth_african_f_9117_head.glb,9117,good,good,0.6616104401933988,ratio_lip_height,True
auth_african_f_9118_frame_0018_subdiv_auth_african_f_9118_head.glb,9118,good,good,0.6286529436603129,ratio_eye_width_right,True
auth_african_f_9119_frame_0019_subdiv_auth_african_f_9119_head.glb,9119,good,bad,0.38043538462426424,ratio_interocular_outer,False
auth_african_f_9120_frame_0020_subdiv_auth_african_f_9120_head.glb,9120,good,good,0.5306498503270985,ratio_eye_to_mouth_left,True
auth_african_f_9121_frame_0021_subdiv_auth_african_f_9121_head.glb,9121,good,good,0.6682128641149079,ratio_interocular_outer,True
auth_african_f_9122_frame_0022_subdiv_auth_african_f_9122_head.glb,9122,good,good,0.6546200487868687,ratio_lip_height,True
auth_african_f_9123_frame_0023_subdiv_auth_african_f_9123_head.glb,9123,good,good,0.7584672991060983,ratio_nose_width,True
auth_african_f_9124_frame_0024_subdiv_auth_african_f_9124_head.glb,9124,good,good,0.5556322413640954,ratio_eye_width_right,True
auth_african_f_9126_frame_0026_subdiv_auth_african_f_9126_head.glb,9126,good,bad,0.3420387230055312,ratio_interocular_outer,False
auth_african_f_9127_frame_0027_subdiv_auth_african_f_9127_head.glb,9127,good,good,0.5697593393660365,ratio_eye_to_nose_tip_left,True
auth_african_f_9128_frame_0028_subdiv_auth_african_f_9128_head.glb,9128,good,good,0.7096686375103131,ratio_lip_height,True
auth_african_f_9129_frame_0029_subdiv_auth_african_f_9129_head.glb,9129,good,bad,0.4946793345398747,ratio_face_height,False
auth_african_f_9130_frame_0030_subdiv_auth_african_f_9130_head.glb,9130,good,good,0.639156694103968,ratio_eye_to_nose_tip_right,True
auth_african_f_9131_frame_0031_subdiv_auth_african_f_9131_head.glb,9131,good,good,0.6323964887057182,ratio_chin_to_mouth,True
auth_african_f_9132_frame_0032_subdiv_auth_african_f_9132_head.glb,9132,good,good,0.6851733871004214,ratio_eye_to_nose_tip_left,True
auth_african_f_9133_frame_0033_subdiv_auth_african_f_9133_head.glb,9133,good,bad,0.4000879532407744,ratio_eye_to_nose_tip_left,False
auth_african_f_9134_frame_0034_subdiv_auth_african_f_9134_head.glb,9134,good,good,0.5786877686858749,ratio_eye_width_right,True
auth_african_f_9135_frame_0035_subdiv_auth_african_f_9135_head.glb,9135,good,good,0.5543686177679273,ratio_chin_to_mouth,True
auth_african_f_9136_frame_0036_subdiv_auth_african_f_9136_head.glb,9136,good,bad,0.47296071144009133,ratio_brow_span,False
auth_african_f_9137_frame_0037_subdiv_auth_african_f_9137_head.glb,9137,good,bad,0.48713781854819876,ratio_jaw_width,False
auth_african_f_9138_frame_0038_subdiv_auth_african_f_9138_head.glb,9138,good,bad,0.41483368093887013,ratio_chin_to_mouth,False
auth_african_f_9139_frame_0039_subdiv_auth_african_f_9139_head.glb,9139,good,good,0.5842674414627247,ratio_chin_to_mouth,True
auth_african_f_9140_frame_0040_subdiv_auth_african_f_9140_head.glb,9140,good,good,0.5715220652030224,ratio_interocular_outer,True
auth_african_m_9141_frame_0041_subdiv_auth_african_m_9141_head.glb,9141,good,bad,0.4535486351392783,ratio_chin_to_mouth,False
auth_african_m_9142_frame_0042_subdiv_auth_african_m_9142_head.glb,9142,good,good,0.6614351984038482,ratio_eye_to_nose_tip_right,True
auth_african_m_9143_frame_0043_subdiv_auth_african_m_9143_head.glb,9143,good,bad,0.47618943735921104,ratio_jaw_width,False
auth_african_m_9144_frame_0044_subdiv_auth_african_m_9144_head.glb,9144,good,good,0.6377569908731673,ratio_eye_width_right,True
auth_african_m_9145_frame_0045_subdiv_auth_african_m_9145_head.glb,9145,good,good,0.5849214303064587,ratio_lip_height,True
auth_african_m_9146_frame_0046_subdiv_auth_african_m_9146_head.glb,9146,good,good,0.6677532696567461,ratio_lip_height,True
auth_african_m_9147_frame_0047_subdiv_auth_african_m_9147_head.glb,9147,good,good,0.7065086745438194,ratio_chin_to_mouth,True
auth_african_m_9148_frame_0048_subdiv_auth_african_m_9148_head.glb,9148,good,good,0.6309671251070557,ratio_eye_to_mouth_left,True
auth_african_m_9149_frame_0049_subdiv_auth_african_m_9149_head.glb,9149,good,good,0.6455241945258986,ratio_eye_to_nose_tip_right,True
auth_african_m_9150_frame_0050_subdiv_auth_african_m_9150_head.glb,9150,good,bad,0.4392311915885766,ratio_nose_length,False
auth_african_m_9151_frame_0051_subdiv_auth_african_m_9151_head.glb,9151,good,good,0.6363264046418897,ratio_cheekbone_width,True
auth_african_m_9152_frame_0052_subdiv_auth_african_m_9152_head.glb,9152,good,bad,0.458908044970929,ratio_eye_to_nose_tip_right,False
auth_african_m_9153_frame_0053_subdiv_auth_african_m_9153_head.glb,9153,good,good,0.6197856828871916,ratio_nose_length,True
auth_african_m_9154_frame_0054_subdiv_auth_african_m_9154_head.glb,9154,good,good,0.6575978708532095,ratio_chin_to_mouth,True
auth_african_m_9155_frame_0055_subdiv_auth_african_m_9155_head.glb,9155,good,good,0.5959007540879716,ratio_nose_length,True
auth_african_m_9156_frame_0056_subdiv_auth_african_m_9156_head.glb,9156,good,good,0.7269026304506655,ratio_jaw_width,True
auth_african_m_9157_frame_0057_subdiv_auth_african_m_9157_head.glb,9157,good,good,0.7470658489522471,ratio_chin_to_mouth,True
auth_african_m_9158_frame_0058_subdiv_auth_african_m_9158_head.glb,9158,good,good,0.5156205506281109,ratio_cheekbone_width,True
auth_african_m_9159_frame_0059_subdiv_auth_african_m_9159_head.glb,9159,good,good,0.6810686087718043,ratio_eye_to_nose_tip_right,True
auth_african_m_9160_frame_0060_subdiv_auth_african_m_9160_head.glb,9160,good,bad,0.3081290393733739,ratio_nose_length,False
auth_african_m_9161_frame_0061_subdiv_auth_african_m_9161_head.glb,9161,good,good,0.5799997228510907,ratio_eye_to_nose_tip_left,True
auth_african_m_9162_frame_0062_subdiv_auth_african_m_9162_head.glb,9162,good,good,0.7649855012371196,ratio_mouth_width,True
auth_african_m_9163_frame_0063_subdiv_auth_african_m_9163_head.glb,9163,good,good,0.617270532928822,ratio_mouth_width,True
auth_african_m_9164_frame_0064_subdiv_auth_african_m_9164_head.glb,9164,good,bad,0.36022817017410036,ratio_nose_length,False
auth_african_m_9165_frame_0065_subdiv_auth_african_m_9165_head.glb,9165,good,bad,0.4024470579949691,ratio_cheekbone_width,False
auth_african_m_9166_frame_0066_subdiv_auth_african_m_9166_head.glb,9166,good,bad,0.4883888633652757,ratio_chin_to_mouth,False
auth_african_m_9167_frame_0067_subdiv_auth_african_m_9167_head.glb,9167,good,bad,0.35375242852359606,ratio_nose_length,False
auth_african_m_9168_frame_0068_subdiv_auth_african_m_9168_head.glb,9168,good,good,0.6510673860500255,ratio_mouth_width,True
auth_african_m_9169_frame_0069_subdiv_auth_african_m_9169_head.glb,9169,good,good,0.7132274452058487,ratio_eye_to_mouth_left,True
auth_african_m_9170_frame_0070_subdiv_auth_african_m_9170_head.glb,9170,good,good,0.5802535199247304,ratio_eye_to_nose_tip_right,True
auth_african_m_9171_frame_0071_subdiv_auth_african_m_9171_head.glb,9171,good,good,0.72215235619489,ratio_lip_height,True
auth_african_m_9172_frame_0072_subdiv_auth_african_m_9172_head.glb,9172,good,good,0.6186887078445411,ratio_brow_span,True
auth_african_m_9173_frame_0073_subdiv_auth_african_m_9173_head.glb,9173,good,good,0.6783867230602895,ratio_chin_to_mouth,True
auth_african_m_9174_frame_0074_subdiv_auth_african_m_9174_head.glb,9174,good,good,0.7261626891709362,ratio_eye_to_nose_tip_right,True
auth_african_m_9175_frame_0075_subdiv_auth_african_m_9175_head.glb,9175,good,good,0.6670610344384729,ratio_nose_length,True
auth_african_m_9176_frame_0076_subdiv_auth_african_m_9176_head.glb,9176,good,bad,0.480705883650196,ratio_cheekbone_width,False
auth_african_m_9177_frame_0077_subdiv_auth_african_m_9177_head.glb,9177,good,good,0.6176928839811732,ratio_eye_to_nose_tip_right,True
auth_african_m_9178_frame_0078_subdiv_auth_african_m_9178_head.glb,9178,good,bad,0.4805831091228725,ratio_face_height,False
auth_african_m_9179_frame_0079_subdiv_auth_african_m_9179_head.glb,9179,good,bad,0.45018747506624723,ratio_brow_width_right,False
auth_african_m_9180_frame_0080_subdiv_auth_african_m_9180_head.glb,9180,good,good,0.5528575308685141,ratio_nose_length,True
auth_asian_f_9181_frame_0081_subdiv_auth_asian_f_9181_head.glb,9181,good,bad,0.4976230678873493,ratio_eye_to_nose_tip_left,False
auth_asian_f_9182_frame_0082_subdiv_auth_asian_f_9182_head.glb,9182,good,good,0.516370967748624,ratio_interocular_outer,True
auth_asian_f_9183_frame_0083_subdiv_auth_asian_f_9183_head.glb,9183,good,good,0.6547291661573201,ratio_chin_to_mouth,True
auth_asian_f_9184_frame_0084_subdiv_auth_asian_f_9184_head.glb,9184,good,good,0.6637746372913645,ratio_nose_length,True
auth_asian_f_9185_frame_0085_subdiv_auth_asian_f_9185_head.glb,9185,good,good,0.5130764645184784,ratio_brow_width_left,True
auth_asian_f_9186_frame_0086_subdiv_auth_asian_f_9186_head.glb,9186,good,bad,0.33460453446556926,ratio_brow_width_right,False
auth_asian_f_9187_frame_0087_subdiv_auth_asian_f_9187_head.glb,9187,good,good,0.5288405916022187,ratio_interocular_outer,True
auth_asian_f_9188_frame_0088_subdiv_auth_asian_f_9188_head.glb,9188,good,good,0.6233839360272898,ratio_chin_to_mouth,True
auth_asian_f_9189_frame_0089_subdiv_auth_asian_f_9189_head.glb,9189,good,good,0.6652858275678611,ratio_nose_length,True
auth_asian_f_9190_frame_0090_subdiv_auth_asian_f_9190_head.glb,9190,good,good,0.7410962639997741,ratio_lip_height,True
auth_asian_f_9191_frame_0091_subdiv_auth_asian_f_9191_head.glb,9191,good,good,0.6179085671206415,ratio_nose_length,True
auth_asian_f_9192_frame_0092_subdiv_auth_asian_f_9192_head.glb,9192,good,good,0.6226732615109154,ratio_nose_length,True
auth_asian_f_9193_frame_0093_subdiv_auth_asian_f_9193_head.glb,9193,good,bad,0.49482626892484993,ratio_interocular_outer,False
auth_asian_f_9194_frame_0094_subdiv_auth_asian_f_9194_head.glb,9194,good,good,0.6594366512247934,ratio_nose_length,True
auth_asian_f_9195_frame_0095_subdiv_auth_asian_f_9195_head.glb,9195,good,good,0.5927995582761995,ratio_nose_length,True
auth_asian_f_9196_frame_0096_subdiv_auth_asian_f_9196_head.glb,9196,good,bad,0.30477219613848794,ratio_brow_width_right,False
auth_asian_f_9197_frame_0097_subdiv_auth_asian_f_9197_head.glb,9197,good,good,0.7111052637580589,ratio_nose_length,True
auth_asian_f_9198_frame_0098_subdiv_auth_asian_f_9198_head.glb,9198,good,good,0.6605507576224711,ratio_mouth_width,True
auth_asian_f_9199_frame_0099_subdiv_auth_asian_f_9199_head.glb,9199,good,good,0.6933556059806227,ratio_nose_length,True
auth_asian_f_9200_frame_0100_subdiv_auth_asian_f_9200_head.glb,9200,good,bad,0.3873803612853504,ratio_brow_width_left,False
auth_asian_f_9201_frame_0101_subdiv_auth_asian_f_9201_head.glb,9201,good,good,0.7221419142267795,ratio_nose_length,True
auth_asian_f_9202_frame_0102_subdiv_auth_asian_f_9202_head.glb,9202,good,bad,0.43254056745945463,ratio_interocular_outer,False
auth_asian_f_9203_frame_0103_subdiv_auth_asian_f_9203_head.glb,9203,good,good,0.6896120240455998,ratio_jaw_width,True
auth_asian_f_9204_frame_0104_subdiv_auth_asian_f_9204_head.glb,9204,good,bad,0.45047425798143953,ratio_interocular_outer,False
auth_asian_f_9205_frame_0105_subdiv_auth_asian_f_9205_head.glb,9205,good,bad,0.46105380293245174,ratio_interocular_outer,False
auth_asian_f_9206_frame_0106_subdiv_auth_asian_f_9206_head.glb,9206,good,good,0.5386756262530004,ratio_eye_width_right,True
auth_asian_f_9207_frame_0107_subdiv_auth_asian_f_9207_head.glb,9207,good,good,0.5144395748712692,ratio_nose_length,True
auth_asian_f_9208_frame_0108_subdiv_auth_asian_f_9208_head.glb,9208,good,good,0.7322073661024122,ratio_mouth_width,True
auth_asian_f_9209_frame_0109_subdiv_auth_asian_f_9209_head.glb,9209,good,good,0.6814125078825412,ratio_nose_length,True
auth_asian_f_9210_frame_0110_subdiv_auth_asian_f_9210_head.glb,9210,good,good,0.70085600929146,ratio_nose_width,True
auth_asian_f_9211_frame_0111_subdiv_auth_asian_f_9211_head.glb,9211,good,good,0.7425089033290537,ratio_face_height,True
auth_asian_f_9212_frame_0112_subdiv_auth_asian_f_9212_head.glb,9212,good,good,0.5457092817196983,ratio_nose_length,True
auth_asian_f_9213_frame_0113_subdiv_auth_asian_f_9213_head.glb,9213,good,good,0.6154293579516724,ratio_eye_width_right,True
auth_asian_f_9214_frame_0114_subdiv_auth_asian_f_9214_head.glb,9214,good,bad,0.4441171883950084,ratio_brow_width_left,False
auth_asian_f_9215_frame_0115_subdiv_auth_asian_f_9215_head.glb,9215,good,bad,0.3289440053881272,ratio_interocular_outer,False
auth_asian_f_9216_frame_0116_subdiv_auth_asian_f_9216_head.glb,9216,good,bad,0.4340709689235448,ratio_brow_width_left,False
auth_asian_f_9217_frame_0117_subdiv_auth_asian_f_9217_head.glb,9217,good,good,0.7592992336046561,ratio_nose_length,True
auth_asian_f_9218_frame_0118_subdiv_auth_asian_f_9218_head.glb,9218,good,good,0.6843830982659732,ratio_nose_width,True
auth_asian_f_9219_frame_0119_subdiv_auth_asian_f_9219_head.glb,9219,good,good,0.7156527775055459,ratio_mouth_width,True
auth_asian_f_9220_frame_0120_subdiv_auth_asian_f_9220_head.glb,9220,good,good,0.768082455839594,ratio_nose_length,True
auth_asian_m_9221_frame_0121_subdiv_auth_asian_m_9221_head.glb,9221,good,good,0.5908493246846922,ratio_eye_to_nose_tip_left,True
auth_asian_m_9222_frame_0122_subdiv_auth_asian_m_9222_head.glb,9222,good,good,0.5993966587053234,ratio_eye_width_left,True
auth_asian_m_9223_frame_0123_subdiv_auth_asian_m_9223_head.glb,9223,good,bad,0.3881700149242019,ratio_eye_width_right,False
auth_asian_m_9224_frame_0124_subdiv_auth_asian_m_9224_head.glb,9224,good,good,0.6610408878870158,ratio_eye_width_left,True
auth_asian_m_9225_frame_0125_subdiv_auth_asian_m_9225_head.glb,9225,good,good,0.654338419157518,ratio_eye_width_left,True
auth_asian_m_9226_frame_0126_subdiv_auth_asian_m_9226_head.glb,9226,good,bad,0.4807046643026444,ratio_eye_width_left,False
auth_asian_m_9227_frame_0127_subdiv_auth_asian_m_9227_head.glb,9227,good,good,0.6024211591247006,ratio_eye_width_left,True
auth_asian_m_9228_frame_0128_subdiv_auth_asian_m_9228_head.glb,9228,good,good,0.71590374862777,ratio_nose_width,True
auth_asian_m_9229_frame_0129_subdiv_auth_asian_m_9229_head.glb,9229,good,good,0.5392185160658682,ratio_eye_to_mouth_left,True
auth_asian_m_9230_frame_0130_subdiv_auth_asian_m_9230_head.glb,9230,good,good,0.6392223667555318,ratio_lip_height,True
auth_asian_m_9231_frame_0131_subdiv_auth_asian_m_9231_head.glb,9231,good,bad,0.3631729326315117,ratio_lip_height,False
auth_asian_m_9232_frame_0132_subdiv_auth_asian_m_9232_head.glb,9232,good,good,0.6084447575543017,ratio_eye_width_left,True
auth_asian_m_9233_frame_0133_subdiv_auth_asian_m_9233_head.glb,9233,good,good,0.5308681917666005,ratio_eye_width_left,True
auth_asian_m_9234_frame_0134_subdiv_auth_asian_m_9234_head.glb,9234,good,good,0.6661661472265191,ratio_mouth_width,True
auth_asian_m_9235_frame_0135_subdiv_auth_asian_m_9235_head.glb,9235,good,good,0.5166913635534636,ratio_eye_width_right,True
auth_asian_m_9236_frame_0136_subdiv_auth_asian_m_9236_head.glb,9236,good,good,0.5230784175695149,ratio_mouth_width,True
auth_asian_m_9237_frame_0137_subdiv_auth_asian_m_9237_head.glb,9237,good,good,0.7078184578650959,ratio_nose_width,True
auth_asian_m_9238_frame_0138_subdiv_auth_asian_m_9238_head.glb,9238,good,bad,0.4797142986968008,ratio_face_height,False
auth_asian_m_9239_frame_0139_subdiv_auth_asian_m_9239_head.glb,9239,good,bad,0.4437897851124117,ratio_eye_width_left,False
auth_asian_m_9240_frame_0140_subdiv_auth_asian_m_9240_head.glb,9240,good,bad,0.4728810862160499,ratio_eye_width_left,False
auth_asian_m_9241_frame_0141_subdiv_auth_asian_m_9241_head.glb,9241,good,good,0.7505290456379462,ratio_nose_width,True
auth_asian_m_9242_frame_0142_subdiv_auth_asian_m_9242_head.glb,9242,good,good,0.7231100270689305,ratio_face_height,True
auth_asian_m_9243_frame_0143_subdiv_auth_asian_m_9243_head.glb,9243,good,good,0.6967614002470999,ratio_nose_length,True
auth_asian_m_9244_frame_0144_subdiv_auth_asian_m_9244_head.glb,9244,good,good,0.6255928891189909,ratio_nose_width,True
auth_asian_m_9245_frame_0145_subdiv_auth_asian_m_9245_head.glb,9245,good,good,0.6576277284849896,ratio_brow_width_left,True
auth_asian_m_9246_frame_0146_subdiv_auth_asian_m_9246_head.glb,9246,good,good,0.6957368133606797,ratio_eye_to_mouth_left,True
auth_asian_m_9247_frame_0147_subdiv_auth_asian_m_9247_head.glb,9247,good,bad,0.41956146270567657,ratio_eye_width_left,False
auth_asian_m_9248_frame_0148_subdiv_auth_asian_m_9248_head.glb,9248,good,good,0.6963428995984345,ratio_nose_length,True
auth_asian_m_9249_frame_0149_subdiv_auth_asian_m_9249_head.glb,9249,good,good,0.6565571857392715,ratio_eye_width_left,True
auth_asian_m_9250_frame_0150_subdiv_auth_asian_m_9250_head.glb,9250,good,bad,0.40028959753845017,ratio_eye_width_right,False
auth_asian_m_9251_frame_0151_subdiv_auth_asian_m_9251_head.glb,9251,good,bad,0.2991995876892926,ratio_eye_width_right,False
auth_asian_m_9252_frame_0152_subdiv_auth_asian_m_9252_head.glb,9252,good,good,0.7495967651742237,ratio_nose_width,True
auth_asian_m_9253_frame_0153_subdiv_auth_asian_m_9253_head.glb,9253,good,good,0.660053756890087,ratio_nose_width,True
auth_asian_m_9254_frame_0154_subdiv_auth_asian_m_9254_head.glb,9254,good,good,0.596286500189025,ratio_face_height,True
auth_asian_m_9255_frame_0155_subdiv_auth_asian_m_9255_head.glb,9255,good,good,0.6140438574975282,ratio_nose_width,True
auth_asian_m_9256_frame_0156_subdiv_auth_asian_m_9256_head.glb,9256,good,good,0.6034350022381273,ratio_eye_width_right,True
auth_asian_m_9257_frame_0157_subdiv_auth_asian_m_9257_head.glb,9257,good,good,0.6372402399082621,ratio_face_height,True
auth_asian_m_9258_frame_0158_subdiv_auth_asian_m_9258_head.glb,9258,good,good,0.5811855832412567,ratio_eye_width_left,True
auth_asian_m_9259_frame_0159_subdiv_auth_asian_m_9259_head.glb,9259,good,bad,0.4907180568261297,ratio_nose_width,False
auth_asian_m_9260_frame_0160_subdiv_auth_asian_m_9260_head.glb,9260,good,good,0.6233634013294054,ratio_brow_width_right,True
auth_caucasian_f_9261_frame_0161_subdiv_auth_caucasian_f_9261_head.glb,9261,good,good,0.5099736364667905,ratio_nose_width,True
auth_caucasian_f_9262_frame_0162_subdiv_auth_caucasian_f_9262_head.glb,9262,good,good,0.53626878627903,ratio_jaw_width,True
auth_caucasian_f_9263_frame_0163_subdiv_auth_caucasian_f_9263_head.glb,9263,good,good,0.5992324969691553,ratio_eye_width_left,True
auth_caucasian_f_9264_frame_0164_subdiv_auth_caucasian_f_9264_head.glb,9264,good,good,0.5848457071805077,ratio_nose_width,True
auth_caucasian_f_9265_frame_0165_subdiv_auth_caucasian_f_9265_head.glb,9265,good,good,0.5050881978169194,ratio_lip_height,True
auth_caucasian_f_9266_frame_0166_subdiv_auth_caucasian_f_9266_head.glb,9266,good,bad,0.4935604802033657,ratio_lip_height,False
auth_caucasian_f_9267_frame_0167_subdiv_auth_caucasian_f_9267_head.glb,9267,good,good,0.6814157658084963,ratio_nose_width,True
auth_caucasian_f_9268_frame_0168_subdiv_auth_caucasian_f_9268_head.glb,9268,good,good,0.6029792497473027,ratio_lip_height,True
auth_caucasian_f_9269_frame_0169_subdiv_auth_caucasian_f_9269_head.glb,9269,good,good,0.6745865603972073,ratio_lip_height,True
auth_caucasian_f_9270_frame_0170_subdiv_auth_caucasian_f_9270_head.glb,9270,good,bad,0.3283191330426192,ratio_eye_width_left,False
auth_caucasian_f_9271_frame_0171_subdiv_auth_caucasian_f_9271_head.glb,9271,good,good,0.6098565506693341,ratio_nose_width,True
auth_caucasian_f_9272_frame_0172_subdiv_auth_caucasian_f_9272_head.glb,9272,good,bad,0.3496856725727697,ratio_eye_to_mouth_left,False
auth_caucasian_f_9273_frame_0173_subdiv_auth_caucasian_f_9273_head.glb,9273,good,good,0.6658965123221542,ratio_eye_to_mouth_right,True
auth_caucasian_f_9274_frame_0174_subdiv_auth_caucasian_f_9274_head.glb,9274,good,good,0.570181084132243,ratio_nose_width,True
auth_caucasian_f_9275_frame_0175_subdiv_auth_caucasian_f_9275_head.glb,9275,good,good,0.6290466689255662,ratio_jaw_width,True
auth_caucasian_f_9276_frame_0176_subdiv_auth_caucasian_f_9276_head.glb,9276,good,good,0.6340958118665532,ratio_nose_length,True
auth_caucasian_f_9277_frame_0177_subdiv_auth_caucasian_f_9277_head.glb,9277,good,good,0.5881439273644548,ratio_nose_length,True
auth_caucasian_f_9278_frame_0178_subdiv_auth_caucasian_f_9278_head.glb,9278,good,bad,0.49539014030291234,ratio_lip_height,False
auth_caucasian_f_9279_frame_0179_subdiv_auth_caucasian_f_9279_head.glb,9279,good,good,0.5993993345750049,ratio_jaw_width,True
auth_caucasian_f_9280_frame_0180_subdiv_auth_caucasian_f_9280_head.glb,9280,good,good,0.5477907807519838,ratio_jaw_width,True
auth_caucasian_f_9281_frame_0181_subdiv_auth_caucasian_f_9281_head.glb,9281,good,good,0.6526287723041495,ratio_chin_to_mouth,True
auth_caucasian_f_9282_frame_0182_subdiv_auth_caucasian_f_9282_head.glb,9282,good,good,0.6108153754799419,ratio_lip_height,True
auth_caucasian_f_9283_frame_0183_subdiv_auth_caucasian_f_9283_head.glb,9283,good,good,0.6391085251580104,ratio_chin_to_mouth,True
auth_caucasian_f_9284_frame_0184_subdiv_auth_caucasian_f_9284_head.glb,9284,good,bad,0.4141427634941708,ratio_eye_width_left,False
auth_caucasian_f_9285_frame_0185_subdiv_auth_caucasian_f_9285_head.glb,9285,good,good,0.6765000307914051,ratio_nose_width,True
auth_caucasian_f_9286_frame_0186_subdiv_auth_caucasian_f_9286_head.glb,9286,good,good,0.5709331721291243,ratio_nose_width,True
auth_caucasian_f_9287_frame_0187_subdiv_auth_caucasian_f_9287_head.glb,9287,good,bad,0.3214915287704849,ratio_eye_to_mouth_right,False
auth_caucasian_f_9288_frame_0188_subdiv_auth_caucasian_f_9288_head.glb,9288,good,good,0.7176716789237022,ratio_nose_width,True
auth_caucasian_f_9289_frame_0189_subdiv_auth_caucasian_f_9289_head.glb,9289,good,bad,0.39086373609804004,ratio_interocular_outer,False
auth_caucasian_f_9290_frame_0190_subdiv_auth_caucasian_f_9290_head.glb,9290,good,bad,0.47697203407131294,ratio_jaw_width,False
auth_caucasian_f_9291_frame_0191_subdiv_auth_caucasian_f_9291_head.glb,9291,good,bad,0.3523282828466411,ratio_lip_height,False
auth_caucasian_f_9292_frame_0192_subdiv_auth_caucasian_f_9292_head.glb,9292,good,good,0.6883516800636974,ratio_eye_to_mouth_left,True
auth_caucasian_f_9293_frame_0193_subdiv_auth_caucasian_f_9293_head.glb,9293,good,good,0.6611669467311923,ratio_jaw_width,True
auth_caucasian_f_9294_frame_0194_subdiv_auth_caucasian_f_9294_head.glb,9294,good,good,0.5683882627110631,ratio_jaw_width,True
auth_caucasian_f_9295_frame_0195_subdiv_auth_caucasian_f_9295_head.glb,9295,good,bad,0.43619588057887754,ratio_jaw_width,False
auth_caucasian_f_9296_frame_0196_subdiv_auth_caucasian_f_9296_head.glb,9296,good,bad,0.2996475966130961,ratio_eye_width_left,False
auth_caucasian_f_9297_frame_0197_subdiv_auth_caucasian_f_9297_head.glb,9297,good,good,0.5353600569729976,ratio_jaw_width,True
auth_caucasian_f_9298_frame_0198_subdiv_auth_caucasian_f_9298_head.glb,9298,good,good,0.7283397588323957,ratio_nose_width,True
auth_caucasian_f_9299_frame_0199_subdiv_auth_caucasian_f_9299_head.glb,9299,good,good,0.5929942705602953,ratio_eye_to_nose_tip_right,True
auth_caucasian_f_9300_frame_0200_subdiv_auth_caucasian_f_9300_head.glb,9300,good,bad,0.42835270127893593,ratio_mouth_width,False
auth_caucasian_m_9301_frame_0201_subdiv_auth_caucasian_m_9301_head.glb,9301,good,good,0.5255181398280465,ratio_brow_width_left,True
auth_caucasian_m_9302_frame_0202_subdiv_auth_caucasian_m_9302_head.glb,9302,good,bad,0.4684514145834666,ratio_brow_span,False
auth_caucasian_m_9303_frame_0203_subdiv_auth_caucasian_m_9303_head.glb,9303,good,good,0.5898758487255161,ratio_nose_width,True
auth_caucasian_m_9304_frame_0204_subdiv_auth_caucasian_m_9304_head.glb,9304,good,bad,0.462032011092088,ratio_eye_to_nose_tip_left,False
auth_caucasian_m_9305_frame_0205_subdiv_auth_caucasian_m_9305_head.glb,9305,good,good,0.5151702765050605,ratio_chin_to_mouth,True
auth_caucasian_m_9306_frame_0206_subdiv_auth_caucasian_m_9306_head.glb,9306,good,good,0.5338883327234883,ratio_brow_span,True
auth_caucasian_m_9307_frame_0207_subdiv_auth_caucasian_m_9307_head.glb,9307,good,good,0.5993534916065328,ratio_lip_height,True
auth_caucasian_m_9308_frame_0208_subdiv_auth_caucasian_m_9308_head.glb,9308,good,good,0.7448249086460585,ratio_lip_height,True
auth_caucasian_m_9309_frame_0209_subdiv_auth_caucasian_m_9309_head.glb,9309,good,good,0.5598183374344781,ratio_mouth_width,True
auth_caucasian_m_9310_frame_0210_subdiv_auth_caucasian_m_9310_head.glb,9310,good,bad,0.2926682818457047,ratio_brow_span,False
auth_caucasian_m_9311_frame_0211_subdiv_auth_caucasian_m_9311_head.glb,9311,good,good,0.5681929372626371,ratio_nose_width,True
auth_caucasian_m_9312_frame_0212_subdiv_auth_caucasian_m_9312_head.glb,9312,good,bad,0.4600563684670963,ratio_brow_span,False
auth_caucasian_m_9313_frame_0213_subdiv_auth_caucasian_m_9313_head.glb,9313,good,good,0.6180024547130211,ratio_brow_span,True
auth_caucasian_m_9314_frame_0214_subdiv_auth_caucasian_m_9314_head.glb,9314,good,bad,0.4336615106730929,ratio_mouth_width,False
auth_caucasian_m_9315_frame_0215_subdiv_auth_caucasian_m_9315_head.glb,9315,good,good,0.5821768581101999,ratio_cheekbone_width,True
auth_caucasian_m_9316_frame_0216_subdiv_auth_caucasian_m_9316_head.glb,9316,good,good,0.5827814399416117,ratio_nose_width,True
auth_caucasian_m_9317_frame_0217_subdiv_auth_caucasian_m_9317_head.glb,9317,good,good,0.7099710361839285,ratio_cheekbone_width,True
auth_caucasian_m_9318_frame_0218_subdiv_auth_caucasian_m_9318_head.glb,9318,good,good,0.5308471339218822,ratio_cheekbone_width,True
auth_caucasian_m_9319_frame_0219_subdiv_auth_caucasian_m_9319_head.glb,9319,good,good,0.5072772789542423,ratio_nose_width,True
auth_caucasian_m_9320_frame_0220_subdiv_auth_caucasian_m_9320_head.glb,9320,good,bad,0.49301227419612287,ratio_jaw_width,False
auth_caucasian_m_9321_frame_0221_subdiv_auth_caucasian_m_9321_head.glb,9321,good,good,0.6093113971679437,ratio_lip_height,True
auth_caucasian_m_9322_frame_0222_subdiv_auth_caucasian_m_9322_head.glb,9322,good,good,0.586233169781218,ratio_nose_width,True
auth_caucasian_m_9323_frame_0223_subdiv_auth_caucasian_m_9323_head.glb,9323,good,good,0.7080094232978859,ratio_nose_width,True
auth_caucasian_m_9324_frame_0224_subdiv_auth_caucasian_m_9324_head.glb,9324,good,bad,0.4571637528542613,ratio_jaw_width,False
auth_caucasian_m_9325_frame_0225_subdiv_auth_caucasian_m_9325_head.glb,9325,good,good,0.5453685847618117,ratio_interocular_outer,True
auth_caucasian_m_9326_frame_0226_subdiv_auth_caucasian_m_9326_head.glb,9326,good,good,0.5540444894521174,ratio_nose_width,True
auth_caucasian_m_9327_frame_0227_subdiv_auth_caucasian_m_9327_head.glb,9327,good,bad,0.4118658388433135,ratio_jaw_width,False
auth_caucasian_m_9328_frame_0228_subdiv_auth_caucasian_m_9328_head.glb,9328,good,good,0.5631481432741277,ratio_brow_span,True
auth_caucasian_m_9329_frame_0229_subdiv_auth_caucasian_m_9329_head.glb,9329,good,bad,0.2622328521527092,ratio_interocular_outer,False
auth_caucasian_m_9330_frame_0230_subdiv_auth_caucasian_m_9330_head.glb,9330,good,good,0.7137449252725167,ratio_chin_to_mouth,True
auth_caucasian_m_9331_frame_0231_subdiv_auth_caucasian_m_9331_head.glb,9331,good,bad,0.48377201568220474,ratio_lip_height,False
auth_caucasian_m_9332_frame_0232_subdiv_auth_caucasian_m_9332_head.glb,9332,good,good,0.6744525594442099,ratio_mouth_width,True
auth_caucasian_m_9333_frame_0233_subdiv_auth_caucasian_m_9333_head.glb,9333,good,bad,0.31207999849595264,ratio_face_height,False
auth_caucasian_m_9335_frame_0235_subdiv_auth_caucasian_m_9335_head.glb,9335,good,good,0.5470813892007687,ratio_nose_width,True
auth_caucasian_m_9336_frame_0236_subdiv_auth_caucasian_m_9336_head.glb,9336,good,bad,0.47984199834553026,ratio_eye_to_mouth_right,False
auth_caucasian_m_9337_frame_0237_subdiv_auth_caucasian_m_9337_head.glb,9337,good,good,0.5418094531557006,ratio_nose_width,True
auth_caucasian_m_9338_frame_0238_subdiv_auth_caucasian_m_9338_head.glb,9338,good,good,0.6162940152197259,ratio_cheekbone_width,True
auth_caucasian_m_9339_frame_0239_subdiv_auth_caucasian_m_9339_head.glb,9339,good,bad,0.459996550512407,ratio_nose_width,False
auth_caucasian_m_9340_frame_0240_subdiv_auth_caucasian_m_9340_head.glb,9340,good,good,0.7688582087417137,ratio_interocular_outer,True
auth_latino_f_9341_frame_0241_subdiv_auth_latino_f_9341_head.glb,9341,good,bad,0.41837214878227946,ratio_interocular_outer,False
auth_latino_f_9342_frame_0242_subdiv_auth_latino_f_9342_head.glb,9342,good,good,0.7755678102304465,ratio_eye_width_right,True
auth_latino_f_9343_frame_0243_subdiv_auth_latino_f_9343_head.glb,9343,good,good,0.5378186815252305,ratio_eye_width_right,True
auth_latino_f_9344_frame_0244_subdiv_auth_latino_f_9344_head.glb,9344,good,good,0.6774130902337869,ratio_jaw_width,True
auth_latino_f_9345_frame_0245_subdiv_auth_latino_f_9345_head.glb,9345,good,good,0.5863020660629412,ratio_eye_to_nose_tip_left,True
auth_latino_f_9346_frame_0246_subdiv_auth_latino_f_9346_head.glb,9346,good,good,0.6681730223990892,ratio_eye_width_left,True
auth_latino_f_9347_frame_0247_subdiv_auth_latino_f_9347_head.glb,9347,good,bad,0.4201086541415514,ratio_eye_width_right,False
auth_latino_f_9348_frame_0248_subdiv_auth_latino_f_9348_head.glb,9348,good,good,0.5938146289750236,ratio_eye_width_right,True
auth_latino_f_9349_frame_0249_subdiv_auth_latino_f_9349_head.glb,9349,good,good,0.603019270013538,ratio_nose_width,True
auth_latino_f_9350_frame_0250_subdiv_auth_latino_f_9350_head.glb,9350,good,good,0.7051058414930582,ratio_nose_width,True
auth_latino_f_9351_frame_0251_subdiv_auth_latino_f_9351_head.glb,9351,good,good,0.5798515842715517,ratio_eye_to_nose_tip_right,True
auth_latino_f_9352_frame_0252_subdiv_auth_latino_f_9352_head.glb,9352,good,good,0.7418155078983105,ratio_eye_width_right,True
auth_latino_f_9353_frame_0253_subdiv_auth_latino_f_9353_head.glb,9353,good,bad,0.4437537641322541,ratio_eye_width_right,False
auth_latino_f_9354_frame_0254_subdiv_auth_latino_f_9354_head.glb,9354,good,bad,0.40748406180459407,ratio_jaw_width,False
auth_latino_f_9355_frame_0255_subdiv_auth_latino_f_9355_head.glb,9355,good,bad,0.44055056339813997,ratio_eye_to_nose_tip_right,False
auth_latino_f_9356_frame_0256_subdiv_auth_latino_f_9356_head.glb,9356,good,good,0.6153442527314268,ratio_eye_width_right,True
auth_latino_f_9357_frame_0257_subdiv_auth_latino_f_9357_head.glb,9357,good,good,0.5034737891451045,ratio_eye_to_nose_tip_left,True
auth_latino_f_9358_frame_0258_subdiv_auth_latino_f_9358_head.glb,9358,good,good,0.6394340233305451,ratio_nose_width,True
auth_latino_f_9359_frame_0259_subdiv_auth_latino_f_9359_head.glb,9359,good,good,0.67710562881356,ratio_eye_width_right,True
auth_latino_f_9360_frame_0260_subdiv_auth_latino_f_9360_head.glb,9360,good,good,0.7233988532164312,ratio_eye_to_mouth_left,True
auth_latino_f_9361_frame_0261_subdiv_auth_latino_f_9361_head.glb,9361,good,good,0.5896897993638014,ratio_jaw_width,True
auth_latino_f_9362_frame_0262_subdiv_auth_latino_f_9362_head.glb,9362,good,good,0.7398296785539947,ratio_eye_width_right,True
auth_latino_f_9363_frame_0263_subdiv_auth_latino_f_9363_head.glb,9363,good,good,0.6425935685699836,ratio_brow_span,True
auth_latino_f_9364_frame_0264_subdiv_auth_latino_f_9364_head.glb,9364,good,good,0.6063995614428517,ratio_jaw_width,True
auth_latino_f_9365_frame_0265_subdiv_auth_latino_f_9365_head.glb,9365,good,good,0.5856519811750351,ratio_eye_width_right,True
auth_latino_f_9366_frame_0266_subdiv_auth_latino_f_9366_head.glb,9366,good,bad,0.45115760129123744,ratio_eye_width_right,False
auth_latino_f_9367_frame_0267_subdiv_auth_latino_f_9367_head.glb,9367,good,good,0.7082238275970887,ratio_mouth_width,True
auth_latino_f_9368_frame_0268_subdiv_auth_latino_f_9368_head.glb,9368,good,good,0.6456439118886325,ratio_face_height,True
auth_latino_f_9369_frame_0269_subdiv_auth_latino_f_9369_head.glb,9369,good,good,0.6071033791108434,ratio_jaw_width,True
auth_latino_f_9370_frame_0270_subdiv_auth_latino_f_9370_head.glb,9370,good,good,0.6823285922791058,ratio_eye_width_right,True
auth_latino_f_9371_frame_0271_subdiv_auth_latino_f_9371_head.glb,9371,good,bad,0.38049099753736315,ratio_eye_to_nose_tip_right,False
auth_latino_f_9372_frame_0272_subdiv_auth_latino_f_9372_head.glb,9372,good,good,0.7076681793315387,ratio_nose_width,True
auth_latino_f_9373_frame_0273_subdiv_auth_latino_f_9373_head.glb,9373,good,good,0.6293451143935367,ratio_jaw_width,True
auth_latino_f_9374_frame_0274_subdiv_auth_latino_f_9374_head.glb,9374,good,bad,0.45974641689582174,ratio_eye_to_nose_tip_right,False
auth_latino_f_9375_frame_0275_subdiv_auth_latino_f_9375_head.glb,9375,good,bad,0.4646678512419304,ratio_eye_to_nose_tip_left,False
auth_latino_f_9376_frame_0276_subdiv_auth_latino_f_9376_head.glb,9376,good,good,0.5151943414448222,ratio_eye_to_nose_tip_left,True
auth_latino_f_9377_frame_0277_subdiv_auth_latino_f_9377_head.glb,9377,good,good,0.5109286040560597,ratio_interocular_outer,True
auth_latino_f_9378_frame_0278_subdiv_auth_latino_f_9378_head.glb,9378,good,good,0.5569363767970066,ratio_brow_span,True
auth_latino_f_9379_frame_0279_subdiv_auth_latino_f_9379_head.glb,9379,good,good,0.6971485143231437,ratio_nose_width,True
auth_latino_f_9380_frame_0280_subdiv_auth_latino_f_9380_head.glb,9380,good,good,0.608354550636926,ratio_eye_width_right,True
auth_latino_m_9381_frame_0281_subdiv_auth_latino_m_9381_head.glb,9381,good,good,0.7167420897538919,ratio_brow_span,True
auth_latino_m_9382_frame_0282_subdiv_auth_latino_m_9382_head.glb,9382,good,bad,0.2461509868202984,ratio_brow_width_left,False
auth_latino_m_9383_frame_0283_subdiv_auth_latino_m_9383_head.glb,9383,good,bad,0.38721152830247857,ratio_mouth_width,False
auth_latino_m_9384_frame_0284_subdiv_auth_latino_m_9384_head.glb,9384,good,good,0.7079910924524758,ratio_eye_to_mouth_right,True
auth_latino_m_9385_frame_0285_subdiv_auth_latino_m_9385_head.glb,9385,good,good,0.7415239917254972,ratio_lip_height,True
auth_latino_m_9386_frame_0286_subdiv_auth_latino_m_9386_head.glb,9386,good,good,0.6336466924199807,ratio_brow_span,True
auth_latino_m_9387_frame_0287_subdiv_auth_latino_m_9387_head.glb,9387,good,good,0.6763306527253176,ratio_chin_to_mouth,True
auth_latino_m_9388_frame_0288_subdiv_auth_latino_m_9388_head.glb,9388,good,bad,0.46320302724152973,ratio_cheekbone_width,False
auth_latino_m_9389_frame_0289_subdiv_auth_latino_m_9389_head.glb,9389,good,good,0.5267399945790625,ratio_lip_height,True
auth_latino_m_9390_frame_0290_subdiv_auth_latino_m_9390_head.glb,9390,good,good,0.6320452277506923,ratio_mouth_width,True
auth_latino_m_9391_frame_0291_subdiv_auth_latino_m_9391_head.glb,9391,good,bad,0.33063776002741196,ratio_face_height,False
auth_latino_m_9392_frame_0292_subdiv_auth_latino_m_9392_head.glb,9392,good,good,0.6620024941280829,ratio_interocular_outer,True
auth_latino_m_9393_frame_0293_subdiv_auth_latino_m_9393_head.glb,9393,good,good,0.7267156245023603,ratio_jaw_width,True
auth_latino_m_9394_frame_0294_subdiv_auth_latino_m_9394_head.glb,9394,good,good,0.5817665477939304,ratio_jaw_width,True
auth_latino_m_9395_frame_0295_subdiv_auth_latino_m_9395_head.glb,9395,good,good,0.5082481389004451,ratio_interocular_outer,True
auth_latino_m_9396_frame_0296_subdiv_auth_latino_m_9396_head.glb,9396,good,good,0.7211544103773543,ratio_jaw_width,True
auth_latino_m_9397_frame_0297_subdiv_auth_latino_m_9397_head.glb,9397,good,good,0.5233225178911445,ratio_eye_width_left,True
auth_latino_m_9398_frame_0298_subdiv_auth_latino_m_9398_head.glb,9398,good,bad,0.4266497723189365,ratio_mouth_width,False
auth_latino_m_9399_frame_0299_subdiv_auth_latino_m_9399_head.glb,9399,good,bad,0.30803492714861364,ratio_cheekbone_width,False
auth_latino_m_9400_frame_0300_subdiv_auth_latino_m_9400_head.glb,9400,good,good,0.6726586221570112,ratio_cheekbone_width,True
auth_latino_m_9401_frame_0301_subdiv_auth_latino_m_9401_head.glb,9401,good,good,0.5673572697671245,ratio_eye_width_left,True
auth_latino_m_9402_frame_0302_subdiv_auth_latino_m_9402_head.glb,9402,good,good,0.6195854281057035,ratio_nose_length,True
auth_latino_m_9403_frame_0303_subdiv_auth_latino_m_9403_head.glb,9403,good,good,0.6916140266943666,ratio_eye_to_mouth_right,True
auth_latino_m_9404_frame_0304_subdiv_auth_latino_m_9404_head.glb,9404,good,good,0.7010876039078399,ratio_eye_width_left,True
auth_latino_m_9405_frame_0305_subdiv_auth_latino_m_9405_head.glb,9405,good,good,0.5104386363109482,ratio_interocular_outer,True
auth_latino_m_9406_frame_0306_subdiv_auth_latino_m_9406_head.glb,9406,good,good,0.5634646634006516,ratio_eye_width_left,True
auth_latino_m_9407_frame_0307_subdiv_auth_latino_m_9407_head.glb,9407,good,good,0.8069390796511958,ratio_face_height,True
auth_latino_m_9408_frame_0308_subdiv_auth_latino_m_9408_head.glb,9408,good,good,0.676452995926172,ratio_mouth_width,True
auth_latino_m_9409_frame_0309_subdiv_auth_latino_m_9409_head.glb,9409,good,good,0.6546332238033802,ratio_cheekbone_width,True
auth_latino_m_9410_frame_0310_subdiv_auth_latino_m_9410_head.glb,9410,good,good,0.6656220759191428,ratio_lip_height,True
auth_latino_m_9411_frame_0311_subdiv_auth_latino_m_9411_head.glb,9411,good,good,0.5840737890177974,ratio_cheekbone_width,True
auth_latino_m_9412_frame_0312_subdiv_auth_latino_m_9412_head.glb,9412,good,good,0.724332632426203,ratio_face_height,True
auth_latino_m_9413_frame_0313_subdiv_auth_latino_m_9413_head.glb,9413,good,bad,0.43292792562525984,ratio_interocular_outer,False
auth_latino_m_9414_frame_0314_subdiv_auth_latino_m_9414_head.glb,9414,good,good,0.5286501994773276,ratio_interocular_outer,True
auth_latino_m_9415_frame_0315_subdiv_auth_latino_m_9415_head.glb,9415,good,bad,0.24607543112700025,ratio_cheekbone_width,False
auth_latino_m_9416_frame_0316_subdiv_auth_latino_m_9416_head.glb,9416,good,bad,0.30559967287400536,ratio_eye_to_mouth_left,False
auth_latino_m_9417_frame_0317_subdiv_auth_latino_m_9417_head.glb,9417,good,good,0.6220381343933483,ratio_interocular_outer,True
auth_latino_m_9418_frame_0318_subdiv_auth_latino_m_9418_head.glb,9418,good,good,0.5626554694115576,ratio_jaw_width,True
auth_latino_m_9419_frame_0319_subdiv_auth_latino_m_9419_head.glb,9419,good,bad,0.3372437847037933,ratio_mouth_width,False
auth_latino_m_9420_frame_0320_subdiv_auth_latino_m_9420_head.glb,9420,good,good,0.5230265661213246,ratio_eye_width_left,True
auth_middleeast_f_9421_frame_0321_subdiv_auth_middleeast_f_9421_head.glb,9421,good,bad,0.31941622996963454,ratio_eye_to_nose_tip_left,False
auth_middleeast_f_9422_frame_0322_subdiv_auth_middleeast_f_9422_head.glb,9422,good,good,0.6816020291946374,ratio_face_height,True
auth_middleeast_f_9423_frame_0323_subdiv_auth_middleeast_f_9423_head.glb,9423,good,good,0.5619304442225468,ratio_brow_width_left,True
auth_middleeast_f_9424_frame_0324_subdiv_auth_middleeast_f_9424_head.glb,9424,good,good,0.6240955827988612,ratio_eye_width_right,True
auth_middleeast_f_9425_frame_0325_subdiv_auth_middleeast_f_9425_head.glb,9425,good,bad,0.4469903103559396,ratio_brow_span,False
auth_middleeast_f_9426_frame_0326_subdiv_auth_middleeast_f_9426_head.glb,9426,good,good,0.5739546811061269,ratio_eye_width_left,True
auth_middleeast_f_9427_frame_0327_subdiv_auth_middleeast_f_9427_head.glb,9427,good,good,0.5264773418641633,ratio_brow_span,True
auth_middleeast_f_9428_frame_0328_subdiv_auth_middleeast_f_9428_head.glb,9428,good,good,0.683595850614498,ratio_jaw_width,True
auth_middleeast_f_9429_frame_0329_subdiv_auth_middleeast_f_9429_head.glb,9429,good,good,0.6137775241403295,ratio_lip_height,True
auth_middleeast_f_9430_frame_0330_subdiv_auth_middleeast_f_9430_head.glb,9430,good,good,0.5581846649843513,ratio_eye_width_left,True
auth_middleeast_f_9431_frame_0331_subdiv_auth_middleeast_f_9431_head.glb,9431,good,bad,0.38011973851772507,ratio_lip_height,False
auth_middleeast_f_9432_frame_0332_subdiv_auth_middleeast_f_9432_head.glb,9432,good,bad,0.4077872684621856,ratio_eye_to_nose_tip_left,False
auth_middleeast_f_9433_frame_0333_subdiv_auth_middleeast_f_9433_head.glb,9433,good,good,0.5851956419631659,ratio_interocular_outer,True
auth_middleeast_f_9434_frame_0334_subdiv_auth_middleeast_f_9434_head.glb,9434,good,good,0.7266729854220291,ratio_interocular_outer,True
auth_middleeast_f_9435_frame_0335_subdiv_auth_middleeast_f_9435_head.glb,9435,good,good,0.570048515221361,ratio_eye_to_nose_tip_left,True
auth_middleeast_f_9436_frame_0336_subdiv_auth_middleeast_f_9436_head.glb,9436,good,good,0.5606662828572017,ratio_brow_span,True
auth_middleeast_f_9437_frame_0337_subdiv_auth_middleeast_f_9437_head.glb,9437,good,bad,0.44136210547656346,ratio_jaw_width,False
auth_middleeast_f_9438_frame_0338_subdiv_auth_middleeast_f_9438_head.glb,9438,good,bad,0.4749178505025872,ratio_eye_width_right,False
auth_middleeast_f_9439_frame_0339_subdiv_auth_middleeast_f_9439_head.glb,9439,good,bad,0.4323901426021235,ratio_eye_width_right,False
auth_middleeast_f_9440_frame_0340_subdiv_auth_middleeast_f_9440_head.glb,9440,good,good,0.6329616211902985,ratio_eye_width_right,True
auth_middleeast_f_9441_frame_0341_subdiv_auth_middleeast_f_9441_head.glb,9441,good,good,0.6094801389266535,ratio_jaw_width,True
auth_middleeast_f_9442_frame_0342_subdiv_auth_middleeast_f_9442_head.glb,9442,good,good,0.6056664274982458,ratio_jaw_width,True
auth_middleeast_f_9443_frame_0343_subdiv_auth_middleeast_f_9443_head.glb,9443,good,good,0.5897002097848774,ratio_interocular_outer,True
auth_middleeast_f_9444_frame_0344_subdiv_auth_middleeast_f_9444_head.glb,9444,good,good,0.6904275669897274,ratio_lip_height,True
auth_middleeast_f_9445_frame_0345_subdiv_auth_middleeast_f_9445_head.glb,9445,good,bad,0.4279447794298317,ratio_nose_width,False
auth_middleeast_f_9446_frame_0346_subdiv_auth_middleeast_f_9446_head.glb,9446,good,good,0.5011663147697167,ratio_eye_to_nose_tip_left,True
auth_middleeast_f_9447_frame_0347_subdiv_auth_middleeast_f_9447_head.glb,9447,good,good,0.5833624744317796,ratio_face_height,True
auth_middleeast_f_9448_frame_0348_subdiv_auth_middleeast_f_9448_head.glb,9448,good,good,0.7196637439352113,ratio_lip_height,True
auth_middleeast_f_9449_frame_0349_subdiv_auth_middleeast_f_9449_head.glb,9449,good,good,0.6647400257324579,ratio_jaw_width,True
auth_middleeast_f_9450_frame_0350_subdiv_auth_middleeast_f_9450_head.glb,9450,good,good,0.664282148455242,ratio_eye_to_nose_tip_right,True
auth_middleeast_f_9451_frame_0351_subdiv_auth_middleeast_f_9451_head.glb,9451,good,bad,0.44872033600227496,ratio_eye_width_right,False
auth_middleeast_f_9452_frame_0352_subdiv_auth_middleeast_f_9452_head.glb,9452,good,good,0.5823230506815357,ratio_lip_height,True
auth_middleeast_f_9453_frame_0353_subdiv_auth_middleeast_f_9453_head.glb,9453,good,good,0.576747547180427,ratio_lip_height,True
auth_middleeast_f_9454_frame_0354_subdiv_auth_middleeast_f_9454_head.glb,9454,good,good,0.6984945828252167,ratio_eye_width_left,True
auth_middleeast_f_9455_frame_0355_subdiv_auth_middleeast_f_9455_head.glb,9455,good,good,0.6657749525700837,ratio_interocular_outer,True
auth_middleeast_f_9456_frame_0356_subdiv_auth_middleeast_f_9456_head.glb,9456,good,bad,0.4982696628331164,ratio_face_height,False
auth_middleeast_f_9457_frame_0357_subdiv_auth_middleeast_f_9457_head.glb,9457,good,good,0.5520906208510883,ratio_jaw_width,True
auth_middleeast_f_9458_frame_0358_subdiv_auth_middleeast_f_9458_head.glb,9458,good,bad,0.49093013668109353,ratio_eye_width_right,False
auth_middleeast_f_9459_frame_0359_subdiv_auth_middleeast_f_9459_head.glb,9459,good,good,0.5577901597664263,ratio_lip_height,True
auth_middleeast_f_9460_frame_0360_subdiv_auth_middleeast_f_9460_head.glb,9460,good,good,0.5964272414600363,ratio_nose_width,True
auth_middleeast_m_9461_frame_0361_subdiv_auth_middleeast_m_9461_head.glb,9461,good,good,0.6157502582337102,ratio_jaw_width,True
auth_middleeast_m_9462_frame_0362_subdiv_auth_middleeast_m_9462_head.glb,9462,good,good,0.7157588084435347,ratio_eye_to_mouth_left,True
auth_middleeast_m_9463_frame_0363_subdiv_auth_middleeast_m_9463_head.glb,9463,good,good,0.7971074717314223,ratio_lip_height,True
auth_middleeast_m_9464_frame_0364_subdiv_auth_middleeast_m_9464_head.glb,9464,good,good,0.5784075257202562,ratio_chin_to_mouth,True
auth_middleeast_m_9465_frame_0365_subdiv_auth_middleeast_m_9465_head.glb,9465,good,good,0.6430262336221046,ratio_eye_to_nose_tip_right,True
auth_middleeast_m_9466_frame_0366_subdiv_auth_middleeast_m_9466_head.glb,9466,good,bad,0.4893653484913165,ratio_jaw_width,False
auth_middleeast_m_9467_frame_0367_subdiv_auth_middleeast_m_9467_head.glb,9467,good,good,0.5093925349403124,ratio_face_height,True
auth_middleeast_m_9468_frame_0368_subdiv_auth_middleeast_m_9468_head.glb,9468,good,good,0.7580666131555365,ratio_nose_length,True
auth_middleeast_m_9469_frame_0369_subdiv_auth_middleeast_m_9469_head.glb,9469,good,good,0.7608843681741555,ratio_eye_width_right,True
auth_middleeast_m_9470_frame_0370_subdiv_auth_middleeast_m_9470_head.glb,9470,good,good,0.5550340858794328,ratio_chin_to_mouth,True
auth_middleeast_m_9471_frame_0371_subdiv_auth_middleeast_m_9471_head.glb,9471,good,bad,0.3946028995993122,ratio_jaw_width,False
auth_middleeast_m_9472_frame_0372_subdiv_auth_middleeast_m_9472_head.glb,9472,good,good,0.6930278921844004,ratio_jaw_width,True
auth_middleeast_m_9473_frame_0373_subdiv_auth_middleeast_m_9473_head.glb,9473,good,good,0.6047042349117342,ratio_eye_width_right,True
auth_middleeast_m_9474_frame_0374_subdiv_auth_middleeast_m_9474_head.glb,9474,good,good,0.5047931916826409,ratio_brow_span,True
auth_middleeast_m_9475_frame_0375_subdiv_auth_middleeast_m_9475_head.glb,9475,good,good,0.5470944735980061,ratio_brow_span,True
auth_middleeast_m_9476_frame_0376_subdiv_auth_middleeast_m_9476_head.glb,9476,good,good,0.7774792016485651,ratio_nose_width,True
auth_middleeast_m_9477_frame_0377_subdiv_auth_middleeast_m_9477_head.glb,9477,good,bad,0.4994440326049712,ratio_chin_to_mouth,False
auth_middleeast_m_9478_frame_0378_subdiv_auth_middleeast_m_9478_head.glb,9478,good,good,0.6001315970071454,ratio_eye_width_right,True
auth_middleeast_m_9479_frame_0379_subdiv_auth_middleeast_m_9479_head.glb,9479,good,bad,0.4393407509757897,ratio_jaw_width,False
auth_middleeast_m_9480_frame_0380_subdiv_auth_middleeast_m_9480_head.glb,9480,good,good,0.7399416523786699,ratio_nose_length,True
auth_middleeast_m_9481_frame_0381_subdiv_auth_middleeast_m_9481_head.glb,9481,good,good,0.7566492840687145,ratio_eye_to_mouth_left,True
auth_middleeast_m_9482_frame_0382_subdiv_auth_middleeast_m_9482_head.glb,9482,good,good,0.6388290713810866,ratio_jaw_width,True
auth_middleeast_m_9483_frame_0383_subdiv_auth_middleeast_m_9483_head.glb,9483,good,good,0.5140783291596738,ratio_lip_height,True
auth_middleeast_m_9484_frame_0384_subdiv_auth_middleeast_m_9484_head.glb,9484,good,good,0.6819573057624272,ratio_eye_width_right,True
auth_middleeast_m_9485_frame_0385_subdiv_auth_middleeast_m_9485_head.glb,9485,good,good,0.6980586405158684,ratio_lip_height,True
auth_middleeast_m_9486_frame_0386_subdiv_auth_middleeast_m_9486_head.glb,9486,good,good,0.5528716943896932,ratio_lip_height,True
auth_middleeast_m_9487_frame_0387_subdiv_auth_middleeast_m_9487_head.glb,9487,good,good,0.6979896777291377,ratio_jaw_width,True
auth_middleeast_m_9488_frame_0388_subdiv_auth_middleeast_m_9488_head.glb,9488,good,good,0.6960317093055566,ratio_eye_width_right,True
auth_middleeast_m_9489_frame_0389_subdiv_auth_middleeast_m_9489_head.glb,9489,good,good,0.7240037450593987,ratio_jaw_width,True
auth_middleeast_m_9490_frame_0390_subdiv_auth_middleeast_m_9490_head.glb,9490,good,good,0.6449415268775491,ratio_jaw_width,True
auth_middleeast_m_9491_frame_0391_subdiv_auth_middleeast_m_9491_head.glb,9491,good,good,0.5745579107186249,ratio_face_height,True
auth_middleeast_m_9492_frame_0392_subdiv_auth_middleeast_m_9492_head.glb,9492,good,good,0.689617857118555,ratio_nose_length,True
auth_middleeast_m_9493_frame_0393_subdiv_auth_middleeast_m_9493_head.glb,9493,good,bad,0.34800859794746697,ratio_eye_width_left,False
auth_middleeast_m_9494_frame_0394_subdiv_auth_middleeast_m_9494_head.glb,9494,good,bad,0.36935994048332127,ratio_face_height,False
auth_middleeast_m_9495_frame_0395_subdiv_auth_middleeast_m_9495_head.glb,9495,good,good,0.6596424600400713,ratio_brow_width_left,True
auth_middleeast_m_9496_frame_0396_subdiv_auth_middleeast_m_9496_head.glb,9496,good,good,0.6089309295216764,ratio_lip_height,True
auth_middleeast_m_9497_frame_0397_subdiv_auth_middleeast_m_9497_head.glb,9497,good,bad,0.4671599808370692,ratio_chin_to_mouth,False
auth_middleeast_m_9498_frame_0398_subdiv_auth_middleeast_m_9498_head.glb,9498,good,good,0.5913938590613498,ratio_lip_height,True
auth_middleeast_m_9499_frame_0399_subdiv_auth_middleeast_m_9499_head.glb,9499,good,good,0.6662653068243637,ratio_nose_length,True
auth_middleeast_m_9500_frame_0400_subdiv_auth_middleeast_m_9500_head.glb,9500,good,good,0.7316966328292082,ratio_eye_width_right,True
auth_african_f_9601_subdiv__fbx_backup_head.glb,9601,bad,bad,0.47628046859744166,ratio_jaw_width,True
auth_african_f_9602_subdiv__fbx_backup_head.glb,9602,bad,good,0.5015763283915967,ratio_jaw_width,False
auth_african_f_9605_subdiv_african_head.glb,9605,bad,bad,0.45236143091312664,ratio_jaw_width,True
auth_african_f_9606_subdiv__fbx_backup_head.glb,9606,bad,bad,0.4405698230184573,ratio_nose_length,True
auth_african_f_9607_subdiv_african_head.glb,9607,bad,bad,0.3591327021291487,ratio_jaw_width,True
auth_african_f_9608_subdiv__fbx_backup_head.glb,9608,bad,bad,0.4675637701832016,ratio_jaw_width,True
auth_african_f_9609_subdiv__fbx_backup_head.glb,9609,bad,bad,0.3970678335109418,ratio_face_height,True
auth_african_f_9610_subdiv_african_head.glb,9610,bad,bad,0.3485763225091983,ratio_eye_to_mouth_left,True
auth_african_f_9611_subdiv__fbx_backup_head.glb,9611,bad,bad,0.4674096287564485,ratio_nose_length,True
auth_african_f_9612_subdiv__fbx_backup_head.glb,9612,bad,bad,0.3692888605798717,ratio_face_height,True
auth_african_f_9613_subdiv__fbx_backup_head.glb,9613,bad,good,0.7193152084065264,ratio_eye_to_mouth_left,False
auth_african_f_9614_subdiv_african_head.glb,9614,bad,good,0.6775172054045084,ratio_chin_to_mouth,False
auth_african_f_9615_subdiv__fbx_backup_head.glb,9615,bad,good,0.6481461501899837,ratio_eye_to_mouth_left,False
auth_african_f_9616_subdiv__fbx_backup_head.glb,9616,bad,good,0.6599204754279754,ratio_jaw_width,False
auth_african_f_9618_subdiv__fbx_backup_head.glb,9618,bad,bad,0.469418360411952,ratio_jaw_width,True
auth_african_f_9622_subdiv_african_head.glb,9622,bad,bad,0.3776159293996093,ratio_jaw_width,True
auth_african_f_9623_subdiv__fbx_backup_head.glb,9623,bad,bad,0.4128016467616772,ratio_nose_length,True
auth_african_f_9624_subdiv__fbx_backup_head.glb,9624,bad,bad,0.3540737502642142,ratio_eye_to_nose_tip_left,True
auth_african_f_9627_subdiv__fbx_backup_head.glb,9627,bad,good,0.5978020289134905,ratio_nose_length,False
auth_african_f_9628_subdiv__fbx_backup_head.glb,9628,bad,bad,0.3712265589366822,ratio_nose_length,True
auth_african_f_9629_subdiv_african_head.glb,9629,bad,good,0.7863033820671065,ratio_brow_span,False
auth_african_f_9630_subdiv_african_head.glb,9630,bad,good,0.7821496913334982,ratio_chin_to_mouth,False
auth_african_f_9631_subdiv_african_head.glb,9631,bad,good,0.7590675253663329,ratio_chin_to_mouth,False
auth_african_f_9632_subdiv__fbx_backup_head.glb,9632,bad,good,0.6575011876339953,ratio_brow_span,False
auth_african_f_9635_subdiv__fbx_backup_head.glb,9635,bad,bad,0.38092431572829527,ratio_nose_length,True
auth_african_f_9636_subdiv_african_head.glb,9636,bad,bad,0.4023305645690491,ratio_nose_length,True
auth_african_f_9638_subdiv__fbx_backup_head.glb,9638,bad,bad,0.44589418352878313,ratio_jaw_width,True
auth_african_f_9639_subdiv__fbx_backup_head.glb,9639,bad,bad,0.48030523283223786,ratio_nose_length,True
auth_african_f_9640_subdiv__fbx_backup_head.glb,9640,bad,bad,0.43900928856005617,ratio_jaw_width,True
auth_african_m_9641_subdiv__fbx_backup_head.glb,9641,bad,bad,0.44430733282354556,ratio_nose_length,True
auth_african_m_9642_subdiv_african_head.glb,9642,bad,good,0.5037193711283521,ratio_nose_length,False
auth_african_m_9643_subdiv__fbx_backup_head.glb,9643,bad,bad,0.45111887817556845,ratio_chin_to_mouth,True
auth_african_m_9644_subdiv__fbx_backup_head.glb,9644,bad,bad,0.46916807009801637,ratio_chin_to_mouth,True
auth_african_m_9645_subdiv__fbx_backup_head.glb,9645,bad,bad,0.3951357096833143,ratio_nose_length,True
auth_african_m_9646_subdiv_african_head.glb,9646,bad,bad,0.44059294931900056,ratio_eye_to_nose_tip_right,True
auth_african_m_9647_subdiv__fbx_backup_head.glb,9647,bad,good,0.6115958652046104,ratio_eye_to_nose_tip_right,False
auth_african_m_9648_subdiv__fbx_backup_head.glb,9648,bad,bad,0.4961131831712349,ratio_nose_length,True
auth_african_m_9649_subdiv_african_head.glb,9649,bad,bad,0.3904321027258852,ratio_nose_length,True
auth_african_m_9650_subdiv__fbx_backup_head.glb,9650,bad,bad,0.38127856414536315,ratio_nose_width,True
auth_african_m_9651_subdiv_african_head.glb,9651,bad,bad,0.30979877638339676,ratio_eye_to_nose_tip_right,True
auth_african_m_9652_subdiv__fbx_backup_head.glb,9652,bad,bad,0.322245377330056,ratio_nose_length,True
auth_african_m_9653_subdiv__fbx_backup_head.glb,9653,bad,good,0.6753592788260931,ratio_eye_to_nose_tip_right,False
auth_african_m_9654_subdiv_african_head.glb,9654,bad,good,0.7103548114559722,ratio_nose_length,False
auth_african_m_9655_subdiv__fbx_backup_head.glb,9655,bad,good,0.5855791663864559,ratio_nose_width,False
auth_african_m_9656_subdiv__fbx_backup_head.glb,9656,bad,good,0.5041005223329094,ratio_nose_length,False
auth_african_m_9657_subdiv__fbx_backup_head.glb,9657,bad,good,0.530912596558021,ratio_nose_length,False
auth_african_m_9658_subdiv__fbx_backup_head.glb,9658,bad,bad,0.3733627559043043,ratio_chin_to_mouth,True
auth_african_m_9659_subdiv__fbx_backup_head.glb,9659,bad,bad,0.3776383330258437,ratio_nose_length,True
auth_african_m_9660_subdiv__fbx_backup_head.glb,9660,bad,bad,0.46681087977864577,ratio_nose_length,True
auth_african_m_9661_subdiv__fbx_backup_head.glb,9661,bad,bad,0.34518047814229635,ratio_eye_to_nose_tip_right,True
auth_african_m_9662_subdiv__fbx_backup_head.glb,9662,bad,bad,0.31282150851835794,ratio_nose_width,True
auth_african_m_9663_subdiv__fbx_backup_head.glb,9663,bad,bad,0.307747442409737,ratio_nose_length,True
auth_african_m_9664_subdiv_african_head.glb,9664,bad,bad,0.3343252098676831,ratio_nose_length,True
auth_african_m_9665_subdiv__fbx_backup_head.glb,9665,bad,bad,0.4040032386668087,ratio_nose_length,True
auth_african_m_9666_subdiv__fbx_backup_head.glb,9666,bad,bad,0.44441092031680945,ratio_nose_length,True
auth_african_m_9667_subdiv__fbx_backup_head.glb,9667,bad,bad,0.3345965908749643,ratio_nose_length,True
auth_african_m_9668_subdiv__fbx_backup_head.glb,9668,bad,bad,0.43679143678616195,ratio_nose_length,True
auth_african_m_9669_subdiv_african_head.glb,9669,bad,good,0.5970033004283979,ratio_jaw_width,False
auth_african_m_9670_subdiv_african_head.glb,9670,bad,bad,0.39553926017803137,ratio_chin_to_mouth,True
auth_african_m_9671_subdiv_african_head.glb,9671,bad,bad,0.443298895104589,ratio_nose_width,True
auth_african_m_9672_subdiv__fbx_backup_head.glb,9672,bad,bad,0.4991045834899394,ratio_jaw_width,True
auth_african_m_9673_subdiv__fbx_backup_head.glb,9673,bad,bad,0.4254898674471232,ratio_nose_length,True
auth_african_m_9674_subdiv__fbx_backup_head.glb,9674,bad,bad,0.38475514049909326,ratio_nose_length,True
auth_african_m_9675_subdiv__fbx_backup_head.glb,9675,bad,bad,0.33519404777454936,ratio_nose_length,True
auth_african_m_9676_subdiv__fbx_backup_head.glb,9676,bad,bad,0.3449601651833124,ratio_nose_length,True
auth_african_m_9677_subdiv__fbx_backup_head.glb,9677,bad,bad,0.38942325071037215,ratio_chin_to_mouth,True
auth_african_m_9678_subdiv__fbx_backup_head.glb,9678,bad,bad,0.4249819636458908,ratio_nose_length,True
auth_african_m_9679_subdiv__fbx_backup_head.glb,9679,bad,bad,0.49874515994034296,ratio_nose_length,True
auth_african_m_9680_subdiv__fbx_backup_head.glb,9680,bad,bad,0.4891176007590324,ratio_lip_height,True
auth_asian_f_9681_subdiv_asian_head.glb,9681,bad,bad,0.355375172933962,ratio_jaw_width,True
auth_asian_f_9682_subdiv__fbx_backup_head.glb,9682,bad,bad,0.4052680027662467,ratio_chin_to_mouth,True
auth_asian_f_9683_subdiv_asian_head.glb,9683,bad,bad,0.3410783135263352,ratio_jaw_width,True
auth_asian_f_9684_subdiv_asian_head.glb,9684,bad,bad,0.41310132233028557,ratio_jaw_width,True
auth_asian_f_9685_subdiv__fbx_backup_head.glb,9685,bad,bad,0.30409887386649553,ratio_eye_to_nose_tip_left,True
auth_asian_f_9686_subdiv__fbx_backup_head.glb,9686,bad,bad,0.3008776386638556,ratio_eye_to_nose_tip_left,True
auth_asian_f_9687_subdiv__fbx_backup_head.glb,9687,bad,bad,0.27472167879097775,ratio_eye_to_nose_tip_right,True
auth_asian_f_9688_subdiv__fbx_backup_head.glb,9688,bad,bad,0.26609426117607043,ratio_eye_to_nose_tip_right,True
auth_asian_f_9689_subdiv__fbx_backup_head.glb,9689,bad,bad,0.27367904550842354,ratio_eye_to_nose_tip_left,True
auth_asian_f_9690_subdiv__fbx_backup_head.glb,9690,bad,bad,0.21094988497605363,ratio_eye_to_nose_tip_right,True
auth_asian_f_9691_subdiv__fbx_backup_head.glb,9691,bad,bad,0.276991223568435,ratio_chin_to_mouth,True
auth_asian_f_9692_subdiv__fbx_backup_head.glb,9692,bad,bad,0.23601742218981256,ratio_eye_to_nose_tip_right,True
auth_asian_f_9693_subdiv_asian_head.glb,9693,bad,good,0.5297006493476503,ratio_nose_width,False
auth_asian_f_9694_subdiv__fbx_backup_head.glb,9694,bad,good,0.5492380622812494,ratio_lip_height,False
auth_asian_f_9695_subdiv__fbx_backup_head.glb,9695,bad,bad,0.48165113935006937,ratio_eye_to_nose_tip_right,True
auth_asian_f_9696_subdiv_asian_head.glb,9696,bad,good,0.5605507004390434,ratio_lip_height,False
auth_asian_f_9697_subdiv__fbx_backup_head.glb,9697,bad,bad,0.25513386312024156,ratio_chin_to_mouth,True
auth_asian_f_9698_subdiv__fbx_backup_head.glb,9698,bad,bad,0.2675900960198774,ratio_chin_to_mouth,True
auth_asian_f_9699_subdiv__fbx_backup_head.glb,9699,bad,bad,0.2645462239343491,ratio_jaw_width,True
auth_asian_f_9700_subdiv__fbx_backup_head.glb,9700,bad,bad,0.4034682512449759,ratio_chin_to_mouth,True
auth_asian_f_9701_subdiv__fbx_backup_head.glb,9701,bad,bad,0.26121852670931006,ratio_jaw_width,True
auth_asian_f_9702_subdiv_asian_head.glb,9702,bad,bad,0.2740184377921152,ratio_eye_to_nose_tip_right,True
auth_asian_f_9703_subdiv_asian_head.glb,9703,bad,bad,0.25934803829066994,ratio_eye_to_nose_tip_left,True
auth_asian_f_9704_subdiv__fbx_backup_head.glb,9704,bad,bad,0.25671709084113764,ratio_eye_to_nose_tip_left,True
auth_asian_f_9705_subdiv__fbx_backup_head.glb,9705,bad,bad,0.2359043517220306,ratio_eye_to_nose_tip_left,True
auth_asian_f_9706_subdiv__fbx_backup_head.glb,9706,bad,bad,0.23534141148371973,ratio_jaw_width,True
auth_asian_f_9707_subdiv__fbx_backup_head.glb,9707,bad,bad,0.31392143077485024,ratio_eye_to_nose_tip_right,True
auth_asian_f_9708_subdiv__fbx_backup_head.glb,9708,bad,bad,0.2818113772751782,ratio_nose_length,True
auth_asian_f_9709_subdiv_asian_head.glb,9709,bad,bad,0.43429275706698817,ratio_nose_width,True
auth_asian_f_9710_subdiv_asian_head.glb,9710,bad,good,0.563502419865723,ratio_nose_width,False
auth_asian_f_9711_subdiv_asian_head.glb,9711,bad,bad,0.4018728511632163,ratio_brow_width_left,True
auth_asian_f_9712_subdiv__fbx_backup_head.glb,9712,bad,good,0.6164435379891134,ratio_lip_height,False
auth_asian_f_9713_subdiv_asian_head.glb,9713,bad,bad,0.25551011866200835,ratio_nose_width,True
auth_asian_f_9714_subdiv_asian_head.glb,9714,bad,bad,0.22906769242612154,ratio_eye_to_nose_tip_left,True
auth_asian_f_9715_subdiv__fbx_backup_head.glb,9715,bad,bad,0.2155019854085102,ratio_nose_length,True
auth_asian_f_9716_subdiv__fbx_backup_head.glb,9716,bad,bad,0.28851394918651546,ratio_nose_length,True
auth_asian_f_9717_subdiv__fbx_backup_head.glb,9717,bad,bad,0.35633578193305526,ratio_jaw_width,True
auth_asian_f_9718_subdiv__fbx_backup_head.glb,9718,bad,bad,0.3487132753222195,ratio_chin_to_mouth,True
auth_asian_f_9719_subdiv_asian_head.glb,9719,bad,bad,0.3741278742072909,ratio_chin_to_mouth,True
auth_asian_f_9720_subdiv_asian_head.glb,9720,bad,bad,0.3753104881776645,ratio_jaw_width,True
auth_asian_m_9721_subdiv_asian_head.glb,9721,bad,good,0.5349446334259993,ratio_jaw_width,False
auth_asian_m_9722_subdiv_asian_head.glb,9722,bad,good,0.5590242773250804,ratio_jaw_width,False
auth_asian_m_9723_subdiv__fbx_backup_head.glb,9723,bad,good,0.5616185421237393,ratio_jaw_width,False
auth_asian_m_9724_subdiv_asian_head.glb,9724,bad,bad,0.46372754824776646,ratio_jaw_width,True
auth_asian_m_9725_subdiv_asian_head.glb,9725,bad,bad,0.4249030417193549,ratio_jaw_width,True
auth_asian_m_9726_subdiv__fbx_backup_head.glb,9726,bad,bad,0.4242988525476819,ratio_chin_to_mouth,True
auth_asian_m_9727_subdiv__fbx_backup_head.glb,9727,bad,bad,0.4486881464137803,ratio_chin_to_mouth,True
auth_asian_m_9728_subdiv__fbx_backup_head.glb,9728,bad,bad,0.4302869998108958,ratio_jaw_width,True
auth_asian_m_9729_subdiv_asian_head.glb,9729,bad,bad,0.42310651592202275,ratio_chin_to_mouth,True
auth_asian_m_9730_subdiv_asian_head.glb,9730,bad,bad,0.35370667590625965,ratio_eye_to_nose_tip_left,True
auth_asian_m_9731_subdiv_asian_head.glb,9731,bad,bad,0.43089051680894763,ratio_eye_to_nose_tip_left,True
auth_asian_m_9732_subdiv_asian_head.glb,9732,bad,bad,0.4247808286411418,ratio_chin_to_mouth,True
auth_asian_m_9733_subdiv_asian_head.glb,9733,bad,good,0.6333898496913641,ratio_eye_width_left,False
auth_asian_m_9734_subdiv_asian_head.glb,9734,bad,good,0.5560309739141109,ratio_eye_width_left,False
auth_asian_m_9735_subdiv_asian_head.glb,9735,bad,good,0.6526171759533749,ratio_lip_height,False
auth_asian_m_9736_subdiv_asian_head.glb,9736,bad,good,0.6174700776009256,ratio_eye_width_left,False
auth_asian_m_9737_subdiv__fbx_backup_head.glb,9737,bad,bad,0.46766085062971485,ratio_jaw_width,True
auth_asian_m_9738_subdiv__fbx_backup_head.glb,9738,bad,bad,0.3523717124062908,ratio_jaw_width,True
auth_asian_m_9739_subdiv__fbx_backup_head.glb,9739,bad,bad,0.48040020694109903,ratio_jaw_width,True
auth_asian_m_9740_subdiv__fbx_backup_head.glb,9740,bad,bad,0.4808110632302769,ratio_chin_to_mouth,True
auth_asian_m_9741_subdiv__fbx_backup_head.glb,9741,bad,bad,0.40941934521392465,ratio_jaw_width,True
auth_asian_m_9742_subdiv__fbx_backup_head.glb,9742,bad,bad,0.3626868582872496,ratio_jaw_width,True
auth_asian_m_9743_subdiv_asian_head.glb,9743,bad,bad,0.38878445699598996,ratio_jaw_width,True
auth_asian_m_9744_subdiv_asian_head.glb,9744,bad,bad,0.37886409307898544,ratio_jaw_width,True
auth_asian_m_9745_subdiv_asian_head.glb,9745,bad,bad,0.3634969364228723,ratio_lip_height,True
auth_asian_m_9746_subdiv__fbx_backup_head.glb,9746,bad,bad,0.3107067569784719,ratio_nose_length,True
auth_asian_m_9747_subdiv_asian_head.glb,9747,bad,bad,0.3247158517895677,ratio_chin_to_mouth,True
auth_asian_m_9748_subdiv__fbx_backup_head.glb,9748,bad,bad,0.3851767046218891,ratio_lip_height,True
auth_asian_m_9749_subdiv_asian_head.glb,9749,bad,good,0.5803546062357618,ratio_eye_width_left,False
auth_asian_m_9750_subdiv_asian_head.glb,9750,bad,good,0.6243527688812782,ratio_nose_width,False
auth_asian_m_9751_subdiv_asian_head.glb,9751,bad,good,0.7477462163876812,ratio_eye_width_left,False
auth_asian_m_9752_subdiv_asian_head.glb,9752,bad,good,0.6192434314805002,ratio_nose_width,False
auth_asian_m_9753_subdiv__fbx_backup_head.glb,9753,bad,bad,0.30952070562615863,ratio_chin_to_mouth,True
auth_asian_m_9754_subdiv__fbx_backup_head.glb,9754,bad,bad,0.4134054755984834,ratio_chin_to_mouth,True
auth_asian_m_9755_subdiv__fbx_backup_head.glb,9755,bad,bad,0.35913119503834434,ratio_lip_height,True
auth_asian_m_9756_subdiv__fbx_backup_head.glb,9756,bad,bad,0.2853080043673704,ratio_nose_length,True
auth_asian_m_9757_subdiv__fbx_backup_head.glb,9757,bad,bad,0.4858454311860957,ratio_jaw_width,True
auth_asian_m_9758_subdiv_asian_head.glb,9758,bad,good,0.5048049802864197,ratio_jaw_width,False
auth_asian_m_9759_subdiv_asian_head.glb,9759,bad,good,0.5241573089549943,ratio_jaw_width,False
auth_asian_m_9760_subdiv__fbx_backup_head.glb,9760,bad,good,0.5604454202380403,ratio_jaw_width,False
auth_caucasian_f_9761_subdiv__fbx_backup_head.glb,9761,bad,bad,0.2640566873129917,ratio_jaw_width,True
auth_caucasian_f_9762_subdiv__fbx_backup_head.glb,9762,bad,bad,0.3261469378629845,ratio_jaw_width,True
auth_caucasian_f_9763_subdiv__fbx_backup_head.glb,9763,bad,bad,0.2834993696735563,ratio_lip_height,True
auth_caucasian_f_9764_subdiv__fbx_backup_head.glb,9764,bad,bad,0.24531501094233188,ratio_jaw_width,True
auth_caucasian_f_9765_subdiv__fbx_backup_head.glb,9765,bad,bad,0.30682814055014695,ratio_jaw_width,True
auth_caucasian_f_9766_subdiv__fbx_backup_head.glb,9766,bad,bad,0.35574436521185027,ratio_nose_length,True
auth_caucasian_f_9767_subdiv__fbx_backup_head.glb,9767,bad,bad,0.3337803516753852,ratio_nose_length,True
auth_caucasian_f_9768_subdiv__fbx_backup_head.glb,9768,bad,bad,0.280111348947041,ratio_jaw_width,True
auth_caucasian_f_9769_subdiv__fbx_backup_head.glb,9769,bad,bad,0.24111163968761493,ratio_jaw_width,True
auth_caucasian_f_9770_subdiv__fbx_backup_head.glb,9770,bad,bad,0.3287957986037104,ratio_jaw_width,True
auth_caucasian_f_9771_subdiv__fbx_backup_head.glb,9771,bad,bad,0.34457494984475623,ratio_jaw_width,True
auth_caucasian_f_9772_subdiv__fbx_backup_head.glb,9772,bad,bad,0.3040137394018931,ratio_jaw_width,True
auth_caucasian_f_9773_subdiv_caucasian_head.glb,9773,bad,good,0.5573311381040694,ratio_nose_width,False
auth_caucasian_f_9774_subdiv__fbx_backup_head.glb,9774,bad,good,0.5414777127927249,ratio_lip_height,False
auth_caucasian_f_9775_subdiv__fbx_backup_head.glb,9775,bad,bad,0.28843435466735634,ratio_lip_height,True
auth_caucasian_f_9776_subdiv__fbx_backup_head.glb,9776,bad,good,0.7020262438024781,ratio_lip_height,False
auth_caucasian_f_9777_subdiv__fbx_backup_head.glb,9777,bad,bad,0.2732119099875664,ratio_jaw_width,True
auth_caucasian_f_9778_subdiv__fbx_backup_head.glb,9778,bad,bad,0.3530771771925337,ratio_jaw_width,True
auth_caucasian_f_9779_subdiv_caucasian_head.glb,9779,bad,bad,0.2852671776450382,ratio_jaw_width,True
auth_caucasian_f_9780_subdiv__fbx_backup_head.glb,9780,bad,bad,0.2480895406710157,ratio_jaw_width,True
auth_caucasian_f_9781_subdiv_caucasian_head.glb,9781,bad,bad,0.3135015311031988,ratio_jaw_width,True
auth_caucasian_f_9782_subdiv__fbx_backup_head.glb,9782,bad,bad,0.29950781937334764,ratio_nose_length,True
auth_caucasian_f_9783_subdiv__fbx_backup_head.glb,9783,bad,bad,0.301266919537745,ratio_nose_length,True
auth_caucasian_f_9784_subdiv_caucasian_head.glb,9784,bad,bad,0.24032067100603166,ratio_jaw_width,True
auth_caucasian_f_9785_subdiv__fbx_backup_head.glb,9785,bad,bad,0.2521591944162462,ratio_nose_length,True
auth_caucasian_f_9786_subdiv__fbx_backup_head.glb,9786,bad,bad,0.24383400696752,ratio_nose_length,True
auth_caucasian_f_9787_subdiv_caucasian_head.glb,9787,bad,bad,0.22626725193479047,ratio_lip_height,True
auth_caucasian_f_9788_subdiv__fbx_backup_head.glb,9788,bad,bad,0.2518993991970862,ratio_lip_height,True
auth_caucasian_f_9789_subdiv__fbx_backup_head.glb,9789,bad,bad,0.40934816495535614,ratio_nose_width,True
auth_caucasian_f_9790_subdiv_caucasian_head.glb,9790,bad,bad,0.425071399584511,ratio_nose_width,True
auth_caucasian_f_9791_subdiv_caucasian_head.glb,9791,bad,bad,0.3929129223843005,ratio_nose_width,True
auth_caucasian_f_9792_subdiv_caucasian_head.glb,9792,bad,bad,0.34643447276706024,ratio_nose_width,True
auth_caucasian_f_9793_subdiv__fbx_backup_head.glb,9793,bad,bad,0.2703439183494256,ratio_nose_length,True
auth_caucasian_f_9794_subdiv_caucasian_head.glb,9794,bad,bad,0.2672933499843782,ratio_nose_length,True
auth_caucasian_f_9795_subdiv__fbx_backup_head.glb,9795,bad,bad,0.20553134065051945,ratio_nose_width,True
auth_caucasian_f_9796_subdiv__fbx_backup_head.glb,9796,bad,bad,0.2237966865080478,ratio_nose_width,True
auth_caucasian_f_9797_subdiv__fbx_backup_head.glb,9797,bad,bad,0.27696140739511654,ratio_nose_length,True
auth_caucasian_f_9798_subdiv__fbx_backup_head.glb,9798,bad,bad,0.22144779879976903,ratio_jaw_width,True
auth_caucasian_f_9799_subdiv__fbx_backup_head.glb,9799,bad,bad,0.22263838815178538,ratio_lip_height,True
auth_caucasian_f_9800_subdiv__fbx_backup_head.glb,9800,bad,bad,0.23025772667297595,ratio_lip_height,True
auth_caucasian_m_9801_subdiv__fbx_backup_head.glb,9801,bad,bad,0.388844586690955,ratio_nose_length,True
auth_caucasian_m_9802_subdiv__fbx_backup_head.glb,9802,bad,bad,0.3590441762044299,ratio_nose_width,True
auth_caucasian_m_9803_subdiv__fbx_backup_head.glb,9803,bad,bad,0.3953967629865626,ratio_jaw_width,True
auth_caucasian_m_9804_subdiv__fbx_backup_head.glb,9804,bad,bad,0.3699469325033007,ratio_lip_height,True
auth_caucasian_m_9805_subdiv__fbx_backup_head.glb,9805,bad,bad,0.3693521875033714,ratio_eye_to_nose_tip_left,True
auth_caucasian_m_9806_subdiv__fbx_backup_head.glb,9806,bad,bad,0.3518035850500256,ratio_eye_to_nose_tip_left,True
auth_caucasian_m_9807_subdiv__fbx_backup_head.glb,9807,bad,bad,0.3590697432941181,ratio_eye_to_nose_tip_left,True
auth_caucasian_m_9808_subdiv__fbx_backup_head.glb,9808,bad,bad,0.4899593134321195,ratio_mouth_width,True
auth_caucasian_m_9809_subdiv__fbx_backup_head.glb,9809,bad,bad,0.4468293888654476,ratio_interocular_outer,True
auth_caucasian_m_9810_subdiv__fbx_backup_head.glb,9810,bad,bad,0.4393953470888301,ratio_eye_to_nose_tip_left,True
auth_caucasian_m_9811_subdiv__fbx_backup_head.glb,9811,bad,bad,0.24546974590287793,ratio_eye_to_nose_tip_right,True
auth_caucasian_m_9812_subdiv_caucasian_head.glb,9812,bad,bad,0.44450320496510914,ratio_eye_to_nose_tip_left,True
auth_caucasian_m_9813_subdiv_caucasian_head.glb,9813,bad,bad,0.4990612377409423,ratio_nose_width,True
auth_caucasian_m_9814_subdiv__fbx_backup_head.glb,9814,bad,good,0.6935928922047504,ratio_lip_height,False
auth_caucasian_m_9815_subdiv__fbx_backup_head.glb,9815,bad,good,0.5087311688915302,ratio_interocular_outer,False
auth_caucasian_m_9816_subdiv__fbx_backup_head.glb,9816,bad,good,0.5935595957476882,ratio_lip_height,False
auth_caucasian_m_9817_subdiv__fbx_backup_head.glb,9817,bad,bad,0.3177636493211989,ratio_brow_span,True
auth_caucasian_m_9818_subdiv__fbx_backup_head.glb,9818,bad,bad,0.35963815641606184,ratio_jaw_width,True
auth_caucasian_m_9819_subdiv__fbx_backup_head.glb,9819,bad,bad,0.3778396222717167,ratio_eye_to_mouth_left,True
auth_caucasian_m_9820_subdiv__fbx_backup_head.glb,9820,bad,bad,0.29809965798228893,ratio_nose_length,True
auth_caucasian_m_9821_subdiv__fbx_backup_head.glb,9821,bad,bad,0.3275812915188384,ratio_jaw_width,True
auth_caucasian_m_9822_subdiv_caucasian_head.glb,9822,bad,bad,0.30107892779148376,ratio_jaw_width,True
auth_caucasian_m_9823_subdiv__fbx_backup_head.glb,9823,bad,bad,0.3600068765055112,ratio_jaw_width,True
auth_caucasian_m_9824_subdiv_caucasian_head.glb,9824,bad,bad,0.4456282814615383,ratio_jaw_width,True
auth_caucasian_m_9825_subdiv__fbx_backup_head.glb,9825,bad,bad,0.20134642580848228,ratio_nose_length,True
auth_caucasian_m_9826_subdiv_caucasian_head.glb,9826,bad,bad,0.2758339750577614,ratio_nose_length,True
auth_caucasian_m_9827_subdiv__fbx_backup_head.glb,9827,bad,bad,0.34806901321736433,ratio_jaw_width,True
auth_caucasian_m_9828_subdiv__fbx_backup_head.glb,9828,bad,bad,0.2935219134679046,ratio_eye_to_nose_tip_left,True
auth_caucasian_m_9829_subdiv__fbx_backup_head.glb,9829,bad,bad,0.40395960160828004,ratio_jaw_width,True
auth_caucasian_m_9830_subdiv_caucasian_head.glb,9830,bad,bad,0.4462134945161373,ratio_nose_width,True
auth_caucasian_m_9831_subdiv_caucasian_head.glb,9831,bad,bad,0.367695841568323,ratio_lip_height,True
auth_caucasian_m_9832_subdiv__fbx_backup_head.glb,9832,bad,bad,0.40776162736946325,ratio_nose_width,True
auth_caucasian_m_9833_subdiv_caucasian_head.glb,9833,bad,bad,0.3222244681648579,ratio_jaw_width,True
auth_caucasian_m_9834_subdiv__fbx_backup_head.glb,9834,bad,bad,0.37172763444839885,ratio_jaw_width,True
auth_caucasian_m_9835_subdiv__fbx_backup_head.glb,9835,bad,bad,0.3729668240479274,ratio_nose_length,True
auth_caucasian_m_9836_subdiv_caucasian_head.glb,9836,bad,bad,0.3730299727261014,ratio_lip_height,True
auth_caucasian_m_9837_subdiv__fbx_backup_head.glb,9837,bad,bad,0.4124353216476394,ratio_jaw_width,True
auth_caucasian_m_9838_subdiv__fbx_backup_head.glb,9838,bad,bad,0.24567525963602008,ratio_nose_length,True
auth_caucasian_m_9839_subdiv__fbx_backup_head.glb,9839,bad,bad,0.41201340835260236,ratio_jaw_width,True
auth_caucasian_m_9840_subdiv__fbx_backup_head.glb,9840,bad,bad,0.39413006404072726,ratio_nose_width,True
auth_latino_f_9841_subdiv_latino_head.glb,9841,bad,bad,0.3749598670754623,ratio_jaw_width,True
auth_latino_f_9842_subdiv__fbx_backup_head.glb,9842,bad,bad,0.38185151522721505,ratio_jaw_width,True
auth_latino_f_9843_subdiv_latino_head.glb,9843,bad,bad,0.41667587659173017,ratio_jaw_width,True
auth_latino_f_9844_subdiv__fbx_backup_head.glb,9844,bad,bad,0.3611124862272647,ratio_jaw_width,True
auth_latino_f_9845_subdiv_latino_head.glb,9845,bad,bad,0.358075253769392,ratio_jaw_width,True
auth_latino_f_9846_subdiv__fbx_backup_head.glb,9846,bad,bad,0.3322487834326915,ratio_jaw_width,True
auth_latino_f_9847_subdiv__fbx_backup_head.glb,9847,bad,bad,0.3452636139889492,ratio_jaw_width,True
auth_latino_f_9848_subdiv__fbx_backup_head.glb,9848,bad,bad,0.30066076530912433,ratio_jaw_width,True
auth_latino_f_9849_subdiv__fbx_backup_head.glb,9849,bad,bad,0.25360416495557975,ratio_jaw_width,True
auth_latino_f_9850_subdiv__fbx_backup_head.glb,9850,bad,bad,0.3107459851911737,ratio_jaw_width,True
auth_latino_f_9851_subdiv_latino_head.glb,9851,bad,bad,0.2985831444433765,ratio_jaw_width,True
auth_latino_f_9852_subdiv__fbx_backup_head.glb,9852,bad,bad,0.27107223132248365,ratio_jaw_width,True
auth_latino_f_9853_subdiv__fbx_backup_head.glb,9853,bad,good,0.5898427952598922,ratio_jaw_width,False
auth_latino_f_9854_subdiv__fbx_backup_head.glb,9854,bad,good,0.591386792967324,ratio_face_height,False
auth_latino_f_9855_subdiv_latino_head.glb,9855,bad,good,0.6429900206579455,ratio_nose_width,False
auth_latino_f_9856_subdiv__fbx_backup_head.glb,9856,bad,good,0.6126405244016812,ratio_face_height,False
auth_latino_f_9857_subdiv__fbx_backup_head.glb,9857,bad,bad,0.2829067323695331,ratio_jaw_width,True
auth_latino_f_9858_subdiv__fbx_backup_head.glb,9858,bad,bad,0.3826183159353569,ratio_jaw_width,True
auth_latino_f_9859_subdiv__fbx_backup_head.glb,9859,bad,bad,0.38032245528112757,ratio_jaw_width,True
auth_latino_f_9860_subdiv__fbx_backup_head.glb,9860,bad,bad,0.22939562833956917,ratio_jaw_width,True
auth_latino_f_9861_subdiv_latino_head.glb,9861,bad,bad,0.33930479364267513,ratio_jaw_width,True
auth_latino_f_9862_subdiv_latino_head.glb,9862,bad,bad,0.31413927080794135,ratio_jaw_width,True
auth_latino_f_9863_subdiv__fbx_backup_head.glb,9863,bad,bad,0.31433893886433245,ratio_jaw_width,True
auth_latino_f_9864_subdiv_latino_head.glb,9864,bad,bad,0.28592437311886953,ratio_jaw_width,True
auth_latino_f_9865_subdiv__fbx_backup_head.glb,9865,bad,bad,0.2441875753655992,ratio_jaw_width,True
auth_latino_f_9866_subdiv__fbx_backup_head.glb,9866,bad,bad,0.3310695288559516,ratio_jaw_width,True
auth_latino_f_9867_subdiv_latino_head.glb,9867,bad,bad,0.31773541476329137,ratio_jaw_width,True
auth_latino_f_9868_subdiv__fbx_backup_head.glb,9868,bad,bad,0.2594345673815269,ratio_jaw_width,True
auth_latino_f_9869_subdiv_latino_head.glb,9869,bad,good,0.5815277241792333,ratio_nose_width,False
auth_latino_f_9870_subdiv_latino_head.glb,9870,bad,good,0.5003762658028664,ratio_brow_span,False
auth_latino_f_9871_subdiv_latino_head.glb,9871,bad,bad,0.49626100360694375,ratio_nose_width,True
auth_latino_f_9872_subdiv__fbx_backup_head.glb,9872,bad,good,0.5464069978814219,ratio_jaw_width,False
auth_latino_f_9873_subdiv_latino_head.glb,9873,bad,bad,0.27966458475067124,ratio_jaw_width,True
auth_latino_f_9874_subdiv__fbx_backup_head.glb,9874,bad,bad,0.295246851994318,ratio_jaw_width,True
auth_latino_f_9875_subdiv__fbx_backup_head.glb,9875,bad,bad,0.3461216869330163,ratio_jaw_width,True
auth_latino_f_9876_subdiv_latino_head.glb,9876,bad,bad,0.3106576509187154,ratio_jaw_width,True
auth_latino_f_9877_subdiv_latino_head.glb,9877,bad,bad,0.41038024622041164,ratio_jaw_width,True
auth_latino_f_9878_subdiv_latino_head.glb,9878,bad,bad,0.3459920100667478,ratio_jaw_width,True
auth_latino_f_9879_subdiv_latino_head.glb,9879,bad,bad,0.2739321509091186,ratio_jaw_width,True
auth_latino_f_9880_subdiv__fbx_backup_head.glb,9880,bad,bad,0.3064976857874742,ratio_jaw_width,True
auth_latino_m_9881_subdiv__fbx_backup_head.glb,9881,bad,bad,0.44673156517485707,ratio_lip_height,True
auth_latino_m_9882_subdiv__fbx_backup_head.glb,9882,bad,bad,0.38107233395253143,ratio_eye_to_mouth_left,True
auth_latino_m_9883_subdiv_latino_head.glb,9883,bad,bad,0.29102853808478535,ratio_cheekbone_width,True
auth_latino_m_9884_subdiv__fbx_backup_head.glb,9884,bad,bad,0.26747895454637943,ratio_interocular_outer,True
auth_latino_m_9885_subdiv__fbx_backup_head.glb,9885,bad,good,0.5348437370703079,ratio_jaw_width,False
auth_latino_m_9886_subdiv__fbx_backup_head.glb,9886,bad,bad,0.48740425960230166,ratio_nose_length,True
auth_latino_m_9887_subdiv__fbx_backup_head.glb,9887,bad,bad,0.4067763627606593,ratio_nose_length,True
auth_latino_m_9888_subdiv__fbx_backup_head.glb,9888,bad,bad,0.3431694104769941,ratio_nose_length,True
auth_latino_m_9889_subdiv__fbx_backup_head.glb,9889,bad,bad,0.37519847054761263,ratio_nose_length,True
auth_latino_m_9890_subdiv__fbx_backup_head.glb,9890,bad,bad,0.4955897368858077,ratio_jaw_width,True
auth_latino_m_9891_subdiv__fbx_backup_head.glb,9891,bad,bad,0.40139590325324864,ratio_eye_to_nose_tip_left,True
auth_latino_m_9892_subdiv_latino_head.glb,9892,bad,bad,0.38641035283245573,ratio_eye_to_nose_tip_right,True
auth_latino_m_9893_subdiv__fbx_backup_head.glb,9893,bad,good,0.59495460022332,ratio_mouth_width,False
auth_latino_m_9894_subdiv__fbx_backup_head.glb,9894,bad,good,0.599075883582824,ratio_jaw_width,False
auth_latino_m_9895_subdiv_latino_head.glb,9895,bad,good,0.5361145772737608,ratio_lip_height,False
auth_latino_m_9896_subdiv_latino_head.glb,9896,bad,bad,0.45337958944945694,ratio_lip_height,True
auth_latino_m_9897_subdiv__fbx_backup_head.glb,9897,bad,bad,0.2818385261602827,ratio_eye_to_mouth_right,True
auth_latino_m_9898_subdiv__fbx_backup_head.glb,9898,bad,bad,0.3451871533662098,ratio_mouth_width,True
auth_latino_m_9899_subdiv__fbx_backup_head.glb,9899,bad,bad,0.35649142436487513,ratio_brow_span,True
auth_latino_m_9900_subdiv_latino_head.glb,9900,bad,bad,0.44168588657128643,ratio_jaw_width,True
auth_latino_m_9901_subdiv__fbx_backup_head.glb,9901,bad,bad,0.4437165315367865,ratio_nose_length,True
auth_latino_m_9902_subdiv_latino_head.glb,9902,bad,good,0.5139203436329153,ratio_nose_length,False
auth_latino_m_9903_subdiv_latino_head.glb,9903,bad,good,0.5792045792560807,ratio_lip_height,False
auth_latino_m_9904_subdiv_latino_head.glb,9904,bad,good,0.5381823165448754,ratio_nose_width,False
auth_latino_m_9905_subdiv_latino_head.glb,9905,bad,bad,0.2706456717505745,ratio_nose_length,True
auth_latino_m_9906_subdiv_latino_head.glb,9906,bad,bad,0.3944542566438218,ratio_nose_length,True
auth_latino_m_9907_subdiv__fbx_backup_head.glb,9907,bad,bad,0.41141316835334335,ratio_nose_length,True
auth_latino_m_9908_subdiv__fbx_backup_head.glb,9908,bad,bad,0.30715447391128087,ratio_lip_height,True
auth_latino_m_9909_subdiv__fbx_backup_head.glb,9909,bad,bad,0.43286788605754123,ratio_jaw_width,True
auth_latino_m_9910_subdiv_latino_head.glb,9910,bad,bad,0.33885794260595925,ratio_lip_height,True
auth_latino_m_9911_subdiv_latino_head.glb,9911,bad,bad,0.4173833580111208,ratio_jaw_width,True
auth_latino_m_9912_subdiv__fbx_backup_head.glb,9912,bad,bad,0.4761793726144779,ratio_lip_height,True
auth_latino_m_9913_subdiv__fbx_backup_head.glb,9913,bad,bad,0.3308143370050213,ratio_nose_length,True
auth_latino_m_9914_subdiv__fbx_backup_head.glb,9914,bad,bad,0.30460588944522415,ratio_nose_length,True
auth_latino_m_9915_subdiv__fbx_backup_head.glb,9915,bad,bad,0.27227535103791184,ratio_lip_height,True
auth_latino_m_9916_subdiv__fbx_backup_head.glb,9916,bad,bad,0.27651158605631265,ratio_lip_height,True
auth_latino_m_9917_subdiv_latino_head.glb,9917,bad,bad,0.48993470408951567,ratio_nose_length,True
auth_latino_m_9918_subdiv__fbx_backup_head.glb,9918,bad,bad,0.4660325589283958,ratio_mouth_width,True
auth_latino_m_9919_subdiv__fbx_backup_head.glb,9919,bad,bad,0.4996316510863066,ratio_mouth_width,True
auth_latino_m_9920_subdiv__fbx_backup_head.glb,9920,bad,bad,0.24324502467154382,ratio_lip_height,True
auth_middleeast_f_9921_subdiv_middleEast_head.glb,9921,bad,bad,0.43033614846682877,ratio_lip_height,True
auth_middleeast_f_9922_subdiv_middleEast_head.glb,9922,bad,bad,0.37750748619541113,ratio_lip_height,True
auth_middleeast_f_9923_subdiv__fbx_backup_head.glb,9923,bad,good,0.528900953320662,ratio_jaw_width,False
auth_middleeast_f_9924_subdiv_middleEast_head.glb,9924,bad,bad,0.37160747534522626,ratio_lip_height,True
auth_middleeast_f_9925_subdiv__fbx_backup_head.glb,9925,bad,good,0.5401810906896961,ratio_face_height,False
auth_middleeast_f_9926_subdiv__fbx_backup_head.glb,9926,bad,good,0.534570867587876,ratio_nose_width,False
auth_middleeast_f_9927_subdiv_middleEast_head.glb,9927,bad,good,0.5685489982016353,ratio_nose_width,False
auth_middleeast_f_9928_subdiv_middleEast_head.glb,9928,bad,good,0.6406919257850364,ratio_face_height,False
auth_middleeast_f_9929_subdiv__fbx_backup_head.glb,9929,bad,good,0.5429742650997541,ratio_nose_width,False
auth_middleeast_f_9930_subdiv__fbx_backup_head.glb,9930,bad,good,0.5221747512641637,ratio_nose_width,False
auth_middleeast_f_9931_subdiv_middleEast_head.glb,9931,bad,good,0.5695447142215526,ratio_nose_width,False
auth_middleeast_f_9932_subdiv__fbx_backup_head.glb,9932,bad,bad,0.4316623242495515,ratio_face_height,True
auth_middleeast_f_9933_subdiv_middleEast_head.glb,9933,bad,bad,0.37550638805198844,ratio_nose_width,True
auth_middleeast_f_9934_subdiv__fbx_backup_head.glb,9934,bad,bad,0.447805433275076,ratio_nose_width,True
auth_middleeast_f_9935_subdiv__fbx_backup_head.glb,9935,bad,good,0.5042518598449096,ratio_lip_height,False
auth_middleeast_f_9936_subdiv__fbx_backup_head.glb,9936,bad,bad,0.3538878118417231,ratio_lip_height,True
auth_middleeast_f_9937_subdiv__fbx_backup_head.glb,9937,bad,bad,0.346135167650295,ratio_lip_height,True
auth_middleeast_f_9938_subdiv__fbx_backup_head.glb,9938,bad,bad,0.4689336742850502,ratio_jaw_width,True
auth_middleeast_f_9939_subdiv__fbx_backup_head.glb,9939,bad,bad,0.42871331743760605,ratio_jaw_width,True
auth_middleeast_f_9940_subdiv__fbx_backup_head.glb,9940,bad,good,0.5361713500738189,ratio_jaw_width,False
auth_middleeast_f_9941_subdiv__fbx_backup_head.glb,9941,bad,good,0.6063053957797641,ratio_face_height,False
auth_middleeast_f_9942_subdiv__fbx_backup_head.glb,9942,bad,good,0.5108242380461918,ratio_face_height,False
auth_middleeast_f_9943_subdiv__fbx_backup_head.glb,9943,bad,bad,0.4790546922779933,ratio_lip_height,True
auth_middleeast_f_9944_subdiv__fbx_backup_head.glb,9944,bad,good,0.5684364511971894,ratio_jaw_width,False
auth_middleeast_f_9945_subdiv__fbx_backup_head.glb,9945,bad,bad,0.42637640412823197,ratio_lip_height,True
auth_middleeast_f_9946_subdiv_middleEast_head.glb,9946,bad,bad,0.39658126512751307,ratio_lip_height,True
auth_middleeast_f_9947_subdiv__fbx_backup_head.glb,9947,bad,bad,0.4607950945172491,ratio_lip_height,True
auth_middleeast_f_9948_subdiv_middleEast_head.glb,9948,bad,bad,0.4793019134350591,ratio_lip_height,True
auth_middleeast_f_9949_subdiv_middleEast_head.glb,9949,bad,bad,0.32857927873150256,ratio_nose_width,True
auth_middleeast_f_9950_subdiv__fbx_backup_head.glb,9950,bad,bad,0.4297334738930053,ratio_nose_width,True
auth_middleeast_f_9951_subdiv_middleEast_head.glb,9951,bad,bad,0.3351299853036238,ratio_jaw_width,True
auth_middleeast_f_9952_subdiv_middleEast_head.glb,9952,bad,bad,0.2841541781469663,ratio_jaw_width,True
auth_middleeast_f_9953_subdiv_middleEast_head.glb,9953,bad,good,0.543605210494691,ratio_nose_width,False
auth_middleeast_f_9954_subdiv__fbx_backup_head.glb,9954,bad,good,0.5818873528505534,ratio_lip_height,False
auth_middleeast_f_9955_subdiv_middleEast_head.glb,9955,bad,bad,0.45493536732901635,ratio_lip_height,True
auth_middleeast_f_9956_subdiv_middleEast_head.glb,9956,bad,good,0.6783908778607776,ratio_nose_width,False
auth_middleeast_f_9957_subdiv__fbx_backup_head.glb,9957,bad,bad,0.45165762414331584,ratio_jaw_width,True
auth_middleeast_f_9958_subdiv__fbx_backup_head.glb,9958,bad,bad,0.4373335113936777,ratio_lip_height,True
auth_middleeast_f_9959_subdiv_middleEast_head.glb,9959,bad,bad,0.3819488003933047,ratio_lip_height,True
auth_middleeast_f_9960_subdiv_middleEast_head.glb,9960,bad,bad,0.43923929708352966,ratio_lip_height,True
auth_middleeast_m_9961_subdiv_middleEast_head.glb,9961,bad,bad,0.4515068205745116,ratio_interocular_outer,True
auth_middleeast_m_9962_subdiv_middleEast_head.glb,9962,bad,bad,0.34672727095946904,ratio_lip_height,True
auth_middleeast_m_9963_subdiv__fbx_backup_head.glb,9963,bad,good,0.5474070981743263,ratio_jaw_width,False
auth_middleeast_m_9964_subdiv_middleEast_head.glb,9964,bad,bad,0.49356278282473465,ratio_jaw_width,True
auth_middleeast_m_9965_subdiv__fbx_backup_head.glb,9965,bad,good,0.5383193446412687,ratio_jaw_width,False
auth_middleeast_m_9966_subdiv__fbx_backup_head.glb,9966,bad,bad,0.4950363212490054,ratio_jaw_width,True
auth_middleeast_m_9967_subdiv__fbx_backup_head.glb,9967,bad,good,0.5401410903754215,ratio_chin_to_mouth,False
auth_middleeast_m_9968_subdiv__fbx_backup_head.glb,9968,bad,bad,0.45697780713159636,ratio_jaw_width,True
auth_middleeast_m_9969_subdiv__fbx_backup_head.glb,9969,bad,good,0.5488673706649887,ratio_interocular_outer,False
auth_middleeast_m_9970_subdiv__fbx_backup_head.glb,9970,bad,bad,0.47688232901147365,ratio_eye_to_nose_tip_right,True
auth_middleeast_m_9971_subdiv__fbx_backup_head.glb,9971,bad,bad,0.43743357165386076,ratio_eye_to_nose_tip_left,True
auth_middleeast_m_9972_subdiv__fbx_backup_head.glb,9972,bad,good,0.5434583235870749,ratio_interocular_outer,False
auth_middleeast_m_9973_subdiv__fbx_backup_head.glb,9973,bad,bad,0.4534307430184845,ratio_lip_height,True
auth_middleeast_m_9974_subdiv_middleEast_head.glb,9974,bad,good,0.5442147003740808,ratio_lip_height,False
auth_middleeast_m_9975_subdiv__fbx_backup_head.glb,9975,bad,good,0.5444959839706157,ratio_jaw_width,False
auth_middleeast_m_9976_subdiv__fbx_backup_head.glb,9976,bad,good,0.6302130600392161,ratio_jaw_width,False
auth_middleeast_m_9977_subdiv__fbx_backup_head.glb,9977,bad,bad,0.3962279226554195,ratio_eye_width_left,True
auth_middleeast_m_9978_subdiv__fbx_backup_head.glb,9978,bad,bad,0.3996272984086255,ratio_chin_to_mouth,True
auth_middleeast_m_9979_subdiv__fbx_backup_head.glb,9979,bad,bad,0.40034901735619766,ratio_lip_height,True
auth_middleeast_m_9980_subdiv__fbx_backup_head.glb,9980,bad,bad,0.44518912887061407,ratio_jaw_width,True
auth_middleeast_m_9981_subdiv__fbx_backup_head.glb,9981,bad,bad,0.4967716407352146,ratio_jaw_width,True
auth_middleeast_m_9982_subdiv__fbx_backup_head.glb,9982,bad,good,0.5294607329299696,ratio_jaw_width,False
auth_middleeast_m_9983_subdiv_middleEast_head.glb,9983,bad,bad,0.4109631656327176,ratio_jaw_width,True
auth_middleeast_m_9984_subdiv_middleEast_head.glb,9984,bad,bad,0.47036071438923355,ratio_jaw_width,True
auth_middleeast_m_9985_subdiv_middleEast_head.glb,9985,bad,bad,0.3801834628813861,ratio_jaw_width,True
auth_middleeast_m_9986_subdiv__fbx_backup_head.glb,9986,bad,bad,0.3907703004745391,ratio_eye_width_left,True
auth_middleeast_m_9987_subdiv__fbx_backup_head.glb,9987,bad,bad,0.38790416835159924,ratio_chin_to_mouth,True
auth_middleeast_m_9988_subdiv__fbx_backup_head.glb,9988,bad,bad,0.31995906730808227,ratio_jaw_width,True
auth_middleeast_m_9989_subdiv__fbx_backup_head.glb,9989,bad,bad,0.4584894073991767,ratio_jaw_width,True
auth_middleeast_m_9990_subdiv_middleEast_head.glb,9990,bad,good,0.5357794923456505,ratio_nose_width,False
auth_middleeast_m_9991_subdiv_middleEast_head.glb,9991,bad,bad,0.410814035331999,ratio_lip_height,True
auth_middleeast_m_9992_subdiv_middleEast_head.glb,9992,bad,bad,0.459650672927757,ratio_lip_height,True
auth_middleeast_m_9993_subdiv_middleEast_head.glb,9993,bad,bad,0.30594736300396486,ratio_lip_height,True
auth_middleeast_m_9994_subdiv__fbx_backup_head.glb,9994,bad,bad,0.4166175458376026,ratio_nose_length,True
auth_middleeast_m_9995_subdiv__fbx_backup_head.glb,9995,bad,bad,0.35548840892211647,ratio_lip_height,True
auth_middleeast_m_9996_subdiv_middleEast_head.glb,9996,bad,bad,0.39461924440212076,ratio_jaw_width,True
auth_middleeast_m_9997_subdiv_middleEast_head.glb,9997,bad,good,0.5032239974853902,ratio_jaw_width,False
auth_middleeast_m_9998_subdiv__fbx_backup_head.glb,9998,bad,bad,0.42873809073626373,ratio_chin_to_mouth,True
auth_middleeast_m_9999_subdiv__fbx_backup_head.glb,9999,bad,bad,0.4256309980895314,ratio_lip_height,True
