asset,source,ethnicity,gender,head_id,frame,dist_interocular_inner,dist_interocular_outer,dist_eye_width_left,dist_eye_width_right,dist_eye_to_nose_tip_left,dist_eye_to_nose_tip_right,dist_eye_to_mouth_left,dist_eye_to_mouth_right,dist_nose_width,dist_nose_length,dist_mouth_width,dist_lip_height,dist_jaw_width,dist_cheekbone_width,dist_face_height,dist_chin_to_mouth,dist_brow_width_left,dist_brow_width_right,dist_brow_span,ratio_interocular_outer,ratio_eye_width_left,ratio_eye_width_right,ratio_eye_to_nose_tip_left,ratio_eye_to_nose_tip_right,ratio_eye_to_mouth_left,ratio_eye_to_mouth_right,ratio_nose_width,ratio_nose_length,ratio_mouth_width,ratio_lip_height,ratio_jaw_width,ratio_cheekbone_width,ratio_face_height,ratio_chin_to_mouth,ratio_brow_width_left,ratio_brow_width_right,ratio_brow_span
auth_african_f_9101_frame_0001_subdiv_auth_african_f_9101_head.glb,pca_gnm_variation_001,african,female,9101,0001,0.04926101350086288,0.1641288126074623,0.06171296198671999,0.0621239489360956,0.08407415629180778,0.08395509302378432,0.0865318442185692,0.08627922181056047,0.03459432535186003,0.031064926033618434,0.06112487277300587,0.02175191944199757,0.05344634321318613,0.1825791895754109,0.1640980815215348,0.04889184091401991,0.08572201598287701,0.08571221594674691,0.1748292744185424,3.3318196468813484,1.2527749147028613,1.2611179616718078,1.706707806373799,1.7042908185864614,1.7565989424284474,1.751470700233343,0.7022658060263836,0.6306188977024252,1.2408366866413574,0.44156459431384926,1.084962314310686,3.7063628334040013,3.331195804947464,0.9925057858008443,1.7401594058022267,1.7399604647851092,3.549039331386879
auth_african_f_9102_frame_0002_subdiv_auth_african_f_9102_head.glb,pca_gnm_variation_001,african,female,9102,0002,0.05674470435730092,0.16069800796627814,0.05464845924124839,0.054329551075729655,0.0807784753728268,0.08010701531163106,0.0822578934542863,0.08182683682105897,0.03501397577565643,0.03133968964851424,0.06021819365845704,0.021476499867477124,0.05100615752209693,0.18513448542850922,0.16150092705773486,0.04926410570644741,0.08686470735169612,0.08685098068883314,0.1787848398107309,2.8319472237342325,0.9630583128453146,0.9574382612628676,1.423542095914253,1.4117090963630035,1.4496135698643884,1.442017149403492,0.6170439369141139,0.5522927646460104,1.0612125720011654,0.3784758438822301,0.8988707950777146,3.2625861307300887,2.8460968981496815,0.8681709820223773,1.5307984830573864,1.5305565809624078,3.1506876603847878
auth_african_f_9103_frame_0003_subdiv_auth_african_f_9103_head.glb,pca_gnm_variation_001,african,female,9103,0003,0.05430825652507166,0.17364145119602745,0.06464673062827933,0.0649546096715715,0.08684101652258312,0.08676530655892004,0.08709117844954713,0.08682631248542826,0.03563687265270695,0.03250712734929052,0.06129326322256012,0.020067244073589962,0.05899036902895829,0.17768070870978797,0.16767695546130157,0.05273899744090652,0.08553076212009228,0.08552378263560517,0.17482456565796148,3.1973306142844975,1.1903665255472686,1.196035627503249,1.5990389321832228,1.5976448538513555,1.6036452654181796,1.5987681807709015,0.6561962201135112,0.5985669478136064,1.1286177672498803,0.3695063210936596,1.086213640493598,3.2717071045681765,3.0875039301600986,0.9711045946864326,1.5749126853410698,1.574784169256524,3.21911578172746
auth_african_f_9104_frame_0004_subdiv_auth_african_f_9104_head.glb,pca_gnm_variation_001,african,female,9104,0004,0.04859197233710882,0.1569965892004878,0.05743740052544263,0.05727005877697192,0.08030451611710608,0.07878231020751893,0.08370204997658248,0.08279831652753433,0.033875690793401476,0.03100270813726935,0.058972341774112653,0.020437770796279387,0.053110165829761274,0.1804884078229791,0.16400732432373924,0.05023486608071669,0.08700710656905279,0.08697070688243452,0.17790482938982857,3.2309161709122955,1.1820347634166462,1.1785909487200585,1.6526292771157791,1.6213029934443366,1.7225489304261217,1.7039505199154623,0.697145828088382,0.6380211925168787,1.2136231343932613,0.4205997372259662,1.0929823029472296,3.714366779986482,3.375193811560717,1.0338099826903553,1.7905654449553394,1.7898163564769844,3.6611979475870307
auth_african_f_9106_frame_0006_subdiv_auth_african_f_9106_head.glb,pca_gnm_variation_001,african,female,9106,0006,0.051281139302546665,0.1735605823140849,0.06615688506452656,0.06652809451470594,0.0852978889977248,0.0852652750498058,0.08691768912107964,0.0866117752425027,0.03613603950786328,0.031585313459623995,0.05985222258169418,0.020053274028156147,0.058353117584262995,0.17662326346361307,0.16797836938206379,0.052279481799413,0.08530954197312052,0.08530793268703193,0.17479439080773984,3.3844915435696206,1.2900822010645374,1.2973209140734145,1.6633384156012467,1.6627024323067536,1.6949250797312772,1.6889596530122624,0.7046653018894363,0.615924565818986,1.167139096278266,0.3910457977512267,1.137906028959172,3.4442148880815098,3.275636455559829,1.0194680249004677,1.6635656526625564,1.6635342710257506,3.4085512370638655
auth_african_f_9107_frame_0007_subdiv_auth_african_f_9107_head.glb,pca_gnm_variation_001,african,female,9107,0007,0.052740671914168806,0.16658776143375456,0.055893509292865656,0.0661057327061854,0.08125366828142536,0.08635263665487473,0.08494676728409986,0.08729916433926374,0.03573918529404083,0.03166547348883278,0.06322694387367485,0.019564312395947487,0.05557820621550343,0.1783829185544495,0.1661582553755957,0.05002534090417793,0.08563804318776005,0.08562673858413711,0.1748172268285252,3.1586203851339385,1.0597800002212303,1.2534108934707384,1.5406263388843273,1.6373063429189278,1.6106500770855532,1.6552531693440709,0.6776399313266899,0.6003995083787667,1.198827045217998,0.3709530365442979,1.0538016335088125,3.3822648077892015,3.1504766500890407,0.9485154263030653,1.623757151352358,1.6235428081668684,3.3146568006002304
auth_african_f_9109_frame_0009_subdiv_auth_african_f_9109_head.glb,pca_gnm_variation_001,african,female,9109,0009,0.049336219597863364,0.1747563964225876,0.06789941233946696,0.06941071029095924,0.08564536154058729,0.08508439362900633,0.08639141148602504,0.08585000628786393,0.035067826471087665,0.03208561990357477,0.059147834597472956,0.02102266358796232,0.05499380765327688,0.17940457972772553,0.16522130702963012,0.04996193231200987,0.08556269052407998,0.0855490852923205,0.1754917279607167,3.5421521520500914,1.3762589207870222,1.4068915465498142,1.735953063260169,1.724582757303341,1.7510748125858928,1.7401010249188589,0.7107927351735391,0.6503461384983037,1.1988724527250667,0.4261101430007573,1.1146741299095915,3.6363665718622493,3.3488846201905886,1.0126826238257949,1.734277397447483,1.7340016318563944,3.557056649073226
auth_african_f_9110_frame_0010_subdiv_auth_african_f_9110_head.glb,pca_gnm_variation_001,african,female,9110,0010,0.051783174713434174,0.17011121346962876,0.06451381084443089,0.06518438576179762,0.08469055875689867,0.08440263701991285,0.08535993496632327,0.08498606621159578,0.03543370236360936,0.03036503746137684,0.06189315406939353,0.02088061074792635,0.056617746690804716,0.1774342436061072,0.1663687883025108,0.05338974023769871,0.08578467816115676,0.08578526910417959,0.1736050248949617,3.2850672908916225,1.245845029808379,1.2587946977473892,1.6354840974036937,1.629923956709749,1.6484106167437864,1.6411907281062807,0.6842705677992499,0.5863881005638536,1.195236761977371,0.40323156823579737,1.0933618304425106,3.426484463110278,3.212796226248939,1.0310248557210948,1.6566129565420702,1.656624368415253,3.352537303007866
auth_african_f_9111_frame_0011_subdiv_auth_african_f_9111_head.glb,pca_gnm_variation_001,african,female,9111,0011,0.05275738766601174,0.15858588101293197,0.057121856175647724,0.057809339049988584,0.08243565943006773,0.08189939055315187,0.08590191421669247,0.08491608594004652,0.043085180684969485,0.03196495478242031,0.060840039501376744,0.02021099333629161,0.054478545760765634,0.17883818650558064,0.16518861221019018,0.04780975555571801,0.0853418901448314,0.08532535241367172,0.17422706634011498,3.005946428145434,1.082727153536598,1.095758179232811,1.562542481290745,1.5523776702445502,1.6282442709352278,1.6095582002206033,0.8166663019353126,0.6058858521346635,1.1532041708837708,0.38309314070363415,1.0326240204623083,3.3898226280220998,3.1310991601013405,0.9062191604024173,1.617629187500726,1.6173157199108525,3.3024202684766077
auth_african_f_9112_frame_0012_subdiv_auth_african_f_9112_head.glb,pca_gnm_variation_001,african,female,9112,0012,0.04934480250623088,0.14944440884472218,0.05389881534369184,0.05411752449603813,0.0820884147561005,0.08145031331021944,0.08588782659991306,0.08552443126988829,0.03553651351769003,0.03182199210044124,0.06308790081461534,0.02276342693931811,0.05430660961920507,0.18060583630399746,0.16462443563215462,0.048725226624573285,0.08623361570922948,0.08621852881105341,0.17633469403423868,3.0285744648760424,1.0922896152413604,1.0967218784431165,1.6635676015875231,1.6506361191725214,1.7405648059705543,1.7332003965177272,0.7201673066419255,0.6448904541957181,1.2785115677917465,0.46131356866700846,1.100553794137643,3.660078207450358,3.336206191348463,0.9874439484973244,1.7475724155211803,1.7472666710980636,3.5735211223506775
auth_african_f_9113_frame_0013_subdiv_auth_african_f_9113_head.glb,pca_gnm_variation_001,african,female,9113,0013,0.04909400639593896,0.15074281711474793,0.05520980517353515,0.05534247162764084,0.0833633743536312,0.0826320527394549,0.08539891521945381,0.08491641463921829,0.03547143425885105,0.03200699658256406,0.0616833645644566,0.01957765178378207,0.0563219431973921,0.17796606603900916,0.16678169646588187,0.05130311045433625,0.08513109324259382,0.08513920501343612,0.17449671039173362,3.070493287897916,1.1245732264804955,1.12727552078982,1.6980356763168343,1.6831393240354937,1.739497781678661,1.729669686241833,0.7225206672435117,0.6519532409807905,1.2564337093816615,0.3987788575633853,1.1472264606632518,3.625005965162592,3.3971905882115583,1.0449974288221877,1.7340424930085936,1.7342077223601537,3.5543383643297024
auth_african_f_9114_frame_0014_subdiv_auth_african_f_9114_head.glb,pca_gnm_variation_001,african,female,9114,0014,0.04614846311014918,0.15158421241867587,0.055980682539617,0.05531686004435566,0.07786378065884737,0.07621415530018506,0.0821471008815409,0.08131698791450535,0.033905518279579966,0.03088519122196576,0.059999312036076814,0.0219845065741045,0.05613970650602311,0.18390694273203823,0.16619597418142562,0.05152132890783851,0.08620146878804341,0.08620296277320902,0.17576081306026697,3.284707706448815,1.2130562702814143,1.1986717718491067,1.6872453687785587,1.651499316852086,1.780061465654199,1.7620735867284332,0.734705253318031,0.6692572003589291,1.3001367324599264,0.47638653797919367,1.2165021914603393,3.985115220263805,3.6013328067879913,1.116425671313585,1.8679163503732281,1.867948723827617,3.8085951560456808
auth_african_f_9115_frame_0015_subdiv_auth_african_f_9115_head.glb,pca_gnm_variation_001,african,female,9115,0015,0.04840333723772835,0.16732330193556913,0.06420974520973685,0.06525839842930259,0.08452877869446525,0.08394029618290179,0.0852192387532253,0.08437304696356697,0.034434690079706516,0.031743825476295284,0.062129427842061435,0.031612057862737526,0.05400827273508728,0.17561069268463625,0.16468064601642715,0.050050930185939216,0.08539475595798085,0.08539730688317683,0.17375265066882728,3.4568546609457274,1.3265561606708407,1.3482210556844918,1.746341957359474,1.7341840660828214,1.7606066774833973,1.743124581455548,0.7114114861664154,0.6558189432350198,1.2835773603154408,0.6530966595852252,1.11579646812018,3.628069937040522,3.4022580965360705,1.034038829598027,1.7642328159848297,1.7642855174170358,3.589683285998604
auth_african_f_9116_frame_0016_subdiv_auth_african_f_9116_head.glb,pca_gnm_variation_001,african,female,9116,0016,0.045703551661228706,0.17554179612738594,0.06974395723713249,0.07061489253654696,0.08482925080954776,0.08449187573858154,0.08727299631189381,0.08691733282283301,0.03570499341788082,0.03153382286704331,0.06158834481913615,0.02022410894747588,0.05889940487896595,0.18256160649700423,0.16851150095857628,0.0528140470549569,0.0857540297255522,0.08575484374891162,0.17542940382886274,3.840878657058545,1.5260073824043257,1.5450635666122874,1.8560756817836155,1.8486938688018373,1.9095451696794354,1.9017632035929242,0.7812301696493781,0.6899643839669931,1.3475614603357589,0.442506286981465,1.288727084397066,3.9944730740012733,3.6870548312666074,1.1555786177501863,1.8763099717324412,1.87632778267557,3.8384194980996025
auth_african_f_9117_frame_0017_subdiv_auth_african_f_9117_head.glb,pca_gnm_variation_001,african,female,9117,0017,0.047438584101409,0.1535098444145116,0.056059696456448184,0.05560487334961515,0.07860431712514399,0.07759578264826118,0.08101985913338873,0.080573924034286,0.03492443120911646,0.030725471932381142,0.05916661478606763,0.02414050577574273,0.0547752348123972,0.18354066465149121,0.16462261801122244,0.05250100297422734,0.0865999511748838,0.08658486499844267,0.1775518059744515,3.2359701985699045,1.1817320756582852,1.1721444558874092,1.656970135472684,1.6357103425006412,1.7078894884424327,1.6984892268716094,0.7362030690979066,0.647689481344966,1.2472255634693423,0.5088791377950448,1.1546557691373063,3.869016500558662,3.470226212049463,1.106715218607631,1.8255171990327521,1.8251991841356616,3.742772035415322
auth_african_f_9118_frame_0018_subdiv_auth_african_f_9118_head.glb,pca_gnm_variation_001,african,female,9118,0018,0.04905314782708351,0.16994006102786777,0.06613810073665083,0.06644430962724124,0.08461646315739728,0.08450806299412152,0.08797808976132233,0.08750663386635235,0.034598869179637406,0.03166565438080133,0.06091675692853582,0.022272137980340726,0.05710846601274428,0.17628006075716812,0.16793015971377598,0.05087144102293,0.08480473857197579,0.08479635397831756,0.17302457989351597,3.4644068435102437,1.3482947306418178,1.354537120868635,1.7249955794004792,1.722785728084558,1.7935258726198884,1.783914748444292,0.7053343304613466,0.6455376623825536,1.241852146640467,0.4540409528630434,1.1642161317364677,3.5936544047809167,3.423432891722749,1.0370678188126912,1.728833771706551,1.7286628429480584,3.5272880040938905
auth_african_f_9119_frame_0019_subdiv_auth_african_f_9119_head.glb,pca_gnm_variation_001,african,female,9119,0019,0.04379505939894152,0.17111987633909018,0.0687852256837081,0.06929019598261575,0.08317700167582308,0.08302041615140397,0.08526598424185228,0.08491489346909581,0.034643026842525876,0.031210902191185417,0.06011115465948615,0.0213318969804776,0.05413158763568111,0.1793648752968305,0.1655072963979395,0.050395389967821905,0.08558865624609067,0.08558911537606145,0.17470938713314005,3.907287230285751,1.5706161066508464,1.5821464095169242,1.899232534842352,1.8956571195656486,1.9469315811434442,1.9389149058020938,0.7910259129221128,0.7126580627937166,1.3725556143654636,0.4870845541310801,1.2360204182526902,4.095550451546266,3.7791316799067896,1.1507094786367593,1.9542993529575907,1.954309836559556,3.989248776709333
auth_african_f_9120_frame_0020_subdiv_auth_african_f_9120_head.glb,pca_gnm_variation_001,african,female,9120,0020,0.052593000157862134,0.16663688570166516,0.06276646787013404,0.06281247932581181,0.08608132665868919,0.08608137795003779,0.08546063874011134,0.08514096267349036,0.03592508688813002,0.03172055899318115,0.06316431237802679,0.02213937360749277,0.05610517248413037,0.1749540199969265,0.16617713810457943,0.0541550537632214,0.08499130421016468,0.0849825354904972,0.1730168183045341,3.168423273087504,1.193437675769312,1.194312534696159,1.6367449356437005,1.6367459108941795,1.6249432145645681,1.6188649139226303,0.6830773445191941,0.6031327153417628,1.201002266241401,0.42095665851044156,1.066780223902918,3.326564741919797,3.159681661167557,1.0297007890911458,1.6160193173056572,1.6158525894209355,3.289730910676519
auth_african_f_9121_frame_0021_subdiv_auth_african_f_9121_head.glb,pca_gnm_variation_001,african,female,9121,0021,0.05034405120867185,0.1710977171943858,0.0647056142592643,0.06561874946854486,0.08695619438465746,0.08656999931785346,0.08730757701621673,0.08685023000501439,0.03598675170378669,0.03341084528679356,0.059631819737828225,0.02099148993013847,0.058412586538976095,0.17921368078885094,0.16675864898998205,0.051800102814546244,0.08524978223841498,0.08524215275980225,0.1748725026921683,3.3985687104361184,1.285268322786837,1.3034062196655702,1.7272387163327672,1.719567600132697,1.7342183419910762,1.7251339119497457,0.7148163653859447,0.663650311896999,1.1844859185181453,0.4169606820700724,1.1602678993166609,3.5597786925415544,3.3123804101259453,1.028922019005566,1.6933437057947882,1.6931921590195573,3.4735484827658487
auth_african_f_9122_frame_0022_subdiv_auth_african_f_9122_head.glb,pca_gnm_variation_001,african,female,9122,0022,0.05082094476118783,0.16993662546089505,0.06455630781032354,0.06454804729555112,0.08527241630146418,0.08522469193687407,0.08518738579604487,0.08496229174882262,0.0439833894596367,0.03191777294311641,0.0639462453048239,0.026260921487485007,0.055764734917175755,0.17825611700589367,0.16543625315690505,0.050782244418297956,0.08553525843539198,0.0855315358885879,0.17446009817163122,3.343830506485908,1.2702697305939394,1.2701071890510534,1.6778990768897921,1.6769600080705411,1.6762259378755753,1.6717967788294381,0.8654579261821792,0.6280436755574081,1.2582655754495127,0.5167342246565354,1.0972785960438012,3.5075325309975076,3.25527701097067,0.9992384961934153,1.683071002267467,1.6829977539872243,3.4328385470092075
auth_african_f_9123_frame_0023_subdiv_auth_african_f_9123_head.glb,pca_gnm_variation_001,african,female,9123,0023,0.049665901808986244,0.1523536397315825,0.056685007990650044,0.0562086842010416,0.08393231312835636,0.08355965711296504,0.08523003063518253,0.08482291850828742,0.043672722689669145,0.03198400636695916,0.06390571770345477,0.020155366115231513,0.05595332865271704,0.18225345019880748,0.16735092400781465,0.05219856068099877,0.08660135574154987,0.08659174026830779,0.17692214252787034,3.0675701876416257,1.1413264619387986,1.1317359023746056,1.689938369611365,1.6824351128130781,1.7160673123982524,1.707870297704734,0.8793301057460567,0.6439831997809847,1.2867121178879322,0.4058189901141536,1.1265944363179405,3.669589065346069,3.3695335816400136,1.0509939169483535,1.743678310214046,1.7434847071002024,3.562245647090196
auth_african_f_9124_frame_0024_subdiv_auth_african_f_9124_head.glb,pca_gnm_variation_001,african,female,9124,0024,0.04793957645983722,0.1741755279339484,0.06737542074856294,0.06891430649095671,0.0839314053778263,0.08328546640203768,0.08505463590160826,0.08445292677830561,0.03493244499978315,0.030389669338150762,0.05935741265175983,0.020759223175176363,0.05766252530777735,0.1805768835162756,0.1674042071724274,0.0529458182053291,0.08590055790472431,0.08590828347585487,0.17407070106338926,3.6332304287224777,1.4054237797659448,1.4375243083069724,1.750774862354954,1.7373008389386275,1.7742049926716659,1.7616535859272455,0.7286765461736782,0.6339160998556296,1.2381714031513866,0.4330289232439925,1.2028167448681115,3.766760093668311,3.4919834411277115,1.1044281596790078,1.7918505804215856,1.792011732682433,3.6310437829842335
auth_african_f_9126_frame_0026_subdiv_auth_african_f_9126_head.glb,pca_gnm_variation_001,african,female,9126,0026,0.044827984202698686,0.16627035331660103,0.0650971779826417,0.06533624154009465,0.08424084129592792,0.08417835584912112,0.08532010282991448,0.0851102215081617,0.04478562520433664,0.0318924019318286,0.0608807276036089,0.02050207358847545,0.05644819052939092,0.17783009447229564,0.16652016480024337,0.05171246123824845,0.08565058215940242,0.0856544229769957,0.17475459725726,3.7090749511460612,1.4521549237702012,1.4574878327043166,1.879202083123259,1.8778081893776857,1.9032777035907436,1.8985957772118154,0.9990550768874524,0.7114395728262225,1.358096481169542,0.45734988876080684,1.2592176858577704,3.966943810549262,3.714647619381884,1.153575431909234,1.9106498693342133,1.9107355483506043,3.8983371740980406
auth_african_f_9127_frame_0027_subdiv_auth_african_f_9127_head.glb,pca_gnm_variation_001,african,female,9127,0027,0.05026525306694525,0.15229812340375673,0.054391800394474873,0.05383705911566647,0.07902732299065256,0.07816266922451083,0.08239060340824172,0.0820028130403781,0.03522240875367401,0.03066176728847637,0.06197514221516452,0.020610452615629504,0.05541303942227138,0.1828316972779318,0.1656857508549883,0.051809453005755846,0.08601641332240989,0.08601137425387671,0.17607045173652305,3.02988872255194,1.0820954252838184,1.0710591478364617,1.5722058115454198,1.5550039929255046,1.639116454830351,1.6314015753817754,0.7007307554338463,0.6099992622665167,1.2329619057646757,0.41003379786389793,1.1024124229210606,3.637337646235051,3.296228323655736,1.0307210218707934,1.7112499803363137,1.7111497307956127,3.502826326210384
auth_african_f_9128_frame_0028_subdiv_auth_african_f_9128_head.glb,pca_gnm_variation_001,african,female,9128,0028,0.05037421694262425,0.1614100193160915,0.06006048916080421,0.061050403965247906,0.08516164313052675,0.08451332307803226,0.08521190723851536,0.08451348617968577,0.03567391157539734,0.031893342308616214,0.06448891638868835,0.020028712950521377,0.054509640089188335,0.17650450931974965,0.16547673600163326,0.05225029326966352,0.08548636079805416,0.08548726327602037,0.1753960177445424,3.2042189261211935,1.1922863084742843,1.2119375281760456,1.6905799891147697,1.6777099120824475,1.6915778032951045,1.6777131498827231,0.7081779874817623,0.6331282994422013,1.280196900373471,0.39759849713066286,1.0820940432935027,3.5038660654673124,3.2849490482424706,1.037242788888929,1.6970260976050964,1.6970440130789435,3.481860927869445
auth_african_f_9129_frame_0029_subdiv_auth_african_f_9129_head.glb,pca_gnm_variation_001,african,female,9129,0029,0.046155108159954966,0.15238959810414085,0.05678438342883065,0.05791820320984979,0.08140153271960483,0.08097113706513903,0.08293130291165406,0.08224056055098289,0.03526163568586723,0.03241264766827075,0.06260318455806142,0.019961951179824283,0.05729570550581728,0.17674663682085404,0.16749405698463943,0.05311183048823648,0.08509241129902172,0.08509107932580849,0.1738403737642421,3.3016843460970784,1.2302946671046444,1.254860090656243,1.7636516512430216,1.7543266670403148,1.7967957657957956,1.781830090528015,0.7639812166329378,0.7022548307316624,1.356365244364807,0.43249711625946624,1.2413730091857547,3.829405755226953,3.628938673573739,1.1507248624393278,1.8436185005595866,1.8435896419290618,3.766438444078206
auth_african_f_9130_frame_0030_subdiv_auth_african_f_9130_head.glb,pca_gnm_variation_001,african,female,9130,0030,0.050120866235763686,0.1624469254243707,0.06558204856500187,0.05430193568788408,0.0853185110673761,0.0791916389190737,0.0858259969186345,0.08390650840485885,0.043632553867688856,0.03133399672325376,0.05918002456796585,0.020431160051132477,0.056030711535429385,0.17806363126166333,0.1660483485271118,0.05130420900998397,0.08620017787159341,0.08617854152418561,0.17521990092088488,3.2411037083883616,1.3084779551995427,1.0834197364517415,1.702255317496831,1.5800133730044474,1.7123805585266094,1.6740833650035252,0.8705466833403389,0.6251686987184476,1.180746244280551,0.4076378080743115,1.1179118747043668,3.5526846328646697,3.3129584741420173,1.023609782972504,1.7198461308732405,1.7194144474441069,3.495947178898854
auth_african_f_9131_frame_0031_subdiv_auth_african_f_9131_head.glb,pca_gnm_variation_001,african,female,9131,0031,0.051502594293147796,0.16269328179961437,0.06026297241266445,0.0599659930059636,0.08454568216071869,0.08393173327903687,0.08770799528352971,0.0872231615312897,0.04169915050134139,0.03185653043857249,0.06116792468063879,0.023550538600794903,0.05566063481070502,0.18035621215619396,0.16470671972536488,0.04733063134764719,0.08642319583307081,0.08643196031993856,0.17725262792575527,3.1589337203788204,1.1700958609900973,1.1643295610439146,1.641581037248198,1.6296603002424606,1.7029820825006263,1.6935683090996132,0.8096514568565973,0.6185422477409234,1.1876668645559263,0.45726897691303686,1.08073458385203,3.5018859657753123,3.198027633091066,0.918995091358812,1.6780357770165581,1.6782059526550486,3.441625229922408
auth_african_f_9132_frame_0032_subdiv_auth_african_f_9132_head.glb,pca_gnm_variation_001,african,female,9132,0032,0.049869472459085,0.15913230530908615,0.057636942546974664,0.05736511929799163,0.08069045045989984,0.08024027985529665,0.0851691504898197,0.08492442732402475,0.04358780669255524,0.03144824681899934,0.059872992571615304,0.020345110694669422,0.05579860389911912,0.17968489272592814,0.16602464713074172,0.050347416730738385,0.08644553295588789,0.08642630200102565,0.17598550766982568,3.1909763120042016,1.1557560107390834,1.150305316444973,1.6180329664826847,1.6090059890071855,1.7078414166040363,1.7029341425999704,0.8740378540863151,0.6306111789091171,1.2005940632465606,0.4079672330875648,1.1188930050322596,3.6031039404587473,3.329183946490617,1.0095839047033335,1.733435881576879,1.7330502557839047,3.5289225851388655
auth_african_f_9133_frame_0033_subdiv_auth_african_f_9133_head.glb,pca_gnm_variation_001,african,female,9133,0033,0.05399485843918722,0.1638760855095215,0.05827601371403964,0.057517067864058934,0.08085612723816286,0.08074545012575245,0.08342506440845225,0.08348456363029964,0.034964041951507346,0.03094290526114549,0.06111679421139041,0.01982787524137292,0.05312657732688226,0.18137332099246214,0.1640777233448031,0.05066759343643213,0.08710404858992052,0.0870918775009585,0.17864718288263318,3.035031301991285,1.079288202591996,1.0652323114957079,1.4974782706251315,1.4954284993022735,1.545055711228716,1.5461576535907726,0.6475439136651555,0.5730713285598397,1.1319002582481887,0.36721783915230477,0.9839191890227311,3.3590850357860913,3.038765691544481,0.9383781141587307,1.6131915354130093,1.6129661234142774,3.3085961894656712
auth_african_f_9134_frame_0034_subdiv_auth_african_f_9134_head.glb,pca_gnm_variation_001,african,female,9134,0034,0.04802028413608397,0.17188894436745988,0.06647342646541236,0.0677955972815922,0.0848700975760485,0.08449507528935711,0.08627057041320539,0.08587330334296407,0.03512244033127972,0.03222237735508283,0.0618942613651037,0.0201993318391297,0.05811049687103358,0.17970810847451402,0.16768014956728,0.052070845225994575,0.08490440461632619,0.08489691320574365,0.17343614250440412,3.5795070241639215,1.3842780745951921,1.4118116646179615,1.767380162423371,1.7595704983733078,1.7965443554795408,1.7882714541965017,0.7314084238182922,0.6710159661648047,1.288919099056192,0.4206416559695298,1.2101239698281483,3.742337466501487,3.491860837226488,1.0843510437887411,1.7680945905217234,1.7679385853935299,3.6117267030929265
auth_african_f_9135_frame_0035_subdiv_auth_african_f_9135_head.glb,pca_gnm_variation_001,african,female,9135,0035,0.05294046184928378,0.17342566254950753,0.06541973847605993,0.06639693497910633,0.08572958883669164,0.08536981804129838,0.0864419049265304,0.0859384654262456,0.04507455947453894,0.03187590105035545,0.061661832637841855,0.020900228299161088,0.05527439250528761,0.1796245352978473,0.16479454660400494,0.04965614672414328,0.08530985574625853,0.08529770669170957,0.17497459053994058,3.2758622892870317,1.2357228514987912,1.2541812568264286,1.6193585367795853,1.6125627744680002,1.6328135778758766,1.623304036729106,0.8514198384377855,0.6021084806759518,1.1647392275002615,0.39478741909471726,1.0440859519255479,3.392953688413608,3.1128278985015014,0.9379620991125724,1.6114301380506877,1.611200652811523,3.3051202129304387
auth_african_f_9136_frame_0036_subdiv_auth_african_f_9136_head.glb,pca_gnm_variation_001,african,female,9136,0036,0.05454806101802568,0.17757120729575004,0.06734403937908794,0.06906039444764912,0.08721940168452122,0.08686330670845793,0.08641071743293778,0.0859817580679757,0.036220124371234064,0.032172675561798036,0.06417908693972409,0.019851728358415505,0.05840998688168009,0.17863567209399073,0.1666984093209015,0.05250992423866575,0.0850883987623345,0.08507792594300509,0.1740059927153286,3.2553165773769805,1.234581727054125,1.2660467330787022,1.5989459580552117,1.5924178621079403,1.5841207885351403,1.5762569092889038,0.6640038838276019,0.589804201310958,1.1765603715687674,0.36393096267629754,1.070798591032928,3.2748308328495797,3.0559914726540907,0.9626359444988078,1.5598794379550285,1.5596874454417484,3.189957433277554
auth_african_f_9137_frame_0037_subdiv_auth_african_f_9137_head.glb,pca_gnm_variation_001,african,female,9137,0037,0.04708419325014694,0.17024749538410042,0.0668474660184339,0.0670975473138521,0.08592579117896569,0.08578639920294648,0.08479833115339333,0.08456135381473415,0.03646523962003588,0.03335666146209679,0.06218528549072886,0.021135353780312754,0.05943154558749902,0.1800231638525677,0.169019553441526,0.05586513279156331,0.08547254237274234,0.08547161927689208,0.17375762017693522,3.615809970017254,1.4197432599787676,1.425054624115126,1.8249392258345114,1.8219787423601816,1.8009936095300665,1.7959605544366049,0.7744688206996534,0.7084471275716864,1.3207253049946819,0.44888427137374376,1.2622398619373931,3.8234309951143928,3.5897302634785726,1.1864944248861897,1.8153128783294081,1.8152932731118916,3.690359931491296
auth_african_f_9138_frame_0038_subdiv_auth_african_f_9138_head.glb,pca_gnm_variation_001,african,female,9138,0038,0.05410020216864192,0.15478864305954176,0.05632328967010415,0.05556283930561282,0.0850766601686317,0.08466436527614994,0.08653653581003651,0.08620181776534042,0.04176385212606209,0.031790353257346686,0.060910470626209856,0.019824545241774433,0.05334635771591776,0.18057087821637371,0.1638106654724805,0.047724461714551254,0.0864469279300188,0.0864199730631781,0.17616668346330397,2.8611472204305706,1.0410920368565795,1.0270357055674497,1.5725756422023993,1.564954693001571,1.5995603036802633,1.5933733019449887,0.7719722006929884,0.5876198606106747,1.1258824955281843,0.36644124138348094,0.9860657738325216,3.3377117086086963,3.027912261064156,0.8821494153715708,1.597903971976763,1.597405732307405,3.2563036070392988
auth_african_f_9139_frame_0039_subdiv_auth_african_f_9139_head.glb,pca_gnm_variation_001,african,female,9139,0039,0.05091712131576334,0.15644038607274874,0.05742224110586152,0.057498297730862034,0.08156470050404539,0.0812251517385609,0.08576551874460295,0.08523811282909274,0.0419625004456762,0.030641617677636703,0.062497496595696915,0.02007146487545892,0.051920657432022316,0.1778101922143915,0.1627644971215564,0.04716526703107417,0.0861188477651768,0.0861054993804151,0.17591182887634702,3.072451506097157,1.1277589860148725,1.1292527198127604,1.6019110742380858,1.5952424182593086,1.684414132777199,1.6740560076145552,0.8241334027005391,0.6017939916047536,1.2274357815344212,0.3941987362361947,1.019709207636377,3.4921493521147586,3.1966555240263834,0.9263144854277604,1.691353429647159,1.6910912705852021,3.454865953348521
auth_african_f_9140_frame_0040_subdiv_auth_african_f_9140_head.glb,pca_gnm_variation_001,african,female,9140,0040,0.051012518839450224,0.14849491360773423,0.05220142653870392,0.05240224004320935,0.08093758018437748,0.08071655770098346,0.08540352884104623,0.08527624006712572,0.035753402227348956,0.03140312198087289,0.06256657717525407,0.019991959356411116,0.05796917034506347,0.18450661007019223,0.16749846607976318,0.05122837568415872,0.08569135073429654,0.08567720255908584,0.17534989118700753,2.9109504291502772,1.0233061947596727,1.0272427481601711,1.586621912144924,1.5822892015001186,1.6741680431392445,1.6716727973286796,0.7008750604900394,0.6155963809532078,1.2264945664056994,0.3919030036397743,1.1363714567302128,3.616888839598039,3.2834776617662182,1.0042314484683232,1.679810224701699,1.679532877581177,3.4373893933542004
auth_african_m_9141_frame_0041_subdiv_auth_african_m_9141_head.glb,pca_gnm_variation_001,african,male,9141,0041,0.05277598722404047,0.15343854267191762,0.05337785463880488,0.05377133975774174,0.08363584766468875,0.08358269847893757,0.08769407395864103,0.08745121093091333,0.03635460387270739,0.03333332166964422,0.06269055321399851,0.021500721536756476,0.058004368786603804,0.1824143008167961,0.16645498566530087,0.05014134510326969,0.08481962537687053,0.08480965596762523,0.1727500334694091,2.9073552337458395,1.0114041905499447,1.0188599510128702,1.58473298300692,1.5837259116370266,1.661628300506612,1.6570265291234123,0.6888474434097781,0.6316001542167317,1.1878613079821605,0.4073959137037703,1.0990674327013197,3.456388225243902,3.153990942105531,0.9500787714384876,1.6071632164226684,1.6069743159440666,3.2732695787586925
auth_african_m_9142_frame_0042_subdiv_auth_african_m_9142_head.glb,pca_gnm_variation_001,african,male,9142,0042,0.048468580373855256,0.16224193331879508,0.06321494537331547,0.06089720088400053,0.0821129658127616,0.08442543398018039,0.08650010354341342,0.08872236908595953,0.035872825140238235,0.031032237802551165,0.061953412862909604,0.019975810765261604,0.06420501274254119,0.1780251935716312,0.17209007596777096,0.05682131762976885,0.0839215641600844,0.08393408507050758,0.17117845271031393,3.3473630147069673,1.3042458616637067,1.2564263366964525,1.6941483571294091,1.741859021431559,1.7846634433318989,1.8305130540571355,0.7401253526209862,0.6402547292119672,1.2782180205205327,0.4121393820735233,1.3246728550187623,3.6730020190081927,3.550549131837151,1.1723330287680387,1.7314632182904424,1.7317215487454836,3.5317405913264666
auth_african_m_9143_frame_0043_subdiv_auth_african_m_9143_head.glb,pca_gnm_variation_001,african,male,9143,0043,0.04765481374881102,0.16520339040820858,0.06336886747705364,0.06383934915111394,0.08457619168382054,0.08451312030333542,0.08922477131396801,0.08901644978993843,0.036242942315147915,0.0327542804224891,0.06406276972093035,0.01750389928230048,0.0660394690957291,0.17939525099510678,0.1735390396142599,0.05599236355368777,0.0842323650888092,0.08421515297704309,0.17210196710991318,3.466667423756963,1.3297474586947617,1.3396201585764613,1.7747670178635564,1.7734435129429924,1.8723139237155064,1.8679424550716952,0.7605305626874299,0.6873236478299387,1.344308469205353,0.367306005528921,1.3857880012672754,3.7644728178080995,3.641584678706035,1.17495713756902,1.7675520784279801,1.7671908953614208,3.611428805850849
auth_african_m_9144_frame_0044_subdiv_auth_african_m_9144_head.glb,pca_gnm_variation_001,african,male,9144,0044,0.048684606706774,0.16725583088000506,0.06423466896905573,0.06430725789974794,0.08331809279873831,0.08354293418549553,0.08534594408616553,0.08526232942334903,0.03592809818270685,0.03127772008345483,0.06492344705712863,0.02407303177596484,0.06269574320769869,0.18013436355244508,0.16881993085105948,0.05551510894165125,0.08428564220061512,0.084274893641349,0.172105275108296,3.435497217578077,1.3194040850722963,1.3208950888125424,1.7113847360534473,1.716003062090493,1.7530375586723277,1.751320082277374,0.7379765517897836,0.6424560492362534,1.3335518441827148,0.49446906125700113,1.2877939753177707,3.700027087358212,3.467624414999532,1.1403010663312363,1.7312585620392322,1.7310377826185244,3.53510661275095
auth_african_m_9145_frame_0045_subdiv_auth_african_m_9145_head.glb,pca_gnm_variation_001,african,male,9145,0045,0.05153040173391123,0.16438664355738639,0.06094303974195725,0.06077541459423036,0.08552310699447149,0.08561293307950896,0.08837141884194526,0.08830713251144856,0.035842150556411184,0.03248957588582692,0.0660221503333004,0.017739893357370258,0.059813941889548736,0.17775180194160486,0.16935765757562027,0.052903379458021656,0.0847571939102196,0.08474934573570654,0.17312156409747778,3.1900904713732614,1.1826618402210463,1.1794089032734079,1.6596631137496116,1.6614062805407672,1.7149375100600006,1.7136899682529592,0.6955534859109028,0.630493355235112,1.2812271612827815,0.34426072299948624,1.1607505448610982,3.4494550005541607,3.2865580681892697,1.0266440329962903,1.6447997892172928,1.6446474873867425,3.359600512944373
auth_african_m_9146_frame_0046_subdiv_auth_african_m_9146_head.glb,pca_gnm_variation_001,african,male,9146,0046,0.049341647256721376,0.16354714928897418,0.0619697654590706,0.06226348068457866,0.08463273831636269,0.08466118413552114,0.08617896720953105,0.08596754928247433,0.03589026133506613,0.032400568963580706,0.06531734014339491,0.02471822049158162,0.06095158273060271,0.17633075269137885,0.1693353921274113,0.0559792012592652,0.08440447285906938,0.08438489766453199,0.1723232344952082,3.314586325787808,1.2559322378648192,1.2618849216894974,1.715239417849673,1.7158159251359102,1.7465766142980088,1.7422918378705674,0.7273827148155682,0.6566576262645358,1.3237770478872146,0.5009605853443508,1.2352968763583347,3.573669759623983,3.431895802877644,1.134522343123428,1.7106131949733743,1.7102164673482192,3.4924499702780825
auth_african_m_9147_frame_0047_subdiv_auth_african_m_9147_head.glb,pca_gnm_variation_001,african,male,9147,0047,0.05039261731778396,0.16671753865671615,0.06284377143397567,0.06319626620554417,0.0853001854152501,0.08534267093177339,0.0895217447028122,0.08940201887718274,0.036802202967502,0.03212124900596914,0.06540403933486612,0.020248364860383044,0.06387033863063835,0.17717081330194887,0.17103800613747758,0.05358572520572721,0.08431881530608065,0.08431159630449639,0.17235975714731935,3.3083722880549846,1.2470829018003318,1.2540778703161681,1.6927119478103985,1.693555037905429,1.7764853160587724,1.7741094556252004,0.7303094168620253,0.6374197395504856,1.2978893103015015,0.4018121291992753,1.2674542825958355,3.515808916704627,3.394108407961515,1.06336459699656,1.6732374660032565,1.6730942108605689,3.4203374684904926
auth_african_m_9148_frame_0048_subdiv_auth_african_m_9148_head.glb,pca_gnm_variation_001,african,male,9148,0048,0.05106721191427891,0.16327204069004944,0.06042508058206829,0.06059463177087965,0.08437825720632125,0.08444129715743394,0.08483917268567118,0.08446840529203178,0.036027374142298535,0.03153962610095047,0.06333934125663006,0.022471019633213914,0.06069144140458543,0.17838361860452398,0.16814532022196393,0.05626143915014099,0.08447392174258983,0.08444748755477133,0.17244416487959824,3.1971990357358226,1.183246124411441,1.1865662819539355,1.652298099766207,1.6535325503803997,1.6613237634371278,1.6540633828574762,0.705489350050554,0.6176101047751086,1.2403132828741672,0.44002832327979097,1.1884620117201952,3.4931145037633455,3.29262777267362,1.1017135465429575,1.654171406192827,1.6536537709660815,3.3768079050225395
auth_african_m_9149_frame_0049_subdiv_auth_african_m_9149_head.glb,pca_gnm_variation_001,african,male,9149,0049,0.048581351841221046,0.16324592021856657,0.06392810745821924,0.06098181797502756,0.08285427689524709,0.08516813123200154,0.08782019484816964,0.08986909958397446,0.036130869853005905,0.03190425947397811,0.06278372544958831,0.022146775062066623,0.0636999905590187,0.17678164694827705,0.1727336729733501,0.055683032961215025,0.08401565897652054,0.08400797599963926,0.17141535879828687,3.360258906588375,1.3158980768414217,1.2552515659575527,1.7054749148611716,1.7531033617664131,1.807693518599345,1.8498682349905495,0.7437189061986751,0.6567182316838598,1.2923420833324077,0.4558698805757643,1.3112025117623336,3.63887871062243,3.5555550931949655,1.1461812166776355,1.7293808383741527,1.7292226917481306,3.5284188747675347
auth_african_m_9150_frame_0050_subdiv_auth_african_m_9150_head.glb,pca_gnm_variation_001,african,male,9150,0050,0.04675011318065355,0.16398547287643395,0.06339464249348647,0.06370616859911622,0.08373439800830276,0.08377231804285037,0.08649611432064322,0.0861818851112544,0.03589202816769985,0.032337553688674886,0.06510874652276664,0.026323109257800903,0.06366122383306042,0.1784398039949898,0.171202710080713,0.056635098653793604,0.08390857303398015,0.08390147941849181,0.1707513779548672,3.507702157698637,1.3560318506292062,1.362695494510151,1.7911057815995683,1.7919169033695004,1.8501797843013057,1.8434583201590786,0.7677420593401458,0.6917107037519865,1.392697088693047,0.5630597974401078,1.3617341114674593,3.816884962512411,3.6620811893897462,1.2114430276337966,1.7948314415782798,1.7946797068549663,3.6524270496424958
auth_african_m_9151_frame_0051_subdiv_auth_african_m_9151_head.glb,pca_gnm_variation_001,african,male,9151,0051,0.051652172701943236,0.16479905175153545,0.06092140759507606,0.06108824100153932,0.0859191952350488,0.08597491475543573,0.0893294065889145,0.08920818446903743,0.03619634734977521,0.032730787341355747,0.06372122169787427,0.020783136088292162,0.06328179047461208,0.17866300067185426,0.1709476845358272,0.05431048220786248,0.08453297959273984,0.08452168670508044,0.1723899021797177,3.1905541070363426,1.1794548885023786,1.1826848282655316,1.6634188019706746,1.6644975469192842,1.7294414139050105,1.7270945209567394,0.700771050980658,0.6336768741603074,1.2336600449621933,0.4023671222548644,1.2251525379150472,3.4589638988241953,3.3095932967287527,1.0514655892842864,1.636581293114889,1.6363626597628216,3.3375150194452927
auth_african_m_9152_frame_0052_subdiv_auth_african_m_9152_head.glb,pca_gnm_variation_001,african,male,9152,0052,0.046905686350877523,0.15964548076421192,0.06138394361119614,0.06144822351213071,0.08418880389786003,0.08423067596835218,0.08678000753820093,0.08672596014135894,0.03621210582546974,0.03218668675410865,0.06197354313748963,0.02153356428356585,0.061055633782331184,0.178739540283738,0.16895742958004054,0.053737032973259755,0.08433176026302142,0.08431112075364852,0.17164504542297346,3.4035421541427935,1.308667421515041,1.3100378289418446,1.7948528301683193,1.7957455166153085,1.8500956768662107,1.8489434200494639,0.772019527751613,0.686200101909531,1.321237315959885,0.4590821701762178,1.3016680605759634,3.8106156031206675,3.6020670994163937,1.1456400524934314,1.7979005707789566,1.7974605493022746,3.659365394186632
auth_african_m_9153_frame_0053_subdiv_auth_african_m_9153_head.glb,pca_gnm_variation_001,african,male,9153,0053,0.0513454075906149,0.16601620126067793,0.06234129583490402,0.062046538521608914,0.0832319606751036,0.08358739992357915,0.08463705979224495,0.08455160329349024,0.035938783712573266,0.03073202931465029,0.06595902960291239,0.023611177514968527,0.06122472459252229,0.18009528520217283,0.16808826475083283,0.05584717213116426,0.08450786182745289,0.08447855988767144,0.17250181008123072,3.2333213241649865,1.21415524309323,1.2084145677898952,1.6210205465447907,1.627943059485179,1.648386170523169,1.6467218250098161,0.6999415410063331,0.5985351126176979,1.2846140034336513,0.4598498409677492,1.1924089702564395,3.507524697010903,3.273676705247474,1.0876760892900617,1.6458699189077923,1.645299236130959,3.3596346426269528
auth_african_m_9154_frame_0054_subdiv_auth_african_m_9154_head.glb,pca_gnm_variation_001,african,male,9154,0054,0.04965137605054576,0.14852599928974708,0.05252986947316101,0.05343649844835842,0.0813443969685799,0.08087845859168484,0.0850125872859485,0.08464432618065786,0.03616354995449534,0.031124432122693352,0.061054676692682025,0.02159064204558998,0.05969153605252092,0.17934699360652026,0.16810132628551228,0.0529967953201262,0.08460533598054619,0.0846088628373142,0.17226845772444027,2.9913773011758154,1.0579740915878124,1.0762339878346847,1.63831102859607,1.6289268299301412,1.7121899541999512,1.7047730176599498,0.7283493999779657,0.6268594064947619,1.2296673637106765,0.43484478705303997,1.2022131268175558,3.612125340170686,3.3856327791274685,1.067378178324298,1.703987738313976,1.704058770721304,3.469560592823625
auth_african_m_9155_frame_0055_subdiv_auth_african_m_9155_head.glb,pca_gnm_variation_001,african,male,9155,0055,0.04929117544961879,0.16343877554983965,0.061862291097130116,0.0613760976792754,0.08527605575898776,0.08561508418880998,0.08631542943075848,0.0864218393641998,0.03590648890439986,0.03375750314269101,0.06586700585377722,0.025006232175392867,0.06254450510391557,0.17806626859427108,0.170286462020055,0.05685007070615289,0.08448521306933694,0.08447432639194644,0.17315626148304078,3.315781659881346,1.2550378548054801,1.245174153779489,1.7300471125130628,1.7369251880860168,1.751133517174544,1.7532923200935384,0.7284567384906532,0.6848589597380373,1.3362839342531163,0.5073166129087769,1.2688783445191563,3.612538491322349,3.454704832391494,1.153351896918347,1.7140028067638693,1.7137819421305713,3.5129261962930105
auth_african_m_9156_frame_0056_subdiv_auth_african_m_9156_head.glb,pca_gnm_variation_001,african,male,9156,0056,0.04961953357128927,0.16414967848473688,0.061521235218215446,0.062168306519660946,0.08471791263840131,0.08461216967739293,0.0879667739447007,0.08767896121629928,0.036029218364473196,0.03235150300373563,0.06583543369000167,0.01995493923303403,0.06579660657703511,0.1793422848655404,0.17279926425976327,0.057335453958933705,0.08455103876134226,0.0845444789945647,0.17300526053276263,3.30816649553749,1.2398592004059608,1.2528998570762988,1.7073500402152222,1.7052189649430927,1.7728254905564007,1.767025098902418,0.7261095736159908,0.6519912759207146,1.3268047672277032,0.40215894420620485,1.3260222706951477,3.614348462342479,3.4824846551912763,1.1555016710618375,1.7039869719828435,1.703854770684173,3.4866361708983593
auth_african_m_9157_frame_0057_subdiv_auth_african_m_9157_head.glb,pca_gnm_variation_001,african,male,9157,0057,0.05021524450787858,0.16148570696096795,0.05849423312280795,0.06257626607940492,0.08560200033556141,0.08334237683183544,0.0886103054034823,0.08678988207023967,0.03634973326976006,0.03246373168271602,0.06354891830468534,0.02352351400557424,0.06044590709029402,0.17636287959987088,0.16945980303254982,0.05310808307740576,0.08455004391323716,0.08454499680164199,0.17262481898278678,3.215870171370598,1.1648700249508976,1.2461607364987926,1.704701454199447,1.6597026988240462,1.7646096573238768,1.7283572532763964,0.723878448188317,0.6464915585071498,1.2655303967446532,0.4684536386531682,1.2037361897303973,3.512138222730355,3.374668483511262,1.0576087719551641,1.6837525086624159,1.683651999113082,3.437697469653914
auth_african_m_9158_frame_0058_subdiv_auth_african_m_9158_head.glb,pca_gnm_variation_001,african,male,9158,0058,0.0466216599181832,0.15503538064067746,0.06271209231520188,0.05495749511920095,0.08372226541548294,0.07987185731638666,0.0886686145921315,0.08661985384651588,0.03627905481181649,0.031122732189136006,0.06670167292352897,0.01778962091002974,0.06102063973779095,0.18021316086068637,0.16993645270454039,0.054405007623092944,0.0842179929586626,0.08420832508937107,0.17134504026792613,3.325393838673924,1.3451278316828688,1.1787974777313033,1.7957804497396266,1.7131920540056822,1.901875968117328,1.8579315708305089,0.7781587973376098,0.6675595043967458,1.4307013744380697,0.38157416405269395,1.3088474293896155,3.865438536014037,3.645010774021421,1.1669470310273984,1.8064134375836804,1.806206068963419,3.6752239317223196
auth_african_m_9159_frame_0059_subdiv_auth_african_m_9159_head.glb,pca_gnm_variation_001,african,male,9159,0059,0.0488111029044977,0.16219962324338874,0.06072436828154596,0.060970249840843996,0.08531164569483886,0.08540066530961614,0.0875328592357706,0.08740791870430951,0.03625627673347678,0.03238684634971759,0.06401495457025298,0.020552498119557772,0.062303562612280025,0.17665234212384737,0.17077337261470452,0.05595912157400954,0.08344434993242456,0.08343017415021313,0.16969247162662152,3.323006725759578,1.2440687603465421,1.2491061707852926,1.7477918059290116,1.749615563424339,1.7932981233190879,1.7907384489002256,0.7427874925181407,0.6635139225000651,1.311483469150506,0.4210619489539123,1.2764219389629703,3.6191016308211656,3.4986583472378086,1.1464424740309072,1.7095362523499869,1.7092458310858092,3.4765137751268718
auth_african_m_9160_frame_0060_subdiv_auth_african_m_9160_head.glb,pca_gnm_variation_001,african,male,9160,0060,0.05615889890450607,0.16028399615504219,0.059375510178614636,0.05264961604232071,0.08476256066562557,0.08147687318785618,0.09090082196733139,0.08926241809619331,0.03619837845617104,0.030479593414088117,0.06358476366182363,0.02157202468788034,0.06389296245193818,0.1816785484737294,0.1706564383928033,0.05290882828759136,0.0842420989093009,0.0842128500776532,0.171783604324949,2.854115719533478,1.0572769647705909,0.9375115443742473,1.5093344477739465,1.4508274695057928,1.6186361153893225,1.5894616852794292,0.644570658654181,0.5427384441051157,1.1322295291071263,0.3841247800203833,1.1377175069009684,3.2350803170599898,3.038813825089263,0.9421272375293324,1.5000667846523872,1.4995459619115883,3.0588848370594643
auth_african_m_9161_frame_0061_subdiv_auth_african_m_9161_head.glb,pca_gnm_variation_001,african,male,9161,0061,0.05194739057440275,0.16204462138112669,0.055174039695679175,0.06269758001331986,0.0810359721583627,0.08491019375264261,0.08768543221196173,0.08893055044384951,0.036104249753751184,0.03185273178544036,0.06611908225091256,0.022539149443838256,0.06707323368630055,0.1796698497755105,0.1728636271983398,0.05549827564301807,0.08437540141984506,0.08436503151399571,0.17241025722410178,3.119398676032338,1.0621137863826864,1.206943781392059,1.5599623246195053,1.6345420398167678,1.6879660603235194,1.7119348914451602,0.6950156563117469,0.6131728934453139,1.2728085380190965,0.4338841507651107,1.2911761869969867,3.4586886422750065,3.3276671895723466,1.0683554078338062,1.6242471563416956,1.6240475331126039,3.3189397064548127
auth_african_m_9162_frame_0062_subdiv_auth_african_m_9162_head.glb,pca_gnm_variation_001,african,male,9162,0062,0.050150282858377956,0.16307811688608959,0.06320196222614217,0.05958920418091176,0.08365173582545711,0.08620962786201233,0.08729634923098456,0.0893837853706661,0.03620092053033835,0.032312902298625476,0.0621668457317994,0.02148250735512836,0.06358364219292471,0.17864618455534137,0.17121360218891674,0.05531983254255404,0.08428687138882547,0.08427863964512348,0.17162547261564276,3.251788576080708,1.2602513609867674,1.1882127235291748,1.6680212165838761,1.7190257551580372,1.7406950520599325,1.7823186685323733,0.7218487806453265,0.6443214366282957,1.2396110687422373,0.42836263587573276,1.2678620850949522,3.562216888383856,3.4140106980536062,1.1030811670349827,1.6806858622681677,1.680521720747267,3.4222234219556653
auth_african_m_9163_frame_0063_subdiv_auth_african_m_9163_head.glb,pca_gnm_variation_001,african,male,9163,0063,0.05176929320853695,0.16610019597775788,0.06261313057020959,0.062332416767727584,0.08381250216204839,0.08410844208169975,0.08738393239722199,0.08722204611755116,0.0360024799572515,0.03156167283212244,0.06308130996613467,0.024365487156813304,0.06437908348245498,0.1809221208449727,0.17034623534699336,0.05487256878277448,0.08430947428599181,0.08430036900623195,0.17217554903133805,3.2084694552168878,1.209464659252571,1.2040422595039164,1.6189616849593649,1.624678199543778,1.6879491100104889,1.6848220385432635,0.6954408245873936,0.609660106909047,1.2185082325159566,0.4706552020840675,1.2435766357312104,3.4947767224903497,3.2904879473784785,1.059944329580412,1.6285614320901884,1.628385550226722,3.3258238303115495
auth_african_m_9164_frame_0064_subdiv_auth_african_m_9164_head.glb,pca_gnm_variation_001,african,male,9164,0064,0.04515238115850831,0.15972656626126047,0.06237894045957548,0.062411431248289635,0.08261693704023695,0.0826166598141065,0.085800376465454,0.08569589307290412,0.03592311407150776,0.031945579249049984,0.06359742592422818,0.02088763036455714,0.06468582145211987,0.17829942704661614,0.17258895027843016,0.05753900076035365,0.08394834139703754,0.08393622996749704,0.1710341349679972,3.53750039672409,1.3815205058752715,1.38224008672307,1.8297359944364529,1.8297298546466267,1.9002403475522172,1.8979263302209253,0.7955973339567401,0.7075059704360753,1.4085065791097082,0.46260307493486796,1.4326115210854338,3.948837746135526,3.8223665253124373,1.2743292664535646,1.8592229079200775,1.858954673350167,3.7879316788981416
auth_african_m_9165_frame_0065_subdiv_auth_african_m_9165_head.glb,pca_gnm_variation_001,african,male,9165,0065,0.05459973827905609,0.1631329943955165,0.058302157626436354,0.058255390599080525,0.08685518037224901,0.08699559650885859,0.0889349583773733,0.08890985593703855,0.036018479630900144,0.0330758662587784,0.06375942043468079,0.02068633530913167,0.061967925601789195,0.17861198642230094,0.16943682837960872,0.05371952433152102,0.0847388056679637,0.0847383647392346,0.17289742082727771,2.9877981019204385,1.067810203200195,1.06695366013186,1.5907618444677742,1.5933335809089257,1.6288531993108077,1.6283934454525302,0.6596822762558272,0.6057880001132893,1.1677605505874422,0.378872426153492,1.1349491326327377,3.271297483321723,3.103253490220538,0.9838787881539587,1.5520002171964375,1.5519921415399784,3.1666346080929735
auth_african_m_9166_frame_0066_subdiv_auth_african_m_9166_head.glb,pca_gnm_variation_001,african,male,9166,0066,0.05307295198640416,0.16416246607564802,0.05999377428301692,0.06029876027946373,0.08685159242230404,0.08675355521624842,0.08972933753308923,0.08957349709714524,0.036169733499139586,0.03307949938422332,0.06245878353032248,0.022393268058389707,0.05869171239227065,0.18014346074052504,0.16688460563049912,0.050720227656499216,0.08446954853453029,0.08447024643533363,0.17169988161236044,3.093147449527623,1.1304020605144725,1.1361486034338286,1.636456785832321,1.6346095698327145,1.6906792287731693,1.6877428849273641,0.6815097360404088,0.6232835775311195,1.176847738680952,0.42193371991304063,1.1058686241403315,3.3942611819797186,3.1444379742293287,0.9556699930595975,1.5915743400926536,1.5915874899322087,3.235167353350634
auth_african_m_9167_frame_0067_subdiv_auth_african_m_9167_head.glb,pca_gnm_variation_001,african,male,9167,0067,0.05423106335468716,0.1535216493549702,0.05353008245302837,0.053331277541544375,0.08255976821332217,0.08281329754000206,0.08677724962801038,0.08667150747443772,0.03593478749352628,0.030678341892364937,0.06454024056649595,0.019970822139685967,0.06034857903716119,0.18188934029080311,0.16889963133655675,0.05404186511671818,0.08420336575259187,0.08419887150962038,0.1715600118137832,2.8308803084109435,0.9870741811372171,0.9834082948501689,1.5223704479729068,1.5270454314786097,1.6001391870275816,1.598189342288579,0.6626236933342458,0.5656968533277603,1.190097272192207,0.3682542975244814,1.1128046419164543,3.3539696446885645,3.114444395676023,0.9965112570865231,1.5526777559546825,1.552594883838713,3.1635007908978308
auth_african_m_9168_frame_0068_subdiv_auth_african_m_9168_head.glb,pca_gnm_variation_001,african,male,9168,0068,0.04940157452819249,0.15475270792564844,0.06035963009172289,0.05330743189080929,0.08431654300295317,0.08108410606152103,0.08895209752629946,0.08639632547523098,0.03612309479631828,0.03111536325400233,0.06893726382332031,0.019096897662866562,0.06038876211620708,0.18272111565870947,0.16911231782460018,0.05403254968970034,0.08387340622476008,0.08386325334717164,0.17076440164297388,3.132546065658983,1.2218159171683254,1.0790634185229826,1.7067582118224875,1.6413263511519849,1.8005923571431164,1.7488577297455634,0.7312134307724047,0.629845577821521,1.395446693383815,0.38656455477888346,1.2224056154676692,3.6986901207862144,3.423217163414319,1.0937414486427965,1.6977881176012963,1.6975826003139343,3.456659089793222
auth_african_m_9169_frame_0069_subdiv_auth_african_m_9169_head.glb,pca_gnm_variation_001,african,male,9169,0069,0.05081928984691813,0.16715833553765677,0.06299526664478439,0.06314965337024965,0.0845038530313223,0.08456126721956857,0.08523266362138705,0.0849627359727166,0.0359649263102776,0.03177779466235652,0.06689632278489735,0.02228106356512517,0.06353699627342034,0.18163397168091075,0.17021700962902084,0.058213678854191056,0.08502083260407509,0.08501770390541298,0.17304612697385424,3.2892694101232873,1.239593603817442,1.2426315590098567,1.6628302616166315,1.6639600331742275,1.6771714811075007,1.6718599616139471,0.7077022606694031,0.6253096955522224,1.316356898854898,0.43843712952782193,1.2502535250848936,3.5741147156531095,3.3494566756395443,1.1455035879003206,1.6730031619918646,1.6729415968131394,3.4051268228091622
auth_african_m_9170_frame_0070_subdiv_auth_african_m_9170_head.glb,pca_gnm_variation_001,african,male,9170,0070,0.048979563104260965,0.16576003794428829,0.062478420410125704,0.0625491092069319,0.08545092229982858,0.08550323487065621,0.08855074213534596,0.0884225137083708,0.036271678690980684,0.03295299295197617,0.06444049318138835,0.018697977564792405,0.06353922202388224,0.18184051670393483,0.17132592336581579,0.05510089810332711,0.08463241389094499,0.08462523631972248,0.1729310304210402,3.3842694266472138,1.275601831668654,1.2770450621167433,1.7446240203885117,1.7456920693361162,1.8079120458230977,1.805294047236581,0.7405472076949833,0.6727906674428755,1.315660840914736,0.38175059922422583,1.2972598773212547,3.7125793939169633,3.497906320665227,1.1249773295453023,1.7279127972373116,1.7277662550722206,3.5306772756002003
auth_african_m_9171_frame_0071_subdiv_auth_african_m_9171_head.glb,pca_gnm_variation_001,african,male,9171,0071,0.049828208812233245,0.16329101021007486,0.06165198517813835,0.061676576930253045,0.08436108700920528,0.08457437008662043,0.08795073438845907,0.0878352788806725,0.03594587455691624,0.0317721737329337,0.06335540927058676,0.026190758645084435,0.060779872922043954,0.17782512314739857,0.1687810407401329,0.05353812350402619,0.08386186014691985,0.08385248209350152,0.17057552941444726,3.277079672388014,1.2372908167431913,1.2377843474700805,1.6930387228467647,1.6973190909856006,1.7650791887760258,1.7627621175720087,0.7213960809301904,0.6376342736432734,1.2714767554524753,0.5256211144128943,1.2197884365275835,3.56876410744552,3.3872588391878082,1.0744541050185639,1.6830197622181244,1.6828315545012131,3.4232723487457477
auth_african_m_9172_frame_0072_subdiv_auth_african_m_9172_head.glb,pca_gnm_variation_001,african,male,9172,0072,0.04851739638571732,0.1629472782140732,0.06248532845225952,0.06183182317976676,0.08240022294964976,0.08275107478436113,0.08726271415553152,0.08723957134186894,0.03578908615520266,0.03050450729169363,0.06557128184012112,0.020242292032849957,0.06037644824280507,0.17946291723172125,0.1687148520760821,0.053844136665626784,0.0846532158975533,0.08462493023192164,0.17392893892440153,3.358533028413744,1.2878953346032007,1.2744258304423148,1.6983644854839524,1.7055959500893914,1.7985860877979873,1.7981090874767296,0.7376547140056005,0.6287333938775336,1.3515004251016276,0.41721719508446126,1.244428859347837,3.698939568087624,3.477409437530099,1.1097903159840121,1.7448012919851104,1.7442182914999484,3.584877835192393
auth_african_m_9173_frame_0073_subdiv_auth_african_m_9173_head.glb,pca_gnm_variation_001,african,male,9173,0073,0.050887801147894415,0.16132811243146006,0.05938940173972974,0.059608526365407845,0.08545879329900918,0.08537220090420967,0.0882571671228152,0.08802515102534246,0.035039386109834716,0.031658252321560956,0.06354321714518552,0.020926583401562344,0.05909839541979658,0.17852405461287738,0.16835672746386077,0.052821432722998746,0.0846266597035767,0.08460377538787195,0.17243536580198163,3.1702708466926035,1.1670655913610268,1.1713716258277407,1.6793571616631977,1.67765552801336,1.7343482157209895,1.7297888499744045,0.6885616065036942,0.6221186926421339,1.2486925296793796,0.41122986117524996,1.1613470043250609,3.5081895972285326,3.308390688262758,1.0379979392209273,1.6630048419193348,1.6625551405137222,3.388540316388115
auth_african_m_9174_frame_0074_subdiv_auth_african_m_9174_head.glb,pca_gnm_variation_001,african,male,9174,0074,0.04939718764436736,0.16233097549067296,0.06061201200469063,0.06075657663049943,0.08477666374324633,0.08489170090460225,0.08814142079994693,0.0880824018847693,0.03582721595849023,0.03155435203584944,0.0625197717746727,0.02271165290585249,0.060367514574932044,0.1786824167358698,0.16927970299672268,0.05362423838808348,0.08460197036372628,0.08460388558845193,0.17285278440425175,3.286239221944514,1.2270336611279138,1.2299602371680234,1.7162245015564808,1.7185533216136901,1.7843408704664885,1.78314608756503,0.7252885774879841,0.6387884319047363,1.2656544786472612,0.45977623401080897,1.2220840386611687,3.617258901909257,3.426909730477849,1.0855727004976188,1.7126879969931494,1.712726768931735,3.4992434316037775
auth_african_m_9175_frame_0075_subdiv_auth_african_m_9175_head.glb,pca_gnm_variation_001,african,male,9175,0075,0.049436751078099535,0.1656808719417237,0.062445762597681254,0.06239880702301797,0.08545167804516209,0.08558334053221862,0.0880026622088376,0.08796849030442191,0.036202101209113845,0.0332164956692476,0.06642513552492833,0.018218407703901592,0.06283981720938214,0.18071633587262834,0.17021916549786634,0.054783032640104985,0.08471820248497516,0.08471745746727974,0.1730656996406917,3.35137055588429,1.2631445480515144,1.2621947369567459,1.7285051339673725,1.731168385175943,1.780106101022135,1.7794148763022561,0.7322912695440329,0.6718988393224428,1.3436387722969654,0.3685195185080101,1.2711154321227263,3.655505912739594,3.443170551983813,1.1081438695993486,1.7136684882697582,1.71365341815129,3.5007498645549093
auth_african_m_9176_frame_0076_subdiv_auth_african_m_9176_head.glb,pca_gnm_variation_001,african,male,9176,0076,0.04721394704246693,0.16165139247349725,0.06215502813862045,0.06230341721987264,0.08231398390987195,0.08238311426688778,0.08690810689943967,0.08671032660434443,0.03632359216515982,0.0307978063332807,0.06560002763935976,0.01998460467194937,0.06374283683769474,0.1801000982552602,0.17150252052250478,0.055617974650691716,0.08376795678709785,0.08376591635005043,0.17085851731692148,3.423805942936707,1.3164548196471406,1.3195977274222248,1.7434251755277743,1.7448893690838363,1.8407295374239636,1.836540514741379,0.7693402996468034,0.6523031490161029,1.3894205366976697,0.4232775678333792,1.3500848971673727,3.814552892459252,3.6324546297356917,1.177998835824205,1.7742205859584699,1.77417736913007,3.618814524514155
auth_african_m_9177_frame_0077_subdiv_auth_african_m_9177_head.glb,pca_gnm_variation_001,african,male,9177,0077,0.04987961160960973,0.14924178364503313,0.05312094008574641,0.05333544460236288,0.07919583942679036,0.07913826797684351,0.08331970294966393,0.08298652390493343,0.03568424802404196,0.030300556359743762,0.06439291312730251,0.02206968918285559,0.059272956354739885,0.1812571213032035,0.16727304053151731,0.05407772966490266,0.08484786455561406,0.08481583032171462,0.17383032321517505,2.992039810034937,1.0649830335790387,1.0692834783839287,1.5877396970655764,1.5865854890016196,1.6704160329430409,1.663736368968546,0.7154074956182515,0.6074737830137014,1.2909666103915025,0.44245912248850944,1.188320326522359,3.6338919942248067,3.3535353450765593,1.0841650109096705,1.7010530318417196,1.7004108008205527,3.484997529164505
auth_african_m_9178_frame_0078_subdiv_auth_african_m_9178_head.glb,pca_gnm_variation_001,african,male,9178,0078,0.05350553485208212,0.15787655112476984,0.051578148239431035,0.059770193477442196,0.08347648998358616,0.08731351362062502,0.08584154492681066,0.08760031958430974,0.03622233168527081,0.03385737026843717,0.06475124114919485,0.02067532965643778,0.05987062762188324,0.17999205742418756,0.16826149069598523,0.05355686104195925,0.08543924226123085,0.08543149860891444,0.17478203029794476,2.950658311541506,0.9639778086887756,1.1170843099256729,1.5601468187237033,1.6318594676607983,1.6043488802443064,1.6372197722438213,0.676982891310379,0.6327825777657775,1.2101783736617506,0.38641478332279894,1.1189613894599435,3.3639894998112205,3.1447492518512314,1.0009592687937616,1.5968299821211125,1.596685255928994,3.2666158890128965
auth_african_m_9179_frame_0079_subdiv_auth_african_m_9179_head.glb,pca_gnm_variation_001,african,male,9179,0079,0.05420424003571301,0.16388570757245965,0.059841867205655826,0.059794226371095084,0.08479882886386277,0.08497757237946882,0.08977526149391213,0.0895763299243773,0.03553483558260383,0.031989889476069386,0.06533872994765041,0.022578580333419793,0.06670864441086913,0.18019159887157224,0.1730416881110339,0.05594407601340742,0.08443192142632144,0.0844069028400376,0.17259012921096906,3.0234850163839933,1.1040071250187884,1.1031282115882273,1.5644316534646037,1.567729246337196,1.656240571489662,1.6525705344334507,0.65557298763328,0.5901731941079245,1.2054173235267451,0.41654638675025546,1.2306905210167594,3.3243081860911836,3.19240133238698,1.0320977837997194,1.55766267308042,1.5572011116552,3.184070639072816
auth_african_m_9180_frame_0080_subdiv_auth_african_m_9180_head.glb,pca_gnm_variation_001,african,male,9180,0080,0.048847716816603874,0.1652078874257854,0.06291633475080029,0.06321988518429285,0.08523246870199479,0.08516781726172808,0.08823745958756313,0.08811280722664869,0.036237247691504715,0.033373612409905634,0.06631985555671038,0.017224879924114186,0.06390512140774145,0.1784772128116787,0.17179495093701255,0.05520593605437082,0.08468312581849892,0.0846680841369098,0.17310810838143573,3.382100499109294,1.2880097341502426,1.2942239536322344,1.7448608503442546,1.743537319901482,1.806378380362094,1.8038265239184768,0.7418411760687917,0.683217447710096,1.3576858833690162,0.35262405382802375,1.3082519628843614,3.6537472873453183,3.516949452970493,1.13016410289223,1.7336148204518373,1.7333068903668838,3.543832131015679
auth_asian_f_9181_frame_0081_subdiv_auth_asian_f_9181_head.glb,pca_gnm_variation_001,asian,female,9181,0081,0.05341037103220296,0.15576357444096203,0.05121912921577904,0.058230661043697486,0.07913475268669207,0.08284589316290206,0.0818293384189163,0.08432116911502861,0.03403791617318985,0.029154958445346563,0.059323151436429446,0.02058895964978268,0.04946175730740613,0.1778435782545149,0.16031495697494838,0.046451910651458234,0.08336064555627032,0.08335403237276084,0.17264754325324677,2.9163544725620194,0.9589734769844093,1.0902500753755897,1.48163645294617,1.5511199709313273,1.5320870616977846,1.578741496931157,0.6372903897759336,0.5458669895359467,1.1107047243813652,0.38548617528548684,0.9260702809494419,3.3297574013722326,3.001569805202981,0.8697170559524997,1.5607576570851625,1.5606338387446104,3.2324722692742873
auth_asian_f_9182_frame_0082_subdiv_auth_asian_f_9182_head.glb,pca_gnm_variation_001,asian,female,9182,0082,0.04962170089233987,0.16115297496097214,0.060460133932777285,0.059767358381844625,0.08153136050666931,0.08173705997666407,0.08544498460010758,0.0854937956603845,0.037229993528868015,0.028268701262588448,0.05633529179552398,0.01875944383211434,0.051728542871015255,0.17513598518761944,0.16092999108273776,0.04687606123472951,0.08218059229164022,0.08218282961855967,0.1709765941301881,3.2476310175383247,1.2184212319515744,1.204460091191089,1.6430585618893074,1.6472039149565278,1.72192776675452,1.7229114303412,0.7502764487989413,0.5696842460906515,1.1352954611078334,0.3780491900673692,1.0424580766235003,3.529423257126909,3.2431373408963617,0.9446685702377,1.6561421880709148,1.6561872757418172,3.4456012400933607
auth_asian_f_9183_frame_0083_subdiv_auth_asian_f_9183_head.glb,pca_gnm_variation_001,asian,female,9183,0083,0.052340919866482497,0.14800632979691822,0.05267975250269001,0.05193716607542687,0.08194327342036693,0.08146465510562674,0.08475252549555697,0.08446900621278272,0.03216841299547483,0.02975564726862367,0.058942620369209234,0.02090887645225442,0.04773507828151443,0.1793156788171028,0.15990892932983486,0.04620202127952565,0.08419975634681047,0.08419114519954382,0.17471780628827932,2.82773650471697,1.0064735705270722,0.992286077659973,1.5655680799916714,1.5564238326998563,1.6192402753286317,1.613823494662616,0.6145939558864055,0.5684968346855185,1.1261288590182814,0.3994747609631488,0.9120030447168831,3.4259176047062754,3.0551417464146553,0.8827132078951481,1.608679338490751,1.6085148181252584,3.3380729023099036
auth_asian_f_9184_frame_0084_subdiv_auth_asian_f_9184_head.glb,pca_gnm_variation_001,asian,female,9184,0084,0.05272769808479046,0.14901297728585433,0.052501524235967774,0.052191182123789995,0.08129947481428616,0.0809151194746091,0.0837655452291013,0.08351771546645989,0.033399244777628186,0.029490893305308186,0.05924509589994235,0.020244739457520824,0.04913326517899783,0.1783646197369126,0.16161108739427657,0.04782306536600324,0.08430922417070348,0.08429846462040377,0.17546516657778932,2.826085391519069,0.9957105305742917,0.9898247793761505,1.5418741528133837,1.53458471379674,1.5886440764851792,1.5839438947658318,0.6334288427292892,0.5593055334576603,1.1236048234965876,0.38394885786528404,0.9318302706859592,3.382749981804395,3.0650131385290647,0.9069818539982502,1.5989551456452231,1.5987510868546722,3.327760796529121
auth_asian_f_9185_frame_0085_subdiv_auth_asian_f_9185_head.glb,pca_gnm_variation_001,asian,female,9185,0085,0.04749386319799713,0.14839699230261783,0.054480282153490316,0.05300699421587156,0.07933084010702168,0.07870825317221437,0.08211472255337639,0.08208760311936387,0.033587542416264084,0.029703578570727508,0.05886881445848831,0.02042670413937625,0.050033273157118946,0.1740516592923626,0.1599263384612567,0.04712823146832881,0.0824018313688829,0.08239515317253625,0.1713384092029115,3.12455088532103,1.1471015092279924,1.1160809133359133,1.6703387504254898,1.6572299634604917,1.728954374822035,1.7283833655971284,0.7071975231040062,0.6254192977921439,1.2395036009825133,0.4300914426400602,1.0534681701620117,3.6647189251958463,3.3673053252067517,0.9923014952870008,1.7349995519496482,1.7348589401758951,3.6075904899253812
auth_asian_f_9186_frame_0086_subdiv_auth_asian_f_9186_head.glb,pca_gnm_variation_001,asian,female,9186,0086,0.04611179914535583,0.15058004665662178,0.057289242751583695,0.05707846554622906,0.08051071200114969,0.07979075914345415,0.0840373122041345,0.08344848915170892,0.032829728251616,0.028602281332617385,0.0590356529731608,0.020893201939485354,0.0472745436494158,0.17994809909480894,0.1598323689292649,0.04626286921298405,0.08416854279294116,0.08416696602514427,0.1753518804963984,3.2655426473809035,1.242398774573809,1.2378277708554284,1.745989388688998,1.730376186189003,1.8224687338533039,1.809699267830747,0.7119593869701017,0.6202811831838505,1.2802721660689442,0.4530988234404994,1.0252157696210185,3.9024306669875943,3.4661924256183023,1.0032761694496457,1.8253146559651907,1.825280461511144,3.802755124423703
auth_asian_f_9187_frame_0087_subdiv_auth_asian_f_9187_head.glb,pca_gnm_variation_001,asian,female,9187,0087,0.053658914292150944,0.14731136319915872,0.05106439263897808,0.05144422451597412,0.08289477056641759,0.08275877257705427,0.08553664154964356,0.08537255655707511,0.03543806327763727,0.030463482724069364,0.05913395351541075,0.0211179563740083,0.05027138815016504,0.1802473292394849,0.16203728524214453,0.048229960499825815,0.08342443028507911,0.08344245175051125,0.1726391992249734,2.7453288077561226,0.9516478913634601,0.9587265265167547,1.5448462135310697,1.5423117233879622,1.5940807352890403,1.5910228092252536,0.660431984976279,0.5677245454167802,1.1020341036617038,0.3935591439481914,0.9368692753725466,3.359131126994325,3.0197645140547844,0.8988247551419567,1.5547170751697854,1.555052927388748,3.2173442475004848
auth_asian_f_9188_frame_0088_subdiv_auth_asian_f_9188_head.glb,pca_gnm_variation_001,asian,female,9188,0088,0.05146407994276164,0.14939674831650115,0.05347250190172988,0.05305214201803505,0.08129694329287344,0.08088087470359116,0.08395816558132292,0.08373110852302028,0.03168153377344241,0.0287820164025763,0.0591131254303441,0.02070250096024594,0.0465163079953703,0.17825313664054387,0.15822827249417348,0.044879948988131926,0.08419774247536312,0.0841872753435847,0.1753379405201729,2.9029324624604236,1.0390257041649633,1.0308576793180728,1.5796832156193585,1.571598575036159,1.6313935015393495,1.6269815493864075,0.6156047831551369,0.5592641787162553,1.1486288202585129,0.4022708845328871,0.9038597026723444,3.4636417640963764,3.074538059752647,0.8720635642966398,1.636048726976327,1.63584533984126,3.4069965054302687
auth_asian_f_9189_frame_0089_subdiv_auth_asian_f_9189_head.glb,pca_gnm_variation_001,asian,female,9189,0089,0.051661309165897486,0.14883754142777156,0.05319369540467577,0.05262374664040399,0.08081730984268669,0.08052353542666449,0.08344499904291644,0.0833176609674855,0.03214433106808253,0.02903058296701836,0.0588771230703981,0.020654678771204426,0.04865912065894276,0.17848170550865486,0.15966656972875987,0.04624094562999962,0.08358076196066037,0.08357422690852394,0.17399126291308947,2.881025352064089,1.0296621642679904,1.0186297538727846,1.5643682118693882,1.5586816657720213,1.6152319867650569,1.6127671232630107,0.6222128627220611,0.5619405205894772,1.1396753977203484,0.3998094338816898,0.9418870997381437,3.4548428677156653,3.0906411840247845,0.8950788583678414,1.6178599286414033,1.617733430644315,3.367922062415408
auth_asian_f_9190_frame_0090_subdiv_auth_asian_f_9190_head.glb,pca_gnm_variation_001,asian,female,9190,0090,0.05128506660668456,0.14689818123492812,0.051421234186395395,0.05097119569752327,0.08004913717760273,0.07948832687210179,0.08433321384929282,0.08412184122505945,0.03406114810289551,0.02912131224263561,0.059304908111247424,0.021814841411679702,0.050277490240338854,0.17967658500907632,0.16149765593689538,0.04722186216945477,0.0833037109523615,0.08330803521322283,0.17350569373754934,2.8643461138798876,1.0026551116868996,0.9938798771274213,1.560866397844729,1.5499312398619598,1.6444009812068905,1.64027945737512,0.6641533365671,0.5678322008621493,1.1563777145122698,0.42536439659876213,0.9803534160524152,3.503487406715331,3.1490191321277443,0.9207721719776379,1.6243268550518677,1.6244111731808564,3.383162101907739
auth_asian_f_9191_frame_0091_subdiv_auth_asian_f_9191_head.glb,pca_gnm_variation_001,asian,female,9191,0091,0.05299667026574144,0.16277442041711038,0.059698558833749554,0.059308124365601234,0.08290958798892484,0.08294616556130305,0.08534558903081921,0.08506509721380474,0.0364043126154862,0.029388272327729118,0.059917401457600716,0.02169943013098039,0.053602810348900444,0.17906310411266832,0.16272315133373952,0.048650813283456336,0.08278991828845444,0.08277936572412328,0.17143702508270034,3.071408441339991,1.1264586724864563,1.1190915215656425,1.564430134444125,1.5651203206802564,1.6103953060233869,1.6051026750786879,0.6869169786128806,0.5545305427749965,1.1305880380249669,0.40944893371928537,1.0114373238944945,3.3787614054768236,3.070441039367117,0.9179975466289929,1.5621720737042646,1.5619729562072926,3.234864081518007
auth_asian_f_9192_frame_0092_subdiv_auth_asian_f_9192_head.glb,pca_gnm_variation_001,asian,female,9192,0092,0.05257472567172836,0.14921923575054744,0.05283578042781201,0.05288056479480697,0.0816236064727389,0.08136592838123519,0.08470256336137996,0.08451476338617843,0.03288245262579959,0.029004368343775976,0.05895190527381307,0.02023084851013767,0.050386279161151376,0.17867827419025187,0.16171943254687776,0.048037365186645496,0.08375840672412214,0.08375467918137611,0.1734856218112656,2.8382313715198113,1.0049654040558127,1.005817227178478,1.552525580112182,1.547624402061104,1.611089021942878,1.6075169638331668,0.6254422102193082,0.5516789288616839,1.121297439418005,0.38480178929429293,0.9583745519807095,3.3985583739590424,3.0759919425284057,0.9136969251458634,1.5931306469785833,1.59305974707947,3.299791289344874
auth_asian_f_9193_frame_0093_subdiv_auth_asian_f_9193_head.glb,pca_gnm_variation_001,asian,female,9193,0093,0.04959971267259286,0.1643472231584531,0.06147925135293013,0.061372575072146225,0.08217505528688876,0.08210931964955263,0.08616731312124622,0.08619554572117358,0.03500195612445298,0.028993388417604644,0.05916457787346373,0.02193609737625014,0.05225210332217209,0.1789490282745473,0.1626140936285843,0.04806965589051762,0.08286732730854435,0.08286897854462011,0.17268294843957432,3.313471274386351,1.2395082156776587,1.2373574717512155,1.6567647443711089,1.6554394214247836,1.7372542798793145,1.7378234888203767,0.7056886872611642,0.5845475075428294,1.1928411413188709,0.442262589726075,1.0534759277153,3.6078642119519486,3.2785289443509096,0.9691519023068716,1.670721922434322,1.6707552136770891,3.4815312253813344
auth_asian_f_9194_frame_0094_subdiv_auth_asian_f_9194_head.glb,pca_gnm_variation_001,asian,female,9194,0094,0.05245894195621374,0.15371236745389158,0.05544194617586626,0.05350250440149649,0.08188175706563608,0.08139228341163951,0.0841361907654766,0.08393988071124651,0.03559718177371051,0.028918380410476337,0.05706377155796859,0.02165119819124538,0.04942332745669879,0.17625521128160446,0.16048444720120913,0.04755090274170785,0.08288729514808225,0.08289305790251539,0.1725483760950669,2.930146162349056,1.0568635986242796,1.0198929373404784,1.5608732088798298,1.5515426041107683,1.6038484122631202,1.6001062465443772,0.6785722404280027,0.5512574087867391,1.0877796888392905,0.4127265511629482,0.9421335164927896,3.3598697325752505,3.059239115709992,0.9064403697161387,1.5800413057752165,1.5801511584374746,3.289208086565852
auth_asian_f_9195_frame_0095_subdiv_auth_asian_f_9195_head.glb,pca_gnm_variation_001,asian,female,9195,0095,0.05320731955226032,0.15236616794379537,0.05328531149976786,0.053202011705420264,0.08141675295155561,0.08123616312989829,0.08379402659069007,0.08371654304470047,0.03439037041696154,0.02917299129125676,0.05797802205731791,0.021055555864970425,0.05015477456874192,0.18029057987812813,0.16294387483467232,0.04972531419936121,0.0836862938375982,0.08369656035188504,0.17480042591758332,2.863631718830359,1.001465812376264,0.9999002421680943,1.5301795624488834,1.526785483905236,1.5748590099222617,1.5734027526508632,0.6463466061879561,0.5482890612935877,1.0896625228484176,0.3957266790011781,0.9426292282865296,3.3884544719650167,3.0624334434781773,0.9345577754677328,1.5728342367519825,1.5730271897962862,3.2852702859029397
auth_asian_f_9196_frame_0096_subdiv_auth_asian_f_9196_head.glb,pca_gnm_variation_001,asian,female,9196,0096,0.04484156892863478,0.14986647275105722,0.05535418649914656,0.05603716311917381,0.0777451609790686,0.07712107323495317,0.08138119661464635,0.08127685368254807,0.033045431756116135,0.028789551409739187,0.058901264349477574,0.020451472915092247,0.049987891086828065,0.18035454310394397,0.1603741656650627,0.047469402980504546,0.08314757564500418,0.08315026539067648,0.1720525994919516,3.3421326758117953,1.2344391113353455,1.2496699927773889,1.7337743267368675,1.7198567105823421,1.814860598302532,1.8125336740982443,0.7369374565976458,0.6420281916441789,1.3135415587982382,0.45608290262191103,1.1147667729107258,4.022039090357826,3.5764619636814605,1.0586026339990904,1.8542521511085683,1.854312134417283,3.836899635821681
auth_asian_f_9197_frame_0097_subdiv_auth_asian_f_9197_head.glb,pca_gnm_variation_001,asian,female,9197,0097,0.05232004474898184,0.15078236960665145,0.052686349301882755,0.05180099305592629,0.08106483541920571,0.08079105437290132,0.08477794552551304,0.08464720377735299,0.03478822654172402,0.028936360658119484,0.058379051694856035,0.021544203014646147,0.050309101123616494,0.17829254278130344,0.16239106974967435,0.0486798041303592,0.08343846164168953,0.08344821065449164,0.17461258937035626,2.8819235597000463,1.0070012278211602,0.9900792956973599,1.5494030215022563,1.54417020781454,1.6203721906633661,1.6178733061767927,0.6649120181113952,0.5530645242554498,1.1158066086323848,0.4117772283645725,0.961564566027928,3.407729172188314,3.103802195292169,0.9304235950850659,1.5947704563710883,1.5949567905542656,3.337393731372033
auth_asian_f_9198_frame_0098_subdiv_auth_asian_f_9198_head.glb,pca_gnm_variation_001,asian,female,9198,0098,0.05146155263518636,0.14981805040463128,0.0534982114752556,0.051550041822831086,0.07983819379145779,0.07906749778534726,0.08552658239982419,0.08517802655690872,0.035440311162306545,0.029273190770528573,0.061674634056423795,0.02171980449448225,0.05394035441847774,0.18005140126121097,0.16370255613573667,0.04832223599690248,0.08259730003679455,0.08259936772472184,0.17109047624180648,2.911261762090609,1.0395763193253655,1.0017195203625515,1.5514143997448915,1.5364382482950114,1.6619510687158354,1.655177937609854,0.6886755130290134,0.5688361363297325,1.198460421387565,0.42205886496381245,1.0481680333444996,3.4987557125919766,3.1810652371146406,0.9389968534268941,1.605029304543746,1.6050694838197572,3.3246271727298207
auth_asian_f_9199_frame_0099_subdiv_auth_asian_f_9199_head.glb,pca_gnm_variation_001,asian,female,9199,0099,0.05189992555941757,0.15079145455916482,0.05447467583184993,0.0541544158562117,0.08208528425957111,0.08163374610572413,0.08476211675727614,0.08440186884091475,0.03241475528731037,0.028968712622677445,0.05880475255259138,0.020778371441819113,0.048330029856668205,0.18069719525957473,0.1608648524727366,0.04716326504756365,0.08447569985814367,0.08447356446139045,0.1766628995665335,2.9054271838315335,1.049609902994652,1.0434391817038944,1.5816069748615702,1.5729068052759696,1.6331837828984233,1.6262425799491247,0.6245626547228932,0.558164820285005,1.1330411733494459,0.40035455191609126,0.9312157837555591,3.4816465209127085,3.0995199075684736,0.9087347339943453,1.6276651449419088,1.6276240004367828,3.403914315142537
auth_asian_f_9200_frame_0100_subdiv_auth_asian_f_9200_head.glb,pca_gnm_variation_001,asian,female,9200,0100,0.04562851681268846,0.1466442053037557,0.053626010777694084,0.053782290180286144,0.07846781196526217,0.07783029263008813,0.08250346999109848,0.08226282022146729,0.03198315580237177,0.029103049633035817,0.05908873156061943,0.019950185290788295,0.048648004470739484,0.17679070995638185,0.1600377235902993,0.04690064764499574,0.08279047646006997,0.08279601341568649,0.1712456941697805,3.2138718404052224,1.175274028692111,1.1786990666619754,1.7197098973736904,1.7057379478187409,1.8081558585344104,1.8028817495683203,0.7009466455740205,0.637825896303138,1.2949956669244163,0.4372306330421968,1.0661754505509449,3.8745662209914213,3.5074057797512217,1.0278801705856353,1.8144459264353614,1.8145672750130335,3.753040995673131
auth_asian_f_9201_frame_0101_subdiv_auth_asian_f_9201_head.glb,pca_gnm_variation_001,asian,female,9201,0101,0.0502449387570065,0.1486543282401441,0.05313077884553722,0.052042010150722434,0.07954092700297051,0.07885834814188306,0.08313681448806276,0.08265738342577847,0.03567521886933383,0.02859121293137921,0.05879798586439869,0.021096049672647315,0.050942588780009644,0.1776713133099917,0.1611896349845463,0.04786783811554585,0.08324158415397832,0.08324256099227388,0.17328441144534673,2.958593082560275,1.057435438472463,1.035766217218552,1.5830634680966502,1.569478440868564,1.6546306263826343,1.6450887486503734,0.7100261190856567,0.5690366759058345,1.1702270381651025,0.41986417327865755,1.0138849810600248,3.536103689353507,3.2080770515830097,0.9526897494500542,1.656715804880358,1.6567352464066036,3.4487933657035805
auth_asian_f_9202_frame_0102_subdiv_auth_asian_f_9202_head.glb,pca_gnm_variation_001,asian,female,9202,0102,0.048313578781555816,0.16018173832891242,0.06084087146512337,0.060496885169042114,0.08162245460026847,0.08154845397872862,0.08446190167795899,0.08431664361735867,0.03725513742949364,0.02851146336465763,0.05791475039252341,0.020815617455000796,0.049496159161864665,0.17495586730443557,0.16000602539270312,0.04716397635078026,0.08222487660421991,0.08221770145561348,0.17055641860473758,3.315460008730783,1.2592913420926286,1.2521714742468508,1.689430935541224,1.6878992621813507,1.7482021371226415,1.7451955691087695,0.7711111113904101,0.5901335418261784,1.1987261522144357,0.4308440397080947,1.0244771844713834,3.621256626330209,3.3118230822053487,0.9762053969139122,1.701899935336814,1.701751423287254,3.5301963320889236
auth_asian_f_9203_frame_0103_subdiv_auth_asian_f_9203_head.glb,pca_gnm_variation_001,asian,female,9203,0103,0.0507396419347881,0.14916218026581712,0.05295153783393072,0.05255776093792187,0.08054693111479712,0.08023957463471128,0.0843326293893139,0.08414118978151215,0.03469903293069541,0.028590289646256612,0.05861658424833867,0.021626612632631048,0.053826835033758035,0.17800042033755445,0.16350581884213108,0.05005905426071307,0.08292364136923407,0.08292836977973843,0.17307651803180138,2.9397562650821265,1.0435930529818362,1.0358323183571232,1.5874556469735854,1.5813981253126943,1.6620659148068166,1.6582929357217888,0.6838643633964051,0.5634704652232586,1.1552423709192552,0.4262271432744072,1.060843809322456,3.508113450353575,3.222447234694186,0.9865866677784257,1.634296936423195,1.634390126093521,3.411070938463535
auth_asian_f_9204_frame_0104_subdiv_auth_asian_f_9204_head.glb,pca_gnm_variation_001,asian,female,9204,0104,0.048471612025003136,0.1596453215207792,0.0594797333439876,0.05950128347365215,0.08154921093538887,0.08128050568672551,0.08412638000851244,0.08393715640883585,0.03215386944844493,0.028880112154751884,0.059680466505686675,0.019687378715074758,0.05131960364312697,0.1774841175153828,0.1611376089139709,0.0478341997460394,0.08307555738019463,0.08303090270704455,0.17246253454684632,3.293583911309351,1.2271045021837965,1.2275490949828443,1.6824117772960243,1.6768682181396928,1.7355804045699468,1.7316766020807912,0.6633546545111597,0.5958149718613576,1.2312457542138617,0.40616306932229546,1.0587558675922466,3.6616095504278063,3.324370743660252,0.9868497817106858,1.7139012694139764,1.7129800152760482,3.5580111191244246
auth_asian_f_9205_frame_0105_subdiv_auth_asian_f_9205_head.glb,pca_gnm_variation_001,asian,female,9205,0105,0.0485782590210736,0.16272576354632295,0.06150388527581927,0.06160263270022463,0.08160127919197549,0.0813767194040415,0.08477396749666598,0.08471651375897038,0.033063667298455945,0.029002343825374373,0.05895271102971981,0.02066629274084104,0.04983059620582405,0.1769578309063221,0.16120021828147066,0.04767207496144388,0.08341383086457274,0.08340605771134718,0.1737766638435983,3.3497652411901244,1.266078416872421,1.2681111662215183,1.6797901126217032,1.67516747293763,1.74510098148825,1.7439182767381545,0.680626847580369,0.5970231212442781,1.2135616264910953,0.42542267173213955,1.0257797872955303,3.6427371929808463,3.3183613725543526,0.9813458926299394,1.7171021058697722,1.7169420928643209,3.577251785993663
auth_asian_f_9206_frame_0106_subdiv_auth_asian_f_9206_head.glb,pca_gnm_variation_001,asian,female,9206,0106,0.048991968548540564,0.1535433498511443,0.051099096931576646,0.05980387177323247,0.07701983961912662,0.08077210853669782,0.0811175218003318,0.08356860159961052,0.029216550978494196,0.02904561423830712,0.05883700034481016,0.020496012301999784,0.04857544259261473,0.17876850834301222,0.16009898861860822,0.046804242500566945,0.08354996791255667,0.08353677997382834,0.17342904958487276,3.1340514455755266,1.0430096696553104,1.2206872584427715,1.5720911386284964,1.6486806088771455,1.6557310147674855,1.7057612518021583,0.5963538890981047,0.5928648123116165,1.2009519537169704,0.4183545366561994,0.9914980767610277,3.6489349915770553,3.267861924347546,0.955345210392882,1.7053809101338013,1.705111724405629,3.5399485818383
auth_asian_f_9207_frame_0107_subdiv_auth_asian_f_9207_head.glb,pca_gnm_variation_001,asian,female,9207,0107,0.05367200358177916,0.14797345989852517,0.051454330443522496,0.04979362647822864,0.08048355166272955,0.07992793138994098,0.08477656783691309,0.0845420974554839,0.037772918132230895,0.028337445041736856,0.05752425962825802,0.019667558698326315,0.053768085402216406,0.17762108894320178,0.16283965695135552,0.04858266707522874,0.08297112324272173,0.08297011004088146,0.17253620925271684,2.75699526799033,0.9586810070379125,0.9277392896719218,1.499544386117393,1.4891922428078557,1.5795305220484346,1.5751619431659276,0.703773207845258,0.5279744214981569,1.0717740309546901,0.36643980820203914,1.0017901664559783,3.309380628441854,3.033977606281073,0.9051770724602095,1.545892042511511,1.5458731648514155,3.2146407389063874
auth_asian_f_9208_frame_0108_subdiv_auth_asian_f_9208_head.glb,pca_gnm_variation_001,asian,female,9208,0108,0.05059216393732224,0.14594679622365436,0.050891622163804766,0.049993279643409674,0.08058201408383137,0.08015518467396904,0.08464550170964946,0.08436198728454287,0.03530731619962124,0.029969439143389547,0.05900391056890889,0.02108070670768234,0.05272640788026601,0.17841680537161322,0.16275126875230048,0.04902965210753912,0.08313818966900284,0.0831343060602789,0.17244593800242247,2.8847707800058786,1.0059190634117472,0.9881625088293413,1.5927765846043476,1.5843399142458485,1.67309510252448,1.6674911828056511,0.6978811233170984,0.5923731426178601,1.1662658004114592,0.4166792852307892,1.0421852669830025,3.5265699564195496,3.216926418761811,0.9691155367119918,1.6433017131269836,1.643224950078683,3.40855034815397
auth_asian_f_9209_frame_0109_subdiv_auth_asian_f_9209_head.glb,pca_gnm_variation_001,asian,female,9209,0109,0.050994074564605064,0.14850536988700053,0.05366690448139055,0.05298398425719352,0.0813135761239846,0.08090653865212995,0.08352689922454314,0.08360482077690573,0.0324763070783167,0.028911663155276362,0.059216148278285086,0.01947845760137276,0.04762502720908345,0.17770180108460934,0.1595731432423067,0.04650431357322604,0.08351332153492476,0.08351157570217298,0.17405866831920977,2.9122083527343383,1.0524145195222483,1.0390223709240456,1.5945691105927877,1.586587056298637,1.6379726456006531,1.6395006967130208,0.6368643289559465,0.5669612283805209,1.1612358648309886,0.3819749209625375,0.9339325718863017,3.4847539170355293,3.1292487334021795,0.9119552412762999,1.6377063854570129,1.637672149464563,3.413311640721954
auth_asian_f_9210_frame_0110_subdiv_auth_asian_f_9210_head.glb,pca_gnm_variation_001,asian,female,9210,0110,0.05119211964742061,0.1532764160823282,0.05576403718875507,0.05599756945876849,0.08253683634210417,0.08241313662220215,0.08513009754304073,0.08501865248250898,0.03157934645117132,0.029090567813911474,0.059157491403020936,0.021272959583869874,0.04950061637612508,0.17945734416980794,0.1615542548438687,0.04754014757222267,0.08385030178667473,0.08385141481068502,0.17470495417373014,2.9941408392151088,1.0893090103090666,1.093870889590914,1.612295738300473,1.6098793562331943,1.6629531679751441,1.6607761715682887,0.6168790561647018,0.5682626156968916,1.155597615618592,0.41555145069953636,0.96695774109481,3.505565805944317,3.155842265500113,0.9286614404648519,1.637953309301965,1.6379750513985603,3.412731400398907
auth_asian_f_9211_frame_0111_subdiv_auth_asian_f_9211_head.glb,pca_gnm_variation_001,asian,female,9211,0111,0.050315884503838,0.14642973858248326,0.051198705369846435,0.05127733141824154,0.07972647523538845,0.07971657509403587,0.08306374833577002,0.08320027125150299,0.03270622671703548,0.029436769243983047,0.05837571050327999,0.020442676177916702,0.05062155926370903,0.17775498335439105,0.16174086009786248,0.04850958827901307,0.08371310081971813,0.08370954564329072,0.1746371314046952,2.910208973297764,1.0175455698476512,1.019108218485759,1.584519004715242,1.5843222449553729,1.6508454368805556,1.653558753302978,0.6500179225616258,0.5850392879755034,1.1601845238123003,0.40628672991642184,1.0060751145067859,3.5327806538078894,3.214508930783582,0.9641008750489689,1.6637509535052029,1.6636802963665585,3.4708150940161695
auth_asian_f_9212_frame_0112_subdiv_auth_asian_f_9212_head.glb,pca_gnm_variation_001,asian,female,9212,0112,0.053982634714731734,0.1511393837485124,0.05276186714964946,0.052764315417323494,0.08142521052666594,0.08116134854418604,0.08421927759333384,0.08428677161167301,0.03424692127608557,0.028739925756372832,0.05881041698084951,0.021138911791155027,0.051199209075440504,0.18258034443135096,0.16259563051861864,0.049116408985960515,0.08360099984734026,0.08360797350869742,0.17462930100677404,2.7997778275773344,0.9773859210182432,0.9774312738930513,1.5083593262343158,1.5034714213761282,1.5601179534564398,1.561368244752814,0.6344062578097854,0.5323920536344213,1.089432134826874,0.39158725584370685,0.9484384996397436,3.382205136821994,3.0119987914233217,0.9098557201869356,1.5486646824321404,1.5487938658518459,3.2349162268494855
auth_asian_f_9213_frame_0113_subdiv_auth_asian_f_9213_head.glb,pca_gnm_variation_001,asian,female,9213,0113,0.05273793599410565,0.14696895651369207,0.05119978934387673,0.050083175508030126,0.08158461550329249,0.08123849585232713,0.08427013466572836,0.08433760827968978,0.03434496437756241,0.030090479795376622,0.05907484765630545,0.02119149612372812,0.04915276757519037,0.17842575169316113,0.16032552137637923,0.046841122803088546,0.0836508493771984,0.08366215515615229,0.17362127464335686,2.786778696271282,0.9708341515223342,0.9496612744500991,1.5469815791124426,1.5404185681708684,1.5979035409187603,1.5991829541663505,0.651238311286984,0.570566125279149,1.1201585072064264,0.4018264219914982,0.9320191745972769,3.3832524601096106,3.0400416389882663,0.888186500289352,1.5861608498775488,1.586375226468911,3.2921514915328114
auth_asian_f_9214_frame_0114_subdiv_auth_asian_f_9214_head.glb,pca_gnm_variation_001,asian,female,9214,0114,0.04728956247840555,0.15210583980750378,0.0571993118713712,0.055665378340002195,0.08023060698214483,0.07946611388488327,0.08356567575964884,0.08302171406694553,0.031836182441099106,0.028935701277148163,0.057630074474889534,0.021308754689296293,0.04917411610829309,0.17781855170231167,0.1596120289087942,0.04670585174593057,0.08348914512643661,0.08347753659006882,0.17356123031724993,3.2164780521486502,1.2095546855078405,1.1771176433578001,1.6965817143853166,1.6804155022827905,1.767106130402634,1.7556033449211297,0.6732179528122485,0.6118834635097639,1.2186637273543375,0.45060164595573887,1.0398513653144519,3.760207165873257,3.3752062938133527,0.9876566687894072,1.7654877895003014,1.7652423117297449,3.670180505402338
auth_asian_f_9215_frame_0115_subdiv_auth_asian_f_9215_head.glb,pca_gnm_variation_001,asian,female,9215,0115,0.04715656299110714,0.1635652276680242,0.06305927804112767,0.06285641902021759,0.08262862452802869,0.08258675547806946,0.08611140152991859,0.0860096171227816,0.03600163009894213,0.029853457044757403,0.059122398341663024,0.021633353417803838,0.05220045719922771,0.17990883440357894,0.16189713241625253,0.04721896117417429,0.0824595829453652,0.08246097314403704,0.17139137537130333,3.4685570214027175,1.3372322756647783,1.3329304561927287,1.7522189762559863,1.751331103024701,1.8260745921232133,1.8239161564637658,0.7634489838822939,0.6330710966019134,1.2537469779723434,0.45875594075597687,1.1069605986566866,3.815138826752629,3.433183466886324,1.0013232131247334,1.748634287891498,1.7486637683833672,3.6345179652644446
auth_asian_f_9216_frame_0116_subdiv_auth_asian_f_9216_head.glb,pca_gnm_variation_001,asian,female,9216,0116,0.04752271774332628,0.1526174463261066,0.05583148411889664,0.05689617368223585,0.08096345348853021,0.08049581717304424,0.08419876746566371,0.0838665156051036,0.03377481809147837,0.029198748648886885,0.05896597676452625,0.021019419639822658,0.04962940352703877,0.18100226676300396,0.1610644175011972,0.04753691781133583,0.08398099522701653,0.0839894376828429,0.17420239008599758,3.2114629291701022,1.1748377780169608,1.1972415801119856,1.703678942055036,1.6938386732806006,1.771758255081864,1.7647668228503441,0.7107088924059155,0.6144166418804473,1.2407955513614743,0.44230255839638843,1.0443300779869293,3.8087524316393395,3.3892088910217226,1.0002988058908213,1.7671757680317046,1.7673534189790252,3.665665567084728
auth_asian_f_9217_frame_0117_subdiv_auth_asian_f_9217_head.glb,pca_gnm_variation_001,asian,female,9217,0117,0.050358086733127375,0.1483248091086666,0.053024768245231974,0.05269745690052678,0.07996613091351211,0.07960778846082303,0.08243609132355137,0.0821060325042918,0.033496092099894674,0.028911629958369038,0.05765892246012346,0.01966108247972647,0.05000926259978863,0.17764379831874447,0.16090256568996916,0.04810864699036972,0.0832477267070729,0.08324165065787022,0.17316340655302506,2.945401994613373,1.0529543849875924,1.0464547070621824,1.5879501407051568,1.5808342537456679,1.6369980805748507,1.6304438438936855,0.665158155777585,0.5741208976343003,1.1449784175814077,0.3904255255748765,0.9930731257685118,3.527612144205708,3.1951683657616328,0.95533111186931,1.6531153605625275,1.6529947036909733,3.4386414930873834
auth_asian_f_9218_frame_0118_subdiv_auth_asian_f_9218_head.glb,pca_gnm_variation_001,asian,female,9218,0118,0.05030130455975915,0.15080686008033806,0.05426388187208338,0.05275762121087452,0.07916300393682948,0.0784853004535841,0.08303521789366397,0.08272059162282008,0.036365377953647464,0.028678460320474594,0.058698950469352536,0.020134117179578744,0.05206457211120863,0.17793299260170628,0.16140987370740492,0.04867812537921924,0.0825308766974911,0.08252903573616727,0.17088335010114628,2.9980705550325424,1.078776829885527,1.0488320665361115,1.573776358877173,1.5603034780209664,1.6507567471737468,1.6445019139522723,0.7229509904747009,0.5701335297656923,1.1669468810618377,0.40027027839126783,1.0350541117547891,3.5373434975293265,3.208860587614505,0.967730873090746,1.6407303432745457,1.6406937445950494,3.397195193976188
auth_asian_f_9219_frame_0119_subdiv_auth_asian_f_9219_head.glb,pca_gnm_variation_001,asian,female,9219,0119,0.04995661186646767,0.14809215122753153,0.053561694912054265,0.051733893680092485,0.08047306934026735,0.07963014265479756,0.08418113547773948,0.08379085532642483,0.03360279948887806,0.029413473701810713,0.059268298561265524,0.021726700345172923,0.05110107335620841,0.17801255000693303,0.16009022926892966,0.046501899611619664,0.08306416410060856,0.08306358072811204,0.17229200157924365,2.964415433604201,1.0721642823821371,1.0355765082382973,1.610859230313079,1.593986054691744,1.685084963382881,1.677272581062842,0.6726396813838617,0.588780395684798,1.1863954809362907,0.43491140678730683,1.022909109464826,3.563343136295042,3.204585404967923,0.930845745422401,1.6627261336824892,1.662714456099188,3.4488327999459676
auth_asian_f_9220_frame_0120_subdiv_auth_asian_f_9220_head.glb,pca_gnm_variation_001,asian,female,9220,0120,0.0514199036649158,0.15192406161818411,0.05435304061219489,0.05401697373955648,0.08087659848488064,0.08061789691385658,0.08404872186033344,0.0839140209694336,0.03506379937836149,0.02899540550520927,0.059128527793509106,0.02094378944839393,0.05246701557912706,0.17983747282928164,0.16278991014913075,0.04886192069808592,0.08370056603273578,0.08369423831824477,0.17331908646827046,2.954576939860023,1.0570428324096686,1.0505070972432156,1.5728656166282042,1.567834460352418,1.6345561906931485,1.6319365651921434,0.6819110282053249,0.5638945901991851,1.149915180293365,0.4073089981824303,1.0203639415786325,3.4974292056479706,3.1658929431290157,0.9502530579695502,1.6277853528894362,1.6276622932561036,3.3706614387635936
auth_asian_m_9221_frame_0121_subdiv_auth_asian_m_9221_head.glb,pca_gnm_variation_001,asian,male,9221,0121,0.048551813890931134,0.15815554563588707,0.05851846048672671,0.058487873473161374,0.0834857798384695,0.0833859785537453,0.08544224195984876,0.08523117695853484,0.03634802799872487,0.030240565097483685,0.05896070648957834,0.019684947270137244,0.05467954921130026,0.17690300949226542,0.1658783241522257,0.05223651501155796,0.08270623293096396,0.08269112228702007,0.17041895543100508,3.2574590517086435,1.2052785631899372,1.204648576148999,1.7195192753460358,1.7174637129122945,1.7598156507971021,1.755468439346093,0.7486440790941123,0.6228513967658835,1.2143873063533772,0.405442056487495,1.1262102242798742,3.643592181533483,3.416521667447108,1.075892141309165,1.7034632962788738,1.7031520691025248,3.510043019481033
auth_asian_m_9222_frame_0122_subdiv_auth_asian_m_9222_head.glb,pca_gnm_variation_001,asian,male,9222,0122,0.050824237406889836,0.16942647122447682,0.06415816023729548,0.06417779169657128,0.0846840303400824,0.08463864923719339,0.0858473831780992,0.08544858812891579,0.03959210129117961,0.030820699147712176,0.058669908861968934,0.018875967830952002,0.05790393418975167,0.17713788159182667,0.16644638024812594,0.052767084673319524,0.08306015379779731,0.08306467233984823,0.17194098981216285,3.333576259454294,1.2623536232065151,1.2627398849642397,1.6662134969604574,1.6653205941801223,1.6891032223625957,1.6812566698213205,0.7790004004233703,0.6064173457432744,1.1543686999623437,0.3713969710914568,1.1392976489973285,3.4853032849994814,3.2749410269668333,1.0382267863829535,1.6342626674913476,1.6343515727515434,3.3830510517183714
auth_asian_m_9223_frame_0123_subdiv_auth_asian_m_9223_head.glb,pca_gnm_variation_001,asian,male,9223,0123,0.04649926840706164,0.16508109912265692,0.06380682396314545,0.06406800848623834,0.08389483522886113,0.0837283914044174,0.08612227880844839,0.08584568387422557,0.0359916261227155,0.031123011726660498,0.05875842397378971,0.020685507897369913,0.05633463809615715,0.17660819326402882,0.16696321945952797,0.05308910594205708,0.0839149068645007,0.08390727856971382,0.17520568521546903,3.5501870196647394,1.3722113518985042,1.3778283117355157,1.8042183910171024,1.8006388976154717,1.8521211571442568,1.8461727854021155,0.7740256428905367,0.669322610717333,1.2636419020490726,0.44485663121161056,1.211516654477124,3.798085417559131,3.5906633626556586,1.1417191659298165,1.8046500458866772,1.8044859939553628,3.767923479606
auth_asian_m_9224_frame_0124_subdiv_auth_asian_m_9224_head.glb,pca_gnm_variation_001,asian,male,9224,0124,0.04960041478755243,0.15897952067608467,0.05857177430489667,0.05863893219349189,0.0833591330477602,0.08316533263744744,0.08563793878139117,0.08501276725770761,0.03305495760472096,0.029635871071534876,0.05758030436778857,0.020717224695267086,0.05248315637027124,0.17329551287626357,0.16392387648449164,0.05101974019275655,0.08425598548730936,0.08424741108996392,0.17402362824240286,3.205205467676486,1.18087267124217,1.1822266496087395,1.6806136280271542,1.6767063943650398,1.7265569078039769,1.7139527486177828,0.6664250237886383,0.597492404014577,1.1608835251563008,0.4176824888260051,1.0581193039426406,3.493831928997362,3.304889226967301,1.0286151922576323,1.6986951792276945,1.698522309759119,3.5085115515218495
auth_asian_m_9225_frame_0125_subdiv_auth_asian_m_9225_head.glb,pca_gnm_variation_001,asian,male,9225,0125,0.05158456798138761,0.16653157143338035,0.06133508528613902,0.06106028589771363,0.08402421830451877,0.08402697842637831,0.08566338058321148,0.0856743947895498,0.03717034771922817,0.0305987386448887,0.05891162615139688,0.021050536363208323,0.05455926519245996,0.18311642113676,0.16341730911562757,0.04945800604220849,0.08429895565477445,0.08429368639528052,0.175567537572639,3.2283215300643233,1.1890200439067267,1.1836928811683562,1.628863468137134,1.6289169748731123,1.660639682280948,1.6608531997488523,0.7205710772384432,0.5931762122332618,1.14203973119738,0.4080781750620386,1.0576664170599561,3.549829499450898,3.167949553722941,0.9587752302210536,1.6341894282257172,1.6340872802442543,3.4034895404374828
auth_asian_m_9226_frame_0126_subdiv_auth_asian_m_9226_head.glb,pca_gnm_variation_001,asian,male,9226,0126,0.046943349594706564,0.1579796529267594,0.05986371747586847,0.05956122743860307,0.08121904237640727,0.08127701454849158,0.08525995477506855,0.08521008910625053,0.03628671295724849,0.0298703404475289,0.059102009078545584,0.02026472397411672,0.05347476686239338,0.17965737730945203,0.16417051375961397,0.049602263120012986,0.08327072825380384,0.08326763027967068,0.17341266573013747,3.3653255315333,1.2752331904883676,1.2687894654479306,1.73015012941398,1.731385068390104,1.816230744315754,1.8151684922768911,0.7729894281199793,0.6363061158911666,1.2590070710508068,0.43168466138602546,1.1391340269511427,3.827110311909029,3.497204932690321,1.0566408990466725,1.7738556999603972,1.7737897060728731,3.694083767505416
auth_asian_m_9227_frame_0127_subdiv_auth_asian_m_9227_head.glb,pca_gnm_variation_001,asian,male,9227,0127,0.05025992030538376,0.1659091352918078,0.06176886286215496,0.0618985954472391,0.08443226495432966,0.0842294657111148,0.08710829671978138,0.08667197354897116,0.039061259149527044,0.03102770962260699,0.060088361953266625,0.02107199550446141,0.05971553989343513,0.18315520884871642,0.16884505669139588,0.05417313552765601,0.08365663552080037,0.08366956641818514,0.17433796829182635,3.3010226495332486,1.228988476042975,1.2315697094451745,1.6799124320395196,1.6758774227919393,1.7331562841823782,1.7244749498674992,0.7771850594308019,0.6173449825244421,1.1955522728282173,0.419260424139674,1.1881343927845127,3.6441603515455063,3.359437413857369,1.0778595588392343,1.664480067069251,1.6647373475684282,3.468727511554601
auth_asian_m_9228_frame_0128_subdiv_auth_asian_m_9228_head.glb,pca_gnm_variation_001,asian,male,9228,0128,0.05051008430480755,0.16066378462194522,0.05830687636644546,0.05833543508367405,0.08345421180568603,0.0832592238570257,0.08599100721799424,0.0858274308706768,0.034091609920554176,0.029902632375641364,0.05902984932204512,0.019961972190080744,0.0527660586386943,0.18108475214599948,0.16477818953465714,0.05119266063360682,0.08414806566093981,0.08414540820919121,0.17536697537144486,3.18082590502929,1.154361097767873,1.1549265040153909,1.6522287173799641,1.648368340757275,1.7024522608015054,1.6992137719023317,0.6749466050150571,0.5920131155432506,1.1686745356793369,0.3952076593184534,1.0446638402001642,3.585120766245956,3.2622830035342774,1.013513664413629,1.6659656545639658,1.6659130422631714,3.471920068736718
auth_asian_m_9229_frame_0129_subdiv_auth_asian_m_9229_head.glb,pca_gnm_variation_001,asian,male,9229,0129,0.05324619702849899,0.1508544138808871,0.05259675906983071,0.05209558464342084,0.08192967297614612,0.08190818210379246,0.08468359047386187,0.08453681154419121,0.03403751489019689,0.03056077059303422,0.059568566571861305,0.019783394773955427,0.053075882394014846,0.17902932324359433,0.16407991805591432,0.050273608643390054,0.08393422840279413,0.08393389487127191,0.1739183664400253,2.8331490754193247,0.9878031109278906,0.9783907124021963,1.5386952974743877,1.538291684192069,1.5904157517303372,1.5876591430359717,0.6392478109183831,0.573952174963353,1.118738424454584,0.37154568547621813,0.9968013746710777,3.36229314457467,3.081533089923657,0.944172756910359,1.5763422194803878,1.5763359555302687,3.266305879966205
auth_asian_m_9230_frame_0130_subdiv_auth_asian_m_9230_head.glb,pca_gnm_variation_001,asian,male,9230,0130,0.051365446628092316,0.16026350984799298,0.057950993507598275,0.0580531815437166,0.08352507555677674,0.08340123351387634,0.08533986135335593,0.0850956010437888,0.03690386858289978,0.029610948347176924,0.057197171159907204,0.0166544561909794,0.05566908413703241,0.17694897958064448,0.1652016511778531,0.05232324164081048,0.0826726326221684,0.08267767173214738,0.17075211559633474,3.1200645641878473,1.1282096684019536,1.1301990998744025,1.626094603275502,1.6236836042278917,1.6614254709250915,1.656670128071058,0.7184570758256905,0.5764760221316245,1.1135339983323624,0.32423462238272255,1.0837846800028872,3.4449029687570007,3.216201980564548,1.0186466793456117,1.6094989540488847,1.6095970571572928,3.324260311268248
auth_asian_m_9231_frame_0131_subdiv_auth_asian_m_9231_head.glb,pca_gnm_variation_001,asian,male,9231,0131,0.04556302789253473,0.16516296690913948,0.06518861633072542,0.06528834972805311,0.08031987248706467,0.08022826731737324,0.0830514589968348,0.08279973089727924,0.03802593522281729,0.0290149659127753,0.05897392096867939,0.021888049742870258,0.05565670851375858,0.1750215890595351,0.16392114815034098,0.05129145488880812,0.0834143375972363,0.08342204213522585,0.17297318578488802,3.624933955194856,1.4307349477405176,1.4329238583977049,1.7628300005984603,1.7608194851887409,1.8227818219790077,1.8172569894294832,0.8345787578583566,0.6368094320072449,1.2943371785513396,0.480390587616248,1.22153226175027,3.8413072430643154,3.5976789895738825,1.1257253361164778,1.8307461434296666,1.830915239697977,3.7963496673852264
auth_asian_m_9232_frame_0132_subdiv_auth_asian_m_9232_head.glb,pca_gnm_variation_001,asian,male,9232,0132,0.048981517131235414,0.16034185113227345,0.058586820749300675,0.05897619552187586,0.08312161538524566,0.08311133725535319,0.08591555377712679,0.08577501080911316,0.03554267857920541,0.030214037011228975,0.05915297982798778,0.02056809363614152,0.05481048499033752,0.18021316837511012,0.16528351356998358,0.0509541594177848,0.08403331292827636,0.08403331276749235,0.17435766758056975,3.2735174515454886,1.1961005738619717,1.2040499963253866,1.696999608291822,1.6967897713881397,1.7540402749660569,1.7511709688227401,0.7256344976815737,0.6168456752835356,1.207659200704219,0.419915405662788,1.1190034159922946,3.679207565014121,3.3744057605880613,1.0402731969543555,1.7156127014834435,1.715612698200899,3.5596624562162087
auth_asian_m_9233_frame_0133_subdiv_auth_asian_m_9233_head.glb,pca_gnm_variation_001,asian,male,9233,0133,0.048521381845998454,0.16331817556051023,0.0610705455034676,0.06106651091419301,0.08231895281688865,0.08213905092254234,0.08556750016124386,0.08533666921101285,0.03907524395686842,0.029660197749082542,0.05913455012792946,0.02035336859193538,0.057443147887857655,0.18311151866124045,0.166128952833263,0.052398579314917745,0.08353397355926917,0.08353851683693705,0.1742001697462662,3.3659011624785173,1.2586316213602244,1.2585484706105736,1.6965500504120015,1.6928423675822482,1.7635008918918615,1.7587435881744276,0.8053200974549521,0.611280978007196,1.218731781292133,0.4194721546994424,1.1838728762955661,3.773831488196613,3.423829794471602,1.0799069878352825,1.7215909848651227,1.721684619413337,3.5901733033729015
auth_asian_m_9234_frame_0134_subdiv_auth_asian_m_9234_head.glb,pca_gnm_variation_001,asian,male,9234,0134,0.04964658786328871,0.15610570066299415,0.056909176859012825,0.057003777299983606,0.08319655519160217,0.0830931519750314,0.08652413485385396,0.08623053727626223,0.03576656196341793,0.030387172242507175,0.060931035055211795,0.02025734439163192,0.0541306535623735,0.17905281489252406,0.16505448321231173,0.050588650749560704,0.08364491402223187,0.08364208343904006,0.17437153313031747,3.144338964298227,1.1462857631973224,1.148191240392075,1.675775894623406,1.673693108655204,1.7428012392737757,1.7368874878917029,0.7204233664941474,0.6120697020746726,1.2272955237728915,0.40803094962768355,1.0903197156556361,3.6065482563591265,3.324588663914236,1.0189753803195125,1.6848069046066971,1.684749889949424,3.5122561415596687
auth_asian_m_9235_frame_0135_subdiv_auth_asian_m_9235_head.glb,pca_gnm_variation_001,asian,male,9235,0135,0.04801992850447639,0.16527281396648846,0.06271761638221654,0.06322955036628605,0.08280347584560023,0.08267416131656684,0.08435501676588436,0.0839968231856478,0.03753907451812721,0.02996049979678873,0.057741169964689525,0.018869335868785503,0.05398499277590839,0.17574113613394315,0.1630125327821595,0.050217555423344794,0.08306906721898637,0.08309371636276329,0.17171443268206668,3.441754686308661,1.306074755533425,1.316735620720298,1.7243564999869032,1.7216635653437093,1.7566668546376707,1.7492075853011249,0.7817394920658377,0.6239180425684272,1.2024418145334583,0.3929480208831739,1.1242205987640306,3.659754223031812,3.394685037212489,1.0457648936037784,1.7298873573133855,1.7304006680271784,3.5758993824003626
auth_asian_m_9236_frame_0136_subdiv_auth_asian_m_9236_head.glb,pca_gnm_variation_001,asian,male,9236,0136,0.048184667655128084,0.16040715588340745,0.05921333098032788,0.05952011223456664,0.08285324576978613,0.08273654642658586,0.08583282038794797,0.08561041741375815,0.034596486227417116,0.030170057386482204,0.06020015469605242,0.02012415014383936,0.05269861131247,0.1783617364293157,0.16414248504270051,0.04997859050694864,0.08409910411222427,0.0840903404264476,0.17484010011813753,3.32900824452062,1.2288832498365498,1.2352500314118524,1.7194939760255548,1.7170720574178449,1.781330546934117,1.7767149091179215,0.7179978177920495,0.6261339727902292,1.2493632855771204,0.41764634111153065,1.093680082835676,3.7016284455026933,3.4065293594534434,1.0372301592834507,1.7453498842027182,1.7451680071409237,3.6285422028749856
auth_asian_m_9237_frame_0137_subdiv_auth_asian_m_9237_head.glb,pca_gnm_variation_001,asian,male,9237,0137,0.051081159589995886,0.1548161099726582,0.05064801693458034,0.05959746837826378,0.08068431621388385,0.0837684922987639,0.08498062343496438,0.08548353231985094,0.03453723918152295,0.03014673357979343,0.05885902450672246,0.020169577332562652,0.050703354873917535,0.17753566813119395,0.16251064118645603,0.048955787226766675,0.08420217827295086,0.08420268477433202,0.17537323389387402,3.030786912734427,0.9915205007307553,1.1667211327351268,1.5795318051018885,1.639909762643089,1.6636392775156892,1.6734845685960635,0.6761248072427662,0.5901732423806916,1.1522648463573613,0.3948535525515519,0.9926038343860866,3.47556064811739,3.181420361065635,0.9583922451978663,1.6483998982952148,1.6484098139154792,3.433227344514325
auth_asian_m_9238_frame_0138_subdiv_auth_asian_m_9238_head.glb,pca_gnm_variation_001,asian,male,9238,0138,0.04821785110807962,0.16527239423264686,0.06302242890642673,0.06289185289585483,0.08332877236523734,0.0833101716570883,0.08641064617375761,0.08614395543260132,0.03899211816127098,0.030666055982510418,0.05933636191686211,0.02092552805173016,0.05739059123198109,0.18034791947523154,0.16712975131461796,0.052913532233265045,0.0830140064796279,0.0830100495206263,0.17228972914096327,3.4276184117411446,1.3070352049734208,1.3043271620480068,1.7281726673894506,1.7277869034509594,1.792088286557387,1.7865573320451567,0.808665613775917,0.635989685931314,1.2305890982959922,0.4339788599211087,1.19023535709505,3.7402728518735575,3.466138524920968,1.0973847033261628,1.7216446725000911,1.7215626083078746,3.5731523736878756
auth_asian_m_9239_frame_0139_subdiv_auth_asian_m_9239_head.glb,pca_gnm_variation_001,asian,male,9239,0139,0.047931854733600364,0.16985178916739135,0.06716464949415037,0.06466712993439118,0.08227536316362098,0.08394005862294997,0.08496116712178371,0.08647388537046467,0.04143034380889057,0.030849730365942366,0.05848773374921666,0.020682144953017775,0.06179195650653458,0.18045657876810556,0.1693753568393465,0.054869675746595445,0.08284237212391764,0.08284371777931049,0.17268510163074602,3.5436097791626824,1.401252880103297,1.349147248605411,1.7165069789370309,1.75123744093524,1.7725407788617389,1.804100547560206,0.8643592875584633,0.6436164537634013,1.2202268006169308,0.4314906040662669,1.2891626424632854,3.7648569989845395,3.533669994218144,1.1447434290109297,1.7283364598417033,1.7283645341860057,3.6027210419982616
auth_asian_m_9240_frame_0140_subdiv_auth_asian_m_9240_head.glb,pca_gnm_variation_001,asian,male,9240,0140,0.047328363322471007,0.16480799981802138,0.06256442221001764,0.06257846483244027,0.0831321669353637,0.08300980088463811,0.08467298263184748,0.08458083047190214,0.036554614085861054,0.03075924083677822,0.05891138700894743,0.021464037767474405,0.0550128001613816,0.17810215807080668,0.1654376033470407,0.05180510710025956,0.08367506954235952,0.08367619880358813,0.17421337962212063,3.482224785486556,1.321922369969483,1.3222190762453152,1.7564978186324356,1.7539123489027548,1.7890536812973976,1.7871066002348754,0.772361677432131,0.6499113571116045,1.2447374655141925,0.4535132056274489,1.1623643054494155,3.76311677750846,3.495527665299439,1.0945890257663535,1.7679687964749773,1.7679926566118875,3.6809508588987265
auth_asian_m_9241_frame_0141_subdiv_auth_asian_m_9241_head.glb,pca_gnm_variation_001,asian,male,9241,0141,0.05180938284143652,0.15978400776725635,0.05723090778710064,0.05736121882511063,0.08397445250324169,0.08384547807252288,0.08602845904746845,0.08570839600469957,0.03452978656297812,0.03041890482890548,0.06025067216131077,0.0200007418389798,0.052955080016246915,0.17632687275705258,0.16503149858795388,0.05123284355473306,0.08397278222106665,0.0839798207037766,0.17510145915324918,3.084074717822406,1.1046436890062326,1.1071588905172949,1.6208348352700301,1.6183454323154816,1.6604802900424425,1.6543025858271956,0.6664774731761833,0.5871311944016597,1.1629297408484667,0.38604478073387605,1.0221137004916043,3.403377208655504,3.185359283144436,0.9888719136364166,1.6208025962800359,1.6209384497166903,3.3797248596677965
auth_asian_m_9242_frame_0142_subdiv_auth_asian_m_9242_head.glb,pca_gnm_variation_001,asian,male,9242,0142,0.050691783738897045,0.16490879667801167,0.06104821970519234,0.060829288933097775,0.08421688945761646,0.08409561996305338,0.08628521444031825,0.08596729893012388,0.03591505811681248,0.030484708376810644,0.059206462500248906,0.02080928144686445,0.05634868037825457,0.18079366542563852,0.1671356021097719,0.05328812556720399,0.08389427805888187,0.08388746956469534,0.17492122948669314,3.253166184236542,1.2043020624336118,1.199983201349097,1.661351865055693,1.6589595741237402,1.7021538418287991,1.6958823026020107,0.7084986060424222,0.6013737558305525,1.1679696024351642,0.41050600140742294,1.111593955116968,3.566527987195509,3.2970945147768527,1.0512181982326794,1.6549876897408868,1.654853378148665,3.450682074785066
auth_asian_m_9243_frame_0143_subdiv_auth_asian_m_9243_head.glb,pca_gnm_variation_001,asian,male,9243,0143,0.05192930342331867,0.16452951218655046,0.05913989259917924,0.05959147250378597,0.0836436765841276,0.0831941936697937,0.0869993300959318,0.08667867542622691,0.037779720893834454,0.029595154399427205,0.06035272489890061,0.02046311482356334,0.05713776287470546,0.1812102273483289,0.1662052705567469,0.0521041246496404,0.08376631813304757,0.08376391874019086,0.17519881580100252,3.1683365911022228,1.1388539552915067,1.1475500069393696,1.6107220985091761,1.6020664284981656,1.675341750431897,1.6691669194873922,0.7275221965883256,0.5699124087641354,1.1622094062559567,0.39405717917591887,1.1002990432767477,3.4895562890789154,3.2006065862634507,1.0033665236157054,1.6130838006856953,1.613037595697403,3.3737948374314244
auth_asian_m_9244_frame_0144_subdiv_auth_asian_m_9244_head.glb,pca_gnm_variation_001,asian,male,9244,0144,0.052065702799184814,0.15147475533177673,0.05403949460539577,0.0530706475244557,0.08169961875338369,0.08132865023526638,0.08457709348127872,0.08438326915467488,0.034182310244409375,0.030126985736385243,0.05921536671924749,0.019968702565201283,0.05257867878461984,0.1782277599489006,0.1640841106269237,0.0498770881366774,0.08387123455591472,0.08387536250683755,0.1748699769639435,2.9093001186598477,1.0379096353279582,1.0193014723943499,1.5691638518449587,1.5620388444375273,1.624430074582666,1.6207073873589595,0.6565225936976032,0.5786339973664378,1.1373200309547078,0.38352891618921797,1.00985247404445,3.423131742527657,3.151481720313833,0.9579643691558566,1.6108729940591118,1.6109522775547895,3.358640478520179
auth_asian_m_9245_frame_0145_subdiv_auth_asian_m_9245_head.glb,pca_gnm_variation_001,asian,male,9245,0145,0.05227347114951839,0.1652877935300697,0.05983672458779359,0.060147738240920075,0.08530697043632066,0.08504684267197489,0.0869937634292218,0.0867299605603765,0.03677428494411044,0.030904068490621855,0.06002840519416667,0.0201729578451884,0.0581890361601457,0.17900878199823128,0.16788750002680772,0.05387061218666549,0.0836391533343926,0.0836476504811575,0.17412064228677032,3.161982357308838,1.1446862676603575,1.1506360093990855,1.6319362108614555,1.6269599244464645,1.6642048349992402,1.6591582432377951,0.7034980485402346,0.5911998535973746,1.1483531488174328,0.38591196263755784,1.1131657202122076,3.4244670970139035,3.2117151651666145,1.0305535676515296,1.6000305986024652,1.6001931504012656,3.3309561897799194
auth_asian_m_9246_frame_0146_subdiv_auth_asian_m_9246_head.glb,pca_gnm_variation_001,asian,male,9246,0146,0.0507213414410075,0.14927577723777072,0.05266749975672306,0.05254375726195088,0.08036115092933646,0.08039981535930492,0.08266595399594971,0.08247201548192015,0.03778179310059821,0.029754178126964164,0.05764899679858137,0.019418783788908156,0.05516479810756884,0.1780918986296998,0.16389687729066837,0.051166431715396296,0.08301167669890518,0.0830143229968798,0.17182554304901634,2.9430565713919257,1.0383696144546783,1.035929961021693,1.5843656466144957,1.5851279377698553,1.629806145645735,1.625982537899573,0.7448894691505962,0.5866204891597825,1.136582652602578,0.38285233073919334,1.0876052671384764,3.5111827402442275,3.231319847510185,1.0087752070774088,1.6366222647217172,1.6366744379864504,3.3876379876281777
auth_asian_m_9247_frame_0147_subdiv_auth_asian_m_9247_head.glb,pca_gnm_variation_001,asian,male,9247,0147,0.04675959016477159,0.16477713867916546,0.06368274791921678,0.06369512086133765,0.08221368905015508,0.08216176151800762,0.08449901989623185,0.08443526070503016,0.03587939778954493,0.03036245719067756,0.059101388693164635,0.02087540646556313,0.056355135858266264,0.17859029028533324,0.1669028307694276,0.05313819316793046,0.083476140202967,0.08347861030219957,0.17371110618182123,3.5239217901295388,1.3619184362996193,1.3621830438823048,1.7582209074213488,1.7571103858798967,1.8070949638025897,1.8057314105512243,0.7673163443715609,0.6493311229565152,1.2639415462133645,0.4464411769222593,1.2052102180468618,3.8193296745334213,3.569381814111178,1.1364127226239993,1.7852196717039972,1.7852724972147398,3.714983505409211
auth_asian_m_9248_frame_0148_subdiv_auth_asian_m_9248_head.glb,pca_gnm_variation_001,asian,male,9248,0148,0.05146558908659823,0.1622791221661738,0.05863500333381222,0.058939803934561795,0.08385395683087825,0.08354581151697879,0.08669256896521711,0.08642700451201504,0.035252265091520546,0.029687482899184443,0.05962220603321312,0.020188867062980512,0.05295707527694683,0.17598651358598777,0.16474120180001436,0.05104681290062356,0.08362155835711348,0.08362265099957127,0.17421961586463575,3.1531577709742313,1.1393050069853552,1.145227422450895,1.6293208397902907,1.623333435014238,1.6844763754543728,1.6793163363308488,0.6849676787377982,0.5768414085231007,1.1584868082028599,0.3922789464045549,1.0289802607299212,3.4194986729844916,3.2009971074617196,0.9918629866400631,1.624805230858394,1.6248264614024757,3.385167039893127
auth_asian_m_9249_frame_0149_subdiv_auth_asian_m_9249_head.glb,pca_gnm_variation_001,asian,male,9249,0149,0.05124454157481969,0.1667135677674669,0.061434992058812116,0.061402401979289194,0.08294726890908721,0.08277043728790787,0.0852651506923794,0.0850687624763675,0.03808725366304011,0.03016449130764128,0.05898050760375196,0.021243744398759343,0.05325589950665195,0.18063108627897045,0.16297121833977346,0.04932037514612523,0.0839431341760157,0.08394966201207474,0.17462658154319688,3.253294158638466,1.1988592378978322,1.1982232661724275,1.6186556920990287,1.6152049514787585,1.663887471173644,1.660055097812958,0.7432450850873696,0.5886381335580797,1.1509617569246349,0.4145562384969797,1.039250188800998,3.5248844214020276,3.180264928350018,0.9624512900386654,1.6380892792933737,1.6382166652716343,3.407710873717799
auth_asian_m_9250_frame_0150_subdiv_auth_asian_m_9250_head.glb,pca_gnm_variation_001,asian,male,9250,0150,0.047492316775053875,0.17343653280527233,0.06767755284266294,0.06822046193926919,0.08426874831536119,0.08382302248337746,0.08555256415199186,0.08497830179918764,0.040127080197643245,0.0312402210112103,0.05893427566562859,0.0213130110202289,0.05798600619068401,0.18069376057529976,0.16655583934933557,0.05271227598534141,0.08389059708662294,0.08389272592410899,0.17460450530587152,3.6518861277446195,1.4250210863204655,1.4364526005836613,1.774365919323286,1.7649806995182618,1.8013979936419897,1.7893063040425077,0.8449173028914154,0.6577952631618035,1.2409223147560742,0.44876755794368645,1.2209555171909854,3.8046945873613844,3.5070059887417786,1.1099116565530323,1.7664035528940096,1.7664483777758138,3.6764790004429817
auth_asian_m_9251_frame_0151_subdiv_auth_asian_m_9251_head.glb,pca_gnm_variation_001,asian,male,9251,0151,0.04473490769376666,0.1719178855121209,0.06906855883143108,0.06909929530791016,0.08294434134018253,0.08288893121120866,0.08521664318215537,0.08490616228605372,0.03988515588472389,0.03189493808888281,0.060118357761802244,0.02124037722180338,0.05985212404380784,0.18046121305456428,0.16788541078910862,0.05313705615414246,0.0831396789691297,0.08313879946257431,0.17234360427093304,3.8430365541153413,1.5439521928655966,1.5446392732255134,1.8541301550900473,1.8528915221782913,1.904924980856268,1.8979845195452254,0.8915890954276289,0.7129765038796991,1.3438802237693923,0.4748054330905215,1.3379288597961634,4.034013309917026,3.7528949861340988,1.1878208516242574,1.8584967144285478,1.858477054020139,3.852553031979259
auth_asian_m_9252_frame_0152_subdiv_auth_asian_m_9252_head.glb,pca_gnm_variation_001,asian,male,9252,0152,0.050023617048594184,0.1480948970286659,0.05245398652023691,0.05164937451910631,0.08040326050493948,0.07993291647940266,0.08437640347718191,0.08404956889792219,0.03342404884365611,0.03013717414824095,0.05957647074648486,0.01967083115812712,0.05326208084207497,0.17829895791388806,0.16458990258208311,0.050943435269746366,0.08400394544163688,0.08400268677848956,0.17533107850156598,2.960499575326647,1.048584441010769,1.032499798423869,1.6073060136142046,1.5979035742608105,1.6867313572150646,1.6801977517194397,0.6681653749905201,0.6024589169344742,1.190966872479669,0.39323088410456974,1.0647386971304946,3.564295595432134,3.290243934623848,1.0183876791687945,1.679285713386806,1.6792605520086095,3.504966030969832
auth_asian_m_9253_frame_0153_subdiv_auth_asian_m_9253_head.glb,pca_gnm_variation_001,asian,male,9253,0153,0.050915164427891846,0.1447833596164617,0.05058078315773665,0.05015281210613113,0.08014804190488095,0.07983025925331164,0.08361576423838353,0.08337633373970428,0.03353930865221902,0.029959448919773708,0.058629274581542885,0.020142607482921026,0.05111585258473003,0.1787999572365673,0.16428166874379727,0.05103603233954772,0.0835280473928823,0.08353033631730088,0.1735912041091494,2.8436196022014197,0.9934325799805918,0.9850270085479074,1.5741487394858542,1.5679073248672415,1.6422565885415852,1.6375540504791117,0.6587292612934359,0.5884189760833143,1.1515090885069434,0.3956111643604297,1.0039416185549672,3.5117230641529433,3.226576415685738,1.0023739079116016,1.6405337846090662,1.640578740261165,3.4094204754066233
auth_asian_m_9254_frame_0154_subdiv_auth_asian_m_9254_head.glb,pca_gnm_variation_001,asian,male,9254,0154,0.048408693829584584,0.14555973147272114,0.05193054847623028,0.05153630986215888,0.0805046921596975,0.0803454968674274,0.08412791640854872,0.08392146357449634,0.03675791055142703,0.02999643151407628,0.058325504708363854,0.018448034998720983,0.05598950129408106,0.17524226010544516,0.16595852018177668,0.052735622776468156,0.08323134187828218,0.08323611216185703,0.17246966064368252,3.0068923566734096,1.072752523731457,1.0646085606768196,1.6630213664326903,1.6597327982091699,1.7378679272923208,1.7336031389305615,0.7593245684510233,0.6196496773838628,1.2048559895809188,0.38108929490360705,1.1566001241674388,3.620057602098474,3.4282792418652797,1.089383302968592,1.7193469869541496,1.719445528831599,3.5627827772183984
auth_asian_m_9255_frame_0155_subdiv_auth_asian_m_9255_head.glb,pca_gnm_variation_001,asian,male,9255,0155,0.05111216694205795,0.1466863259514655,0.051406281834272975,0.05013768193877374,0.08027123564124605,0.07981719407984682,0.08420675053523712,0.08391973101743155,0.031107302909563966,0.0296880945056342,0.059024310817119105,0.02046824607468204,0.050421102887726395,0.1775875017456474,0.16219968526479828,0.04877835710252999,0.08368518066646807,0.08367654090473749,0.1755115687879278,2.869890570629745,1.0057543029343372,0.9809343829153455,1.5704917330592452,1.5616084947118287,1.6474893469239138,1.6418738636646943,0.6086085715134714,0.5808420241561931,1.154799617164159,0.40045741159605625,0.9864794608470627,3.474466303629136,3.173406548164392,0.9543394463753879,1.6372849298550718,1.6371158945304614,3.4338510630334294
auth_asian_m_9256_frame_0156_subdiv_auth_asian_m_9256_head.glb,pca_gnm_variation_001,asian,male,9256,0156,0.04855691848035575,0.15400044126836487,0.050742543647978935,0.06047863471832054,0.0799286480239299,0.08364652801164361,0.08359838284862413,0.08514650097054087,0.032278220717917395,0.030449081721561636,0.05854918894801825,0.01909483242260241,0.051785260673963454,0.17584785908484507,0.16390389199612546,0.050806519631543944,0.08418085723091916,0.08417755273684599,0.17596628517650711,3.171544778540003,1.0450116118572763,1.2455204450996586,1.646081558002202,1.722649019531249,1.7216574993828078,1.7535400440410536,0.6647501886054799,0.627080191134455,1.2057846910467553,0.3932463801286616,1.0664857304508268,3.62147896918101,3.375500281436406,1.0463291580601082,1.7336532025807088,1.7335851485489338,3.6239178820150264
auth_asian_m_9257_frame_0157_subdiv_auth_asian_m_9257_head.glb,pca_gnm_variation_001,asian,male,9257,0157,0.04911036526714259,0.14746967568245284,0.05354333076845165,0.05244765034090088,0.07944446281109352,0.07910225033181625,0.08387753964045587,0.0835843567143473,0.03749231998067226,0.030340803531652312,0.05918938218890579,0.02103557926411137,0.05558721162986755,0.17970987409875408,0.1657788968978524,0.05150731809588576,0.08347515456638138,0.08347516071053376,0.17377121004544419,3.0028218051376987,1.0902653742686566,1.067954800490786,1.6176720001764278,1.6107037669446904,1.707939641340325,1.70196976258838,0.7634298742582677,0.6178085495110723,1.2052319681789578,0.42833277964204586,1.1318834899209824,3.659306403468952,3.3756396637670134,1.0488074730396448,1.6997461556701277,1.699746280779203,3.5383815432891157
auth_asian_m_9258_frame_0158_subdiv_auth_asian_m_9258_head.glb,pca_gnm_variation_001,asian,male,9258,0158,0.04998076558600508,0.16728888015173593,0.06329765529394242,0.06347779152100903,0.08256402946560165,0.08226860551635694,0.08477101364916782,0.0842631101544502,0.042437086655994834,0.029483197254680293,0.05927069479674985,0.021747179259481688,0.05486561985958805,0.17918021982323268,0.16317006114709387,0.05073688078189016,0.0836569300866517,0.08365298783516596,0.17294632643734584,3.3470651797814366,1.2664402906158394,1.270044401616433,1.6519160620604836,1.6460053092782687,1.6960727322853217,1.6859107531967135,0.8490683597667315,0.5898908691974052,1.1858700862586629,0.4351109672792013,1.0977346828586947,3.584983497599809,3.264657098265467,1.0151281235295202,1.6737824862385893,1.6737036108664431,3.460257649310035
auth_asian_m_9259_frame_0159_subdiv_auth_asian_m_9259_head.glb,pca_gnm_variation_001,asian,male,9259,0159,0.05439658952943948,0.1598227621077372,0.056611772733200144,0.05701551658799381,0.083608150656986,0.08306027766295992,0.08573304813598637,0.08538336006149168,0.03460537884903383,0.02964873493347057,0.05889315809899569,0.020090561773087396,0.0531119313322117,0.17714154735494994,0.16508201199790512,0.051540997840170466,0.08335093646115209,0.08335938840853067,0.1727788672995517,2.938102618018745,1.0407228324959932,1.0481450598504336,1.53701089315052,1.5269390669796978,1.576073957533451,1.5696454649106657,0.636168170622266,0.5450476801937123,1.0826626927984642,0.3693349518210947,0.9763834790316674,3.2564826009741066,3.0347860670302245,0.9475042146213308,1.5322823945799486,1.5324377710006343,3.176281248405171
auth_asian_m_9260_frame_0160_subdiv_auth_asian_m_9260_head.glb,pca_gnm_variation_001,asian,male,9260,0160,0.05285344881732457,0.1673483551964545,0.06095326074520782,0.061193632761781865,0.08449536225451479,0.08423663683647008,0.0864162934710225,0.08609241528323985,0.03749811969485898,0.0300919323353227,0.05906035984700062,0.02014786608507045,0.056119706936366844,0.1799744442667609,0.16549979985339025,0.05170985188676864,0.08330664775375138,0.08330447081855927,0.17287402600462276,3.166271245133964,1.153250395369247,1.1577982919011238,1.5986726343356135,1.593777487021028,1.6350171162850688,1.6288892628520402,0.7094734692614355,0.5693466180291912,1.117436253803016,0.38120248604224066,1.0617983914414235,3.4051598957865536,3.13129613216729,0.9783628702356112,1.576181869260435,1.5761406811215184,3.270818269629308
auth_caucasian_f_9261_frame_0161_subdiv_auth_caucasian_f_9261_head.glb,pca_gnm_variation_001,caucasian,female,9261,0161,0.04859297551810906,0.1507543812023028,0.05552123767113419,0.05564572781859612,0.08448072699222939,0.0843920314295326,0.08450157524068204,0.08426002973652204,0.03702617455669782,0.031276182934546544,0.05863348160498217,0.02130204162225616,0.05199829350845113,0.17337001156661846,0.1611043667773591,0.04805102012527412,0.08344133794964634,0.08344326503823117,0.1694417672324153,3.1023904092088666,1.1425774420922874,1.1451393380481243,1.738537846087365,1.7367125706900242,1.7389668844047426,1.7339960938411974,0.7619655755161431,0.6436358877198394,1.2066246402863585,0.4383769751724211,1.0700784003044435,3.567799866505581,3.3153838607253143,0.9888470424571352,1.7171481486773823,1.7171878064378774,3.4869601094765175
auth_caucasian_f_9262_frame_0162_subdiv_auth_caucasian_f_9262_head.glb,pca_gnm_variation_001,caucasian,female,9262,0162,0.04676046229008907,0.15257661904118233,0.05727779475225057,0.057284255339139084,0.08477794495898533,0.08462878719837723,0.08437620181463851,0.08407518118889444,0.03708977253194437,0.03157395643595215,0.058356115064432224,0.020094140244631083,0.05548235981520741,0.17446828659930874,0.16444326483091368,0.05186678113774442,0.08317985088268344,0.08318100791074351,0.16959684346286505,3.262940774508149,1.2249193431175862,1.225057506569616,1.8130262364184133,1.809836409943158,1.8044347228902853,1.7979972196877587,0.7931866092736553,0.6752276365463624,1.2479798574788867,0.4297250125538228,1.186522910552297,3.731106966328848,3.516715977073811,1.109201633122811,1.7788500542757357,1.7788747980015973,3.6269282884915204
auth_caucasian_f_9263_frame_0163_subdiv_auth_caucasian_f_9263_head.glb,pca_gnm_variation_001,caucasian,female,9263,0163,0.046963703066090164,0.1557098053199741,0.058601739719163055,0.0583568357509845,0.0847799620157859,0.08466291565119102,0.08549135621946106,0.08524200417790188,0.03680866610367304,0.03139297211770198,0.05969364810893742,0.02136742067294047,0.05245457531294913,0.1756376407470561,0.16224338128315585,0.04830717151968941,0.08360228309731291,0.08360054686816293,0.17045229675312606,3.315535086763705,1.247809178009135,1.242594428059926,1.8052231080772827,1.8027308351738842,1.8203708531917182,1.8150613902388442,0.7837683934734375,0.668451805717362,1.2710592268444612,0.454977339475785,1.116917361459591,3.7398592802592288,3.4546547799869436,1.028606527294252,1.780146743958046,1.7801097743615997,3.6294475440587655
auth_caucasian_f_9264_frame_0164_subdiv_auth_caucasian_f_9264_head.glb,pca_gnm_variation_001,caucasian,female,9264,0164,0.048063605323505364,0.15202403860318317,0.056807146510326034,0.056647374720157274,0.08498311150964113,0.08486453425689974,0.0857260793417816,0.08534060133857899,0.03608619077767122,0.03151665404741737,0.05909766116327883,0.021133094699942775,0.051760437716008474,0.1738972220857388,0.16170520931134336,0.048276969760411695,0.08330456367099799,0.0832990510919426,0.16958183795346274,3.1629761766713798,1.1819160491180354,1.1785918750554911,1.7681385101604186,1.7656714198965218,1.783596523081832,1.775576358955399,0.7508007469432049,0.6557280469345949,1.2295719550272126,0.4396901680117554,1.0769154200485078,3.618064456781291,3.3644003237572755,1.0044392099899753,1.733215040991903,1.7331003475764115,3.528279595590996
auth_caucasian_f_9265_frame_0165_subdiv_auth_caucasian_f_9265_head.glb,pca_gnm_variation_001,caucasian,female,9265,0165,0.04647910015681326,0.15450885082642662,0.05852994557185802,0.0583255045120304,0.08403768147052902,0.08406440370955624,0.08519338237274235,0.08517049245185389,0.03728425044576551,0.031282553172268024,0.058352698965106906,0.021468338992822203,0.0546580332154392,0.17537178153252472,0.16374059754865317,0.049950442289677724,0.08339543926155735,0.08339266934467551,0.169677458744626,3.324265106362597,1.259274499170317,1.2548759402666836,1.8080746225077282,1.8086495527223205,1.8329395811302955,1.8324471034185663,0.8021723811341925,0.6730455853647241,1.2554610301884928,0.4618923111762354,1.1759701248740078,3.773132030113483,3.5228865661387125,1.0746860873199502,1.794256751533358,1.794197156642913,3.6506184106869677
auth_caucasian_f_9266_frame_0166_subdiv_auth_caucasian_f_9266_head.glb,pca_gnm_variation_001,caucasian,female,9266,0166,0.04920096997302793,0.15538592062516443,0.057271259433537176,0.0571541761070532,0.0845817673005872,0.0844059056023361,0.08602143041741336,0.0857294695138492,0.039359549653353344,0.031093138400031316,0.0592642493180238,0.02042505639857463,0.05446074549874633,0.177825831267751,0.16311006819943047,0.04938754255759432,0.08362148072696754,0.08362402146135607,0.1708771884757778,3.1581881558503277,1.1640270398110726,1.161647344318318,1.7191077197655877,1.71553336547242,1.7483685883544668,1.7424345406370294,0.7999750751851097,0.6319618986592467,1.2045341656986148,0.41513523838598476,1.106903899020727,3.614274908914102,3.3151799301690135,1.0037920509426677,1.6995900847647718,1.6996417246895523,3.473045116172567
auth_caucasian_f_9267_frame_0167_subdiv_auth_caucasian_f_9267_head.glb,pca_gnm_variation_001,caucasian,female,9267,0167,0.04752146227899589,0.15464297020911652,0.057776610997057574,0.05758649449068914,0.08457490674374576,0.08446978452974545,0.08602114480538704,0.08573663027728938,0.03968795920464474,0.03112373248790128,0.05918623934347441,0.020730587934884175,0.05488158148669802,0.1771446172619653,0.16354178069587702,0.04990295432326799,0.08342251232317449,0.08342421942572861,0.17045804113329813,3.2541711216968903,1.215800361063266,1.2117997159389162,1.77972020825477,1.777508108522166,1.81015357440732,1.8041665000528464,0.8351586273090444,0.6549405467612835,1.2454633444567689,0.4362363222995125,1.1548798975185417,3.7276760597550425,3.4414298898407676,1.0501140312200514,1.7554702301331873,1.7555061529030738,3.586969612436342
auth_caucasian_f_9268_frame_0168_subdiv_auth_caucasian_f_9268_head.glb,pca_gnm_variation_001,caucasian,female,9268,0168,0.04738645535367702,0.15212124680242906,0.05676715726839017,0.056773320503855085,0.08443505389127606,0.08431524772524189,0.08478975487394608,0.08450666183301687,0.036016092532978654,0.03116746335862298,0.0581707707565308,0.020028491063241963,0.052037196776455866,0.17097152084623476,0.1618385310318127,0.04888897091798108,0.08319351879502353,0.08319769257013457,0.16870728159482531,3.2102263329688996,1.1979616716358854,1.1980917348663784,1.781839415104599,1.7793111363983745,1.7893246971334542,1.7833505629886592,0.7600503617366251,0.6577293685716565,1.227582234677888,0.42266278230257676,1.0981449527732605,3.608025111187558,3.415290926993859,1.0317077011371663,1.7556392047916285,1.7557272842877607,3.5602426966872556
auth_caucasian_f_9269_frame_0169_subdiv_auth_caucasian_f_9269_head.glb,pca_gnm_variation_001,caucasian,female,9269,0169,0.04713635271022811,0.1528892999718592,0.05717666421007006,0.05703495203935171,0.08456097383622033,0.08448812711261865,0.08506312525411665,0.0847797021437149,0.03762346736765175,0.03123022371210388,0.05890191270988136,0.021382444014554917,0.05268326468174265,0.17493039420107145,0.1617580740916922,0.04838287343134526,0.08352941620602358,0.0835281798529984,0.17011114960394624,3.243553885294222,1.2130056935368974,1.209999262988706,1.793965145247045,1.792419698486463,1.804618311837666,1.7986054768577493,0.7981836778705163,0.6625507048475399,1.2496069238106375,0.4536295827978889,1.1176780054582143,3.7111567642167893,3.4317053567148896,1.0264449973204368,1.7720806002857863,1.7720543709966263,3.608916257261327
auth_caucasian_f_9270_frame_0170_subdiv_auth_caucasian_f_9270_head.glb,pca_gnm_variation_001,caucasian,female,9270,0170,0.049607348494728705,0.15211200864760788,0.05238783723092757,0.057819285343129266,0.08314661555458037,0.08548991328793863,0.08470122172951144,0.08644091241567604,0.035964935051699266,0.03169405887649545,0.05926279283749388,0.022088384153852236,0.0517788539900431,0.17632877122696972,0.16244406810198692,0.04750652994632861,0.08375551856192043,0.0837596514892277,0.17057183392820696,3.0663200768283625,1.0560499365632154,1.1655387175001535,1.676094733493276,1.7233316410173147,1.7074329570045823,1.7425021703157806,0.7249920857092557,0.6388984664210238,1.1946373800605603,0.44526435748121784,1.0437738674048491,3.554488933140752,3.274596869841739,0.9576510615433653,1.6883691852794818,1.688452498083586,3.4384388423084533
auth_caucasian_f_9271_frame_0171_subdiv_auth_caucasian_f_9271_head.glb,pca_gnm_variation_001,caucasian,female,9271,0171,0.047071728517016964,0.15512263223925746,0.05811438219054333,0.058382302557377246,0.08485679353703968,0.08446855553639118,0.0861986855757242,0.08569441604184519,0.036492289431098134,0.03134588878273721,0.06049114308475747,0.020947142597474523,0.05363767202316507,0.1757946615392445,0.1637331928011874,0.04960286571132342,0.08332742056569539,0.0833337452007664,0.16988926384960495,3.2954522199706107,1.2345920581508776,1.240283805092719,1.8027125030338111,1.7944647073211861,1.831219891246662,1.8205071014306535,0.7752485532352132,0.6659175214142671,1.2850843805935284,0.4450047461057627,1.1394880475607443,3.7346124112627974,3.478376468414496,1.0537719194524888,1.7702222372303915,1.770356598879523,3.6091571140878766
auth_caucasian_f_9272_frame_0172_subdiv_auth_caucasian_f_9272_head.glb,pca_gnm_variation_001,caucasian,female,9272,0172,0.04954791831125835,0.14841177639162106,0.05357735325022244,0.054156839175623264,0.08374296087256271,0.08345718733547385,0.08322754459960126,0.08286887686029698,0.03903244623715804,0.03131480258330087,0.05846779872573686,0.021427808478000222,0.05540037580453421,0.1743658782995901,0.16452620661196812,0.05209740060707388,0.08352815126181234,0.08352407134481654,0.17007330805454207,2.9953180971055797,1.081324000609901,1.0930194652258007,1.6901408520634966,1.6843732326189491,1.6797384720941986,1.6724996666805958,0.787771667660335,0.6320104587761354,1.1800253314063394,0.43246637211661354,1.1181171216217587,3.51913630768965,3.320547304902298,1.0514548821163336,1.6858054608286734,1.6857231179748289,3.4325015833389263
auth_caucasian_f_9273_frame_0173_subdiv_auth_caucasian_f_9273_head.glb,pca_gnm_variation_001,caucasian,female,9273,0173,0.04774150294435687,0.15132865310898616,0.05646263244526888,0.056574868573024135,0.08480454706753786,0.08453203591520032,0.08508154058352188,0.08460356935207948,0.03811206311104826,0.03141937245970697,0.05878116328124688,0.021371800652940573,0.05425109558508729,0.17379108110165842,0.1633452896273863,0.050080124345780484,0.08296861615515932,0.08296981673642391,0.16843324919065325,3.1697505058724484,1.1826739621305296,1.1850248752948274,1.7763275522846083,1.7706194967033848,1.7821294960631036,1.77211784578055,0.7983004463740532,0.65811443968001,1.2312382236846802,0.44765663699045233,1.1363508109142983,3.6402515711374526,3.421452605247192,1.0489850812646033,1.7378718942271247,1.737897041765232,3.5280256967813446
auth_caucasian_f_9274_frame_0174_subdiv_auth_caucasian_f_9274_head.glb,pca_gnm_variation_001,caucasian,female,9274,0174,0.04671715174822637,0.15364636712581814,0.057718306796259604,0.057488696547983116,0.08424015237512397,0.08422960912142012,0.085179934724696,0.08500388691978548,0.039518355369268225,0.031005479433596255,0.059133087840673136,0.021213317158895535,0.05284245712513088,0.17663341095922516,0.1617942665689171,0.04829562753957619,0.08344556491946231,0.0834334645960826,0.17001305520919335,3.2888641831990832,1.23548428438707,1.2305693818366332,1.8031953837665666,1.802969701050277,1.823311814550635,1.8195434383050264,0.8459067792113109,0.6636851407529011,1.2657682591473087,0.45407984787302247,1.1311147008686604,3.7809113858472996,3.463273348531135,1.0337879286788871,1.7861869098779197,1.7859278974397272,3.6391999265162385
auth_caucasian_f_9275_frame_0175_subdiv_auth_caucasian_f_9275_head.glb,pca_gnm_variation_001,caucasian,female,9275,0175,0.04756370777617464,0.1526814187766115,0.05701619599322181,0.05685191553144413,0.08403219254981348,0.08393113001906058,0.08637081386910599,0.08604163211517277,0.03855675922353463,0.030782015443180388,0.059789100953876906,0.020990238465188996,0.05608818887965654,0.174612239908689,0.16525572779184802,0.05117331121464444,0.08282842387754374,0.08283080345635013,0.1684625595882321,3.210040299950961,1.1987332077122477,1.195279304106777,1.7667292244173285,1.7646044419838713,1.8158974122780729,1.8089765524602832,0.8106340112292145,0.6471744294627836,1.257031963009119,0.4413078678383293,1.179222384083184,3.6711233852999747,3.4744080207015955,1.0758898666070331,1.741420670300092,1.7414706995959068,3.541829841798361
auth_caucasian_f_9276_frame_0176_subdiv_auth_caucasian_f_9276_head.glb,pca_gnm_variation_001,caucasian,female,9276,0176,0.04693225434590143,0.15391420731848227,0.05780032250872691,0.057631703078201486,0.08481662525053829,0.08466286971434377,0.08475988745205577,0.08442339708834423,0.03724566103258447,0.03153248496375131,0.05871245164567292,0.020638535714299425,0.05481377462294029,0.17471716074223617,0.16402537242472326,0.05100091879842085,0.08327959304000707,0.08327981943731039,0.1698752716509361,3.279497425887523,1.231569276061732,1.22797644991529,1.8072139604763153,1.8039378439049418,1.806005030726972,1.7988353268974577,0.793604772489202,0.6718723701476109,1.2510042925479083,0.4397516378009184,1.1679339803059587,3.722752362469759,3.494939135371994,1.0866922867700415,1.7744639417109063,1.7744687656279858,3.6195847401430274
auth_caucasian_f_9277_frame_0177_subdiv_auth_caucasian_f_9277_head.glb,pca_gnm_variation_001,caucasian,female,9277,0177,0.04799152790631768,0.15345731666184503,0.05709348962620612,0.05721006802505616,0.08349252414809252,0.08323102838937643,0.08557399730805153,0.0852128753549628,0.03909366829203881,0.030221197243782392,0.0590199110976543,0.02150286189302988,0.05554698114427264,0.17494136135250846,0.16436566399211477,0.051050566671861496,0.08275774215609241,0.08276038374616151,0.16836278144452632,3.197591811650649,1.189657677447903,1.192086822839515,1.7397346529803115,1.7342858629516518,1.7831063323321787,1.775581630184882,0.8145952003935356,0.6297194226192583,1.229798543044195,0.44805537208577206,1.1574330630336183,3.6452550894817186,3.4248891661246197,1.063741224732733,1.7244239924521771,1.7244790352937858,3.5081771468743503
auth_caucasian_f_9278_frame_0178_subdiv_auth_caucasian_f_9278_head.glb,pca_gnm_variation_001,caucasian,female,9278,0178,0.046891749702088335,0.1513662197778536,0.056909879565676676,0.056952626342746136,0.0845013020913094,0.08436191010868054,0.08466893908964578,0.08438006572963612,0.03688254035055759,0.03136062063423698,0.05796866045013872,0.01873111939381087,0.05545248062697571,0.17110808226549548,0.16465133967378573,0.05224738932498648,0.0827078765285998,0.08271631802230218,0.16812784995520694,3.2279925730967656,1.2136437630763472,1.2145553685792565,1.8020505233470978,1.799077889919801,1.8056255018753335,1.7994650714831022,0.7865464732043261,0.6687875976792635,1.2362230204337432,0.399454477873251,1.1825636914654547,3.6490018681873826,3.511307228240471,1.1142128339616986,1.7638044443651115,1.7639844652377814,3.585446289024257
auth_caucasian_f_9279_frame_0179_subdiv_auth_caucasian_f_9279_head.glb,pca_gnm_variation_001,caucasian,female,9279,0179,0.04703833071108933,0.15390101559488634,0.05782696243747228,0.05800286931725776,0.08465337594354753,0.08441556624095388,0.08566508954966819,0.08526821164564534,0.03953905546427476,0.031328540711074784,0.058990701723882225,0.020993376943540604,0.054941328717339415,0.17604769798795258,0.16347931770415938,0.050171993283768146,0.08335515202002292,0.0833487795856642,0.16982248425940977,3.2718213692605387,1.2293583033940345,1.2330979531036703,1.7996679445002164,1.7946122867207281,1.8211762248925334,1.8127388952079304,0.8405709740663351,0.6660215240947964,1.2540985369188518,0.4463036129509459,1.1680118721642252,3.742643400107929,3.475448963277495,1.0666193405528324,1.772068667402176,1.771933194177204,3.6102999764694874
auth_caucasian_f_9280_frame_0180_subdiv_auth_caucasian_f_9280_head.glb,pca_gnm_variation_001,caucasian,female,9280,0180,0.04730866279053533,0.14885427010647959,0.054377100689038706,0.054433758782813146,0.0820190961516991,0.08183415267008659,0.0835841821233365,0.08351957997465699,0.03644117016004298,0.030588613652932355,0.06020098892653794,0.020972001573994706,0.05072866730462574,0.17705265507230294,0.1586469690882991,0.04625476856763982,0.08355209154032368,0.08355130719014574,0.17088661345451575,3.146448479542729,1.1494110693806696,1.1506086955749524,1.7337014262028139,1.7297921319910674,1.7667838656403225,1.7654183197789748,0.7702853560116578,0.6465753172599074,1.2725151246207254,0.44330150836963433,1.0722912953433683,3.742499674028505,3.3534443742518616,0.9777230181380997,1.766105542028537,1.7660889626087928,3.6121632566774573
auth_caucasian_f_9281_frame_0181_subdiv_auth_caucasian_f_9281_head.glb,pca_gnm_variation_001,caucasian,female,9281,0181,0.047490208006701666,0.15561841030173004,0.05825038730695824,0.05828205552585439,0.08490745161128732,0.0846557816442088,0.08615613466553143,0.08573959263945938,0.03741285598717068,0.031264015364291145,0.05993075195101549,0.02146507585516388,0.05267070045781735,0.1762467181505385,0.16205453029684963,0.04803480167732193,0.08382642824327731,0.08381704386587488,0.1705239191754321,3.276852573056106,1.2265767987105496,1.2272436355222915,1.7878938664430666,1.7825944588885028,1.8141873510718958,1.8054162371190305,0.7878014765041901,0.6583255091213597,1.2619601906683218,0.4519895101772306,1.1090854866414699,3.711222282405399,3.412377774255716,1.011467493899867,1.765130787202448,1.764933180626349,3.5907174622475506
auth_caucasian_f_9282_frame_0182_subdiv_auth_caucasian_f_9282_head.glb,pca_gnm_variation_001,caucasian,female,9282,0182,0.046979495629386143,0.15269249678619667,0.05725764500883613,0.057273000781195404,0.08450256439984666,0.0844132935990545,0.08499384126589656,0.08469120606811578,0.03697779165970475,0.031271142587467014,0.0584135194699492,0.019971431757265876,0.05470914350911303,0.17278470568801765,0.16384971542822596,0.050836984394067475,0.08294112979221271,0.08293921886330573,0.1683985889681056,3.2501944676197416,1.2187794747847591,1.2191063359430911,1.7987116138171024,1.7968114060861298,1.8091688752131272,1.8027270181066095,0.7871049095847418,0.6656338508646441,1.2433832821613129,0.4251095395918543,1.1645323726058037,3.677874855257899,3.4876857069903564,1.0821100506295864,1.7654751010211402,1.7654344252139313,3.584512492355721
auth_caucasian_f_9283_frame_0183_subdiv_auth_caucasian_f_9283_head.glb,pca_gnm_variation_001,caucasian,female,9283,0183,0.04708039966401673,0.15550873370017707,0.05820199188199579,0.058255862093830484,0.08438433437863027,0.08425894383185963,0.08518536207401312,0.08504647305489314,0.03759673730855462,0.03129967528385728,0.06000322538276917,0.020565850212344604,0.051878756571526886,0.17646329173483574,0.16018285285692155,0.0473788787051298,0.08338887911871688,0.0833891997474801,0.1704890206677778,3.30304616804329,1.236225526914531,1.237369744300516,1.7923453280097092,1.7896820000077067,1.8093593657217777,1.8064093266373364,0.7985645316704815,0.6648132876361165,1.274484197478665,0.4368240363104428,1.1019183554462795,3.748126460143574,3.4023256811761593,1.0063397728830497,1.771201597985807,1.7712084082245794,3.6212313804566434
auth_caucasian_f_9284_frame_0184_subdiv_auth_caucasian_f_9284_head.glb,pca_gnm_variation_001,caucasian,female,9284,0184,0.04837275362444358,0.14610244385992524,0.052975763747172284,0.0528577573887786,0.081800330701728,0.08177251627628487,0.0841648102587589,0.08418558221762758,0.04101169152225873,0.031062039431806226,0.05849310052533008,0.021633596483611562,0.05301734815418146,0.17634014076268334,0.16178013331248753,0.047954470012705856,0.08387657073935943,0.08387941646697883,0.1704404056342316,3.0203458127324216,1.0951570828170247,1.0927175616082494,1.6910414349534342,1.6904664330492822,1.7399218351760108,1.7403512496151794,0.8478262751106819,0.642139161085716,1.2092158527806554,0.44722689660320963,1.0960167487217616,3.645443510033625,3.3444474666155304,0.9913529088092609,1.7339631187953537,1.734021947937922,3.523479497518313
auth_caucasian_f_9285_frame_0185_subdiv_auth_caucasian_f_9285_head.glb,pca_gnm_variation_001,caucasian,female,9285,0185,0.047656317502049426,0.1562165776057855,0.05834969395208161,0.058621276646329726,0.08462015060934525,0.0841282164967949,0.08651274139545856,0.08588904601884305,0.0406323716870392,0.03099963017160703,0.05963283793647697,0.021189123956801822,0.053409036586543626,0.17595984076246787,0.16312346450341686,0.04869908277571113,0.08353439282638754,0.08353214750676374,0.17038815473196978,3.277982559165792,1.2243852863698987,1.2300840627018392,1.7756334321405807,1.7653108948918899,1.8153467563190995,1.802259396461958,0.8526124933025265,0.6504831215771951,1.2513102367574354,0.4446236106239346,1.1207126229223818,3.69226683859702,3.4229137510761682,1.0218809452412445,1.7528503502771737,1.7528032354403276,3.575352936672926
auth_caucasian_f_9286_frame_0186_subdiv_auth_caucasian_f_9286_head.glb,pca_gnm_variation_001,caucasian,female,9286,0186,0.04761850840771329,0.15668890642406944,0.05864872600539367,0.058941914080248736,0.08468425411594423,0.08415216212306938,0.08603284448488775,0.08542260725902248,0.036351244990279225,0.03127612804937627,0.06047989621750683,0.021686305636918663,0.050932676172183555,0.17628834445670624,0.16164874358541229,0.047114667031827547,0.08396223824734846,0.08396223549523883,0.1708525717692227,3.290504294726897,1.2316371924806804,1.237794211771263,1.7783894739178137,1.7672154155386843,1.8067101923535276,1.7938950654990622,0.7633847889362073,0.656806126340365,1.270092202377978,0.4554175752679791,1.069598311146038,3.7020971540585026,3.3946620545390345,0.9894192112954943,1.7632269689856177,1.763226911190661,3.5879446350223736
auth_caucasian_f_9287_frame_0187_subdiv_auth_caucasian_f_9287_head.glb,pca_gnm_variation_001,caucasian,female,9287,0187,0.04971796928924185,0.14836745725081904,0.053741648948744586,0.053820348211783095,0.08347999677185858,0.0833081249033333,0.08428694887104714,0.08398653137368522,0.039667726073862396,0.031113330663504385,0.05897806627456141,0.020646124386885224,0.055934447833103675,0.17673631781437887,0.16445016009362945,0.05120234789464547,0.08360226652567647,0.08360198078794304,0.17070117594061432,2.9841817630898957,1.0809300885982362,1.0825130024654672,1.6790709267750055,1.6756139901586808,1.6953015192695218,1.689259086288919,0.7978549132425212,0.625796489846515,1.1862525183087735,0.4152648364773962,1.1250348441968037,3.554777484699515,3.307660438360135,1.0298559781629055,1.6815301936269271,1.681524446454677,3.4333899469532687
auth_caucasian_f_9288_frame_0188_subdiv_auth_caucasian_f_9288_head.glb,pca_gnm_variation_001,caucasian,female,9288,0188,0.047987467724863835,0.15451093866578788,0.057562347088298195,0.057412701062413696,0.08429546679009504,0.08421609958707321,0.08597568985512594,0.08563327523971256,0.037672561325043735,0.03086371163629405,0.05967662908386031,0.021489015231461094,0.0532965585252954,0.17454574379996765,0.16282014493519484,0.04934189218007596,0.08309810653966285,0.083094930278928,0.16959010065366142,3.219818548285907,1.1995287481792525,1.1964103084494777,1.7566141908842354,1.7549602756687694,1.7916279797897983,1.784492478967446,0.785049995574665,0.6431619149660314,1.2435877930883181,0.44780473424162265,1.110634943916425,3.637319326802692,3.392972220762392,1.0282245452703969,1.7316626710979182,1.7315964817179523,3.5340497987100785
auth_caucasian_f_9289_frame_0189_subdiv_auth_caucasian_f_9289_head.glb,pca_gnm_variation_001,caucasian,female,9289,0189,0.04880712827838185,0.14718724088904958,0.05365058747861979,0.053649584570786286,0.0827405161139975,0.0827888521344396,0.08461770602887345,0.08444184769042447,0.0402179051549667,0.030871947918243294,0.05897518273518991,0.02130193207710851,0.05749337532004534,0.17431911868287006,0.16527182833984844,0.05230866740113273,0.08281273659476526,0.0828081472236562,0.16806741064076067,3.0156914795219216,1.099236717485451,1.0992161690969495,1.6952547513565919,1.6962450989174316,1.7337161397048058,1.730113011541929,0.8240170354948013,0.6325294891795019,1.2083313404306928,0.43645124858828827,1.1779708691754947,3.5715913808451063,3.3862231639031366,1.0717423713761463,1.6967344630977914,1.6966404323430442,3.4435013197693665
auth_caucasian_f_9290_frame_0190_subdiv_auth_caucasian_f_9290_head.glb,pca_gnm_variation_001,caucasian,female,9290,0190,0.047711414307082534,0.14804821921120218,0.05397801075796883,0.0539903129028652,0.0825228562532565,0.08245879405222264,0.08595804459026532,0.08566637616457867,0.038330906647363334,0.03051986397120638,0.05990383984998705,0.020523002556560258,0.058015926535133565,0.1755625458212603,0.16664149227695285,0.05225286804917077,0.08302466587744692,0.08303125844467645,0.16953904183410565,3.102993725114225,1.131343757922432,1.1316016028233855,1.7296250268776119,1.728282325095151,1.8016243248841453,1.795511145681169,0.8033907022888922,0.6396763628672364,1.2555452551548993,0.43014869407285033,1.2159758283778517,3.6796759930715126,3.4926965527453606,1.0951858964577807,1.7401426279900132,1.7402808038819937,3.553427293999507
auth_caucasian_f_9291_frame_0191_subdiv_auth_caucasian_f_9291_head.glb,pca_gnm_variation_001,caucasian,female,9291,0191,0.04527995538811149,0.15552004665018174,0.05919277121812208,0.05915736316280611,0.08394564846044611,0.08384601201675781,0.08463964130886861,0.08448974933623851,0.03732457274903317,0.031061130975861252,0.058966976511415435,0.021438940423259698,0.05118681493474178,0.17625867695188216,0.15958392458893625,0.04652873113070911,0.08354461774561557,0.08354069343219793,0.1708042472796093,3.4346333894802026,1.3072621364300963,1.3064801556394248,1.8539251582939174,1.8517247046310488,1.869251870576958,1.865941532230877,0.8243067474141759,0.6859797168443441,1.3022754993017849,0.47347529915828085,1.130451973638233,3.8926424604684984,3.5243834323837677,1.0275789967524016,1.8450684641697037,1.8449817963851618,3.772182322521787
auth_caucasian_f_9292_frame_0192_subdiv_auth_caucasian_f_9292_head.glb,pca_gnm_variation_001,caucasian,female,9292,0192,0.04814644856222119,0.15338573641429382,0.05723235104126152,0.05708119258181928,0.08444707631613209,0.08433343482205713,0.08540662758431808,0.08509448646462298,0.03921856735018491,0.031269202862223545,0.05913444762942947,0.021158909983922305,0.054499635840353514,0.1762635339215838,0.16375527019703237,0.05021922005574427,0.08326373240842297,0.08326266258892769,0.16932173074163584,3.185816212717508,1.1887138667621213,1.1855743110117758,1.7539627290889055,1.7516023993560055,1.7738925743182152,1.7674094145210453,0.8145682292537425,0.6494602155715257,1.2282203442899458,0.4394697971664093,1.1319554706080117,3.6609872417441722,3.4011910553569953,1.0430513891558248,1.7293847188088773,1.7293624986965486,3.5168062400867632
auth_caucasian_f_9293_frame_0193_subdiv_auth_caucasian_f_9293_head.glb,pca_gnm_variation_001,caucasian,female,9293,0193,0.047566794514054773,0.15481753611337054,0.05772259974747419,0.05758508788728822,0.08413612911119342,0.08410562281155667,0.08653299803885721,0.08627571498555428,0.03843212119341712,0.030743093222907834,0.06052288352172219,0.020708450365296126,0.056282904822777154,0.17485213371907637,0.16509110136319355,0.05110698364587091,0.08292756483402212,0.082932342748245,0.1693393662600856,3.2547397337784854,1.2135061934942586,1.2106152721784373,1.7687996420766454,1.7681583060364854,1.8191891827667495,1.8137803034018196,0.8079611330980356,0.6463141680447698,1.2723767523127762,0.43535517952922614,1.1832393878495846,3.675928460292022,3.4707216042151705,1.0744256401547112,1.7433919119674786,1.743492358387543,3.5600331699889964
auth_caucasian_f_9294_frame_0194_subdiv_auth_caucasian_f_9294_head.glb,pca_gnm_variation_001,caucasian,female,9294,0194,0.04743776291071455,0.14870761514636924,0.05653197009339181,0.05652879550335026,0.08303825484746268,0.08297572227654526,0.0850361970194495,0.08478921654638581,0.039099181579531905,0.030995367380214824,0.058954317557157215,0.021477815347347055,0.05640768528421904,0.17622867292640185,0.16538823392477128,0.05209208041825442,0.0832716521203693,0.08327599981997004,0.16952889414284492,3.1347940126574,1.1917081798269875,1.1916412586686789,1.7504673439966794,1.7491491416388845,1.792584468612089,1.78737805798247,0.8242206035963967,0.6533901575112862,1.2427718749747678,0.45275776152791475,1.189088224720616,3.7149448480125926,3.4864256612618596,1.0981141862928918,1.7553874173430113,1.7554790679465384,3.573711822412988
auth_caucasian_f_9295_frame_0195_subdiv_auth_caucasian_f_9295_head.glb,pca_gnm_variation_001,caucasian,female,9295,0195,0.04882598580049032,0.15271043914716648,0.0564998968784024,0.05655035030033474,0.08441577584543108,0.08424202189019533,0.08524368917952083,0.08489972635938349,0.039230619017601706,0.031012328041390546,0.058870478257851785,0.02094058482930474,0.05824862910356574,0.17398665859273768,0.1665271197553323,0.05352552491117597,0.08274977107040123,0.08275084511991933,0.16852809489358833,3.1276468184618387,1.1571685845580002,1.158201915910254,1.7289108342915087,1.7253521973815296,1.7458672422475654,1.7388225750586055,0.8034782785114344,0.6351603051725606,1.2057202182953282,0.42888196696879494,1.1929841896398699,3.563402883531549,3.41062483481204,1.0962507778109922,1.6947895616184412,1.6948115591163,3.4516066010877333
auth_caucasian_f_9296_frame_0196_subdiv_auth_caucasian_f_9296_head.glb,pca_gnm_variation_001,caucasian,female,9296,0196,0.04971750322811803,0.1482275590906642,0.0536400341150444,0.053460322996063035,0.08261186830770863,0.08261998294744108,0.0844166551894612,0.0842451212556187,0.04140674205791043,0.030545152643209464,0.05899571996543712,0.020598119261616313,0.055350898779569495,0.1790514143737102,0.16352613082377582,0.05030671092712456,0.08334456768507387,0.08334378561962434,0.17054348444213502,2.9813958760268804,1.0788963771758346,1.0752817322859494,1.6616254426265515,1.6617886575751226,1.6979262776357376,1.6944761057102598,0.8328403352824162,0.6143742275845918,1.1866187184571195,0.4143031714023589,1.113308094447218,3.60137582839129,3.2891058521879404,1.0118511119977824,1.6763626946965804,1.6763469645130686,3.4302503820361427
auth_caucasian_f_9297_frame_0197_subdiv_auth_caucasian_f_9297_head.glb,pca_gnm_variation_001,caucasian,female,9297,0197,0.0465523115406543,0.15495909082152762,0.05833743252919353,0.058242498695864925,0.08275144504867754,0.08261912402523519,0.08543683271948063,0.08524468896875174,0.0381545843262189,0.029812890896857812,0.057560342703896115,0.02069448248407316,0.05438127030132701,0.17734896412669235,0.16260534960940953,0.04907625894618491,0.08302340017832271,0.08301419802547307,0.16976205260952243,3.328708837287302,1.2531586638452366,1.2511193701950019,1.7776012041079938,1.7747587883597062,1.8352865817386608,1.8311591013973014,0.8196066546104454,0.6404169827490115,1.2364658337884782,0.4445425328879877,1.1681755105508704,3.8096704171566835,3.4929597312779133,1.054217445321194,1.7834431294742064,1.783245456092475,3.646694374376418
auth_caucasian_f_9298_frame_0198_subdiv_auth_caucasian_f_9298_head.glb,pca_gnm_variation_001,caucasian,female,9298,0198,0.04794675694616105,0.15241168848665032,0.05668116139961489,0.05664706084351599,0.08387907507799156,0.08384210697808342,0.08637639389042955,0.08610183652123964,0.039454386953240064,0.030442772261538624,0.05951332978114634,0.02124172000760664,0.0538835088946328,0.174696073574037,0.16302877478609112,0.04936387036545537,0.08274261627822907,0.08273973369406355,0.16886300596594989,3.1787694975447853,1.1821688266270358,1.181457609471365,1.7494212418199329,1.7486502178286825,1.8015064916157053,1.795780194642206,0.8228791573441143,0.6349287042650772,1.2412378557317918,0.4430272527390906,1.1238196767956188,3.6435430611125903,3.400204417770206,1.0295559806242074,1.7257187252756208,1.7256586047513327,3.5218858734400853
auth_caucasian_f_9299_frame_0199_subdiv_auth_caucasian_f_9299_head.glb,pca_gnm_variation_001,caucasian,female,9299,0199,0.046775721793894685,0.15286577739129123,0.05746013108171813,0.05732675268372874,0.08492108491309089,0.08480264722394776,0.08529652933039467,0.08500668616014624,0.037151065168363154,0.03152985973037776,0.05899536129410166,0.020731862094666414,0.054732304419706154,0.17511235227781846,0.1638585184243414,0.05053168561050281,0.08318083846259983,0.08318398540887507,0.16952657706355542,3.2680581192280767,1.2284178389571747,1.2255663939580557,1.8154949118107475,1.812962878426741,1.823521392277646,1.8173249476449893,0.7942382018616382,0.6740646327021111,1.2612389297603939,0.44321843254532955,1.1701006915696592,3.7436590086072106,3.503067662885936,1.0802972925390188,1.7782908584311115,1.778358135774027,3.624242888448224
auth_caucasian_f_9300_frame_0200_subdiv_auth_caucasian_f_9300_head.glb,pca_gnm_variation_001,caucasian,female,9300,0200,0.048888165986048004,0.15201129736617452,0.05595718284303055,0.05609414020309596,0.084876736266161,0.08460909602643116,0.08597261306484366,0.0856942503588972,0.038970461272437945,0.031151149945718614,0.05786624539944041,0.021331100417141462,0.05230113126072939,0.17511753077938513,0.16131809205476536,0.04744039374056847,0.08366804560864587,0.08366639051188043,0.17016173899446732,3.109367968713664,1.144595664705441,1.1473971066761726,1.7361407316933024,1.7306661912941754,1.7585567249419631,1.7528628581271208,0.797134858435057,0.6371920344610332,1.1836452489535938,0.436324414853874,1.0698116856266484,3.5820024590278394,3.299737038628188,0.9703860389057608,1.7114171481197218,1.7113832933671034,3.4806324917778486
auth_caucasian_m_9301_frame_0201_subdiv_auth_caucasian_m_9301_head.glb,pca_gnm_variation_001,caucasian,male,9301,0201,0.047256881463657925,0.15701506766468376,0.05984250696212952,0.05983364943265979,0.08369370542523792,0.08359496496224479,0.08502710928380547,0.08479768653698,0.03577691669219887,0.03146299296011261,0.05921341850318616,0.021367846183530576,0.059426435686013926,0.17589346322520527,0.1671195585032573,0.0539155751521206,0.08374368375580062,0.08374580302246147,0.17009019110280638,3.322586315506948,1.2663236571831415,1.2661362235397147,1.7710374200125985,1.7689479790690807,1.7992534981216244,1.794398697302787,0.7570731623438266,0.6657864841189038,1.2530115544912375,0.45216369598918926,1.2575191981661926,3.722070897980711,3.5364068327652483,1.140904212936341,1.7720950084317821,1.7721398541049458,3.599268208876865
auth_caucasian_m_9302_frame_0202_subdiv_auth_caucasian_m_9302_head.glb,pca_gnm_variation_001,caucasian,male,9302,0202,0.04652319191093064,0.15673661289487845,0.059756395786722045,0.05989535384189531,0.08458233357778763,0.08451065467798285,0.08487133939488137,0.08457683974069148,0.0429185675101775,0.0324319825195647,0.05864086562651188,0.020779260917778795,0.05668962955202167,0.17590497449562467,0.1665009779314627,0.05302110265556649,0.08342435781104895,0.08343141449847762,0.17088110745983393,3.3689995560698645,1.2844431633394067,1.2874300189154233,1.8180681527553353,1.8165274394710447,1.8242802333375758,1.8179500646175595,0.9225198389729096,0.6971143033705904,1.260465226435467,0.44664306261618947,1.2185240784973401,3.7810168922286636,3.578881222299436,1.1396703553160368,1.7931778621459626,1.7933295432138088,3.6730305991684404
auth_caucasian_m_9303_frame_0203_subdiv_auth_caucasian_m_9303_head.glb,pca_gnm_variation_001,caucasian,male,9303,0203,0.04800157875240621,0.15806202632007982,0.06014736295750134,0.06009628927579243,0.0846331099941642,0.08467083736532263,0.08516987021371569,0.08504623726107488,0.035093402810342976,0.032039883713165344,0.058909007786667016,0.02031970714119322,0.060157866570426814,0.17419559076866262,0.16700243762406208,0.05381047292423017,0.08317727744528713,0.08318782394954995,0.1695422307075122,3.2928505775897325,1.2530288486498224,1.2519648486099,1.763131800949812,1.7639177619981568,1.7743139377357733,1.771738335935705,0.7310885125540547,0.6674756236337176,1.2272306311115662,0.42331330904766623,1.2532476667220291,3.6289554488857427,3.4791030204541062,1.1210146483261818,1.7328029537178014,1.7330226653301466,3.532013636093447
auth_caucasian_m_9304_frame_0204_subdiv_auth_caucasian_m_9304_head.glb,pca_gnm_variation_001,caucasian,male,9304,0204,0.049600169140191046,0.15774336453437876,0.0598049400998859,0.05744413665002524,0.08525904998769768,0.0871641008118644,0.08608809465464323,0.08763545536998418,0.043652155221582244,0.03296623433950913,0.05895810242446294,0.022191634898077038,0.05982532940441002,0.17528066083434554,0.16737524290984404,0.053416296499317756,0.083701886462334,0.08370633860232028,0.17078127715231048,3.180298923750226,1.2057406484008524,1.1581439669623672,1.7189265977444463,1.7573347495147005,1.7356411509670842,1.7668378331995067,0.8800807734788726,0.6646395548840291,1.1886673663918852,0.44741046820534214,1.206151721687044,3.533872240212091,3.3744893578239794,1.0769377892309342,1.687532278887136,1.6876220394678652,3.4431591688651384
auth_caucasian_m_9305_frame_0205_subdiv_auth_caucasian_m_9305_head.glb,pca_gnm_variation_001,caucasian,male,9305,0205,0.049215427137166645,0.1614953953896992,0.06021782808603556,0.05983080555973409,0.08540487842708407,0.08535513203622816,0.08641295517293027,0.0860481720778648,0.03884234160713389,0.03154952802759328,0.05970199859271218,0.0202519036824766,0.05765696496977504,0.17617586784605144,0.1652126445593078,0.05155125747155517,0.08374290042879179,0.0837454382451415,0.1716812179312041,3.2813978214514092,1.2235559374137808,1.215692091688683,1.7353273840142651,1.7343165954516206,1.7558103261420785,1.7483983596859347,0.7892310169101594,0.6410495623590274,1.2130748845543646,0.41149503032927476,1.1715221897613786,3.5796878762229913,3.3569279831474232,1.0474613443438867,1.7015579321377177,1.7016094976019904,3.4883618393215854
auth_caucasian_m_9306_frame_0206_subdiv_auth_caucasian_m_9306_head.glb,pca_gnm_variation_001,caucasian,male,9306,0206,0.047518072255957694,0.15914290513203197,0.060344203688867906,0.06041701059822872,0.0846399574035747,0.08459055143766213,0.08552468739371771,0.08530605474956868,0.04165905210985228,0.03159215912999656,0.05844134290724184,0.019848338968455958,0.059567719189003186,0.17701760684107065,0.16717825224440755,0.053702913319470205,0.0839802354372103,0.08398569444462714,0.17136024686334478,3.349102721903434,1.2699211231428291,1.2714533172303468,1.7812161433582308,1.7801764133446383,1.7998349540157292,1.795233912059074,0.876699119557174,0.6648451342854216,1.2298761320207936,0.41770084572333266,1.2535802982103244,3.725269112087699,3.518203586708995,1.1301576593889933,1.7673325421294015,1.7674474248920573,3.6062120942176916
auth_caucasian_m_9307_frame_0207_subdiv_auth_caucasian_m_9307_head.glb,pca_gnm_variation_001,caucasian,male,9307,0207,0.048897996595368226,0.16024511522427856,0.059622089944458875,0.05937516324128175,0.08630703466629588,0.08653365816622934,0.08635017287400913,0.08632268684887358,0.040988728027360706,0.032581715773855595,0.058998217710077336,0.02247236412302054,0.05846980482666521,0.17692629274540211,0.16516899646797456,0.05215663170712594,0.08348977800910853,0.08349391026830588,0.17092667523576635,3.2771304834901454,1.2193155976886478,1.214265764968088,1.765042346836581,1.7696769641156644,1.7659245549170106,1.765362445484123,0.8382496396844874,0.6663200548576634,1.2065569515718326,0.4595763771055846,1.195750519402745,3.618272834559466,3.377827476956794,1.0666414851046553,1.7074273758082137,1.707511883548511,3.4955762431370667
auth_caucasian_m_9308_frame_0208_subdiv_auth_caucasian_m_9308_head.glb,pca_gnm_variation_001,caucasian,male,9308,0208,0.04798737296080198,0.15496564408635877,0.059349644947332296,0.05927114783063888,0.08365214480200042,0.08369702839360572,0.08565856807938112,0.0854618373978004,0.04114116650747189,0.031967232878164144,0.05922678151204231,0.021443695099500625,0.06000304976853198,0.17571508960391224,0.16751973420283062,0.05369997940945135,0.08290328476580852,0.082907966585053,0.1693735271721035,3.229300428947026,1.2367762868747052,1.2351404999613949,1.7432115917312427,1.7441469126049645,1.7850230757443315,1.7809234414146629,0.8573331684790841,0.6661592603595172,1.234215958444342,0.4468612006957893,1.2503924692344563,3.6616942908594603,3.4909127936565207,1.1190439504432896,1.7276062357805513,1.7277037993468736,3.5295436428756917
auth_caucasian_m_9309_frame_0209_subdiv_auth_caucasian_m_9309_head.glb,pca_gnm_variation_001,caucasian,male,9309,0209,0.04750993681917922,0.15775989804501986,0.06035372677626655,0.0604025051047049,0.08437152447371339,0.08436413764432538,0.08563153733309012,0.08530750516286868,0.042493565284838754,0.03176576100084629,0.05963502145354779,0.02130357348611148,0.05882891456891388,0.17180621986752992,0.1670259572785667,0.05305998707090073,0.08379660659820633,0.08380415576196378,0.17028675979441052,3.3205663616318257,1.2703390241492056,1.2713657215456682,1.7758711150222697,1.775715635350383,1.8023921534351872,1.7955718503172375,0.8944142663579503,0.6686129918830541,1.2552115503861039,0.44840247982631437,1.2382444285879437,3.616216551106288,3.515600492466667,1.1168187251615334,1.7637701122847755,1.7639290088075426,3.5842346084886327
auth_caucasian_m_9310_frame_0210_subdiv_auth_caucasian_m_9310_head.glb,pca_gnm_variation_001,caucasian,male,9310,0210,0.051866472411721945,0.1591079799338611,0.05769255888294602,0.05771588004682119,0.08568290782353616,0.08556883912347842,0.08780592637197482,0.08749402289541887,0.033897308676076564,0.031340443807618315,0.059668155263721566,0.02152094063995948,0.06273463745926648,0.1756064223462241,0.1695234483202817,0.054747881668994094,0.08374206299066272,0.0837368295087694,0.17048884930793307,3.067646063739286,1.1123285660334858,1.1127782045531454,1.6519902711596715,1.6497909949268048,1.6929226586871267,1.6869090729919203,0.6535495301665376,0.6042524650381911,1.1504186132048653,0.41492971546481533,1.2095412420045035,3.3857406177971847,3.2684591883285474,1.0555543711243593,1.6145702434881,1.6144693405029928,3.2870723876220698
auth_caucasian_m_9311_frame_0211_subdiv_auth_caucasian_m_9311_head.glb,pca_gnm_variation_001,caucasian,male,9311,0211,0.04792820859305174,0.15724757506597137,0.059821170740008714,0.05979792348552392,0.08368637864766798,0.08368009500127223,0.08507096366022342,0.08492146261540379,0.03431500505656457,0.03146360632880656,0.058674523797630995,0.020962424551495006,0.06093172023230643,0.17639990910093462,0.1675524774794867,0.054138834952822026,0.08343954398247447,0.08344512401424811,0.1699786335352768,3.280898236800945,1.2481411781512135,1.2476561348924058,1.7460777505420928,1.7459466451538421,1.7749664791885493,1.771847208737842,0.7159667774759955,0.6564736561709905,1.224216917761812,0.4373713344782508,1.2713122818685914,3.680502866249579,3.495905279960269,1.1295818588277187,1.7409276589271665,1.7410440837203613,3.546525908750927
auth_caucasian_m_9312_frame_0212_subdiv_auth_caucasian_m_9312_head.glb,pca_gnm_variation_001,caucasian,male,9312,0212,0.05021558577000559,0.1580017645897779,0.05758752871862967,0.05752721237550721,0.08568185808808465,0.0857158625230517,0.08713100858146237,0.08694030656858176,0.043690060532895945,0.03173391468446723,0.05912367630953285,0.02137667964627225,0.061149845614575774,0.17592929346102792,0.16749709793301876,0.05332833043592646,0.08333710785584217,0.08333202698116507,0.17013468596666317,3.146468614613959,1.1468058738254814,1.1456047259707354,1.7062801672874943,1.70695733622709,1.7351387471717366,1.7313410813682535,0.8700498035212123,0.6319534900939521,1.1773969257339258,0.4256981038552539,1.217746336658316,3.50347986114926,3.335559973355263,1.0619876203411762,1.6595864924794026,1.6594853112505232,3.388085259941084
auth_caucasian_m_9313_frame_0213_subdiv_auth_caucasian_m_9313_head.glb,pca_gnm_variation_001,caucasian,male,9313,0213,0.0489366320976686,0.15728409788447706,0.05819341950225449,0.058242316111264104,0.08559109470242084,0.08538217789397087,0.08757191988516083,0.0869561456455868,0.04010695642499743,0.03159637547633196,0.060136904215017765,0.02122779668928192,0.05847973346018812,0.17338597097912728,0.16737212161490603,0.05271620552701549,0.08342538392753666,0.08343555391370526,0.1701794117830731,3.214036012338705,1.1891586528903548,1.1901578350349704,1.7490189053385734,1.7447497760688475,1.7894962552875162,1.7769131613315394,0.819569200122952,0.6456589700180297,1.2288729656547566,0.43378131635448686,1.1950093611565509,3.543071183016446,3.4201806385217064,1.0772340324075336,1.7047634941659817,1.7049713136609626,3.477546461379402
auth_caucasian_m_9314_frame_0214_subdiv_auth_caucasian_m_9314_head.glb,pca_gnm_variation_001,caucasian,male,9314,0214,0.046912664365327324,0.16083910454191588,0.061545490915175666,0.06098010430758582,0.08414562863555558,0.0842302025045149,0.08598084982381883,0.08585689998259398,0.03534662930886712,0.031128542329631536,0.06226410277458012,0.020952846339786932,0.0572247451595524,0.17393745506311428,0.16652430781494065,0.05203144933103757,0.08428065250322371,0.08427208322128622,0.1719397457496584,3.428479424860602,1.3119163396028155,1.2998644424181458,1.7936655223902986,1.795468316371487,1.8327854746055823,1.8301433343029212,0.753456018477421,0.6635424090864114,1.3272344177620166,0.4466351809954535,1.2198144346251762,3.7076865579109954,3.5496663868449367,1.109113072876191,1.796543718917715,1.796361054341882,3.6651029754075815
auth_caucasian_m_9315_frame_0215_subdiv_auth_caucasian_m_9315_head.glb,pca_gnm_variation_001,caucasian,male,9315,0215,0.04760444766335194,0.15846612429823909,0.05995896080831807,0.0597844531075427,0.08485792683823566,0.08493627801651754,0.08539876322948807,0.08531836158989996,0.04252391918035337,0.03194697006196031,0.05892192850168755,0.020274119579745908,0.058943352241984825,0.1777207181794716,0.166043615472894,0.05303200046742313,0.08359240283844113,0.08360003146245062,0.17073069513547687,3.328809220072802,1.2595243459673033,1.2558585603245531,1.7825629957589686,1.7842088751279712,1.7939240432618633,1.7922350909993208,0.8932761804332457,0.6710921275230872,1.23773998846432,0.42588708775952977,1.2381900249913431,3.7332797018520827,3.487985337990213,1.1140135653385508,1.7559788410861945,1.7561390913229673,3.5864441982994184
auth_caucasian_m_9316_frame_0216_subdiv_auth_caucasian_m_9316_head.glb,pca_gnm_variation_001,caucasian,male,9316,0216,0.04782211266468969,0.15854594314717174,0.060448232504952765,0.060377194085540035,0.08410178853665491,0.0841079538557661,0.0851964509407774,0.08507386463976875,0.0351488017681277,0.0321018712044399,0.05895800259926939,0.021388116180355052,0.0605379343365402,0.1753482372000188,0.16790713433021162,0.05456416817129976,0.08390527257699425,0.08391218247123902,0.17074909073118333,3.3153270383271245,1.264022627540372,1.2625371553298315,1.7586380828957597,1.7587670048268005,1.7815283807752749,1.7789649996493055,0.7349905683711134,0.6712767256755449,1.2328606854460882,0.44724323097811086,1.2658983671635122,3.6666769289239345,3.511077302408449,1.14098196693824,1.7545287713511495,1.7546732629651696,3.5705049655252674
auth_caucasian_m_9317_frame_0217_subdiv_auth_caucasian_m_9317_head.glb,pca_gnm_variation_001,caucasian,male,9317,0217,0.047573041416781786,0.15751852336821956,0.05893683480756202,0.05869485015020572,0.08559327713312029,0.08556997311380371,0.08535356008520512,0.08514224351911187,0.039251959961009386,0.032040589335038595,0.058747300289100864,0.020551281689957426,0.05851909523533146,0.1769097053828546,0.16559059522340192,0.05320225482964459,0.08315829164152308,0.08315765145418291,0.17014655473326087,3.3110879329370264,1.2388704411648477,1.233783849049866,1.7991970785144409,1.7987072208424788,1.794158152249142,1.789716212869191,0.8250883019466342,0.6735030677213757,1.234886367142742,0.43199427822808467,1.2300894265441764,3.718696558266469,3.480765372402456,1.1183278017385083,1.748012932639373,1.7479994757040773,3.576533046155848
auth_caucasian_m_9318_frame_0218_subdiv_auth_caucasian_m_9318_head.glb,pca_gnm_variation_001,caucasian,male,9318,0218,0.04910015969343968,0.15691301311736208,0.05794001117769471,0.058100343016835414,0.08535829627735363,0.08515083174580143,0.08691177660935896,0.08649846248576597,0.04169782573603314,0.03141311002428077,0.060559317864331795,0.020609268082664004,0.05911068714378415,0.17150149506191645,0.1681315189904856,0.05426097799422775,0.08367668285917569,0.08368567569660287,0.17030926794452309,3.195773987234656,1.1800371228820288,1.1833025265007082,1.7384525184906565,1.7342271853583915,1.7700915262190344,1.7616737506726097,0.849240124601966,0.6397761274181336,1.2333833177414937,0.419739328982623,1.2038797330364281,3.492890779433268,3.4242560521233867,1.1051079738438736,1.7042038840935954,1.7043870370096617,3.4686092470546135
auth_caucasian_m_9319_frame_0219_subdiv_auth_caucasian_m_9319_head.glb,pca_gnm_variation_001,caucasian,male,9319,0219,0.04865873162546647,0.1564054044894054,0.0591384573910117,0.05920681079849538,0.08499745806818278,0.08500998673557392,0.0859076571591341,0.0857896999718211,0.0354061150526619,0.032191193609199475,0.05870397300391177,0.02046626570427484,0.0635095441240923,0.172869124049025,0.16979648798240876,0.05637753476225401,0.08242428629021308,0.08243991114374001,0.16804727919105708,3.2143337745274825,1.2153719469346067,1.2167766980491612,1.7468079259118574,1.7470654062647686,1.7655136969121632,1.7630895238321718,0.7276415531170861,0.6615707506923918,1.2064427296577525,0.42060828592505756,1.3052034445314924,3.5526845496020014,3.4895378960832297,1.1586314085660991,1.6939259108651892,1.6942470218560635,3.453589388324836
auth_caucasian_m_9320_frame_0220_subdiv_auth_caucasian_m_9320_head.glb,pca_gnm_variation_001,caucasian,male,9320,0220,0.0485205520690598,0.15822923816742407,0.05855312674506753,0.0608071764968567,0.08554413992886802,0.08370350656006138,0.08553539058782993,0.0834821071421355,0.03832290189781865,0.032020327946329176,0.05841183373406262,0.020165028646205167,0.05469293920299241,0.1765330062554207,0.16248821732693758,0.050496934712293495,0.08369847564454602,0.08369460920983068,0.17078445120377575,3.2610766246479383,1.2067695903733384,1.2532251572552022,1.7630496002418143,1.7251144719236773,1.7628692778698505,1.7205514690623172,0.7898282328542608,0.6599332979714311,1.2038575663962863,0.4155976753418649,1.1272118075892332,3.6383140489448564,3.348853432163476,1.0407328968644192,1.7250107856443413,1.7249310991084208,3.5198373456405956
auth_caucasian_m_9321_frame_0221_subdiv_auth_caucasian_m_9321_head.glb,pca_gnm_variation_001,caucasian,male,9321,0221,0.04828407378821116,0.15952333081812387,0.06069308436071826,0.060654189567097005,0.08526177474478702,0.0852381215557067,0.08556455046069614,0.08544402970423344,0.04326879374443136,0.033301085330618464,0.05874975657442819,0.02259458146406698,0.057373836752677286,0.17506822969052874,0.16495912167391744,0.05159564048389799,0.08348277774857225,0.08348999130248701,0.17089382566752534,3.3038498681333808,1.2570000747438348,1.256194533898382,1.7658363939789228,1.7653465183900472,1.772107110017449,1.7696110332159898,0.896129724559316,0.6896908797854816,1.2167522738889587,0.4679510176207124,1.1882559248073523,3.6257965816727062,3.4164292432630896,1.068585072382508,1.7289920091406012,1.7291414073447875,3.539341490055673
auth_caucasian_m_9322_frame_0222_subdiv_auth_caucasian_m_9322_head.glb,pca_gnm_variation_001,caucasian,male,9322,0222,0.047922047507822474,0.15875718125645435,0.06047831230398655,0.0604332296271816,0.08481583834868689,0.08483258156695954,0.08499318588523166,0.08476186452369815,0.03459506460001207,0.032393821240039956,0.058989373176743916,0.020785693888179465,0.06070861956617965,0.1742079258250446,0.1676005344980054,0.05438211547816555,0.08358102935912097,0.08358279892355275,0.17020873004369266,3.312821331987952,1.2620143639337296,1.2610736137122873,1.7698709207873917,1.7702203052386698,1.7735716711886724,1.768744637003713,0.7219028901961044,0.675969056513126,1.2309443407466027,0.43373968703625504,1.2668202366827082,3.635235447663376,3.4973575465582396,1.134803671927594,1.7441038875786299,1.744140813472322,3.551783341809611
auth_caucasian_m_9323_frame_0223_subdiv_auth_caucasian_m_9323_head.glb,pca_gnm_variation_001,caucasian,male,9323,0223,0.048345574376886,0.1581797417822992,0.058674820031333334,0.05844942075188415,0.0852051798550057,0.08520810204217524,0.08696202686636721,0.08670842520387535,0.03840893517781142,0.03118387465144571,0.05973114713414432,0.020620355885898296,0.05937972303840092,0.17714650203813076,0.16755844691133764,0.05348066996034,0.0837121517172305,0.08370913270893028,0.17143760621730056,3.271855672851927,1.2136544200286872,1.2089921674367115,1.762419434523096,1.7624798782598228,1.7987587899657622,1.7935131875345063,0.7944664154445276,0.645020253732981,1.2355039298633663,0.4265200310818291,1.228234927472293,3.6641720430738007,3.4658487166810303,1.1062164562038814,1.7315370185622048,1.7314745721368778,3.54608686372883
auth_caucasian_m_9324_frame_0224_subdiv_auth_caucasian_m_9324_head.glb,pca_gnm_variation_001,caucasian,male,9324,0224,0.047636694104958834,0.15994244255390105,0.06093767091971187,0.06091981216364351,0.08476375972828233,0.08478483857110555,0.08658418019099441,0.0862147290902932,0.04447332601587007,0.03201890220619936,0.060779606168775986,0.020782142941169965,0.06283978309555632,0.17654392875400562,0.16965532448052217,0.05495964821463407,0.08392383536588627,0.08393144954280789,0.171025745712295,3.3575470665847806,1.2792170419182898,1.2788421469680018,1.7793795585713972,1.779822050293782,1.817594226841641,1.8098386277673812,0.9335938786575144,0.6721478643260068,1.2758989117687118,0.4362633329546394,1.3191466006667094,3.7060491302151033,3.561442028422824,1.1537250694504624,1.7617476809153734,1.761907519398389,3.5902102134852334
auth_caucasian_m_9325_frame_0225_subdiv_auth_caucasian_m_9325_head.glb,pca_gnm_variation_001,caucasian,male,9325,0225,0.048592810118034555,0.14745224606514615,0.05379424426793692,0.05337435845641699,0.08336064499740276,0.08330283774180991,0.08610225038700896,0.08582532378097615,0.04166309473460561,0.031443604620886675,0.059156399439600674,0.02169131798872099,0.05866516408597081,0.17645034951550398,0.166538175009132,0.05271937724623915,0.08357457421225933,0.08357244870253028,0.16996467122384318,3.0344457483931615,1.1070412297059544,1.0984003256195267,1.7154933990216918,1.7143037733249595,1.7719133793222073,1.76621445791058,0.857392166318509,0.6470834789037404,1.2173899656329115,0.44638945424295506,1.2072807467497757,3.631202827885372,3.427218442493896,1.0849213519074312,1.7198958860220717,1.7198521447829072,3.4977329117412603
auth_caucasian_m_9326_frame_0226_subdiv_auth_caucasian_m_9326_head.glb,pca_gnm_variation_001,caucasian,male,9326,0226,0.04831788043714224,0.15797095026889243,0.05980281421250089,0.059735679376434446,0.08506992775543859,0.08513000762075452,0.08534675903375438,0.08517395988458133,0.03551297334289756,0.03273549794760414,0.059072059404891936,0.020270063675720918,0.06293308433113541,0.17373858392945987,0.16887770350854456,0.05557945073045031,0.08292341046629505,0.08293371897764193,0.1691948847432291,3.269409767971925,1.237695314269831,1.2363058734363537,1.7606303709060225,1.7618738001453098,1.7663597463631253,1.7627834481561324,0.7349861587802293,0.6775027722954539,1.2225714139456103,0.419514752972053,1.3024802363383137,3.5957410043157854,3.495138900561691,1.1502874345399898,1.7162054650590868,1.7164188128146922,3.501703369694338
auth_caucasian_m_9327_frame_0227_subdiv_auth_caucasian_m_9327_head.glb,pca_gnm_variation_001,caucasian,male,9327,0227,0.04682273240811302,0.16057885095246383,0.06145555484546641,0.0614385943061876,0.08523277188730291,0.08511557908916263,0.08563252302626206,0.08539411346344969,0.034992018463396043,0.03262929606380699,0.059078531147536716,0.020601375371608034,0.06270001976443974,0.17872022104896296,0.16832858310766818,0.05480597858483282,0.08280278238335648,0.08280650495091288,0.16969617457613273,3.429506196965134,1.3125153463879853,1.3121531176497951,1.8203288766747525,1.8178259728049226,1.828866420692365,1.8237746725061557,0.747329697857038,0.6968686871882188,1.2617489007817946,0.43998661146136814,1.33909356715747,3.816954113040954,3.595018369293239,1.1704993657169938,1.7684312325397131,1.7685107359639036,3.624226221935081
auth_caucasian_m_9328_frame_0228_subdiv_auth_caucasian_m_9328_head.glb,pca_gnm_variation_001,caucasian,male,9328,0228,0.048962144387177935,0.15452423134221258,0.05822407916764309,0.05818514952456193,0.08443774871168229,0.08442369953824906,0.08638542984798037,0.08613562229481392,0.04169225472774193,0.03203093679888826,0.06110792329919568,0.021053817149495092,0.06272039714176285,0.17454588525773476,0.17036306388578504,0.05628063387249936,0.08242853672187798,0.0824464010364182,0.1691495553215321,3.1559939474930134,1.1891652193013558,1.1883701225267267,1.7245516871968256,1.7242647476926622,1.7643310138720707,1.759228958880544,0.8515201948274997,0.6541979972445084,1.248064684748539,0.4300019415613791,1.2809977570791995,3.564915046969314,3.4794853456295765,1.1494724052004137,1.6835156579347887,1.6838805176598644,3.454700717026367
auth_caucasian_m_9329_frame_0229_subdiv_auth_caucasian_m_9329_head.glb,pca_gnm_variation_001,caucasian,male,9329,0229,0.0503846122148821,0.14977907175775418,0.05369137034150513,0.053390133564399714,0.08367676543357283,0.08355790396877204,0.08531977279322572,0.08491986931393078,0.04346915291818452,0.030725946183383798,0.05896974389477692,0.02137055969291227,0.05853713794222869,0.1762174595317482,0.16643631735548825,0.0527890792342116,0.083469022300571,0.08345444924403835,0.17012613266974305,2.9727145883146036,1.0656303180923623,1.0596515725217763,1.6607603344589645,1.6584012518030564,1.6933696428852305,1.6854326267663127,0.8627466007438088,0.6098279778822685,1.1703919371906772,0.4241485396725957,1.1618058643098692,3.4974459817257233,3.3033164301367384,1.0477222491874074,1.656637188048393,1.656347951793671,3.3765494104466462
auth_caucasian_m_9330_frame_0230_subdiv_auth_caucasian_m_9330_head.glb,pca_gnm_variation_001,caucasian,male,9330,0230,0.0483613805249554,0.15992831125354778,0.0596049007975763,0.059568592127123315,0.08560581746015863,0.08546231343929718,0.08642137580675445,0.08609538975458128,0.04006436588739815,0.03171975864143358,0.05915996029120059,0.021119264928515118,0.058170053371437526,0.17614812431706084,0.1652128164459009,0.05163824928000729,0.08339903222552275,0.08340399538633197,0.17049357296119427,3.306942637235546,1.2324896467092998,1.2317388685044832,1.7701276624223825,1.7671603356152537,1.7869914975268202,1.7802508700129933,0.8284371838129015,0.6558902640313499,1.223289319887651,0.4366968994530082,1.2028203649277684,3.64233035544064,3.4162138188062667,1.0677579655394858,1.7244965160266104,1.724599142559504,3.5254074865215297
auth_caucasian_m_9331_frame_0231_subdiv_auth_caucasian_m_9331_head.glb,pca_gnm_variation_001,caucasian,male,9331,0231,0.04799237548992691,0.16020661737271136,0.06158141164071383,0.05976414848154858,0.08509059162352835,0.0864503425148357,0.08659370327433172,0.08766932922302878,0.040063476215166705,0.03251802593587029,0.059633892448278485,0.022518233711609558,0.0581177591571176,0.17389533708511812,0.1665769449548311,0.051650152395176355,0.0840885985046088,0.08408509950011814,0.17151733504204977,3.3381681097727083,1.2831498964588473,1.2452842325775777,1.7730022895280098,1.8013349335662852,1.8043220905476292,1.8267345245585862,0.8347883555706803,0.6775665010100507,1.2425701340996345,0.46920439927662877,1.2109790058072016,3.623395077028786,3.4709043520838816,1.0762157919442261,1.7521241165121761,1.75205120900437,3.5738454971467175
auth_caucasian_m_9332_frame_0232_subdiv_auth_caucasian_m_9332_head.glb,pca_gnm_variation_001,caucasian,male,9332,0232,0.048371868573413024,0.15629932422779352,0.057902918917525505,0.05778429583558289,0.08483179181860627,0.08482809326647842,0.08669336127453837,0.08498387231463975,0.04133570961596249,0.031311096627843024,0.0582277762897671,0.020787174996440786,0.05950726518324352,0.17522324685268365,0.16757800397540729,0.05448598377604739,0.08282937824768377,0.08282710420478184,0.16909081496931466,3.2312029457903026,1.1970370511870427,1.1945847357102777,1.753742295273517,1.7536658344660907,1.792226842404601,1.7568862816548303,0.8545402696864626,0.6472997126485365,1.2037528837943476,0.429736861723514,1.2302039788463108,3.6224204691772615,3.464369041710214,1.126398160396783,1.7123460534086101,1.7122990417266348,3.49564364487365
auth_caucasian_m_9333_frame_0233_subdiv_auth_caucasian_m_9333_head.glb,pca_gnm_variation_001,caucasian,male,9333,0233,0.05070968417696477,0.15854100370148302,0.057767605089120024,0.05816585043112763,0.08567753397407532,0.08549229831015655,0.0855361327514632,0.08525595666425657,0.04174636351159343,0.03190929574258044,0.058595066535071225,0.020126134292346463,0.05468386056502427,0.17595449857631823,0.16229730868249076,0.050086800238168507,0.08337310461687251,0.08337645964728602,0.170654326710635,3.12644431284984,1.1391829002035347,1.1470363378352468,1.6895694651751538,1.6859165995159566,1.6867810190448513,1.6812559188247655,0.8232424277364561,0.6292544759542293,1.1555005219631884,0.39688936381680134,1.078371152425059,3.4698401583862912,3.200519019525179,0.9877166669659676,1.6441258897594424,1.6441920512918589,3.365320243665724
auth_caucasian_m_9335_frame_0235_subdiv_auth_caucasian_m_9335_head.glb,pca_gnm_variation_001,caucasian,male,9335,0235,0.04808264307378246,0.1599570680779184,0.06072511288883938,0.060712365584840715,0.08461796841224095,0.0846261158876842,0.08526817807336884,0.08503865562684601,0.03441481224731034,0.03182238320661252,0.059065436901429,0.02076268610957083,0.06187313508975535,0.1755935774513989,0.1691260445394264,0.05577223447368313,0.08379477955323257,0.08380889508877404,0.17079781000162267,3.326711217444213,1.2629320895620721,1.2626669771808934,1.7598443638465402,1.7600138111756056,1.7733671159159334,1.7685936169597587,0.7157429385589529,0.6618268292319395,1.2284149357345753,0.431812495783783,1.2868081106691969,3.6519119213549023,3.5174032400819506,1.1599244739541679,1.742724072481833,1.7430176406935431,3.552171825070737
auth_caucasian_m_9336_frame_0236_subdiv_auth_caucasian_m_9336_head.glb,pca_gnm_variation_001,caucasian,male,9336,0236,0.0474564726598636,0.1570133958130815,0.05886761363895994,0.05864892704807082,0.0847615489337463,0.08479595479588413,0.08726116922010675,0.08701344778426086,0.040991724520337114,0.031145108124501966,0.060080639245791975,0.02027187874596911,0.059300327641622436,0.17460297075501405,0.16833783175692638,0.05361488785744343,0.08328646025810904,0.08327765380483261,0.1700130254339888,3.3085770393945833,1.240454891388237,1.2358467404104658,1.7860903725664703,1.7868153708693244,1.8387622241867134,1.833542252664148,0.8637752075283492,0.6562878861168078,1.2660156956124826,0.42716783633002897,1.2495730153955542,3.6792235277672636,3.5472048873809032,1.1297697627406749,1.755007390773666,1.7548218217083134,3.5825044699914588
auth_caucasian_m_9337_frame_0237_subdiv_auth_caucasian_m_9337_head.glb,pca_gnm_variation_001,caucasian,male,9337,0237,0.04739309166701026,0.1582160686471812,0.06061611868225224,0.060491846985827706,0.08431297967289823,0.0843222385070942,0.08506482639163757,0.08488242629494767,0.03427317279578259,0.032582708205629696,0.05903341136080651,0.020744647053718115,0.05971539780682791,0.17558851097945347,0.16649874892966443,0.053051836597337185,0.08378130166468337,0.0837762133633343,0.17053346359058805,3.338378296964185,1.2790074787302042,1.2763853308167976,1.7790141285842183,1.7792094911121794,1.7948781858190133,1.791029521588128,0.7231681156525966,0.6874991071390709,1.2456121616961093,0.43771457661957525,1.2600021586773809,3.7049389437000677,3.513143858592415,1.119400206470723,1.767795657927134,1.7676882941496277,3.5982768287998033
auth_caucasian_m_9338_frame_0238_subdiv_auth_caucasian_m_9338_head.glb,pca_gnm_variation_001,caucasian,male,9338,0238,0.047223865485304675,0.15579150688155213,0.058052456121968125,0.05804216107037874,0.08491844558030619,0.08482235904038056,0.08531946624674115,0.08504258019007833,0.0415643699825636,0.03142566657675861,0.058881118904684004,0.019958838991578687,0.056646527326541914,0.17748145045435243,0.1640297250592186,0.05170687045893871,0.08310117940711806,0.08309182687619317,0.16962265977085808,3.2989994631005377,1.2293033517138308,1.2290853464429028,1.7982103901835709,1.7961756872015473,1.8067022970258804,1.8008390316235814,0.8801560303338103,0.6654615469065697,1.2468508941312075,0.42264305953076975,1.1995317779348118,3.758299932257385,3.473449777427942,1.0949309195163,1.7597284456304798,1.759530398926154,3.591884273506623
auth_caucasian_m_9339_frame_0239_subdiv_auth_caucasian_m_9339_head.glb,pca_gnm_variation_001,caucasian,male,9339,0239,0.048660829589042075,0.1515382791915093,0.05385176373791104,0.058540327904568916,0.0802728519527379,0.08518992223750434,0.08359410406340799,0.08681113045462104,0.03424571099696108,0.03152869434180593,0.05905999894629591,0.020759743275057543,0.05948430199690142,0.1766188146405393,0.166190811469357,0.052656577741567547,0.08377708972268043,0.08377016694572292,0.17045817534485022,3.114173771209897,1.1066758251494733,1.2030277411824397,1.6496400211560414,1.7506878316083672,1.7178931138122753,1.784004325198969,0.7037634024363791,0.6479275961399941,1.21370719416579,0.4266212362259526,1.2224267958287476,3.629589058225018,3.4152893173605383,1.0821142628736702,1.7216535441382237,1.7215112782332653,3.5029853947092526
auth_caucasian_m_9340_frame_0240_subdiv_auth_caucasian_m_9340_head.glb,pca_gnm_variation_001,caucasian,male,9340,0240,0.048000231800230525,0.15910855951566488,0.05950729554444534,0.0596323368709776,0.08531558971433817,0.0852048790300209,0.08680071515140704,0.0864689739690926,0.04140178083036185,0.03165316523694962,0.05946692964297726,0.020788379578050218,0.05984446305647696,0.17425777279984578,0.16702162312621138,0.05303507421244535,0.08316771438074315,0.08317980392652918,0.16979781538721514,3.3147456491012353,1.2397293369770674,1.2423343520330918,1.7773995356815846,1.7750930742299393,1.8083394995394622,1.8014282582834804,0.8625329353130959,0.6594377578984442,1.2388883847575851,0.4330891497476139,1.2467536262228958,3.630352735067602,3.4796003448760273,1.1048920437128107,1.7326523489901924,1.7329042133111054,3.5374374043418615
auth_latino_f_9341_frame_0241_subdiv_auth_latino_f_9341_head.glb,pca_gnm_variation_001,latino,female,9341,0241,0.052564346246707014,0.14716451838439984,0.05088007240669987,0.05066991031474135,0.08123508992403307,0.08083615340782777,0.08665972383782061,0.08631480396503925,0.038242506449670886,0.030154636283487992,0.05872073128820761,0.021596996817024268,0.05459482657446545,0.17772874987007156,0.16383468194803721,0.048886346348699726,0.08523362438080388,0.0852097951234375,0.17586177590150948,2.7997022486248313,0.9679578657346535,0.9639596786180072,1.5454408876838677,1.5378513989012446,1.6486407617644359,1.642078901921977,0.7275369938053144,0.5736709088316129,1.1171209285588,0.4108677907960712,1.0386284710596139,3.381165420300565,3.116840475463935,0.9300286190045082,1.621510214942386,1.621056879952647,3.3456475436052178
auth_latino_f_9342_frame_0242_subdiv_auth_latino_f_9342_head.glb,pca_gnm_variation_001,latino,female,9342,0242,0.050275358493620394,0.1625704547591312,0.06016391179056011,0.05994253344761609,0.08418722495945669,0.08423206841658434,0.08539865381995249,0.08526021177678528,0.038940710740609084,0.030650790034342994,0.05899176046545898,0.021798766367042748,0.05375373737635112,0.17893836653033146,0.1630769413332839,0.049632803362752546,0.0842768770876802,0.08423740851327682,0.17274066808777405,3.233601104599986,1.1966878724135703,1.1922845553696528,1.6745226186729127,1.6754145756568366,1.6986184957942967,1.6958648198919204,0.7745486438560234,0.6096583088160848,1.1733732435333035,0.43358748739322994,1.069186555540367,3.5591663966560785,3.24367535547215,0.98721928296246,1.676305840730591,1.67552079263574,3.4358913245679528
auth_latino_f_9343_frame_0243_subdiv_auth_latino_f_9343_head.glb,pca_gnm_variation_001,latino,female,9343,0243,0.05066848159134216,0.1473433096981059,0.05173071994074402,0.0512365416717938,0.07962086345776474,0.07948197054118614,0.08694961600643344,0.08675374730587872,0.03924382362133769,0.029727229328928653,0.058907517371911945,0.021560483248304133,0.05373947628198724,0.17859213875908897,0.16333258779780996,0.04758209994906389,0.08303607299918012,0.08302049574911172,0.1702344119905308,2.9079874721030285,1.0209644796141546,1.0112113105151488,1.5714081211261273,1.5686669117546126,1.7160493718306082,1.7121836806868618,0.7745214063814253,0.5867006153586456,1.1626067235845017,0.42552061106145767,1.0606095662272585,3.524718585401727,3.2235540254618362,0.9390867548159241,1.638811158165211,1.6385037234527593,3.3597693604384458
auth_latino_f_9344_frame_0244_subdiv_auth_latino_f_9344_head.glb,pca_gnm_variation_001,latino,female,9344,0244,0.05080361064781472,0.16548632154543516,0.06167776025034563,0.061005525516310576,0.08336797009881293,0.08370735216164654,0.08471619746181357,0.08488013427275927,0.0405486263557303,0.029793899236886467,0.05967199634048772,0.02165493911808395,0.05227663949122469,0.18027569357600903,0.16169460675888114,0.04890474533896673,0.08425868911034026,0.08420665844606955,0.17311365159008565,3.2573732346040143,1.2140428497870683,1.2008108230578034,1.6409851393583763,1.6476654138212745,1.6675231618691568,1.6707500350944118,0.7981445774951916,0.5864523969256117,1.1745621143770903,0.42624803319988874,1.0289945699651435,3.5484819145184807,3.1827384844710114,0.9626234182052242,1.6585177320258948,1.6574935791437029,3.4075068559626485
auth_latino_f_9345_frame_0245_subdiv_auth_latino_f_9345_head.glb,pca_gnm_variation_001,latino,female,9345,0245,0.051104893376717274,0.15678285401217704,0.051098699287771464,0.06120972557558968,0.07940005539680925,0.08412820603750279,0.08480572078197995,0.0865380447862633,0.03766476309407481,0.029850891359939808,0.058810139151498214,0.02130748667037889,0.05215038007668947,0.17758460348165145,0.16228927907408547,0.0480671977263278,0.08487033043613658,0.08482735977073826,0.17493601890560015,3.067863831677717,0.999878796558675,1.1977272924607263,1.5536683505337845,1.64618690068201,1.6594442367160156,1.6933416561179817,0.7370089360412282,0.5841102365657118,1.1507731503905525,0.4169363296252625,1.020457663266518,3.4749040991553404,3.1756113426903725,0.9405595932272621,1.6607084924435513,1.6598676597451723,3.4230776613908116
auth_latino_f_9346_frame_0246_subdiv_auth_latino_f_9346_head.glb,pca_gnm_variation_001,latino,female,9346,0246,0.0488966775139596,0.1629536549495917,0.06155853030677564,0.06082265842714983,0.08312335586939035,0.08347335910980319,0.08561719238269778,0.08548261815888406,0.0391970503319849,0.030041192684657984,0.05902655034421056,0.021891797754925144,0.05319876973434819,0.17891182005690598,0.16294648958714547,0.04950559504116072,0.08354562910745744,0.08352176919065178,0.1708847284516628,3.332612014447603,1.2589511892541407,1.2439016620257166,1.6999796324741965,1.7071376493008596,1.7509817994945522,1.7482295833797599,0.8016301377694726,0.614381062518644,1.2071689395942897,0.4477154454650874,1.0879833240031571,3.6589770338859555,3.332465473561585,1.0124531472926208,1.7086156637862737,1.7081276977726556,3.494812677259649
auth_latino_f_9347_frame_0247_subdiv_auth_latino_f_9347_head.glb,pca_gnm_variation_001,latino,female,9347,0247,0.04694513641105004,0.16350907857164612,0.06340886633221594,0.06290513961329107,0.08216567790500846,0.08250361361617531,0.08473546891810668,0.08474424586154544,0.03782342025564413,0.03055396408337369,0.0575189967654271,0.021370833127162148,0.05373186375425595,0.17989075185943704,0.16397548058593472,0.049777607904686945,0.08413914157751944,0.0841297525173673,0.1722919121490838,3.482982286811697,1.3507015034956984,1.3399713883563098,1.7502489967345827,1.7574475211612217,1.8049893001942898,1.8051762619140708,0.8056941175857607,0.6508440792640201,1.225238675670099,0.455229971855654,1.144567208917694,3.8319358641184817,3.4929173312048967,1.0603357815138905,1.7922866565089923,1.792086655808815,3.6700694751529017
auth_latino_f_9348_frame_0248_subdiv_auth_latino_f_9348_head.glb,pca_gnm_variation_001,latino,female,9348,0248,0.04874073000666477,0.1643866003844291,0.06193030197503602,0.06138543275808524,0.08344512116053086,0.08374683043924838,0.0853590271683398,0.08536380593473014,0.03549293123460548,0.03080014930141961,0.06208423477597965,0.021238489823598834,0.053829620802374446,0.18288061768116576,0.16291593096588022,0.04985317164055491,0.08433778508014711,0.08428690746241184,0.17355155960641525,3.3726741548998342,1.2706067793110138,1.259427849145703,1.7120203400548297,1.7182104254039057,1.7512874172518114,1.7513854618725972,0.7281985975538775,0.6319180959581037,1.2737649757705785,0.4357441880885801,1.1044073569479536,3.7521107635474236,3.342500839515601,1.0228236555697467,1.7303348773934002,1.7292910354622615,3.56070907396512
auth_latino_f_9349_frame_0249_subdiv_auth_latino_f_9349_head.glb,pca_gnm_variation_001,latino,female,9349,0249,0.05126278459212805,0.1658979286345221,0.06152554062425589,0.06112365771934431,0.08394512070028666,0.08403589912350709,0.08657923553640244,0.08646524995146489,0.03607728061527236,0.030126023367871606,0.058820063449768874,0.021319002434314085,0.053067194642886416,0.17673501385864343,0.16368614287561858,0.04882026161115906,0.0848160425129111,0.08477751818503759,0.17380345613755213,3.236225459746046,1.2001989574656036,1.1923592954552553,1.6375450800848095,1.6393159246447122,1.6889296245857393,1.6867060702890992,0.703771379224148,0.5876782466572794,1.1474223243581139,0.41587679256869414,1.0351992203528377,3.4476280456638126,3.1930794274635317,0.9523529008343401,1.6545344383405873,1.653782931605633,3.3904411849730365
auth_latino_f_9350_frame_0250_subdiv_auth_latino_f_9350_head.glb,pca_gnm_variation_001,latino,female,9350,0250,0.05103731447026211,0.16306523256578756,0.059861822346453895,0.06031537430902359,0.08438324313098318,0.08404314494060201,0.08710261825956621,0.08673159667471325,0.03803700339959107,0.030142342664593362,0.058891301412123204,0.021737252051872772,0.05575207694159825,0.1800353154810239,0.16457154078986527,0.05093084696553522,0.08442615623585412,0.08439944218262864,0.17335020752130317,3.1950198449567857,1.1729030605897879,1.181789734335797,1.6533637007909328,1.6466999843726378,1.706645797562845,1.6993761833853762,0.7452783085159012,0.5905942147907565,1.1538871514573397,0.4259090094667581,1.0923787334869135,3.5275232905509752,3.2245337063288493,0.997913928155665,1.65420451902983,1.653681097029618,3.396538578108554
auth_latino_f_9351_frame_0251_subdiv_auth_latino_f_9351_head.glb,pca_gnm_variation_001,latino,female,9351,0251,0.050340295788555006,0.14909709795942475,0.05314846268257688,0.05265397389396392,0.0797874196370605,0.07992531693977271,0.08463529909043599,0.08469969581617443,0.04100839688285982,0.029685410826585115,0.05888534425188954,0.021652007821023184,0.05127855233161804,0.17947153002579067,0.16076943016811202,0.046866006742927464,0.084396152322928,0.08436326227574896,0.17370353642993758,2.9617843046786856,1.0557836788607093,1.0459607570668057,1.584961279770636,1.5877005823621708,1.681263444416988,1.6825426726124069,0.8146236775228323,0.5896948033693153,1.169745694368313,0.4301128446278582,1.0186382802954517,3.565166378434232,3.1936528709206224,0.9309839366017902,1.6765128412716972,1.675859487002243,3.450586328684813
auth_latino_f_9352_frame_0252_subdiv_auth_latino_f_9352_head.glb,pca_gnm_variation_001,latino,female,9352,0252,0.04989060428074311,0.16295770582920735,0.06067115049871229,0.06030998095919919,0.0836933143457541,0.08383413937493367,0.08552397720838079,0.08542826831547894,0.040127844967367404,0.030703054445583206,0.059158796767349815,0.021854021676777174,0.0520095912646408,0.17880211775114196,0.16223918007422203,0.047923161285040025,0.08413578998712022,0.08409927170896962,0.1722960323339826,3.2663005024396177,1.2160836969884183,1.2088444673835665,1.6775365933592878,1.680359269717087,1.7142301329349008,1.7123117578363896,0.8043166753715999,0.6154075479385213,1.1857702992421775,0.4380388249819704,1.0424726662353854,3.5838835854741578,3.251898476941148,0.9605648593744839,1.6864055106182618,1.6856735435740244,3.453476557719022
auth_latino_f_9353_frame_0253_subdiv_auth_latino_f_9353_head.glb,pca_gnm_variation_001,latino,female,9353,0253,0.04809993539521535,0.16828424550298413,0.06423942461887067,0.06417763370798871,0.08463789908200305,0.08466883373772191,0.08688260234813949,0.08629124019363697,0.039694960404504265,0.031264470868477126,0.059957788632887164,0.021108955270670166,0.056073002527564815,0.1805440114000442,0.16603296415720864,0.05104003945135272,0.08449167883266584,0.08446355355603254,0.1745144278524608,3.498637661782055,1.335540767176597,1.3342561311292875,1.759626044953529,1.7602691779528707,1.8062935352046643,1.7939990872050242,0.8252601605043496,0.6499898723686665,1.2465253464529882,0.4388562083759044,1.1657604540804138,3.7535187920024415,3.4518334129347803,1.0611249065509105,1.756586118846856,1.7560013929755587,3.6281634563238994
auth_latino_f_9354_frame_0254_subdiv_auth_latino_f_9354_head.glb,pca_gnm_variation_001,latino,female,9354,0254,0.04783893317175611,0.16582801974555839,0.0626151922088495,0.06304067573874259,0.08466870038066959,0.08422594018658246,0.08866793427001199,0.08822043306430856,0.04005975321195006,0.030770356283446855,0.05898714811101057,0.021718311810270962,0.05779479434910124,0.17920922497679448,0.16793578982563387,0.05211299498325358,0.08398846420498471,0.0839602284617517,0.17380482056705812,3.466382060615484,1.3088751788013788,1.3177692636331932,1.7698701615415122,1.7606149343712596,1.8534680518829199,1.8441137210892802,0.8373880970155321,0.6432074096002947,1.2330364454246718,0.45398821358109537,1.2081121069652745,3.746095765417252,3.5104417822758305,1.089342749265589,1.7556508608467698,1.7550606356606933,3.6331249265749035
auth_latino_f_9355_frame_0255_subdiv_auth_latino_f_9355_head.glb,pca_gnm_variation_001,latino,female,9355,0255,0.051998559715437605,0.15017485674065553,0.05307068543247456,0.052233729110817716,0.08116835792966805,0.08080143245067634,0.08692646176406718,0.08649892856848328,0.03842801809670058,0.0303313223369265,0.05918309540771377,0.021806533687433304,0.0515730751245782,0.17819077522469703,0.16255733035748193,0.04667349735979182,0.08386886286938136,0.08383061649344853,0.17208907763653433,2.888058007038815,1.0206183733338803,1.0045226136390522,1.5609731956781556,1.5539167410186476,1.6717090288610437,1.6634870089065759,0.7390208172495183,0.5833108167402102,1.1381679748745652,0.4193680326295512,0.991817377381453,3.4268405932750254,3.1261890953725984,0.8975921182281352,1.612907421443097,1.6121718938411376,3.3094970048842263
auth_latino_f_9356_frame_0256_subdiv_auth_latino_f_9356_head.glb,pca_gnm_variation_001,latino,female,9356,0256,0.04869218619490247,0.16266290101869788,0.06117746297556122,0.060900446050328565,0.08352728759505056,0.0836589879553613,0.0847948580446798,0.08464770805719396,0.03980497103589019,0.030730800008165797,0.05899996506428583,0.022068881809022563,0.05184843462116683,0.17895720156919395,0.1625622085620331,0.04887561225981776,0.08423710211080655,0.08420198931943478,0.17208441349151646,3.340636634543365,1.256412327240419,1.2507231818789062,1.7154146100713576,1.718119363556518,1.74144692754742,1.7384248823491035,0.8174816977114354,0.6311238498341027,1.211692669294493,0.45323251087323185,1.0648204295783865,3.675275553512296,3.3385686958342315,1.0037670533867813,1.7299921957421835,1.7292710781642782,3.5341278948270305
auth_latino_f_9357_frame_0257_subdiv_auth_latino_f_9357_head.glb,pca_gnm_variation_001,latino,female,9357,0257,0.05256773930331571,0.15743995468316938,0.05158466219673197,0.060200221012532994,0.08101009967751342,0.08509639525560447,0.08447639061957533,0.08642371908904754,0.04083478936159043,0.031077701860419395,0.060301157746798194,0.02342856964247284,0.05532475793682784,0.17936436832408703,0.1651184254878541,0.05080829935320024,0.08385736880808776,0.08384401588828813,0.17200259864500367,2.9949919241293843,0.9812988513561257,1.1451932651160417,1.5410611289575413,1.6187950325312357,1.60700063839814,1.6440448121685989,0.7768032238551064,0.5911934253269128,1.1471133920913106,0.445683416349523,1.05244696975847,3.4120616694044066,3.1410600432162634,0.9665300434556734,1.595224940609125,1.5949709270263344,3.2720181792971763
auth_latino_f_9358_frame_0258_subdiv_auth_latino_f_9358_head.glb,pca_gnm_variation_001,latino,female,9358,0258,0.0513327701431051,0.16456018446972487,0.06051532705015592,0.06023635312018197,0.0835299035492335,0.08362455248244445,0.08540160369468879,0.08535141807962852,0.03747855918339474,0.02926759569111496,0.0616915559014867,0.021429338883657428,0.053408665992053184,0.1801090389716581,0.1625438590830163,0.0501889602914435,0.08398391114719904,0.08393934191439731,0.17261160165449302,3.20575305036072,1.1788829412761432,1.173448324574254,1.6272237659563176,1.6290675965726489,1.6636858571358386,1.662708204557956,0.7301098124825974,0.5701542233065348,1.2017967417208044,0.41745923362243814,1.0404399732015421,3.508656136607308,3.1664735534411603,0.9777177454387734,1.6360681668468182,1.6351999255133098,3.3626005604857823
auth_latino_f_9359_frame_0259_subdiv_auth_latino_f_9359_head.glb,pca_gnm_variation_001,latino,female,9359,0259,0.049284135800023415,0.16332566017998368,0.061847575093905115,0.06130391040332451,0.08388201852003759,0.08409386855410891,0.08506838707257293,0.08502927462343658,0.04177091037256302,0.030949043567517286,0.05819126358616243,0.021595822004720384,0.05257387646293068,0.17850898208503543,0.16373216363423215,0.049951894041567246,0.08366839666339271,0.0836879409016449,0.1702479423418292,3.313960111681741,1.2549185268228997,1.243887295743053,1.7020085096023483,1.7063070537612828,1.7260805265562253,1.725286915214534,0.8475528624881188,0.6279717208210148,1.1807301201806766,0.43819013266963125,1.0667504991110284,3.6220373795202194,3.3222082720207577,1.0135491518863868,1.6976740142687652,1.6980705767312072,3.4544167119543627
auth_latino_f_9360_frame_0260_subdiv_auth_latino_f_9360_head.glb,pca_gnm_variation_001,latino,female,9360,0260,0.05001749791468124,0.16164484004618274,0.05997792116269122,0.059596303819103906,0.08392886176310452,0.08408437470673338,0.08825448954133058,0.08772572164285936,0.04008007467845749,0.030475556774448662,0.05966047062543969,0.021789970961642948,0.05369091581507506,0.17906969040872442,0.16357651092227735,0.048063429316021415,0.08372430706258661,0.08370882861649762,0.1712943539089604,3.231765817672707,1.1991387746944129,1.1915090978913416,1.6779900087419115,1.6810991795343837,1.7644722991116664,1.7539006407817517,0.8013210646167309,0.6092979066332587,1.1927919850610524,0.43564696096577654,1.073442656141254,3.5801409081713285,3.270385719839537,0.9609323000923989,1.673900345942968,1.6735908853194998,3.424688580007552
auth_latino_f_9361_frame_0261_subdiv_auth_latino_f_9361_head.glb,pca_gnm_variation_001,latino,female,9361,0261,0.05142561833625293,0.162244424517727,0.05957870318485477,0.05938572366926546,0.08385468341437623,0.08387078812051389,0.08492842773498997,0.08479384747267858,0.0388252880608392,0.030779104519766384,0.059087995141114624,0.02201599746433587,0.05165820412826932,0.17883378272672906,0.16201792449333,0.04793653037589448,0.08491654467067354,0.08486976380154226,0.17389009150638643,3.15493385916862,1.1585413090279608,1.1547887140795152,1.630601364208822,1.630914529254935,1.651480924928791,1.648863936224223,0.7549795085977408,0.598516955469807,1.1489992158141935,0.42811342238767996,1.0045227612139849,3.477523236714466,3.1505294391203087,0.9321527271185228,1.6512498520763708,1.6503401718305175,3.3813903873626567
auth_latino_f_9362_frame_0262_subdiv_auth_latino_f_9362_head.glb,pca_gnm_variation_001,latino,female,9362,0262,0.04905957744286666,0.16297672763895044,0.06163887501977239,0.06125854937558008,0.08285448250719689,0.08302283820700129,0.08475023083633676,0.08452110414163463,0.038727767919087025,0.029950321808961414,0.058961440210169316,0.021750609122627242,0.05232915911383132,0.1772804036953477,0.1625255584280641,0.05005617069285079,0.08286488919397945,0.08285581531166702,0.16977423431649055,3.3220165385392555,1.2564086001669135,1.2486562781124642,1.6888543853376394,1.6922860435087776,1.7274961435416842,1.7228257671005305,0.7894028024229977,0.6104887846586261,1.2018334295445996,0.44335092669636955,1.0666451249966904,3.613573800178023,3.3128201851582717,1.0203139387236821,1.6890665087868209,1.6888815523973575,3.460572698862004
auth_latino_f_9363_frame_0263_subdiv_auth_latino_f_9363_head.glb,pca_gnm_variation_001,latino,female,9363,0263,0.05146501600415144,0.16384129236482248,0.06000492237729494,0.06024888954488432,0.084653324841931,0.08444506011819365,0.0846967246659122,0.08451806059506618,0.04108643086468655,0.03064855823131927,0.060967683614223514,0.02183033232356662,0.053827883158533145,0.17861066013747248,0.16379662803629158,0.051644862674473886,0.08350812803764333,0.08348175096510847,0.17080662401052624,3.1835469040096323,1.165936145292457,1.1706765920372846,1.6448712429255326,1.640824518764006,1.645714530800498,1.642242967305179,0.7983370851642658,0.5955221743027729,1.1846432459926863,0.42417809258634387,1.045912103752015,3.4705256891995293,3.182679045957722,1.003494542201404,1.6226192960069639,1.6221067716830089,3.3188879995052964
auth_latino_f_9364_frame_0264_subdiv_auth_latino_f_9364_head.glb,pca_gnm_variation_001,latino,female,9364,0264,0.04999294342886763,0.16318459263701424,0.06080625852604296,0.060556282590522974,0.08480715050918766,0.08503342527069839,0.08537393414713643,0.08533696305135725,0.04293325232257353,0.03164778928063186,0.059066762918764074,0.0206366358400489,0.057359279259672415,0.17802996948233515,0.16788529496647076,0.05424836194689682,0.08442368721192155,0.08439474055031972,0.17374095322535305,3.2641525272301912,1.216296828222588,1.2112966038234052,1.6963824230484723,1.7009085570584186,1.7077196958528873,1.7069801695669071,0.8587862481764258,0.6330451281721762,1.1815020054341692,0.41279097457847624,1.147347511980085,3.5611019730343503,3.358179844028309,1.0851203835214065,1.6887120745759578,1.6881330596267177,3.4753095398865654
auth_latino_f_9365_frame_0265_subdiv_auth_latino_f_9365_head.glb,pca_gnm_variation_001,latino,female,9365,0265,0.050866196370895504,0.14922501270392483,0.052643161642481826,0.052091043081369845,0.08092171567212554,0.08103377384661245,0.08701639217930722,0.08695981365820818,0.03911435112078261,0.030443293309865158,0.05890856600849509,0.021966451619478695,0.05487564254506988,0.18091401459965367,0.16368461147066643,0.048097760486753405,0.08467116225688703,0.08463594763361455,0.17484766245409775,2.9336774390567175,1.0349341094551168,1.024079777885165,1.5908741255602734,1.5930771244570225,1.7106919405732497,1.709579639573063,0.7689655195677845,0.5984975382842687,1.1581083354249238,0.43184773359714795,1.0788233927486761,3.556664887629943,3.21794478748018,0.9455741517616966,1.6645860767630343,1.6638937776373888,3.4374039131839167
auth_latino_f_9366_frame_0266_subdiv_auth_latino_f_9366_head.glb,pca_gnm_variation_001,latino,female,9366,0266,0.04681937835541228,0.16304357392144647,0.06273810508382029,0.06205713629901039,0.0831365124696421,0.08341843108204547,0.08436465915075424,0.0844074734419927,0.04241469852245358,0.030948208653390825,0.06057612273544642,0.021978758724515973,0.05217201890363375,0.18125026673347078,0.16218241340416997,0.04964067731695289,0.08411793106850954,0.08408574605568297,0.17215249689001674,3.4823951032361107,1.3400029493678192,1.3254583567497675,1.7756859529091034,1.7817073616143468,1.801917541713831,1.802831998350001,0.9059218642434299,0.6610128058185386,1.2938258657687598,0.46943721801840727,1.1143253228949102,3.8712659821660877,3.464001853527853,1.060259214467218,1.7966477561910128,1.7959603268838091,3.676949650701974
auth_latino_f_9367_frame_0267_subdiv_auth_latino_f_9367_head.glb,pca_gnm_variation_001,latino,female,9367,0267,0.05111796316850211,0.1626202464659999,0.0595500639551615,0.05970309533484641,0.08430009859996405,0.08418790718877273,0.08608509057082209,0.08587523220084615,0.03938623649707508,0.03059178891588555,0.05897386877519228,0.0218780283300185,0.054611568296245486,0.17886265368120208,0.1655699449930576,0.05173058173187801,0.08416935314412853,0.08412868419956514,0.1726007238332928,3.181273986405689,1.1649537709251898,1.1679474617962535,1.6491286697414447,1.646933914625293,1.684047744372296,1.6799423701169844,0.7704969849296365,0.598454770489283,1.1536818980989998,0.42799100304331594,1.0683439814733477,3.4990176171849847,3.238977743445744,1.0119844087166874,1.6465709493681868,1.645775359285121,3.3765180209614845
auth_latino_f_9368_frame_0268_subdiv_auth_latino_f_9368_head.glb,pca_gnm_variation_001,latino,female,9368,0268,0.048298723378407425,0.1481249020536889,0.053763948625214504,0.05250877591975722,0.07987514542533296,0.07981160326677733,0.08279079607845233,0.0827589146702983,0.04087443610774832,0.030467663881613708,0.059770416471433864,0.021535817124812964,0.05290729784651744,0.17907721550996858,0.16226310081598783,0.04934002992727713,0.08450694778741027,0.0844760460853849,0.1734927669321678,3.066849218625726,1.1131546522252467,1.0871669528067063,1.653773429983497,1.6524578225696571,1.7141404635027069,1.713480375493667,0.8462839853448749,0.6308171676279682,1.2375154515606723,0.44588791625165053,1.0954181424631677,3.7077008041588813,3.3595732861239487,1.021559711645199,1.7496724939357342,1.7490326902336104,3.592077694743584
auth_latino_f_9369_frame_0269_subdiv_auth_latino_f_9369_head.glb,pca_gnm_variation_001,latino,female,9369,0269,0.05016573247529128,0.14950053240795141,0.05357491671300434,0.05180810625725846,0.08126858610366365,0.08065997775485288,0.08736505298272733,0.08714472871834286,0.03933205743117076,0.030394608588456364,0.06096636191708406,0.021647333514186923,0.05682136879928818,0.1805863604398024,0.16573576332461604,0.050461907697408145,0.08434808206217603,0.08432355075462877,0.1744950860743604,2.9801325532640566,1.0679584263898114,1.0327389574701438,1.6200019832998915,1.607870029498349,1.7415285030624892,1.737136575475406,0.7840423231245242,0.6058838790687842,1.2152989482833234,0.4315163448445438,1.1326729621116383,3.5997951495824108,3.3037644453063217,1.0059039349672156,1.6813884279218088,1.6808994226519396,3.478372137002216
auth_latino_f_9370_frame_0270_subdiv_auth_latino_f_9370_head.glb,pca_gnm_variation_001,latino,female,9370,0270,0.049192615605139066,0.16227021080133036,0.060804422910987706,0.06059574075917746,0.08341516142329194,0.08351909740169589,0.08533239029369351,0.0851768829105687,0.039088431615438964,0.030642988925643877,0.05913400528430936,0.02182522279091047,0.0523887082480849,0.17826773233495646,0.16297033683103176,0.04865816817165532,0.08422474831611125,0.08418946011487102,0.17223595085147836,3.2986701114623855,1.236047771865897,1.2318056280147691,1.6956846143911426,1.697797451391684,1.7346585304315265,1.7314973368009003,0.7945995783024691,0.6229184715773206,1.2020910975535062,0.44366867917936914,1.0649709840314314,3.623871797464113,3.312902451440426,0.9891356166589378,1.7121421026312014,1.7114247551023878,3.5012562095495725
auth_latino_f_9371_frame_0271_subdiv_auth_latino_f_9371_head.glb,pca_gnm_variation_001,latino,female,9371,0271,0.05342951261243702,0.14833100703716584,0.05124417584260339,0.05082520279763383,0.08107364198907469,0.08065728417309297,0.0859683139016136,0.08563638329529115,0.0415446073393857,0.030240692205970685,0.05875286662533287,0.021803313704832055,0.054497651764316216,0.18221487107107878,0.16336318829413757,0.04846814140808498,0.08540967108079243,0.0853881073628705,0.17643198374607746,2.7761998899955933,0.9590986954029421,0.9512570920552066,1.5173943767213556,1.5096017206475136,1.6090042693296507,1.6027917738361923,0.77755916736016,0.56599229016608,1.0996332130429487,0.4080762230227944,1.019991557093683,3.410378687015457,3.057545919969908,0.9071417469154087,1.5985485718413843,1.5981449799524157,3.3021447346126194
auth_latino_f_9372_frame_0272_subdiv_auth_latino_f_9372_head.glb,pca_gnm_variation_001,latino,female,9372,0272,0.05077086666416658,0.16404821030512912,0.06048525760659698,0.060607317932169,0.08421544519942238,0.08398631000596585,0.08729005541395894,0.08695770627576048,0.03723938800584847,0.030191604476699087,0.05878850377998634,0.021775537381758955,0.054555708558689395,0.18090679498848034,0.16351402568764165,0.049001941685049066,0.084521448844962,0.08448992919208258,0.1738405674793624,3.2311485125959494,1.1913378986946994,1.1937420397620444,1.658735624043632,1.6542225005042566,1.7192941769411854,1.712748116965553,0.7334794627827684,0.5946639571155465,1.1579180668483349,0.42889827990917173,1.0745475140213454,3.56320084479003,3.220627033397634,0.9651586609537631,1.6647627743691078,1.664141952725705,3.424022060313909
auth_latino_f_9373_frame_0273_subdiv_auth_latino_f_9373_head.glb,pca_gnm_variation_001,latino,female,9373,0273,0.049254323472254544,0.1635200465627562,0.060923586742003356,0.0609393851160166,0.08410990498144012,0.08397619734924368,0.08623430101866529,0.08594016725234001,0.040552552434869896,0.03052076828344438,0.05899304689789511,0.021780566649183167,0.05632209068742128,0.18144287914047438,0.16585224706159687,0.05202489906318484,0.08445800003429332,0.08442869876392538,0.17387182267150328,3.3199125484866054,1.2369185575419024,1.2372393085521591,1.7076654200482537,1.7049507825754284,1.7507965786443487,1.7448248436657743,0.8233298028692558,0.6196566338107767,1.1977232197926033,0.44220618848723764,1.143495366841209,3.6837959868169334,3.3672627166429994,1.056250403936438,1.7147327194915054,1.714137822063172,3.5300824458475617
auth_latino_f_9374_frame_0274_subdiv_auth_latino_f_9374_head.glb,pca_gnm_variation_001,latino,female,9374,0274,0.05228026630937632,0.15193914980647774,0.05333944759006965,0.052795592797978165,0.08148702739997915,0.08123873079579386,0.08584220954908317,0.08567971134253288,0.03901020416377439,0.030257427255930155,0.058971413621188386,0.022260625209130396,0.054375833090002726,0.1799532026247454,0.16387033806054094,0.049090643425337324,0.0845632542547929,0.08452956177573472,0.1738872677448663,2.906242843281536,1.0202596764604348,1.009856998155907,1.558657465854658,1.5539081288349121,1.6419619793269418,1.6388537662664213,0.7461745495504107,0.5787542679464808,1.1279860984681331,0.42579402861874893,1.0400833226102095,3.4420865716300164,3.1344587476049495,0.9389899266165952,1.6174985367208565,1.6168540778946754,3.3260593340489564
auth_latino_f_9375_frame_0275_subdiv_auth_latino_f_9375_head.glb,pca_gnm_variation_001,latino,female,9375,0275,0.05254587269933942,0.15582879838798674,0.05092824191272596,0.060065445161626124,0.08118440981147361,0.0842311854068433,0.08589350720036434,0.085916129855311,0.040556299092263076,0.030256588002604858,0.0589982269197362,0.021595027335745726,0.054788118602140334,0.1799367591749352,0.1640050006159447,0.050461443954045386,0.08440151406804837,0.08438635339922605,0.17331513762496945,2.9655763694252193,0.9692148839953744,1.1431049114991907,1.545019725450182,1.6030028826203548,1.6346385127493401,1.6350690442789257,0.7718265395328172,0.5758128364472902,1.1227946913607525,0.4109747583660782,1.0426721602975508,3.424374740229546,3.12117759570499,0.9603312565152193,1.6062444057401566,1.6059558831970244,3.2983587239411913
auth_latino_f_9376_frame_0276_subdiv_auth_latino_f_9376_head.glb,pca_gnm_variation_001,latino,female,9376,0276,0.05201121924920993,0.15394130929010202,0.05035234722700999,0.058501571684406915,0.0805222788168686,0.08362622869082251,0.08429897152735823,0.08601190074821992,0.03986816681740503,0.030005284957023506,0.05893823671468698,0.021766184652240648,0.05415837993212314,0.18018136921630162,0.16289431255742465,0.04946819282309785,0.08472058664608693,0.08469796796125514,0.17431498319289848,2.9597712092173354,0.9681054963497104,1.1247875463964552,1.5481713364774037,1.6078498042918465,1.6207843758371183,1.6537182167581368,0.7665301331695016,0.5769002417200458,1.1331831394354839,0.4184901828189941,1.0412826446660512,3.464278896308293,3.1319072098064513,0.9511061947245024,1.6288906099307388,1.6284557290500692,3.3514881156250995
auth_latino_f_9377_frame_0277_subdiv_auth_latino_f_9377_head.glb,pca_gnm_variation_001,latino,female,9377,0277,0.05222188362962712,0.14928559216770207,0.0530706792930491,0.05304899164053118,0.082205831046911,0.0822539938310843,0.08714561122951846,0.08689815377878593,0.040886770818110534,0.030495069879552066,0.05886605085671833,0.021508860575157416,0.055271402737830724,0.18204285950461566,0.16494596430959302,0.04939411258126286,0.08481109891500234,0.08480578888237249,0.17372725904789676,2.8586788103332155,1.0162536393639474,1.0158383411975362,1.5741644179275265,1.575086689987165,1.6687565666451374,1.6640179889927578,0.7829432409618059,0.5839519327918546,1.1272295590525534,0.41187446871324196,1.0583954253705532,3.4859496987070955,3.158560221217566,0.9458508416046492,1.6240528495009385,1.6239511673657725,3.326713763908275
auth_latino_f_9378_frame_0278_subdiv_auth_latino_f_9378_head.glb,pca_gnm_variation_001,latino,female,9378,0278,0.051960970409878016,0.1629611632745071,0.059863577320199424,0.059762073381984436,0.08417254827110182,0.08413006948352825,0.0874029261427715,0.08712670782908374,0.04214815742188924,0.030526878922078785,0.059155052291129995,0.021582411388241605,0.05515542310043671,0.1785489917173946,0.16532185319583803,0.050199591967447645,0.08349036461563843,0.0834900387816247,0.17102526873980706,3.136222476005326,1.1520873618791978,1.1501338968570032,1.6199187122013456,1.6191011988400958,1.6820880259417903,1.6767721453585587,0.8111503131950107,0.5874963204358379,1.138451646004755,0.4153581278023763,1.0614779259386466,3.4362135716282087,3.181654458947703,0.9661018947772475,1.6067899417014455,1.6067836709560925,3.2914179121507394
auth_latino_f_9379_frame_0279_subdiv_auth_latino_f_9379_head.glb,pca_gnm_variation_001,latino,female,9379,0279,0.04925008498533296,0.16291195169565836,0.06100610068489285,0.060657676739043806,0.08313886348444172,0.08338853283306871,0.0857316952120995,0.08573442693896728,0.03713776211951541,0.02955283011951213,0.059181921882584546,0.021872062212243738,0.05410954827571244,0.1788958013126986,0.16407788479571955,0.051158668986783555,0.08323241794384509,0.08323310857478657,0.170138768855863,3.3078511792248633,1.2387004144878313,1.2316258288104094,1.6880958379909616,1.6931652576417366,1.740742076640701,1.740797543080375,0.7540649347219464,0.6000564289038929,1.2016613149035045,0.4441020196971721,1.098669135125892,3.632395789082904,3.3315249069028643,1.038752907777093,1.689995417645113,1.690009440584194,3.454588330284741
auth_latino_f_9380_frame_0280_subdiv_auth_latino_f_9380_head.glb,pca_gnm_variation_001,latino,female,9380,0280,0.051208731242653856,0.14867209247301677,0.05284671554026752,0.05230089886627428,0.08148885236913703,0.08111698912610375,0.08658874073084702,0.086234948155276,0.04103917736311649,0.030605367870935533,0.058916127025651056,0.022346410600530716,0.055601125885496046,0.1808140426885947,0.1651624591642022,0.04974053597322731,0.08451211518788905,0.08447765353933004,0.1738113764785371,2.9032567076995197,1.0319864261008935,1.0213277618311838,1.5913077788043617,1.5840460631943578,1.6908979900428327,1.6839891569789054,0.801409766796434,0.597659171165777,1.15050940720393,0.43637891543615265,1.0857743305927405,3.5309221357546003,3.2252792669589048,0.9713292004351861,1.6503458128541846,1.649672848542772,3.394174631176225
auth_latino_m_9381_frame_0281_subdiv_auth_latino_m_9381_head.glb,pca_gnm_variation_001,latino,male,9381,0281,0.04616363046856908,0.15482278928530444,0.05912992801874555,0.05913487126360648,0.08247872259479969,0.08249479334826276,0.08448196021455241,0.084379908376266,0.03621381894269357,0.030676771832959367,0.059022508404978594,0.021560900266958154,0.059014404340025174,0.17599024642521557,0.16718911250688218,0.053934234911398135,0.08235766733119108,0.08237371255915309,0.1678294020435791,3.353782787744931,1.2808769028468134,1.2809839837850057,1.786660229224304,1.7870083550822564,1.8300545116804172,1.8278438571619018,0.7844664419829388,0.6645225152698058,1.2785499711762185,0.46705382674870183,1.2783744203178662,3.8123138201844875,3.6216630020187512,1.168327411946505,1.7840379210916923,1.7843854940143404,3.635533001630954
auth_latino_m_9382_frame_0282_subdiv_auth_latino_m_9382_head.glb,pca_gnm_variation_001,latino,male,9382,0282,0.052298425458004935,0.17112286392863774,0.0633899648257244,0.06316092963092934,0.08505630541720181,0.08512637622365156,0.08681674150014737,0.08664915285804443,0.03602801665061732,0.030533452037734346,0.058962532693326096,0.021719347739013184,0.06108799038513839,0.18170016258994734,0.16741258571354461,0.05395372276512654,0.08389340186057116,0.08390059592715726,0.17205032706962534,3.272046193169764,1.2120817074431016,1.2077023175706671,1.6263645544262342,1.6277043807371814,1.6600259135881685,1.656821445372629,0.6888929510802849,0.5838311912899247,1.1274246246796162,0.4152963984824664,1.1680655746355382,3.4742950862995023,3.201101835235462,1.031650996997047,1.604128635343652,1.604266193339387,3.2897802479307883
auth_latino_m_9383_frame_0283_subdiv_auth_latino_m_9383_head.glb,pca_gnm_variation_001,latino,male,9383,0283,0.049582973365383566,0.16170589663339785,0.05953845961246147,0.0593225328952914,0.08495402521874894,0.08504120326510213,0.0881441275942172,0.08796713737109157,0.036133663655495536,0.031429269329708624,0.058770742617624445,0.022263023622280696,0.05953518379092886,0.18114858121176083,0.1678198508249497,0.05255050491052314,0.08435538389212127,0.08434703434623723,0.17307803780414385,3.2613190709997455,1.2007843735734562,1.1964295174098518,1.7133709306360343,1.7151291561000612,1.777709596894711,1.774140020261592,0.7287514483897877,0.633872218555796,1.1853008932024907,0.44900541680349615,1.200718306104923,3.6534432874134573,3.3846266053522602,1.059849810201406,1.701297404463729,1.701129009038499,3.490674843735341
auth_latino_m_9384_frame_0284_subdiv_auth_latino_m_9384_head.glb,pca_gnm_variation_001,latino,male,9384,0284,0.04638618797049928,0.15850056708022175,0.06065863623935991,0.06066593074584743,0.08197149954355058,0.08199725748549107,0.08594744684210165,0.08575118852702063,0.035612940539921964,0.030273642811785836,0.059184208308266706,0.021394188344313413,0.05897467190578822,0.17756396533710486,0.16699065418981934,0.051968196699885595,0.08336463429538249,0.08335000774329421,0.17069265247978474,3.416977639572906,1.3076874581273552,1.3078447141297704,1.7671531792110806,1.767708472566009,1.852867213334335,1.848636248823825,0.767748808386046,0.6526434729027375,1.2759015322816938,0.461218937799323,1.2713843168853405,3.827949075057259,3.6000081381126248,1.120337733571389,1.7971865752021008,1.7968712539237586,3.6798163407681175
auth_latino_m_9385_frame_0285_subdiv_auth_latino_m_9385_head.glb,pca_gnm_variation_001,latino,male,9385,0285,0.0456232186863587,0.15245326633937728,0.057919645220427515,0.057922944233532656,0.08103515223254862,0.08098928991634403,0.083678096673039,0.08353329149210446,0.03581683962820493,0.029262884071781545,0.05888197238460754,0.021877699694077695,0.0592721172271132,0.17489235854476354,0.16798659356630471,0.055258458872368035,0.08219755693598706,0.08219587684708166,0.16884225617375165,3.3415719173044813,1.2695212413355097,1.2695935512952217,1.7761822722248672,1.7751770315267072,1.8341120833295939,1.8309381472263562,0.7850572725793704,0.6414033230086662,1.2906141670844717,0.4795299482151422,1.2991656207902647,3.833406839334994,3.682041697258255,1.2111915919884508,1.8016606303264624,1.8016238050222912,3.7007966784297777
auth_latino_m_9386_frame_0286_subdiv_auth_latino_m_9386_head.glb,pca_gnm_variation_001,latino,male,9386,0286,0.04717053474864546,0.15544563714567314,0.05881825583435295,0.05882304699034942,0.08216401855669035,0.08213535998851466,0.08610525335080887,0.08583690172805612,0.040879014328436304,0.03001789039386046,0.05978325125326819,0.021344050703647227,0.05912665203200477,0.17720217257882,0.16798719998579367,0.05339887859922422,0.082931114629563,0.08292589945876526,0.16979794204858556,3.2953969670682373,1.2469278999649662,1.247029470914331,1.7418504792136105,1.741242926886116,1.8254033754256191,1.8197144082730798,0.8666218126689814,0.6363695165597513,1.2673854890946497,0.45248693527393474,1.253465799085575,3.756628444495396,3.561274021609805,1.1320388645956068,1.758112666550689,1.7580021066253981,3.5996611646099996
auth_latino_m_9387_frame_0287_subdiv_auth_latino_m_9387_head.glb,pca_gnm_variation_001,latino,male,9387,0287,0.04615325382041022,0.1575395126419577,0.05974817001061232,0.05973906154132113,0.08287848921036287,0.08283144499950504,0.08535162560432384,0.08516922804727263,0.040452372473608965,0.03070763248315836,0.05907811363068005,0.021118388000777883,0.0562785803434045,0.17916827651903805,0.16446129665268247,0.05077425122317558,0.08321969285045311,0.08321561835310208,0.17069359125344963,3.4133999144452405,1.2945602978091668,1.294362945108388,1.795723645679598,1.7947043413627044,1.8493089552567807,1.8453569574678286,0.8764793189016682,0.6653405760436031,1.280042223253913,0.4575709457658814,1.2193848902266688,3.8820291461185126,3.563373826093129,1.1001228953595865,1.8031164860937954,1.803028204184856,3.6984086087981147
auth_latino_m_9388_frame_0288_subdiv_auth_latino_m_9388_head.glb,pca_gnm_variation_001,latino,male,9388,0288,0.04913143743057195,0.16306967307483908,0.06080655057300178,0.060762568006288174,0.08380758327890422,0.08369259149668669,0.08894870895099345,0.08873022355154354,0.04251258392101497,0.030385492102190142,0.058775657551106274,0.022509482799678997,0.05878149782543736,0.1791670620530624,0.16689373037206187,0.05009828610485129,0.08498902858111058,0.0849791633451524,0.17395584285350704,3.3190495048160193,1.2376301967335686,1.2367349946183086,1.7057832553206576,1.703442762385151,1.81042350077153,1.8059765435710886,0.8652827221082197,0.6184531471347269,1.196294279689306,0.4581482646724378,1.19641315010378,3.646688788746409,3.396882710950617,1.0196788192009567,1.7298298813505975,1.7296290886102645,3.540621889993052
auth_latino_m_9389_frame_0289_subdiv_auth_latino_m_9389_head.glb,pca_gnm_variation_001,latino,male,9389,0289,0.04737188540768725,0.1564119767238273,0.05948038958871358,0.05948877991385438,0.08241653503339406,0.08242193963309781,0.08484651542620132,0.08477094734153051,0.0389097038198248,0.03039990434944203,0.05876260135137168,0.020669474598101582,0.05711002935902373,0.17669667311523468,0.16560114870496043,0.05211649866227358,0.0831085550335764,0.08310241370843396,0.16969850663498892,3.3017891388052214,1.2556052831087325,1.2557823992414048,1.7397773874547955,1.7398914762156128,1.7910732219332968,1.7894780123692173,0.8213670088273656,0.6417288247621425,1.2404530840530152,0.4363236637135716,1.2055680044720414,3.729990301094525,3.4957685825628464,1.1001567324955237,1.7543856301756993,1.754255989459701,3.5822620352672554
auth_latino_m_9390_frame_0290_subdiv_auth_latino_m_9390_head.glb,pca_gnm_variation_001,latino,male,9390,0290,0.04560344005055213,0.1524420455233325,0.05827998215201739,0.05827526311307014,0.0829020813225046,0.08288202715795319,0.08503501424594005,0.08475088390427123,0.040300122346249696,0.030915571295222245,0.06081327538719986,0.02123287935992501,0.05855878191509043,0.17479514332087617,0.16724569796599423,0.05367687604714135,0.08313283766271884,0.08311689794263467,0.1694568991816387,3.3427751361377145,1.2779733741010135,1.277869894211294,1.8178909580199727,1.8174512068843307,1.864662274417838,1.8584318158964224,0.8837079461895063,0.6779219124906334,1.3335238595989116,0.4655981947061018,1.2840869427871473,3.832937671524627,3.6673921480616323,1.1770356794934702,1.822951022347542,1.8226014934508952,3.7158797449006715
auth_latino_m_9391_frame_0291_subdiv_auth_latino_m_9391_head.glb,pca_gnm_variation_001,latino,male,9391,0291,0.050904610659031374,0.1652029782576133,0.06030575068244922,0.06093776027766021,0.08499713643469645,0.08452149249371933,0.08711805237249066,0.08674154947378566,0.037008072840969776,0.0315792623935359,0.061128519085310896,0.02192207309721798,0.059907304653081334,0.18361316622970603,0.16706936712996207,0.05203672373337346,0.08467326931491595,0.08466523810463823,0.17391420902426735,3.245344107711064,1.1846815033394213,1.19709707016193,1.669733553292907,1.660389725006643,1.7113980687530195,1.704001825194123,0.7270082682462063,0.620361534735227,1.2008444479570068,0.4306500494435786,1.1768541960639223,3.6070046279222416,3.282008544354145,1.0222398926086518,1.6633713178178178,1.6632135480171308,3.416472629349379
auth_latino_m_9392_frame_0292_subdiv_auth_latino_m_9392_head.glb,pca_gnm_variation_001,latino,male,9392,0292,0.04605654474961534,0.15934572615724243,0.06134449608811975,0.061371381735181765,0.08158209410558742,0.08162409153970294,0.08581788250629287,0.08561154591392854,0.040260255718120086,0.030137791841411552,0.059171512616819126,0.020845537171332678,0.060547753023807514,0.1778195351634436,0.16788864535578266,0.05288964625595705,0.08319519774802935,0.08319198455709362,0.17034258706694394,3.4597846413255584,1.3319387379495526,1.3325224909689808,1.7713463862542314,1.772258253055005,1.863315691023687,1.858835619983055,0.8741484177111731,0.654365020329999,1.2847579630322425,0.45260749117543775,1.3146395013558458,3.8608961251903016,3.6452722684366123,1.1483633117397236,1.8063708035484833,1.806301037330605,3.6985533324960644
auth_latino_m_9393_frame_0293_subdiv_auth_latino_m_9393_head.glb,pca_gnm_variation_001,latino,male,9393,0293,0.04701270184591521,0.15529736205133796,0.05791399543749934,0.05812221799759264,0.08255117119114158,0.08233610014302001,0.08672279123320809,0.08637957092692328,0.03810962718999405,0.02991515537390204,0.05934041614982516,0.022077923828635864,0.057525713184348355,0.1770815551331009,0.16679849913093608,0.052024190131047456,0.08359363996154096,0.08358080425858341,0.17102134973409022,3.3033064672676598,1.2318797508663355,1.2363088211370838,1.7559333531117656,1.7513586096982414,1.8446672458316318,1.8373666591219013,0.8106240588958041,0.6363207005619329,1.2622209279593035,0.46961614546206193,1.2236206583678106,3.7666747108789487,3.5479453973443285,1.1065986018322764,1.7781075470948315,1.7778345208178137,3.637769007503868
auth_latino_m_9394_frame_0294_subdiv_auth_latino_m_9394_head.glb,pca_gnm_variation_001,latino,male,9394,0294,0.04629778011274762,0.1599297151228863,0.06131769393073017,0.061331364133351954,0.08331534063591195,0.08332880329754054,0.0857290957212242,0.08557881588456807,0.0371984001206828,0.03132744482421971,0.059126148531656625,0.021762738141614252,0.06332606980022602,0.17608948808009725,0.17127320740376498,0.05671258596480589,0.08456930506917239,0.08454928754873867,0.17349147051609676,3.4543711325556905,1.3244197406744989,1.3247150075876961,1.7995536812567807,1.7998444654281989,1.851689120136012,1.8484431796980438,0.8034596913738549,0.6766511212401308,1.2770838771895425,0.4700600782287206,1.3677992691228371,3.8034110415504094,3.6993827130948476,1.2249525965758057,1.8266384449367388,1.8262060803528437,3.747295660690385
auth_latino_m_9395_frame_0295_subdiv_auth_latino_m_9395_head.glb,pca_gnm_variation_001,latino,male,9395,0295,0.04751778228436512,0.14585318105837486,0.0541054534893314,0.053980695920787934,0.07898587768555802,0.07872372521998,0.08524666238376274,0.08481285258536307,0.03535967485949503,0.030561288641572003,0.058942597328342373,0.021592455889449583,0.06105086182809687,0.17928237468616245,0.1694460989212374,0.05472589595566855,0.0845875756286171,0.08455592847587985,0.17315733434291236,3.069444196396456,1.1386359145623224,1.1360104223245562,1.6622383008717752,1.6567213669372494,1.7939949695802961,1.7848655494444072,0.7441356300655786,0.6431547764304575,1.2404324127672175,0.45440790481828097,1.2848003188100081,3.7729533254154437,3.5659513296981165,1.1516929731309267,1.7801246514917666,1.7794586449734517,3.644053363152991
auth_latino_m_9396_frame_0296_subdiv_auth_latino_m_9396_head.glb,pca_gnm_variation_001,latino,male,9396,0296,0.04587381183250283,0.15337809986739084,0.05856118502260359,0.0585918306334846,0.08238765124062507,0.08239272336994484,0.0846990010243974,0.0845928353479518,0.040102769011735796,0.030494615833598183,0.05853823769130831,0.021059068155831417,0.05492117280447931,0.17490540451491376,0.164289729815315,0.05053552908764427,0.08302392633177891,0.0830160356324394,0.16906589270892716,3.3434784191776785,1.2765711564677826,1.2772391979855207,1.7959626189653417,1.7960731859559003,1.8463475704538221,1.844033272334598,0.8741974431547436,0.6647499873117569,1.276070929205678,0.4590651466401687,1.1972227859548872,3.812750620191291,3.581340273513336,1.1016204468066133,1.809832734958254,1.8096607261579318,3.685455512749421
auth_latino_m_9397_frame_0297_subdiv_auth_latino_m_9397_head.glb,pca_gnm_variation_001,latino,male,9397,0297,0.04665179464188938,0.15208693210892335,0.050240991993535725,0.062370531471449386,0.08029585551850872,0.08278844481476776,0.0836751376789613,0.08441255812357534,0.03562495576943014,0.030809466939603333,0.05902272595388981,0.02220735983834454,0.0645747316039166,0.17940697078488957,0.1715674403728989,0.058151054360634995,0.08439359027188463,0.08435965724641466,0.17333061250598072,3.260044619427397,1.076935890230974,1.3369374522506774,1.7211739898728315,1.77460364494597,1.7936102634694375,1.809417167582659,0.7636352694016605,0.6604133276351823,1.2651758931668704,0.4760236987411456,1.3841853694934585,3.845660647399773,3.677617156850935,1.246491261633486,1.809010584045277,1.8082832159830096,3.715411461370544
auth_latino_m_9398_frame_0298_subdiv_auth_latino_m_9398_head.glb,pca_gnm_variation_001,latino,male,9398,0298,0.049196594526605825,0.16051159259374975,0.058946527990133994,0.05904087581377872,0.08440398924624977,0.08448290164189481,0.08697359718354405,0.08685515145639622,0.03586026104791401,0.03144965144516485,0.05875136023993249,0.022249893326898758,0.0604199614737537,0.18377286941092066,0.16819404659428133,0.05375327739617499,0.08433996648434955,0.08433885186140481,0.1728564948300664,3.2626565748762157,1.1981830969673184,1.2001008684015526,1.7156469885451842,1.717251010051233,1.7678784074476577,1.7654708073223322,0.7289175479111782,0.6392648057815604,1.194215998185797,0.45226490859780705,1.2281330050411967,3.735479481441244,3.4188148227073105,1.0926219164845827,1.7143456228202538,1.7143229663141386,3.513586590563388
auth_latino_m_9399_frame_0299_subdiv_auth_latino_m_9399_head.glb,pca_gnm_variation_001,latino,male,9399,0299,0.05064071773687174,0.1668160711164043,0.06205540381181279,0.06352198913157343,0.08537637840953857,0.08451031221718022,0.08681414322466717,0.08616157754836617,0.03571354452178708,0.03130528998439877,0.059053698824119726,0.022138494478580253,0.05877429920646432,0.17803166068886228,0.16579625297349757,0.05234326152638179,0.08448303071643974,0.08446210612203808,0.17319559305985807,3.2941095342127182,1.2254052980499124,1.2543658931066608,1.6859235458145105,1.6688213752477659,1.7143150236485964,1.7014288382731892,0.7052337746742456,0.6181841684602595,1.1661307632123559,0.4371678654637455,1.1606134713938006,3.515583282486469,3.2739712307193574,1.0336200564604245,1.6682826486664752,1.6678694516318207,3.4200856701869684
auth_latino_m_9400_frame_0300_subdiv_auth_latino_m_9400_head.glb,pca_gnm_variation_001,latino,male,9400,0300,0.04627280333006255,0.1596376151687194,0.061904873224650984,0.0618688196558705,0.08126361469029306,0.0811751586527344,0.08472443631089353,0.08349083293562333,0.0359735814340602,0.030285572599138947,0.058735300900641864,0.021603463919726063,0.059816267928950645,0.18109072804143123,0.16760666420968262,0.054049163112655424,0.08362141152973254,0.083602999999503,0.17117273810170375,3.449923144487897,1.3378241379301214,1.337044985465048,1.7561852501272093,1.7542736296678285,1.830976950035999,1.8043175888887835,0.77742386121415,0.654500493153891,1.269326616796581,0.4668717338266538,1.2926873589715964,3.913545646882822,3.622141995896579,1.1680546503120706,1.8071395185042813,1.8067416275423225,3.6992082991111137
auth_latino_m_9401_frame_0301_subdiv_auth_latino_m_9401_head.glb,pca_gnm_variation_001,latino,male,9401,0301,0.04770433836440421,0.16574866420351309,0.06444671812921879,0.06441123703505215,0.08242345758311967,0.08235417584230144,0.08590260999320681,0.08571068771268185,0.03654698037108358,0.030518355676357002,0.059641470599348455,0.021647325176096494,0.06223950992399831,0.17760066694961887,0.16938568583970562,0.05512167500835109,0.08426599036522867,0.0842563842156407,0.17341723293953704,3.474498753916072,1.3509613661743463,1.3502175953689406,1.7277979405877686,1.7263456252807414,1.8007295130479204,1.7967063510650645,0.7661143959676847,0.6397396279397733,1.2502315857262039,0.453781058878477,1.3046928656375598,3.722945816645894,3.5507396527712247,1.1554855784244882,1.7664219493316746,1.7662205808625306,3.6352507735216104
auth_latino_m_9402_frame_0302_subdiv_auth_latino_m_9402_head.glb,pca_gnm_variation_001,latino,male,9402,0302,0.046709250327434386,0.15688391953022537,0.0603271967444775,0.060300512023186016,0.08025276021508508,0.08021162853480746,0.08431154323535334,0.08415202291285587,0.035938992787294594,0.02926727286174914,0.0591448816078814,0.02077128926020251,0.05885260878542051,0.18029841781169417,0.1668605228159576,0.05354519144757089,0.08281301812004782,0.08279887597879404,0.1691399962118259,3.3587334078466378,1.2915470987348452,1.290975804588516,1.718134195100732,1.7172536054961185,1.8050288250041444,1.8016136487514915,0.7694191736189363,0.6265840846638292,1.266234871963745,0.44469326984686425,1.2599775927222234,3.860015233552079,3.5723228620938303,1.1463509063454493,1.7729468475628287,1.7726440779582078,3.6211241890234875
auth_latino_m_9403_frame_0303_subdiv_auth_latino_m_9403_head.glb,pca_gnm_variation_001,latino,male,9403,0303,0.04696622271489855,0.15697921970260623,0.06038107938324387,0.06041226542635946,0.08223354982539417,0.082208389416406,0.08458541887647252,0.08440671983739369,0.038219319247517675,0.030553611234576405,0.05898409157451078,0.02170831554909283,0.06135980806212108,0.1775938720257868,0.1682212544176076,0.05511458419639522,0.08358930355158443,0.08358367359981232,0.17055945105512504,3.3423854555118293,1.2856277531573745,1.286291763190817,1.7509083139297932,1.750372601080563,1.8009840686983853,1.797179227075,0.8137618279315829,0.6505443586563804,1.2558832319253117,0.46221122956533933,1.306466743868176,3.781310519771707,3.5817497063532153,1.1734940774556235,1.7797748833028544,1.7796550109467935,3.6315343494936934
auth_latino_m_9404_frame_0304_subdiv_auth_latino_m_9404_head.glb,pca_gnm_variation_001,latino,male,9404,0304,0.04644201933496921,0.15950864556411898,0.061249406588936524,0.061234921878930496,0.08186243590004112,0.08181587323728183,0.08619372004448461,0.0857646462435508,0.03744842230923489,0.029993346913589625,0.0605001647133992,0.021850820272829134,0.05849469229821463,0.17798034851426237,0.16760312667486185,0.05231063013865184,0.08434104047420572,0.08432158492448807,0.17232783884118696,3.4345760121591993,1.3188359908979639,1.318524102866103,1.7626803716177255,1.7616777738963936,1.8559425554431859,1.8467036419101834,0.8063478471754897,0.6458234879336026,1.3027031464121694,0.4704967739500559,1.2595208635592245,3.8323128723270092,3.6088681989902747,1.1263642470271262,1.8160502424729812,1.815631321203057,3.710601763421388
auth_latino_m_9405_frame_0305_subdiv_auth_latino_m_9405_head.glb,pca_gnm_variation_001,latino,male,9405,0305,0.04671573772158,0.14396918916834195,0.05096284992737178,0.05276387965991943,0.08146937146983337,0.07970448028142109,0.08461458822231706,0.08340929480396853,0.036134771656020095,0.031397497395448275,0.05909281126834088,0.021649848447493146,0.06346628871281354,0.18143018335930688,0.16974056517641017,0.055242639510927616,0.08475744426918719,0.08473590951515249,0.17409078777168643,3.0818134570919216,1.0909139491942532,1.129466904159485,1.743938455074406,1.7061590840425105,1.8112651613597437,1.7854645751519023,0.7735031794077374,0.672096790648442,1.2649444095376745,0.46343800833294246,1.3585633409251663,3.883705838931802,3.6334771418583367,1.1825273923782793,1.8143231468232621,1.8138621725331194,3.7265982784912
auth_latino_m_9406_frame_0306_subdiv_auth_latino_m_9406_head.glb,pca_gnm_variation_001,latino,male,9406,0306,0.0472245079528,0.15197178292352415,0.049824010109360155,0.06165152726691165,0.08096732820111524,0.08317796833880477,0.08468636021084384,0.08541006471241966,0.03682680539932618,0.031455375261564486,0.05914848140888203,0.02148685796822997,0.06325987818368584,0.18259734660710156,0.16869964823508307,0.05418458899125193,0.08455037646440429,0.08453591019378685,0.1739416643990715,3.218070224795504,1.0550456165505908,1.3054985629184572,1.7145192551723472,1.761330545189366,1.7932714152466398,1.8085961805633932,0.7798240150248654,0.6660815882508196,1.252495451471931,0.45499379241189086,1.339556110291565,3.866580183103319,3.5722902270087213,1.1473828175278904,1.790391898818952,1.7900855690921946,3.6832922552188982
auth_latino_m_9407_frame_0307_subdiv_auth_latino_m_9407_head.glb,pca_gnm_variation_001,latino,male,9407,0307,0.045817016329320226,0.15317579364245326,0.058149346848043376,0.05815443603421915,0.08142896989520715,0.08137491068177699,0.08413740911955897,0.08388781658021187,0.036231963585005585,0.029773973626280474,0.05883294998296739,0.021787976859706463,0.05954996487563113,0.17554147542554108,0.16806633307030228,0.0548372172356608,0.08260227256170913,0.08259275252229338,0.16848143935562027,3.3432075223202533,1.2691648541686285,1.2692759305019103,1.7772647897872247,1.776084895988781,1.836379054340907,1.8309314595531299,0.7907970987150299,0.6498453197448142,1.2840851433906604,0.47554333750370004,1.2997346760339479,3.83135981976209,3.6682077213908317,1.1968744721722127,1.8028732374885896,1.8026654535650943,3.6772678112564465
auth_latino_m_9408_frame_0308_subdiv_auth_latino_m_9408_head.glb,pca_gnm_variation_001,latino,male,9408,0308,0.04546419115817291,0.15194273034479006,0.05781412226230872,0.05780608006043472,0.08228360190144371,0.08222913477641532,0.08503436353650305,0.08474384150167764,0.038473812420516645,0.03026182053854117,0.06018326274066041,0.021072039542528984,0.058147483001040064,0.17484113576255655,0.16734159714935007,0.05365992370869572,0.08288453513324164,0.08286530149195986,0.1694779172622594,3.342030870321025,1.2716408406160704,1.2714639497120617,1.809855180644777,1.8086571581210968,1.8703590973534072,1.8639689686075849,0.8462442955745924,0.6656188038902595,1.3237508731053607,0.4634865155572211,1.2789732208968845,3.8456889105158107,3.680734065347333,1.1802678622832927,1.8230729068703957,1.822649856535796,3.7277231364929504
auth_latino_m_9409_frame_0309_subdiv_auth_latino_m_9409_head.glb,pca_gnm_variation_001,latino,male,9409,0309,0.045903054110111516,0.15518269024207212,0.05922077204455327,0.059216449455015474,0.08173645769684457,0.08178334309491743,0.08492909465664941,0.0847913373902386,0.03570019685666166,0.03039468914379412,0.058930390261757254,0.02174837694971153,0.06049335469092717,0.18154916912896515,0.16885799733334733,0.054632926368730746,0.08388569379355287,0.08386554127951176,0.1717248931841782,3.380661554018222,1.2901270556528859,1.2900328878546512,1.7806322320248333,1.7816536324301395,1.8501839649475795,1.8471829169981258,0.7777303177044516,0.6621496049235379,1.2838010760764627,0.47378932341934965,1.3178503231139407,3.9550564259508287,3.6785787047696967,1.1901806410893303,1.8274534324519933,1.827014409070395,3.7410341536806517
auth_latino_m_9410_frame_0310_subdiv_auth_latino_m_9410_head.glb,pca_gnm_variation_001,latino,male,9410,0310,0.046543992301291366,0.15295501805259692,0.057742957656217946,0.05772209516952329,0.08289141001939032,0.08289499246416682,0.08592161624553381,0.0854635761666434,0.03793038599749987,0.030799996548628628,0.06087078290303364,0.020622624566251652,0.05994897202911682,0.17566838875127905,0.1683533274959584,0.05397471995056947,0.08240747766521159,0.08239405148966251,0.1684783250550566,3.286246204719168,1.2406103301674847,1.2401620985985293,1.7809260856441507,1.781003054649158,1.8460302178064323,1.8361892038271117,0.814936238214518,0.6617394646607072,1.3078118118660993,0.443078119142768,1.2880066591849606,3.7742441089739764,3.6170796524321234,1.159649554794893,1.7705287748366438,1.7702403127841804,3.6197652312344113
auth_latino_m_9411_frame_0311_subdiv_auth_latino_m_9411_head.glb,pca_gnm_variation_001,latino,male,9411,0311,0.04592150230998163,0.15595696176517743,0.05929082201813703,0.05924996893401985,0.0817401384984245,0.08173020193123824,0.08442568793523254,0.08427429443284054,0.03597343435341212,0.03000053082613524,0.05901330807423847,0.02180150089090929,0.06115300522548323,0.18103482574893948,0.16873503732270306,0.055312593917873035,0.08383055051412873,0.08381346959461873,0.17193504423653147,3.3961641915029026,1.2911341971765025,1.290244568526259,1.7799970468443762,1.7797806652652375,1.838478353023776,1.8351815640518025,0.783367976739577,0.6533002910842105,1.285090972762256,0.47475582884339684,1.3316856406980144,3.9422670566591904,3.674423283970532,1.2045031441806757,1.8255184673239029,1.8251465082491607,3.744107565905116
auth_latino_m_9412_frame_0312_subdiv_auth_latino_m_9412_head.glb,pca_gnm_variation_001,latino,male,9412,0312,0.04617123821649263,0.15174964088105802,0.057614221773860955,0.05761598968196665,0.08190697639751933,0.08186577490341224,0.08412979969248056,0.08389411799550794,0.03586797929928857,0.030132694027635683,0.05855018095794988,0.021717107815962762,0.05974124054633341,0.17460118979293196,0.16832534254115197,0.055147135189140904,0.08269020763281622,0.08268665017904941,0.16863029451002173,3.2866703762528116,1.2478379181366814,1.247876208383467,1.7739826688958427,1.7730903061241556,1.8221256986438998,1.817021185399799,0.776846813834772,0.652629108328139,1.2681093949313973,0.4703600911488071,1.2939059651424616,3.781600765702736,3.6456752957737484,1.1944045106730976,1.7909462866273922,1.7908692374967163,3.6522800995574345
auth_latino_m_9413_frame_0313_subdiv_auth_latino_m_9413_head.glb,pca_gnm_variation_001,latino,male,9413,0313,0.045398195228729135,0.16519963757231138,0.06499982820505806,0.06504496266399118,0.08278422579920423,0.08269651385581575,0.08482954362260567,0.0845917437333614,0.03989372695303851,0.031056340195616487,0.05902975336155884,0.021935086973399995,0.05358115796583591,0.1787572280167221,0.16297187413044212,0.049091384940074284,0.08511210655677683,0.0850881355019926,0.17481779311154563,3.638903192957081,1.4317711943739233,1.4327653849734774,1.8235135864347372,1.8215815284983683,1.8685664307845298,1.863328339533409,0.8787513854249593,0.6840875510391048,1.3002665208198256,0.4831709027833537,1.180248635345054,3.9375404047692175,3.5898315628923805,1.0813510249193343,1.8747905313847304,1.874262513593198,3.8507652612788554
auth_latino_m_9414_frame_0314_subdiv_auth_latino_m_9414_head.glb,pca_gnm_variation_001,latino,male,9414,0314,0.04681982408903972,0.14413374414599978,0.053318890719744536,0.053458172730877065,0.08015848228037979,0.08012773391461489,0.08413121665158002,0.0840989962425963,0.03648853349345786,0.030979455940787968,0.05900097848135377,0.022674090294137354,0.06323284708849135,0.1783238735456028,0.17061641448110634,0.05671165234243016,0.0845089401599653,0.08450349842312062,0.1729903668418424,3.0784768407479075,1.1388101462821645,1.141784997509022,1.7120628673857934,1.7114061292120997,1.7969144115446325,1.7962262327739809,0.7793393974327135,0.6616739072293972,1.2601708705515104,0.4842839702049466,1.350557126576087,3.8087258338791474,3.644106269101655,1.2112743575152831,1.8049820093140503,1.8048657821186143,3.6948102691043334
auth_latino_m_9415_frame_0315_subdiv_auth_latino_m_9415_head.glb,pca_gnm_variation_001,latino,male,9415,0315,0.05190479427574449,0.16050718134788114,0.05820921205100446,0.05843573964934227,0.0855854411395172,0.08537192080692876,0.08656607278868682,0.08620883042921955,0.04204656776709256,0.03140655757517064,0.05981747468129301,0.02038236752359192,0.055262436110033494,0.17328958976910938,0.1648515330602414,0.050996733387951305,0.08426393435404843,0.08426026301728917,0.17137701823561474,3.0923382625347844,1.1214611841397102,1.125825474596857,1.6488927917687932,1.6447790998532812,1.6677856833186566,1.6609030366488824,0.8100709838809871,0.6050800896796381,1.1524460411790165,0.39268756977073227,1.0646884720600474,3.338604693210179,3.1760367295642626,0.982505259861563,1.6234325851750002,1.6233618530430174,3.3017570077471734
auth_latino_m_9416_frame_0316_subdiv_auth_latino_m_9416_head.glb,pca_gnm_variation_001,latino,male,9416,0316,0.04959186878543307,0.15474708662311842,0.049732111244673936,0.06298013790706528,0.07946273066454704,0.08136582409720138,0.08322301386261834,0.08398339044552426,0.03590523828677805,0.02975538287421132,0.05887173469942441,0.021736809971566844,0.06070307017571418,0.1801992729309956,0.16755812991353464,0.05433638125945373,0.0832881601105973,0.08328924736943959,0.1701437458489744,3.1204124872296255,1.0028279325356269,1.269969038262273,1.6023338626006391,1.6407089728609192,1.678158454215461,1.693491140833822,0.7240146251017006,0.6000052751178345,1.1871247472875468,0.4383139918685971,1.2240528873464205,3.63364554198705,3.378741999792364,1.0956711773566858,1.6794721019882608,1.6794940261235862,3.4308799005967647
auth_latino_m_9417_frame_0317_subdiv_auth_latino_m_9417_head.glb,pca_gnm_variation_001,latino,male,9417,0317,0.04683651845368194,0.16391827166364134,0.06331077098669899,0.06329816854463793,0.08289066750605356,0.08280962097270884,0.08530362759322295,0.08511802173322379,0.036071758582578384,0.030798890417610584,0.059008761651412306,0.021438314595973788,0.05755063410479119,0.1765696182953663,0.1654560169318979,0.05170721823807207,0.08443332469614272,0.08442871070204358,0.17375041544474312,3.4997962503499296,1.3517394775896705,1.3514704045996806,1.769787128563509,1.7680567152872775,1.8213059042290325,1.8173430592924962,0.7701631071970229,0.6575828313982933,1.2598878738129922,0.4577264771969503,1.2287555950962659,3.769913395035572,3.532628435982542,1.1039936345654495,1.8027241879569125,1.802625675209777,3.7097209865539047
auth_latino_m_9418_frame_0318_subdiv_auth_latino_m_9418_head.glb,pca_gnm_variation_001,latino,male,9418,0318,0.04694578450887979,0.16064699013185538,0.06131441738370686,0.0613417279450876,0.0813403478169797,0.08130181037475659,0.08466324479882315,0.08451441183915183,0.03602418886652558,0.0293396960453039,0.06011985967983541,0.020439162414082154,0.0528157243088921,0.17735933512547566,0.1626205948527975,0.0494256216917291,0.08441348552982017,0.08439436024861423,0.17259717733858446,3.4219683793220885,1.3060686497231555,1.3066503965544514,1.7326443400172422,1.7318234475212222,1.8034259238507155,1.800255608108241,0.7673572663315832,0.6249697678340917,1.2806231764742102,0.43537801376428353,1.1250365684889558,3.777960832498777,3.464008463252709,1.0528234261881437,1.7981057599293793,1.797698369118766,3.676521313770733
auth_latino_m_9419_frame_0319_subdiv_auth_latino_m_9419_head.glb,pca_gnm_variation_001,latino,male,9419,0319,0.050097910561687,0.1646834837987001,0.0610118245752175,0.060758911539130836,0.08384041539261812,0.08385847545938682,0.08778036358711319,0.08757390792966956,0.035847576157862285,0.029994324687260196,0.058895453204091085,0.022274109721260288,0.0594747878365306,0.17949407549313343,0.16722775187677702,0.0521351312755925,0.0847022246194113,0.08469211503955827,0.17379689962682052,3.2872325802075237,1.2178516806622481,1.212803305725029,1.6735311802950945,1.6738916757043085,1.7521761407399756,1.74805509746434,0.7155503244735553,0.5987140850979668,1.1756069772924247,0.4446115510912084,1.1871710250929046,3.582865502386915,3.3380184922256326,1.0406647840411831,1.6907336787053229,1.690531882268312,3.469144674463407
auth_latino_m_9420_frame_0320_subdiv_auth_latino_m_9420_head.glb,pca_gnm_variation_001,latino,male,9420,0320,0.04603268696840021,0.16468264955161668,0.06449847067889768,0.06444357686876027,0.08277568447712962,0.08271171279691586,0.08517244813985922,0.08497464689190637,0.04169744863370014,0.031099821311908353,0.0591155515648758,0.021571235394912985,0.057873916056800576,0.17783983798136016,0.1658930637017809,0.05166932994327793,0.08469467491313419,0.08467834421594457,0.17412464324213542,3.5775154655791748,1.4011450325107802,1.3999525361836576,1.798193629973244,1.7968039287755349,1.8502601900759574,1.8459632163171014,0.9058226095366526,0.6756029977841022,1.2842081455174779,0.46860691425032097,1.2572352358342442,3.863338199298269,3.6038101320407505,1.1224487064756197,1.8398811907563435,1.8395264276898113,3.7826304460929197
auth_middleeast_f_9421_frame_0321_subdiv_auth_middleeast_f_9421_head.glb,pca_gnm_variation_001,middleeast,female,9421,0321,0.05305052303661856,0.15746662239573778,0.05387217686129001,0.05478594963830771,0.0849982488084357,0.08531546100044113,0.08406329209386415,0.08409336187349456,0.042538210854337725,0.0331446711319491,0.06048756693973163,0.022067764306722283,0.059391103696131126,0.18449410055879506,0.16769259769894573,0.05492959757761862,0.08615573346570972,0.0861157466988599,0.17623765776508707,2.96823882937111,1.015488138054818,1.0327127142646881,1.6022132100331032,1.6081926457454798,1.584589317542426,1.5851561315512088,0.8018433828630752,0.6247755768415463,1.1401879468366334,0.41597637579350216,1.1195196634562101,3.4777055907902454,3.160998009071363,1.0354204715324489,1.6240317443475538,1.623277995570709,3.322072011305856
auth_middleeast_f_9422_frame_0322_subdiv_auth_middleeast_f_9422_head.glb,pca_gnm_variation_001,middleeast,female,9422,0322,0.04602044424386732,0.1509959163579748,0.05514543656775083,0.0548289241241331,0.08136633860608808,0.08072140128239313,0.08331126208090368,0.08299443598919075,0.04189751218405968,0.03246263215119983,0.06100116355302745,0.02188864037803656,0.05673628953014326,0.1798331515103854,0.16575466028337713,0.050762384119392844,0.08566504690160151,0.08567342041234274,0.1733199283764138,3.281061685494192,1.1982812741991187,1.1914036256058,1.768047656709245,1.754033508556364,1.8103098188150526,1.803425354813922,0.9104108591833713,0.7053958883833633,1.325523135538972,0.4756286197944175,1.2328496706700942,3.907679607728905,3.601761412928246,1.103039854426382,1.8614563224912202,1.8616382744666697,3.766150701587597
auth_middleeast_f_9423_frame_0323_subdiv_auth_middleeast_f_9423_head.glb,pca_gnm_variation_001,middleeast,female,9423,0323,0.04884361091580815,0.16415138745959962,0.0605461613619457,0.06103588155528437,0.08617019071439301,0.08601345460707775,0.08589931718400445,0.08566149339768565,0.04245008318703191,0.032136184107541654,0.06071815176240611,0.02365980536015878,0.0577088765865654,0.18419098864834452,0.16619540643957842,0.05210747105167164,0.08549866912821033,0.0854804873463952,0.1751727387600254,3.3607545466396367,1.2395922460833058,1.249618535789503,1.764205985157911,1.760997047399697,1.7586602540927885,1.7537911671874666,0.8691020665978857,0.6579403837061694,1.2431134927158873,0.4843991858206643,1.181503076953879,3.7710354577558767,3.4026027831162984,1.0668226626710589,1.7504575833998963,1.7500853385663506,3.5864002573841454
auth_middleeast_f_9424_frame_0324_subdiv_auth_middleeast_f_9424_head.glb,pca_gnm_variation_001,middleeast,female,9424,0324,0.04741203878920277,0.1665910373240404,0.06376412207829255,0.06359790284573565,0.0863250820712561,0.08609074114611573,0.0835849722211526,0.0832113941876661,0.03677082656537974,0.033490924397642695,0.060370347837924235,0.02344967641012811,0.05691689875652372,0.1803243383845421,0.165882817575327,0.053899281922551126,0.08564478952618165,0.08562723808856629,0.1735561341307929,3.5136864302485655,1.3448930631688774,1.3413872187293265,1.8207418258274746,1.81579917980075,1.7629482797138765,1.7550688878331042,0.7755588560294866,0.7063801779658893,1.2733126307083105,0.49459329336979174,1.2004735550306163,3.80334495182282,3.4987488792214476,1.136826917783289,1.8063933067076985,1.806023117235497,3.6605920893306356
auth_middleeast_f_9425_frame_0325_subdiv_auth_middleeast_f_9425_head.glb,pca_gnm_variation_001,middleeast,female,9425,0325,0.04324615306226602,0.15503396665349464,0.05991646339374777,0.05779641911172521,0.08088854593925578,0.07945127168521784,0.08374974610901527,0.08263424472589914,0.037720347058399155,0.03143813908589792,0.05956448913187725,0.022782235196576222,0.052567376767046745,0.1778823808188865,0.1630925259496277,0.04764067401441709,0.08631403434675493,0.08630441356095012,0.17521672696542762,3.584919251205442,1.3854749879712942,1.3364522626673785,1.8704217649785417,1.8371870342044878,1.9365825669726502,1.9107883331708593,0.8722243341295401,0.7269580496705252,1.3773361308256946,0.5268037405263365,1.215538794661342,4.113253277413382,3.7712608960803125,1.101616459291161,1.9958777425238161,1.9956552768217002,4.05161417972021
auth_middleeast_f_9426_frame_0326_subdiv_auth_middleeast_f_9426_head.glb,pca_gnm_variation_001,middleeast,female,9426,0326,0.04571747420103645,0.16030756561215898,0.06398999702869912,0.056561077611331,0.08655430618014703,0.08265133046782724,0.08626096876144054,0.08487288245418145,0.0400081865323439,0.0321738941903934,0.0587295194398857,0.023072848409984293,0.05607325360458834,0.17957383395888707,0.16550981157127104,0.051017860607827675,0.08566556910126302,0.08564679572540036,0.17479922643947807,3.5064834270420975,1.3996835596671788,1.2371872812266762,1.8932433974706497,1.8078717582773518,1.8868270889620786,1.8564648187028958,0.8751180425325614,0.7037548498176653,1.2846186379770352,0.5046833582390081,1.2265168753202274,3.9279036538465633,3.6202746206726966,1.1159378661971457,1.8738036297578513,1.873392990802162,3.8234663986645883
auth_middleeast_f_9427_frame_0327_subdiv_auth_middleeast_f_9427_head.glb,pca_gnm_variation_001,middleeast,female,9427,0327,0.044052632774026955,0.1509514313822523,0.055805617539310313,0.05559241035376524,0.08060443693163669,0.08009505867833805,0.08213076876714429,0.082123200906264,0.04218406015899334,0.032631171371584715,0.06144259285246151,0.022327930264239022,0.05341598410883566,0.1813749671190294,0.16340099944095365,0.05020255226720079,0.08655960369528418,0.08654287841859427,0.1764588952330046,3.426615434236928,1.2667941511140015,1.2619543226606433,1.829730298870136,1.8181673519763248,1.8643782129536617,1.8642064216121748,0.9575831795430101,0.7407314686268596,1.3947541607249299,0.5068466708623911,1.212549188213996,4.117233311557408,3.709222108906359,1.1396039034652152,1.964913292227087,1.964533626458285,4.005637895427744
auth_middleeast_f_9428_frame_0328_subdiv_auth_middleeast_f_9428_head.glb,pca_gnm_variation_001,middleeast,female,9428,0328,0.04723550207941851,0.16228146986497577,0.061672603412203535,0.06208072013842069,0.08602063544781925,0.0857763024807741,0.08509340824732747,0.08491863335349013,0.042658381721444746,0.03209963568705935,0.06122874555439025,0.026292538414319354,0.05314409529428367,0.17468655113893053,0.16399223856534628,0.05048225866054084,0.08495630293549748,0.08496321105126005,0.17110741147985745,3.435582617331492,1.3056408992649529,1.314280941357254,1.8211013255070327,1.8159286702733834,1.8014714462917594,1.7977713714297734,0.9030999956287517,0.6795658831590111,1.296244198938427,0.5566266315982604,1.125087973129424,3.6982046013869954,3.4718004751938714,1.0687355154109182,1.7985688559562216,1.7987151043384437,3.6224323643722314
auth_middleeast_f_9429_frame_0329_subdiv_auth_middleeast_f_9429_head.glb,pca_gnm_variation_001,middleeast,female,9429,0329,0.04760353832130607,0.16751403520807115,0.06346014686854362,0.06394872678469193,0.08649320208219609,0.08609712796893734,0.08806428235670148,0.0878053756642409,0.04035228488569064,0.03238427125179599,0.059213299858323826,0.020995767113870693,0.05749329981266829,0.1816628651365443,0.1672361811986815,0.05058134385419459,0.08604517961664271,0.08603681790361825,0.17520706356301616,3.5189408416957177,1.3330972676907202,1.3433607887099055,1.8169490153945982,1.8086287491449469,1.849952450221253,1.8445136382843534,0.8476740660185345,0.680291263922742,1.2438844242765361,0.4410547588323607,1.2077526553721707,3.8161630740636956,3.5131040064690118,1.0625542898258833,1.8075374783250342,1.8073618251421129,3.680547071531407
auth_middleeast_f_9430_frame_0330_subdiv_auth_middleeast_f_9430_head.glb,pca_gnm_variation_001,middleeast,female,9430,0330,0.04486512898551223,0.15677958051933685,0.06422646237135192,0.05482356051479611,0.08435521501408423,0.07932029804194128,0.08559867421126251,0.08319609302819415,0.039346039654505525,0.03124556428927249,0.05862527587797406,0.023169468026948234,0.05207144788994862,0.1783522591159694,0.1636520875841596,0.04862081074008364,0.08620142930042146,0.086196194595713,0.17515356841443264,3.4944640540310012,1.4315452518166574,1.2219637334041686,1.8801955309506424,1.767972138619177,1.9079110245933737,1.8543598315533583,0.8769848776587955,0.6964331764066086,1.3067002637372385,0.5164248615986389,1.1606218251765963,3.975298035442239,3.6476455386321494,1.0837104860611053,1.9213458480918995,1.9212291716256364,3.904002337115601
auth_middleeast_f_9431_frame_0331_subdiv_auth_middleeast_f_9431_head.glb,pca_gnm_variation_001,middleeast,female,9431,0331,0.051843437716342304,0.14675174745400876,0.050601950717008674,0.04993848874764622,0.08186818684540015,0.08150978823492168,0.0841111568065437,0.08383851130329327,0.043264648747198334,0.031536685480132345,0.06020122781812116,0.021621707794292514,0.055630506085969755,0.18425118191300877,0.16509898266095646,0.0513151799924939,0.08512921139210618,0.08513530587037567,0.17421910176474578,2.830671612807595,0.9760531505235757,0.963255735873094,1.5791427122046986,1.5722296171966201,1.6224070106375263,1.6171479939661746,0.8345250749751163,0.6083062171278665,1.161212112273648,0.41705775594192185,1.0730481722749199,3.553992366808815,3.1845685767267953,0.9898105189949261,1.6420441070649023,1.642161662507557,3.360485134453723
auth_middleeast_f_9432_frame_0332_subdiv_auth_middleeast_f_9432_head.glb,pca_gnm_variation_001,middleeast,female,9432,0332,0.050239787723127316,0.1536804213237665,0.05331646155232116,0.054050048825333416,0.08385848937843604,0.08375564014576185,0.0852923530504889,0.08522072606466355,0.043679460363732686,0.032573970159571475,0.06058758795077018,0.022436117540835528,0.05550707699675759,0.18141186993200195,0.16622111308933255,0.05154086368505352,0.08573263303657518,0.08573261257931619,0.1748980135079236,3.0589385084726675,1.0612397856087583,1.075841504808988,1.6691648826341028,1.6671177156906238,1.697705283321202,1.6962795809233318,0.8694196839455463,0.6483699799666235,1.2059682314875582,0.44658065962542504,1.1048429842629597,3.6109203114425394,3.3085552432144243,1.025897322040779,1.70646885510444,1.706468447912055,3.481264978104422
auth_middleeast_f_9433_frame_0333_subdiv_auth_middleeast_f_9433_head.glb,pca_gnm_variation_001,middleeast,female,9433,0333,0.045630618067495764,0.16362852711758102,0.0626329538641947,0.06325549491188484,0.08480538337507941,0.08445739725683585,0.08643077039062791,0.08613565979088778,0.04021277902048818,0.0318462347063029,0.05866374031137271,0.022309807120595295,0.05709854815945164,0.17754881851605564,0.1664398262671309,0.05113405979173705,0.08507501071625227,0.08508457881245678,0.1731619537035802,3.585937119579346,1.3726080539069065,1.3862511092512217,1.858519278648324,1.8508931246977283,1.8941398133766563,1.88767243221378,0.881267463022446,0.6979137266823052,1.2856223035287107,0.48892187012665794,1.2513209458393217,3.8910018324413116,3.647547048802559,1.1206085290385663,1.864428191404536,1.8646378772823462,3.794863208897215
auth_middleeast_f_9434_frame_0334_subdiv_auth_middleeast_f_9434_head.glb,pca_gnm_variation_001,middleeast,female,9434,0334,0.047590986189581505,0.16479302320129605,0.06197014807790452,0.06216355315867306,0.0874316876032982,0.08732790865513426,0.08669390855687724,0.08649546480946883,0.04063023962438482,0.03253600324881729,0.06093923118881862,0.023542080530608776,0.0585455573080747,0.1792309508494025,0.1676618529706524,0.05345605489496722,0.08483522928798516,0.0848207016498283,0.1733658909872135,3.46269401825029,1.302140448005065,1.306204349517803,1.8371480526797428,1.8349674097371795,1.8216455572390733,1.8174757813361766,0.8537381314716165,0.6836589416157126,1.2804784281221573,0.4946751982996845,1.230181637229685,3.7660692748711995,3.5229749663678223,1.1232390663648337,1.7825902777059297,1.7822850174177947,3.642830394322997
auth_middleeast_f_9435_frame_0335_subdiv_auth_middleeast_f_9435_head.glb,pca_gnm_variation_001,middleeast,female,9435,0335,0.04887794666077705,0.14978345040274169,0.05218117751210326,0.052696299615529525,0.08196178430104667,0.08156921494907729,0.08296437511784963,0.08266859461138759,0.044449783316020765,0.03235391682373885,0.062030953463279886,0.02454514896892869,0.05756774732739183,0.18331150716771888,0.16667247109075833,0.05276146887733438,0.08606221876312,0.08607400646869097,0.17395316814619696,3.0644382719730325,1.0675812115073349,1.0781201587957985,1.6768663559023504,1.6688347306236968,1.6973784863271644,1.691327076096804,0.9094036544642793,0.6619328149826271,1.2690990047881388,0.5021722606163684,1.1777857144229846,3.7503929622890717,3.4099728502815263,1.0794534648419207,1.7607576553984439,1.7609988215352455,3.5589295383758146
auth_middleeast_f_9436_frame_0336_subdiv_auth_middleeast_f_9436_head.glb,pca_gnm_variation_001,middleeast,female,9436,0336,0.04997306229309657,0.1642266892763811,0.06022755857360446,0.06103641813115934,0.08684828635393531,0.08648943014810663,0.08613977560475988,0.08607677452901467,0.0424599727420463,0.032112900191755715,0.06216243919270475,0.026942098170458995,0.056322608696413166,0.17953548609712824,0.16570282664878846,0.05150758047854038,0.08494405845312632,0.08496238026914767,0.172285147069754,3.2863042955658104,1.2052004782169308,1.2213863895947616,1.7379020289883813,1.730721036082164,1.7237241756277057,1.7224634749050705,0.8496572111793886,0.6426042095121293,1.2439189503360104,0.5391324232331637,1.1270593818340755,3.5926452744507875,3.315842957090087,1.0307069071821877,1.6997969416987428,1.7001635755446713,3.4475603287884558
auth_middleeast_f_9437_frame_0337_subdiv_auth_middleeast_f_9437_head.glb,pca_gnm_variation_001,middleeast,female,9437,0337,0.05100377316906801,0.1551929922441663,0.055121630453545754,0.0550371660665925,0.08413708817658622,0.08372570495532054,0.08490358990002428,0.08491861651208786,0.043054141606572185,0.03196192188413069,0.06308852258659822,0.027891192490266097,0.05373179319337128,0.18074300148968303,0.16407231482506723,0.05015205799261289,0.08587302347531114,0.08588406681657552,0.17369203269734348,3.042774732169921,1.0807363265228989,1.0790802845929564,1.649624781635026,1.641559040696566,1.6646531153407942,1.6649477329961149,0.8441364026903603,0.6266579881881066,1.2369383413550898,0.5468456695902083,1.0534866315725384,3.5437182439533177,3.216866216567901,0.9833009378809712,1.6836602106016365,1.683876730685901,3.405474181715669
auth_middleeast_f_9438_frame_0338_subdiv_auth_middleeast_f_9438_head.glb,pca_gnm_variation_001,middleeast,female,9438,0338,0.045147961038793975,0.16823190878212738,0.06539083860096442,0.06599292509836215,0.08452372626328677,0.08424993735337018,0.08429661529747882,0.0839936847988111,0.04463884236636167,0.032157913092828824,0.05948606248234437,0.02492312882931736,0.05540946230639848,0.17939066902355646,0.16498037056934955,0.05162739593568663,0.08607211067330861,0.08606803677842106,0.17467379570678349,3.726234915405635,1.4483674809760843,1.4617033323311515,1.8721493577674229,1.8660850991914633,1.8671189873900587,1.860409260268441,0.9887233296760658,0.7122783034475625,1.3175802652799802,0.5520322126596556,1.2272860397568603,3.9733946981440136,3.6542153127931516,1.1435155596799846,1.9064451349054286,1.9063549006004055,3.86891881023581
auth_middleeast_f_9439_frame_0339_subdiv_auth_middleeast_f_9439_head.glb,pca_gnm_variation_001,middleeast,female,9439,0339,0.04421397451184456,0.16682345558009562,0.06484968136313048,0.06516842525321384,0.08413501847035615,0.08391497203909014,0.08550306285605465,0.08527511496728148,0.03602267360535197,0.031754860159761235,0.06170120286187169,0.02249903646300632,0.05525695059732515,0.18127896767750407,0.1643101524291173,0.050960833843230795,0.08551326969440708,0.08551005391731616,0.1748253181577164,3.7730934036569135,1.4667236338537666,1.4739327548070973,1.9029055722601247,1.897928719722087,1.9338470200897473,1.928691458046527,0.8147350244593321,0.7182086774681242,1.3955136027262702,0.5088670880962989,1.249762121759089,4.100037820145324,3.716249313553568,1.1525956308130318,1.934077871047281,1.9340051389048663,3.9540737987914234
auth_middleeast_f_9440_frame_0340_subdiv_auth_middleeast_f_9440_head.glb,pca_gnm_variation_001,middleeast,female,9440,0340,0.04680393574824446,0.1634958232662359,0.0620457771056551,0.06229365320074229,0.08541334305749741,0.08529694286371113,0.08616077457435825,0.08588860473110989,0.04018096863560428,0.03154961807324268,0.05909473648403272,0.02352949468088452,0.05606128035079367,0.17662938742847176,0.1655504728764759,0.05086648146226644,0.08487136593910856,0.08487843089584128,0.17205742028523932,3.4932067282903314,1.3256529843856633,1.3309490367608419,1.824917962389544,1.8224309879091842,1.8408873783139061,1.8350722724067374,0.8584955088336007,0.6740804500490336,1.2626018632685023,0.5027247026286048,1.1977898750298246,3.773814842806181,3.5371058059510614,1.0867992327797853,1.8133382285546777,1.8134891764743297,3.6761314520797095
auth_middleeast_f_9441_frame_0341_subdiv_auth_middleeast_f_9441_head.glb,pca_gnm_variation_001,middleeast,female,9441,0341,0.048721669863238365,0.16282855342313285,0.060456394689630974,0.06040012016507286,0.08637629169016316,0.08637293858312549,0.08527404267436423,0.0851261473107411,0.04087885884625098,0.032280202447125136,0.05932264750886723,0.023159187182253495,0.054827327074117756,0.17677159638818707,0.16476974662218913,0.05117573124722321,0.0852087467313993,0.08521279868617816,0.1745635197049714,3.342015039307813,1.2408522708546723,1.2396972504147719,1.7728516270608385,1.7727828053836037,1.7502282436896828,1.747192728609057,0.8390282796340491,0.662543023211963,1.2175823955826184,0.4753364826628744,1.1253170761186544,3.6281924836399204,3.3818575406938534,1.0503689916801577,1.7488880609096547,1.748971226260724,3.5828722659746854
auth_middleeast_f_9442_frame_0342_subdiv_auth_middleeast_f_9442_head.glb,pca_gnm_variation_001,middleeast,female,9442,0342,0.04878658646708957,0.16317317881599555,0.06105367849554298,0.06132806764222072,0.08634781032586572,0.0859896369040043,0.08582914142891247,0.08539726171837392,0.04390720687521918,0.03210807598078962,0.06216942245257989,0.024960982548988406,0.0537164410104086,0.17520401629610088,0.1640955620514928,0.05039532259215612,0.0850817859709314,0.0850802494494087,0.17305676644764004,3.3446320112203143,1.2514439504130617,1.2570682247586922,1.7699088331198205,1.7625671958420608,1.759277449895189,1.7504250225824092,0.8999852224717153,0.6581332760890962,1.2743138422795395,0.511636176181881,1.1010493846837308,3.5912333488281645,3.363538503809614,1.03297496794845,1.743958578211366,1.743927083457706,3.547220229568236
auth_middleeast_f_9443_frame_0343_subdiv_auth_middleeast_f_9443_head.glb,pca_gnm_variation_001,middleeast,female,9443,0343,0.04602001364911942,0.16934262236785277,0.06586193575035351,0.06587746384796414,0.08614345180283296,0.08595851309210478,0.08224629638479089,0.08207525622143504,0.037459654513229496,0.03354003849880634,0.06128235234356141,0.024216318813863838,0.057342578027024055,0.18074908118993913,0.16551980880971556,0.05445452570047527,0.08452271860418782,0.08453796334577594,0.1714581550151991,3.679760368152196,1.4311585444654416,1.4314959650001033,1.8718693231956764,1.86785066487588,1.7871853974637977,1.7834687500794673,0.8139861669499151,0.72881417972913,1.331645679438733,0.5262127690465648,1.2460356588382127,3.9276190261059973,3.596691866971724,1.1832792166396335,1.8366513154175288,1.8369825787175433,3.7257302077849315
auth_middleeast_f_9444_frame_0344_subdiv_auth_middleeast_f_9444_head.glb,pca_gnm_variation_001,middleeast,female,9444,0344,0.047545050660484846,0.15901550545570267,0.06261522542851368,0.0549522926120272,0.08681024584212386,0.08272221802323926,0.08615218767472081,0.0845311104638519,0.040001902959483984,0.03195526539901583,0.05886770281007962,0.023037021732233202,0.05547362437562557,0.17952498056892466,0.16482066156675504,0.0506317916042506,0.085786235498277,0.08577082910869553,0.17454871535718558,3.344522789369157,1.3169662153826203,1.155794175180017,1.825852420728888,1.7398702256929237,1.8120116916043743,1.7779160877854847,0.8413473622130337,0.672104981593261,1.2381457584396927,0.48453038564915224,1.166759181134499,3.7758920870838324,3.4666208002116843,1.0649224451522392,1.8043147353205953,1.8039906976054714,3.6712278761384245
auth_middleeast_f_9445_frame_0345_subdiv_auth_middleeast_f_9445_head.glb,pca_gnm_variation_001,middleeast,female,9445,0345,0.04355650522281612,0.1655263162843425,0.06504500459438692,0.06603826877954157,0.08469950992678235,0.08420064777809878,0.08442737449518847,0.08403778899348005,0.04484058268085077,0.032557744439575965,0.05908990087863952,0.023559581540088977,0.05460743310741921,0.17748311925334337,0.16400357289071063,0.05016720264030342,0.08577515281077955,0.08577523564026407,0.1734481975573958,3.8002662389368,1.4933476471917337,1.5161516848452035,1.9445892064456625,1.9331359884675072,1.9383413353136294,1.9293969652427185,1.029480727424431,0.7474829367743053,1.356626308202674,0.5408969663559647,1.2537147511737077,4.074778689094017,3.7653060559321676,1.1517729070243319,1.9692845505393788,1.9692864521952644,3.9821422005762472
auth_middleeast_f_9446_frame_0346_subdiv_auth_middleeast_f_9446_head.glb,pca_gnm_variation_001,middleeast,female,9446,0346,0.04815574243783113,0.15141452768219496,0.05487374793668348,0.0545815997490202,0.08207601629342134,0.08171603362320061,0.08430533304102909,0.08407782983041652,0.04055562537004424,0.03144891806552299,0.05875732922804357,0.02275246736955797,0.05358534899000293,0.18068969252751588,0.1644682165681584,0.04967846452464484,0.08632721675968012,0.08630579897720132,0.17589090027373538,3.14426732964756,1.139505802605479,1.133439066368561,1.7043868942396883,1.6969115101630026,1.7506807864060439,1.7459564648797734,0.8421763078910349,0.6530668301111424,1.2201520785168882,0.47247672276948727,1.112750967533756,3.752194097324645,3.4153396509354255,1.0316207789502891,1.7926671335433821,1.7922223728275348,3.6525425913806613
auth_middleeast_f_9447_frame_0347_subdiv_auth_middleeast_f_9447_head.glb,pca_gnm_variation_001,middleeast,female,9447,0347,0.046174404303546385,0.1642667143796618,0.06301692737446697,0.06358337834767247,0.08646706507163048,0.0860469571152953,0.08451191892004045,0.08400326820819286,0.04240505855529347,0.03310652669855176,0.06293757102389663,0.024128502815334598,0.06088621115131852,0.1786841750353831,0.16903255164958475,0.05671356683159891,0.08568811650739677,0.08570082244267334,0.1717349068095134,3.5575275275840528,1.364758859912937,1.3770264999994597,1.8726189622978948,1.8635206758625478,1.830276322883706,1.8192604642165586,0.9183672035382726,0.7169887126407183,1.3630402378371944,0.522551469353367,1.3186138959380622,3.8697667621379455,3.660741360914587,1.228246854226186,1.855749257620971,1.856024430316065,3.719266320807163
auth_middleeast_f_9448_frame_0348_subdiv_auth_middleeast_f_9448_head.glb,pca_gnm_variation_001,middleeast,female,9448,0348,0.04746980085854911,0.16405468590191666,0.06258031974134877,0.06296267129310051,0.08543007998931602,0.08520593567627867,0.08439808028656659,0.08404158510439878,0.04206702870020451,0.03243896249228515,0.061861756847406024,0.023197603746588927,0.06044393842255687,0.17867086082821781,0.16867786594964265,0.05605454094376689,0.0861996794877796,0.08619897590710059,0.17322222891261801,3.4559800743796694,1.3183185648455973,1.3263731920999031,1.7996721798745532,1.794950350227421,1.7779320485893053,1.7704221122567285,0.8861850679668148,0.683359986888233,1.3031813011337918,0.4886812947817778,1.2733135030978577,3.763884777200196,3.553372099711779,1.1808463471502366,1.8158845819606044,1.8158697603126033,3.649103762385416
auth_middleeast_f_9449_frame_0349_subdiv_auth_middleeast_f_9449_head.glb,pca_gnm_variation_001,middleeast,female,9449,0349,0.047213308088441125,0.16595676854705893,0.06267982722924044,0.06317850161267582,0.08644277909507805,0.0860958325666093,0.08437865378435316,0.08400995314158316,0.04345301002728415,0.032725211436912635,0.06212272226749382,0.024278155397548115,0.06103954178001441,0.18153447059923927,0.1682628918396274,0.05644508891397841,0.08557589970298961,0.08558770605285422,0.17423618591959952,3.5150421621841166,1.3275881264627136,1.3381502836939176,1.8308985876005834,1.8235500974710874,1.7871794458099188,1.7793701933406925,0.9203551241503117,0.6931353205670522,1.3157883821892762,0.5142227134787861,1.292846111644489,3.8449851948349916,3.5638869346844584,1.1955334459564682,1.8125376756631146,1.812787739688336,3.690404103716182
auth_middleeast_f_9450_frame_0350_subdiv_auth_middleeast_f_9450_head.glb,pca_gnm_variation_001,middleeast,female,9450,0350,0.046629360429063536,0.1489813610386228,0.05320845242884789,0.05361358157996106,0.07944992108806188,0.0787220684051935,0.0819296572387026,0.0815367442899794,0.04277505645616119,0.03208981128940277,0.05923704975811792,0.02295668604178241,0.056541012611398135,0.17898450057262397,0.16524225865909725,0.05155409772676431,0.08567398529589842,0.08568012990183528,0.17454388739016743,3.1950118909579652,1.141093335598995,1.1497816201344322,1.7038604080561583,1.688251086457685,1.7570401241797176,1.748613824845826,0.9173416933572178,0.6881889649380986,1.2703809190828224,0.49232255880296777,1.212562473324356,3.8384506869852975,3.5437384759003403,1.1056145152407288,1.8373399186170014,1.8374716940880849,3.7432185598105754
auth_middleeast_f_9451_frame_0351_subdiv_auth_middleeast_f_9451_head.glb,pca_gnm_variation_001,middleeast,female,9451,0351,0.04464890397015239,0.16865939070922126,0.06602402710665618,0.0667220653439457,0.08525479712089286,0.08471617696217863,0.08345497932047422,0.08303663478438379,0.04132247059680948,0.032078655122546214,0.061835243799520545,0.025380461626674646,0.05473373485788388,0.18122440583105054,0.16400807710026696,0.05182793903005137,0.08589242276079392,0.08589825625692352,0.1741811409664788,3.7774586991422985,1.4787379137188446,1.49437185263381,1.9094488227053756,1.8973853651326145,1.8691383639845565,1.859768715485008,0.9254979836556206,0.718464559488194,1.3849218749212109,0.5684453451229481,1.2258696180867767,4.058876920073969,3.673283384736738,1.1607886066967765,1.9237297027092233,1.923860355325769,3.9011291538739266
auth_middleeast_f_9452_frame_0352_subdiv_auth_middleeast_f_9452_head.glb,pca_gnm_variation_001,middleeast,female,9452,0352,0.04846079220500798,0.1507504054197955,0.05352423356932132,0.053553304101567376,0.08204314608908796,0.08164775842419987,0.08454481130887306,0.0843543843324689,0.04266407705907676,0.03235289505946927,0.05910277790626638,0.02129207586208292,0.05828091492886381,0.18051968522101527,0.16699820896374906,0.052235724406964716,0.08574011061094401,0.08572322072270112,0.17489986872625402,3.11077055410202,1.1044853196557953,1.1050851970189859,1.6929798782903418,1.6848209595666148,1.7446023364871062,1.7406728304320136,0.8803834010511248,0.6676097023466714,1.2195999119502352,0.4393670613556866,1.2026405734828456,3.7250667396716683,3.446047853639737,1.0778966259153855,1.769267622539682,1.7689190956693113,3.609100486561582
auth_middleeast_f_9453_frame_0353_subdiv_auth_middleeast_f_9453_head.glb,pca_gnm_variation_001,middleeast,female,9453,0353,0.04737958256147435,0.16746566510950844,0.06345917682583883,0.06403416112218437,0.08635640181097605,0.08599483648554387,0.08453067985217913,0.08426693817047137,0.03969714592367389,0.03193688348929226,0.060644632022882394,0.019799564302139507,0.05256466801027464,0.1787494794673682,0.16357631058549843,0.050493840587745926,0.08652223325392333,0.08651522605595945,0.17626053840169084,3.5345534100521903,1.3393781328381573,1.3515138306484853,1.8226501193616431,1.8150188717675333,1.7841161800550216,1.7785496117686599,0.8378534334313181,0.6740642648730515,1.2799739622905464,0.41789233318908725,1.1094371281568958,3.77271115116819,3.4524641573880572,1.065729959149194,1.82615018065349,1.826002285767443,3.7201792179784454
auth_middleeast_f_9454_frame_0354_subdiv_auth_middleeast_f_9454_head.glb,pca_gnm_variation_001,middleeast,female,9454,0354,0.046011422545235055,0.16003728018782531,0.06393023216577763,0.05655668933260438,0.08573385007582954,0.08156453993110357,0.0848128569294587,0.08309637043586195,0.040234623600287685,0.03175035803159205,0.05888467279329361,0.02319878186162184,0.05472981412507202,0.1787683963804739,0.1639737141848911,0.04949659726691128,0.085987778282535,0.08598494125284367,0.17462767662035292,3.4782076131310307,1.3894426346615587,1.229188019062049,1.8633166577612832,1.7727019817940926,1.8433000380737397,1.8059943778996985,0.874448590689235,0.6900538230561645,1.2797837914140238,0.5041961447467638,1.189483199987257,3.885304702429531,3.563761020943966,1.0757458589386115,1.8688354657584891,1.868773806510972,3.7953114022647703
auth_middleeast_f_9455_frame_0355_subdiv_auth_middleeast_f_9455_head.glb,pca_gnm_variation_001,middleeast,female,9455,0355,0.04766672087559982,0.16938965853941965,0.06464596261635765,0.06527228402868407,0.08732198894765618,0.08698406994424412,0.08483542063273256,0.08451311285028486,0.04247468116046279,0.033524408012896904,0.06156345232451289,0.0261548740288095,0.05965257250345201,0.1793328004892891,0.1678020576575019,0.05505726021264632,0.08461809147298309,0.08463650148973396,0.17054133895334533,3.553625158766244,1.356207463590166,1.369347058695963,1.8319277547022446,1.8248385529026503,1.7797620451831642,1.773000351143231,0.8910762137658438,0.7033084591740347,1.2915394890531833,0.5487030269413383,1.2514511467892402,3.762222305102762,3.5203188844357514,1.1550461034719437,1.775202697366547,1.7755889210549547,3.5777862588538993
auth_middleeast_f_9456_frame_0356_subdiv_auth_middleeast_f_9456_head.glb,pca_gnm_variation_001,middleeast,female,9456,0356,0.04493691281516148,0.16596411915860967,0.06432521984386096,0.06481382422538266,0.08666820937200825,0.08626270625570973,0.08453254741813862,0.08409674601726319,0.042807674352051656,0.03335264411473102,0.06150549042090822,0.025301102703557683,0.05935952806761602,0.1791886613605327,0.16703169129842546,0.05437699829192865,0.08447537657725755,0.08450166061008357,0.17072621020305948,3.6932692693258233,1.4314561418237428,1.4423292604007014,1.9286640746439272,1.9196402434349058,1.8811382919393114,1.8714402202745308,0.9526171619339316,0.7422104017674754,1.3687075183357185,0.5630360680901342,1.320952516515296,3.9875605629071025,3.7170264006669775,1.2100741881311912,1.8798660451982807,1.8804509548233395,3.7992420820118586
auth_middleeast_f_9457_frame_0357_subdiv_auth_middleeast_f_9457_head.glb,pca_gnm_variation_001,middleeast,female,9457,0357,0.04497591996766359,0.16083802025473296,0.06215809730466217,0.06236356232060606,0.08364867774986423,0.08353527389016382,0.0822175585101905,0.0819601975243153,0.04255499622964827,0.03208248498013671,0.06078799832966924,0.023136469051477128,0.06014762653482288,0.17807153614076227,0.16794765880027515,0.056493319942701806,0.08574431745180967,0.08574767712405154,0.17230433973401799,3.5760918369289816,1.38203059213357,1.3865989259462328,1.8598547358231972,1.8573333008023696,1.828035058967167,1.8223128639334638,0.946172891188087,0.7133258197542842,1.3515676471626168,0.514419028407014,1.3373295438551855,3.9592638965204188,3.7341683932429786,1.2560792527049784,1.9064494403551366,1.9065241397107981,3.831035359763623
auth_middleeast_f_9458_frame_0358_subdiv_auth_middleeast_f_9458_head.glb,pca_gnm_variation_001,middleeast,female,9458,0358,0.04587171509633253,0.17169152174801,0.06714044643797049,0.06814674426918226,0.08401021481793915,0.08357879356191304,0.08404864738600985,0.08352650328868116,0.03896231801227184,0.030717799944373597,0.05916231148612433,0.02218534110066793,0.051491970528148905,0.17950582505136922,0.16224957168310064,0.048169589381187546,0.0868413188713925,0.08681267897923525,0.1762527674856264,3.7428624891711717,1.463656771868519,1.4855939902415076,1.8314164761774039,1.8220115246703563,1.8322543033218652,1.8208716005772183,0.8493756540484552,0.6696457692908347,1.2897340193598819,0.4836387968942905,1.1225211531771506,3.913213723847025,3.5370286753475364,1.050093489637991,1.8931343353746872,1.8925099878416356,3.8422973092566557
auth_middleeast_f_9459_frame_0359_subdiv_auth_middleeast_f_9459_head.glb,pca_gnm_variation_001,middleeast,female,9459,0359,0.04974980832309918,0.16917871686842728,0.0631116321859605,0.06357681796749559,0.08655822043089907,0.08633136440596884,0.08710419956091899,0.08681053428782776,0.039101046010246214,0.03160253722582865,0.05982389406800997,0.02243311485198997,0.058312286249003045,0.17967328432442,0.16850619812976775,0.05226992111134906,0.08605900095513942,0.08605108480782454,0.17460194976294205,3.4005903252872725,1.2685804089150094,1.2779309129112049,1.7398704306305737,1.7353104929629364,1.7508449277879108,1.7449420854858053,0.7859537016968029,0.6352293263239643,1.2024949660003679,0.4509186187472027,1.1721107721721262,3.611537217541328,3.3870723086088588,1.0506557285986522,1.7298358296424157,1.7296767104903685,3.5096004517041157
auth_middleeast_f_9460_frame_0360_subdiv_auth_middleeast_f_9460_head.glb,pca_gnm_variation_001,middleeast,female,9460,0360,0.045642377614168526,0.16209631037303948,0.06244173987943074,0.06282529831735131,0.08452140898424859,0.08419984330418391,0.08418762828779344,0.0836936097627417,0.04534308309734557,0.031836539986316165,0.06126986643900626,0.02452517163329964,0.054578364694106124,0.1740741208228126,0.16482935531688767,0.052026800375585915,0.08473581650430165,0.08474601544124101,0.17167432617860354,3.5514431729060663,1.3680650120217943,1.3764685715638263,1.851818713274285,1.8447733817890808,1.8445057573350323,1.8336820765612598,0.9934426177498245,0.6975215063387344,1.3423898938162804,0.537333349297001,1.195782681513148,3.8138705720881565,3.6113227209644867,1.1398792765658972,1.8565162669789916,1.8567397202141753,3.761292359259382
auth_middleeast_m_9461_frame_0361_subdiv_auth_middleeast_m_9461_head.glb,pca_gnm_variation_001,middleeast,male,9461,0361,0.04535123661475093,0.15770555550798618,0.06107112694889315,0.061114855965844816,0.08448217379820101,0.08434036680279838,0.08555082642161824,0.08543575626439225,0.03903931009832759,0.03263393194657366,0.059250040654960937,0.021179252313619654,0.06242443576609887,0.17565173660461,0.16991388940298902,0.055296160840568084,0.08270692932850161,0.08272864378522805,0.16917394883752462,3.4774256950843747,1.34662539563539,1.3475896255046464,1.8628416798390537,1.859714819228675,1.8864055934869923,1.883868283243316,0.860821292040131,0.7195819647387334,1.3064702327364826,0.4670049571863471,1.3764660112001164,3.873141058902848,3.746620866071883,1.2192867266288054,1.8236973344537288,1.82417614072997,3.7303050912287397
auth_middleeast_m_9462_frame_0362_subdiv_auth_middleeast_m_9462_head.glb,pca_gnm_variation_001,middleeast,male,9462,0362,0.04669618698380161,0.15925010956165145,0.06194467303369414,0.05949128754029853,0.08292194871265225,0.08487478385186356,0.08374747849298292,0.08556343730934314,0.04018267573375252,0.03169358107250716,0.05897083791545868,0.021717136364317022,0.06210369980322935,0.17335807538768738,0.1696378824582814,0.05657273245643776,0.08243396534294169,0.0824754100015534,0.16953555643342663,3.41034503774138,1.3265467061621554,1.274007395099206,1.775775584019675,1.8175955968590258,1.7934543246975174,1.8323431276952902,0.8605129953692245,0.6787188230915152,1.2628619535020067,0.4650730127462111,1.3299522683677028,3.712467475081496,3.6327994514225947,1.2115064657433854,1.7653254080796172,1.7662129464695522,3.6306081370677363
auth_middleeast_m_9463_frame_0363_subdiv_auth_middleeast_m_9463_head.glb,pca_gnm_variation_001,middleeast,male,9463,0363,0.04630904020332701,0.15894794304458446,0.0609678323488251,0.0611262070892735,0.08337408807508544,0.08331769032486155,0.08581473196306291,0.08557182898490931,0.039816708062646505,0.031287380464220305,0.05901145476705374,0.02174151494124433,0.06218493197306207,0.17673171312617902,0.17069495147091568,0.05610065138499978,0.08213550662494655,0.08217910779178354,0.16931651772580608,3.4323307575950377,1.3165427761218198,1.3199627291105456,1.8003847134170476,1.7991668572495205,1.8530881138170872,1.8478428533433848,0.8598042172289705,0.6756214407996413,1.2742966493789292,0.4694874876651479,1.3428248933691886,3.816354481764491,3.6859963134941487,1.2114405986105776,1.7736387164216294,1.774580242452952,3.656230338231924
auth_middleeast_m_9464_frame_0364_subdiv_auth_middleeast_m_9464_head.glb,pca_gnm_variation_001,middleeast,male,9464,0364,0.04707774329598362,0.16330641030439955,0.06246513308553058,0.062470880786027534,0.08638476112391923,0.08613565684353437,0.08563811865832259,0.0854831600502508,0.04309500645015207,0.03298501242692311,0.05925954569441384,0.021526831453368478,0.05978372077568244,0.17410128590414584,0.16779508648196167,0.05379873284995122,0.0821369851883053,0.08228727193511987,0.1682994589124626,3.4688665783674435,1.3268506243556437,1.326972713905706,1.8349384459830096,1.8296471073812695,1.8190786699333719,1.8157871228620193,0.9154008546928091,0.7006498212869346,1.2587592680864441,0.4572613287350376,1.2698935120958277,3.698165496369472,3.5642126137400667,1.1427636306122813,1.7447094834580297,1.747901793375472,3.574926220535742
auth_middleeast_m_9465_frame_0365_subdiv_auth_middleeast_m_9465_head.glb,pca_gnm_variation_001,middleeast,male,9465,0365,0.047380977628345075,0.15917569235122908,0.058825799400198275,0.061699530601162594,0.0852942997385365,0.08326659528402582,0.08773569190454909,0.08588225659593479,0.03971117620257609,0.03167745079896368,0.06181904498639773,0.021516819699861352,0.0607927684557722,0.17731937789810462,0.1697115464728065,0.054559569897406276,0.08298226852511333,0.08301714098515856,0.17015192058390682,3.3594851841133018,1.2415488735083946,1.302200454476305,1.8001802412686025,1.757384491665968,1.8517070836474745,1.812589374360161,0.8381248802856988,0.6685689570916123,1.3047228672929547,0.4541235908773057,1.2830627711531999,3.7424170368326366,3.5818498259790803,1.1515078968055463,1.7513836285950803,1.7521196298721915,3.5911441489994833
auth_middleeast_m_9466_frame_0366_subdiv_auth_middleeast_m_9466_head.glb,pca_gnm_variation_001,middleeast,male,9466,0366,0.04790657231859796,0.16136989042834485,0.06009543590897444,0.06010801182441284,0.08481360092756048,0.08454533570952674,0.08798341765389617,0.08759214696277026,0.04036183146659682,0.03125343128713802,0.05893447261776741,0.021724992434260775,0.0575381682660683,0.17786514041946008,0.1672127729877469,0.05168911907727233,0.08218126170197587,0.08225308015587797,0.17008994833418783,3.3684290613649046,1.2544298830088623,1.25469239219768,1.7703959357291508,1.7647961775947207,1.8365625715981322,1.828395201815886,0.8425113614510847,0.6523829565448794,1.2301959786609127,0.4534866800692991,1.201049573812469,3.712750293145279,3.4903931735235565,1.0789567396623352,1.7154485851218377,1.71694772084427,3.5504512241665154
auth_middleeast_m_9467_frame_0367_subdiv_auth_middleeast_m_9467_head.glb,pca_gnm_variation_001,middleeast,male,9467,0367,0.04786101638171417,0.15871105453394185,0.05910537830742214,0.059189618773799545,0.08452769182575864,0.0844660968866318,0.08508294238246447,0.08487771033497687,0.04216793563685736,0.03199706963823582,0.05902319248038971,0.021565265736158527,0.06348980634197139,0.1810753495583482,0.16931390288755008,0.056013483563662654,0.08268119082155495,0.08270782457245004,0.1706365204734362,3.316081991827051,1.2349378006523908,1.2366979067417714,1.7661073294309182,1.7648203751666043,1.7777086408672955,1.7734205570988528,0.8810497315925803,0.6685413736942839,1.2332206238507748,0.4505810232729987,1.326545300158489,3.783357798216964,3.5376161161558266,1.1703362736162708,1.7275268490358304,1.7280833301327356,3.565250664810991
auth_middleeast_m_9468_frame_0368_subdiv_auth_middleeast_m_9468_head.glb,pca_gnm_variation_001,middleeast,male,9468,0368,0.046512115657472076,0.15815415309841366,0.06044479855876727,0.06050340174006261,0.0830939707813193,0.08315556171268579,0.08503778732697273,0.08489515893889063,0.03976428425801908,0.03095348552671101,0.05904883823924971,0.021678096731226094,0.060317147976725854,0.17409966902006765,0.1693150442997906,0.05567140099557426,0.08159797986055439,0.08166263992889158,0.1687047602515377,3.4002786341327504,1.2995495411109501,1.3008094962961088,1.786501637406606,1.7878258285446755,1.828293254884689,1.8252267766979633,0.8549231462798668,0.6654929600420874,1.2695367089749579,0.466074192171122,1.2968050823771984,3.7431036313674735,3.640235278624452,1.1969225697139572,1.7543381698967255,1.7557283467876965,3.6271143091818403
auth_middleeast_m_9469_frame_0369_subdiv_auth_middleeast_m_9469_head.glb,pca_gnm_variation_001,middleeast,male,9469,0369,0.04619612880886352,0.16116564074598658,0.061772294514511106,0.06188743793780058,0.08398858724578041,0.08397511288016625,0.0862247611002132,0.08598815833116343,0.04137424167673114,0.03161899286329997,0.059647630898230226,0.02127963858744846,0.05950373712202497,0.17593386770248787,0.16906127161704435,0.054263365048858404,0.0823017372048409,0.08237977554205997,0.1695121867152909,3.488726109774466,1.337174696392721,1.3396671871329273,1.81808713005549,1.817795452679883,1.8664932175803763,1.8613715163653521,0.8956214025620429,0.68445113646045,1.2911824526471103,0.46063683551262413,1.28806760774743,3.80841148898892,3.6596415322274156,1.1746301356413018,1.781572164744893,1.7832614477915734,3.669402417173256
auth_middleeast_m_9470_frame_0370_subdiv_auth_middleeast_m_9470_head.glb,pca_gnm_variation_001,middleeast,male,9470,0370,0.04768343410651833,0.15973452246329095,0.06011535396254163,0.060205865838017875,0.08419679075837753,0.08419503635481801,0.0855901726074957,0.08546818618641037,0.037073950058388726,0.03194350166335606,0.05898532527767392,0.02195481066741279,0.059461148938477475,0.1776543037453547,0.16767231625181844,0.05386696670234354,0.08237560966143936,0.08244557298660468,0.17089847140130593,3.3498955235997823,1.2607177962109877,1.2626159790321756,1.765745113288051,1.7657083205613442,1.7949666212441588,1.7924083654605503,0.7775016785823468,0.6699077417955804,1.2370192370354176,0.46042847120382974,1.2469980414088742,3.7257027954089685,3.5163641082825787,1.1296788436422602,1.7275519518460731,1.729019197787484,3.584021885243036
auth_middleeast_m_9471_frame_0371_subdiv_auth_middleeast_m_9471_head.glb,pca_gnm_variation_001,middleeast,male,9471,0371,0.04920921932214105,0.16342234304709588,0.06008170287662442,0.06033422019456371,0.08871417358187937,0.08837718961862959,0.08696017353813297,0.08671634670512603,0.037236005066389355,0.033753532382767924,0.059534390664692446,0.021463416185445085,0.057851296546241444,0.17510406685057311,0.1668735700956092,0.052893452069234674,0.08256324171749635,0.08266783329631017,0.16911708240003617,3.3209700397251805,1.2209440365901403,1.2260755408370625,1.802795793225754,1.795947808886808,1.7671520649181762,1.7621971634512221,0.7566875796713869,0.6859188755221922,1.2098218887594854,0.4361665655563022,1.1756190677914697,3.5583589673365803,3.3911037889708324,1.0748687501619427,1.6778002751274717,1.6799257219493187,3.4366950894493087
auth_middleeast_m_9472_frame_0372_subdiv_auth_middleeast_m_9472_head.glb,pca_gnm_variation_001,middleeast,male,9472,0372,0.04615915659525714,0.159332581006066,0.05993208964888589,0.060050096952382136,0.08479329048846027,0.08477387084968269,0.08650685062254362,0.08632138223555819,0.038255522126101144,0.03237079096600563,0.059328668892902295,0.021066821622009357,0.06433953183141863,0.17750938982421408,0.1706766799146538,0.05632164363874638,0.08273795062897736,0.08274503585132743,0.1698788702631806,3.4518087581876973,1.2983792181125753,1.3009357488683466,1.836976598856938,1.8365558884235162,1.8740994637547648,1.8700814443483076,0.8287742876574115,0.7012864478839229,1.2853066058619953,0.45639528916726296,1.3938628124333954,3.8455943071207064,3.6975692907740614,1.2201618875448308,1.7924493585196635,1.7926028540094576,3.6802854036686554
auth_middleeast_m_9473_frame_0373_subdiv_auth_middleeast_m_9473_head.glb,pca_gnm_variation_001,middleeast,male,9473,0373,0.04535667558539371,0.16034377534386296,0.06152833400377663,0.06167846789546029,0.08460293522937412,0.08455971343078723,0.08487890636549728,0.0847223933890719,0.03616605114524034,0.03213416227514298,0.05901816929724892,0.021536707453901804,0.06164823793329624,0.1740211402973814,0.16945154762298453,0.056188534477162,0.08150618987684544,0.08157182955501932,0.16699309967988762,3.5351747736004433,1.356544173700215,1.3598542463575685,1.8652807803360913,1.8643278489752928,1.8713652460197276,1.8679145306750657,0.7973699720816169,0.7084770182206916,1.3012013895536614,0.474829937951566,1.3591877521365108,3.8367260838980384,3.735978120882239,1.2388150972699703,1.7970053762734985,1.7984525651895007,3.681775560589469
auth_middleeast_m_9474_frame_0374_subdiv_auth_middleeast_m_9474_head.glb,pca_gnm_variation_001,middleeast,male,9474,0374,0.04519180889125813,0.15941698225539788,0.060478804138821195,0.06065806694989952,0.08374547354000855,0.08372666152135658,0.08638986920861068,0.08600809018120217,0.03758080814807299,0.030910098440876197,0.060003811668349956,0.020722610734014976,0.05895349179229155,0.1733214934515257,0.16927126101483525,0.05450185275498741,0.08303169335424347,0.08309626458583472,0.17215217849307793,3.527563648514087,1.3382691603327295,1.342235870572403,1.8531117827462802,1.852695512207138,1.9116267157281652,1.903178746134225,0.8315845076814926,0.6839756849577098,1.3277585726371985,0.4585479369475636,1.3045171954534325,3.8352413347422543,3.745618180988081,1.2060117550534741,1.8373173234564872,1.8387461494578234,3.8093668458218968
auth_middleeast_m_9475_frame_0375_subdiv_auth_middleeast_m_9475_head.glb,pca_gnm_variation_001,middleeast,male,9475,0375,0.04721530734267025,0.1571344734093848,0.05922076922354607,0.05951864019649529,0.08609771101304524,0.08594400952132639,0.08555212243642035,0.08516945721080488,0.03681379343278376,0.03315037612811691,0.058973473903683835,0.021715550587551095,0.061259242107881896,0.17548477662602296,0.16892496939459556,0.055511812840626215,0.08116049705926175,0.08121907885890284,0.1662618757152966,3.3280408887093373,1.254270543951877,1.260579323661546,1.8235126669446773,1.820257335138758,1.8119573344194602,1.8038526487327138,0.7797003875375338,0.7021107770733003,1.2490329349267475,0.45992606656032364,1.2974445271167305,3.716692456376976,3.577758547002652,1.175716435302288,1.7189445886739776,1.7201853261156705,3.5213553627562537
auth_middleeast_m_9476_frame_0376_subdiv_auth_middleeast_m_9476_head.glb,pca_gnm_variation_001,middleeast,male,9476,0376,0.04643320506962935,0.1585797688338895,0.060656668032263036,0.06048356025666269,0.08368448544869435,0.08382617261145944,0.08538378079011393,0.08534787061302511,0.038170897836804864,0.031380444612491884,0.05906517273205302,0.021746622583785756,0.061216238580420586,0.17491053794180947,0.16999705452940456,0.056107952432101406,0.0816115266074587,0.0816891766992018,0.16808106471923795,3.4152234073889516,1.3063209386753458,1.3025928355788492,1.8022552034304866,1.805306622400007,1.8388517583930697,1.8380783856087666,0.8220603720885805,0.6758190515910983,1.2720459990535067,0.468342052873055,1.3183720246884358,3.7669279490726675,3.661109636401017,1.2083583794821873,1.7576113146847685,1.7592836113015249,3.6198462817113404
auth_middleeast_m_9477_frame_0377_subdiv_auth_middleeast_m_9477_head.glb,pca_gnm_variation_001,middleeast,male,9477,0377,0.047430188112298204,0.1616545258489514,0.06044364300642598,0.06066453092121345,0.08398615490239449,0.08393579965900962,0.086205913301304,0.08595007669041235,0.03888557447319381,0.0304433958272586,0.05901751704438961,0.021877916431310325,0.05913225466008029,0.1754739136724745,0.1667346967546769,0.053045262422925905,0.0821719610540783,0.08223824458437623,0.168887652655073,3.4082623806215917,1.2743707206751202,1.2790278372411452,1.7707320642191942,1.7696703934692144,1.8175326038597688,1.8121386423117791,0.8198486242796735,0.6418569488946411,1.2443028247043135,0.461265647513584,1.246721908841594,3.699625083860373,3.515370766818531,1.1183860856156242,1.732482292912768,1.7338797895902214,3.5607628680536902
auth_middleeast_m_9478_frame_0378_subdiv_auth_middleeast_m_9478_head.glb,pca_gnm_variation_001,middleeast,male,9478,0378,0.045801238109904635,0.1611599719113132,0.061613209596501954,0.06173870181137757,0.08446775564038288,0.08441926253051839,0.08531921853731635,0.08500242333486341,0.04090358845024365,0.03182260701247752,0.05962311820278082,0.02046473688275219,0.0596770882371282,0.17597296837278723,0.167988641222696,0.054485010763151195,0.08184092770342492,0.08190328400606477,0.16810714002976698,3.518681558882618,1.3452302195118595,1.3479701501350116,1.8442242857648101,1.843165512861158,1.8628146761575393,1.8558979373197646,0.893067308619287,0.6947979645466353,1.3017796169550964,0.4468162374485383,1.3029579701301324,3.842100686241768,3.6677751116594384,1.1895968976299065,1.7868715144127647,1.788232968932623,3.6703623519167135
auth_middleeast_m_9479_frame_0379_subdiv_auth_middleeast_m_9479_head.glb,pca_gnm_variation_001,middleeast,male,9479,0379,0.04803310592605156,0.16062864701798246,0.059610803879596615,0.05987734882685589,0.08491241795465171,0.08482716942858982,0.08579513442173514,0.08548201500113253,0.040182486153405104,0.03151594412704848,0.05888751169407906,0.020659640939588865,0.05845854040072069,0.1759937260389015,0.16754722111683223,0.05477151561585482,0.08212133054646992,0.08219108752161212,0.1695369226464692,3.3441236813891484,1.2410357966725964,1.2465849890914593,1.7677894509960896,1.7660146641190317,1.7861667024784817,1.779647877293938,0.8365581483584941,0.6561296322492292,1.2259775952181438,0.4301125347046059,1.2170468528668414,3.664008867339315,3.4881612980592243,1.1402867784601989,1.7096818738496367,1.7111341425255286,3.5295848431595593
auth_middleeast_m_9480_frame_0380_subdiv_auth_middleeast_m_9480_head.glb,pca_gnm_variation_001,middleeast,male,9480,0380,0.045769185596842094,0.158789316185787,0.060242804154233595,0.060268891772155976,0.08474872435057892,0.08476210911862793,0.08517868328998555,0.0850084980166896,0.03832159900723736,0.032578822712187296,0.05904876912455067,0.02150419984622302,0.060886488966100966,0.17457434536744187,0.16923681531730972,0.0557229644724216,0.082250050243803,0.08227619987410531,0.16834919968199138,3.46934982816786,1.3162306335289071,1.3168006156595085,1.8516546284456126,1.8519470690445539,1.861048698578167,1.8573303612060528,0.8372794601327014,0.7118069130431527,1.2901424474685173,0.4698401242190058,1.3302943491811206,3.8142331590773786,3.69761474036336,1.2174777362930898,1.7970616949207405,1.7976330319450138,3.678221438434484
auth_middleeast_m_9481_frame_0381_subdiv_auth_middleeast_m_9481_head.glb,pca_gnm_variation_001,middleeast,male,9481,0381,0.04605039442311327,0.160377316436222,0.06064171217309139,0.06118911434826571,0.08446786430073498,0.08411431504453946,0.08711223869661239,0.08662686955258565,0.04128416000975596,0.0315429006908371,0.05910671415862017,0.021298850296281275,0.06072975713407953,0.17440619343964658,0.16957967482708947,0.054501648146250484,0.08159847221138124,0.08165746147666454,0.1687131179892093,3.48264805210282,1.31685543485062,1.3287424595337263,1.8342484436645674,1.826571001144812,1.8916719343643595,1.8811319780815285,0.8964995962995471,0.6849648322448532,1.2835224301347954,0.4625117887283744,1.3187673611672368,3.787289894570587,3.6824803989512698,1.183521853156928,1.7719386171082596,1.773219589096063,3.6636628220610867
auth_middleeast_m_9482_frame_0382_subdiv_auth_middleeast_m_9482_head.glb,pca_gnm_variation_001,middleeast,male,9482,0382,0.04586468607319049,0.1589748031508726,0.0612416149127246,0.06138087348951919,0.08344079238343527,0.08339780592093611,0.08533557703738906,0.08515666427784352,0.03627215176923554,0.031575203572697615,0.05900200318536663,0.021782271726311198,0.06375614433239375,0.17765076459195636,0.17121878675644553,0.05679786515722904,0.0823702502743645,0.08239570738193643,0.16931592738980128,3.4661700921092518,1.335267286360485,1.3383035783035362,1.8192818817135505,1.8183446363908515,1.860594377583033,1.8566934949026188,0.7908514125955803,0.6884425966049383,1.2864364337131124,0.47492468806068416,1.3900922428783709,3.8733670673873735,3.733128936786267,1.2383790236041619,1.795940566188957,1.7964956143044353,3.6916403857993996
auth_middleeast_m_9483_frame_0383_subdiv_auth_middleeast_m_9483_head.glb,pca_gnm_variation_001,middleeast,male,9483,0383,0.04774287694654964,0.15737272211663253,0.05935730712186016,0.059011103571883376,0.08307008497716407,0.08328785061614145,0.08653581974431616,0.08637475155888746,0.03931508102964708,0.030704326003138608,0.06403877314221293,0.020744769517446818,0.06352513888874674,0.1741560921708068,0.17073189279442177,0.05639863232313448,0.08193628492868149,0.08196294644723824,0.16922009866869994,3.2962555292346245,1.243270429394387,1.2360190115469798,1.7399471982001604,1.7445084155566506,1.8125388598009504,1.8091652008233186,0.8234753233170705,0.6431184705838636,1.3413262299611164,0.43451025250680947,1.3305678868046864,3.6477921589388633,3.576070478232052,1.1812994090464084,1.7161991519784816,1.7167575916926738,3.5444051446281644
auth_middleeast_m_9484_frame_0384_subdiv_auth_middleeast_m_9484_head.glb,pca_gnm_variation_001,middleeast,male,9484,0384,0.045531787431267276,0.15924769788129323,0.06173373576429506,0.06181330302400705,0.08259108691121464,0.0825870726539446,0.08513334850360092,0.08495332481661967,0.04032265778640973,0.03166161195363898,0.058989162480778165,0.021464484003322775,0.06116621698306814,0.1756088137719042,0.16875628481092583,0.05428812332290785,0.0826590986555759,0.0826930817861186,0.17063325706903323,3.4975059593627056,1.3558381791508958,1.3575856892795526,1.8139214726830217,1.813833308841967,1.8697563462035038,1.8658025438790726,0.885593561361477,0.6953737979523408,1.2955599990407918,0.47141755714564443,1.3433739467268202,3.8568398843773775,3.7063399952324008,1.1923125883177492,1.8154151927453832,1.816161553309286,3.7475633331244347
auth_middleeast_m_9485_frame_0385_subdiv_auth_middleeast_m_9485_head.glb,pca_gnm_variation_001,middleeast,male,9485,0385,0.04652602271425665,0.15897802988796939,0.05975138116447811,0.0599765999933297,0.08492092205807816,0.08467857568335811,0.08624434107877206,0.08612329671927514,0.03926590903919107,0.03151672987768326,0.059729282314977226,0.020661116821193176,0.061938820059534466,0.17528168113312592,0.16938863826737777,0.05488477357063824,0.08239406826956747,0.08242043760119322,0.16775748202543836,3.4169701301215,1.284257232376085,1.28909793905404,1.825234935288299,1.8200261003055962,1.8536796409280178,1.8510779923787677,0.8439558498336692,0.6774000449435753,1.2837822541120583,0.4440765751262494,1.3312726179053982,3.7673901809667383,3.640728959526411,1.179657541494951,1.7709243873175522,1.7714911525402686,3.6056699506797427
auth_middleeast_m_9486_frame_0386_subdiv_auth_middleeast_m_9486_head.glb,pca_gnm_variation_001,middleeast,male,9486,0386,0.04514651815547687,0.15761752820613362,0.060778763984302694,0.06070743178209289,0.08379374823333155,0.08374531758591237,0.08479190651149507,0.08469815150246154,0.03947221401999994,0.03200947929240221,0.05901509452838686,0.02219422985620414,0.05889894245430847,0.17398649528059418,0.16632041114002755,0.05279591475108542,0.08084265016911106,0.08090893107238244,0.16691942980710028,3.491244389286586,1.346255845799471,1.344675830216339,1.8560401035747705,1.8549673597752954,1.878149411644244,1.8760727285939445,0.8743135823689525,0.7090132439929707,1.3071903867569363,0.4916044639316595,1.3046176064225066,3.853818686114719,3.6840141374191595,1.1694349178659877,1.7906729792694716,1.792141108063881,3.697282462232378
auth_middleeast_m_9487_frame_0387_subdiv_auth_middleeast_m_9487_head.glb,pca_gnm_variation_001,middleeast,male,9487,0387,0.04626206904518235,0.15798495075285282,0.06081087642817852,0.05947652820313976,0.08283867632946863,0.08405943171361197,0.08462472894022714,0.08564191942077512,0.04069276678570182,0.030821232255893054,0.05878060094243432,0.021738835440940563,0.0586337001258378,0.1726238135553362,0.16707328283928166,0.05371837906169758,0.08176144364351308,0.0817981232165038,0.1685158934916886,3.4149996749724947,1.3144867422334034,1.2856434965122587,1.790639243752011,1.8170270687961323,1.829246522838775,1.8512340928187199,0.879614068838097,0.6662311671748007,1.2706003461502255,0.4699062512683792,1.2674249409072598,3.7314330534317715,3.611452887593673,1.1611754547604205,1.767353802607918,1.768146667556412,3.642636331874948
auth_middleeast_m_9488_frame_0388_subdiv_auth_middleeast_m_9488_head.glb,pca_gnm_variation_001,middleeast,male,9488,0388,0.04609291553979065,0.1580376729977685,0.060763933190028395,0.060769420747652785,0.0824208124918185,0.08248744912607087,0.0850713893567111,0.08495674528330499,0.03828916517587238,0.03072601662026655,0.05853166166107301,0.021847801331269644,0.06052822439570237,0.17690868719225572,0.16827962995905169,0.054596862111840706,0.08196388332952333,0.08200437755437517,0.17021540831100854,3.4286759938485396,1.3182922468328715,1.3184113010857894,1.788144913954663,1.7895906162599304,1.845649995459096,1.8431627569743196,0.8306952321733364,0.6666103946872636,1.2698624284364126,0.4739947793584262,1.3131784719378436,3.838088459375838,3.650878404812142,1.1844957402338512,1.7782316950370896,1.7791102297181272,3.6928757124089193
auth_middleeast_m_9489_frame_0389_subdiv_auth_middleeast_m_9489_head.glb,pca_gnm_variation_001,middleeast,male,9489,0389,0.046255420157817924,0.15889216215529947,0.06083231406508588,0.06091960951612571,0.082986046337186,0.08306031453998325,0.08651797450070485,0.08641003597313895,0.03825477726331664,0.031380172235462564,0.05923674400497649,0.0213634208293408,0.06372569690563423,0.17741818732073478,0.17076850958870576,0.05564333890500988,0.08146421963049455,0.08152780013759682,0.1692542093829826,3.4351036400313424,1.3151391525043628,1.3170264005445274,1.794082640565097,1.7956882513787888,1.8704397064282616,1.8681061738995846,0.8270333970115491,0.6784107057810133,1.2806443829256735,0.46185767541298683,1.3776914508226241,3.83561940882615,3.691859440603159,1.202958241761971,1.7611821350351686,1.7625566876148522,3.6591216511601803
auth_middleeast_m_9490_frame_0390_subdiv_auth_middleeast_m_9490_head.glb,pca_gnm_variation_001,middleeast,male,9490,0390,0.04739521460596447,0.15828994116249656,0.06027543721368727,0.06042670234663842,0.08420807372469603,0.08418728700224486,0.08740175723401666,0.08638334922119215,0.04213879726941597,0.031916516616802774,0.06145145105017173,0.021128208764830368,0.06516340720815682,0.17730502058548075,0.1724103124876515,0.05675639493310463,0.08198077172987736,0.08203941211732191,0.16874756356282114,3.3397874126848346,1.2717620906415705,1.2749536603856626,1.7767210133931715,1.7762824306665397,1.8441051055609643,1.82261753511126,0.8890939226618249,0.6734122185573188,1.2965750141880008,0.44578780664855305,1.3748942324644797,3.74098993030338,3.637715620048157,1.1975131963209233,1.7297267754023515,1.7309640392892667,3.560434633870927
auth_middleeast_m_9491_frame_0391_subdiv_auth_middleeast_m_9491_head.glb,pca_gnm_variation_001,middleeast,male,9491,0391,0.047288342954758346,0.16074304446188203,0.06143304005094328,0.0595053824545548,0.08377285684423713,0.08517165745215377,0.08560207711065863,0.086659851621949,0.03928931843762145,0.0316880810063293,0.05913752825849643,0.02129479828686045,0.06169564776827191,0.1761691276125032,0.16932361742725693,0.05503101903636493,0.08144121845533199,0.08150881084932572,0.16932852193952108,3.3992107656567274,1.2991159387783462,1.2583520321590613,1.7715329320036486,1.801113173570897,1.8102151981209358,1.8325838083364039,0.8308457430028852,0.6701034340883097,1.2505730707264244,0.4503181324673099,1.3046692675887863,3.725423996798694,3.5806629466642983,1.1637332923467874,1.7222260998497738,1.7236554667882262,3.5807666617018254
auth_middleeast_m_9492_frame_0392_subdiv_auth_middleeast_m_9492_head.glb,pca_gnm_variation_001,middleeast,male,9492,0392,0.04668880609133137,0.16005257781786872,0.06120324600209629,0.061293721526872305,0.08263859685363668,0.08267232015795992,0.085981507238515,0.08581985763764348,0.03801127313391071,0.030804039179229803,0.0591006118334645,0.02162732990385192,0.061681764512231424,0.1768182293652795,0.1706497723925894,0.0557735269060672,0.08190725476854152,0.08198236030308859,0.1701119808720198,3.4280717631712023,1.3108762276416357,1.3128140695431618,1.7699873646796902,1.7707096642445423,1.8415871905210066,1.8381249130629944,0.814141039707764,0.6597735465535739,1.2658411465449233,0.463223023127752,1.3211253333737263,3.7871653650640047,3.655046823402787,1.1945802768433302,1.7543231799141914,1.7559318210604256,3.6435281840201994
auth_middleeast_m_9493_frame_0393_subdiv_auth_middleeast_m_9493_head.glb,pca_gnm_variation_001,middleeast,male,9493,0393,0.04835462800552191,0.1537852149672439,0.05193332260106113,0.061185206618392364,0.0794932843470846,0.08370766205068499,0.08262900117405671,0.08559385470200882,0.036992062223430065,0.03148189743554943,0.05906104773230402,0.021280894272862838,0.05918531918920011,0.1797242985617424,0.16738722399792477,0.053797805487843596,0.08203509820104232,0.08209239817865711,0.17019405472109222,3.180361866286764,1.0740093501521828,1.2653433423457472,1.643964344798739,1.7311199672785382,1.7088126738276384,1.7701274569258258,0.765015961227242,0.6510627572598494,1.2214145815693065,0.4401004650564707,1.2239845828705656,3.716796219406725,3.4616588091383886,1.1125678700640629,1.6965304374107526,1.6977154321047094,3.5197055947086744
auth_middleeast_m_9494_frame_0394_subdiv_auth_middleeast_m_9494_head.glb,pca_gnm_variation_001,middleeast,male,9494,0394,0.049377707806402736,0.15757567720803226,0.05785760266267775,0.057958372588526375,0.08532384537112746,0.0852936933105354,0.08686371750997465,0.08668633788764125,0.03634323661153291,0.03225199954224842,0.059033089632970534,0.021410837698611095,0.06445747452049777,0.177775375680501,0.1704875368002018,0.0561994536505239,0.08261685992073065,0.08265400395878397,0.16870684320592605,3.1912311082937643,1.1717352877035623,1.1737760856734423,1.7279831154913117,1.727372474334977,1.7591686890477967,1.7555763873753727,0.7360251867912818,0.6531692331426198,1.1955413131857813,0.4336134391364919,1.3053962483074126,3.600316490540882,3.4527227847157156,1.1381543645336367,1.6731611002408224,1.6739133433015767,3.4166600820633897
auth_middleeast_m_9495_frame_0395_subdiv_auth_middleeast_m_9495_head.glb,pca_gnm_variation_001,middleeast,male,9495,0395,0.047145025902084456,0.1574475330674331,0.05922010803784459,0.0593648125519174,0.08372744282060933,0.08368262529256325,0.08842805470422195,0.08667834531357195,0.03877506863858537,0.03145004762176911,0.06125718732275555,0.021420316589437705,0.06258026208151334,0.17632363021405467,0.1708459885576471,0.054772926911806845,0.08134654093705664,0.08140660795575938,0.16888800127776343,3.3396425191161416,1.2561263230788946,1.2591956715690904,1.7759549648886168,1.7750043337840935,1.8756603270910965,1.8385469867721418,0.8224636193671278,0.6670915334119816,1.2993351080128932,0.454349450012512,1.3273990391157349,3.7400261605595757,3.623839106854608,1.1617965175279525,1.7254533088178874,1.726727399086233,3.5823079539404024
auth_middleeast_m_9496_frame_0396_subdiv_auth_middleeast_m_9496_head.glb,pca_gnm_variation_001,middleeast,male,9496,0396,0.04771283306214673,0.15914095443997545,0.05920547822054825,0.05957953976770856,0.0849734498311636,0.08483250889817802,0.08660864147952063,0.08624925726792916,0.043472573327442074,0.03159157957154066,0.05901856639864336,0.02123128267013217,0.06479222373211418,0.17810241880672872,0.17101448762535457,0.05710014171098426,0.08289062020362567,0.08291158602480568,0.17004148686722084,3.3353910096407775,1.2408711539604484,1.2487110059070534,1.7809349053007253,1.7779809634796224,1.8152064323388948,1.8076741985869529,0.9111295753664083,0.6621191311442798,1.2369537210622294,0.4449805494148311,1.3579621995558568,3.7327990684340095,3.5842450898399902,1.1967459915157503,1.7372814583376197,1.7377208751534836,3.56385223752568
auth_middleeast_m_9497_frame_0397_subdiv_auth_middleeast_m_9497_head.glb,pca_gnm_variation_001,middleeast,male,9497,0397,0.047703829695902845,0.16185823946563235,0.060784303119735796,0.060809886466723015,0.08599478387543086,0.0858332045643504,0.0866529270110121,0.08643887708988858,0.04010382519509358,0.032922760955028524,0.05926373232412575,0.02041432134504052,0.0578469188597391,0.17599549904951692,0.16686943919320088,0.05244765785170005,0.08329299180629243,0.08329968639519865,0.1706651449938457,3.392982083355331,1.2742017466357927,1.2747380420894345,1.802680925695505,1.7992937906979485,1.8164773680309882,1.8119903085540443,0.8406835562415651,0.6901492220834456,1.2423265113495856,0.42793883583719594,1.2126263075416652,3.6893368975076797,3.4980302474023977,1.0994433400009527,1.7460441297325495,1.746184466241146,3.577598404190674
auth_middleeast_m_9498_frame_0398_subdiv_auth_middleeast_m_9498_head.glb,pca_gnm_variation_001,middleeast,male,9498,0398,0.04466987195887029,0.15739901376151508,0.06074003796488336,0.06085638598480555,0.08403095085876713,0.0839798794216065,0.08425404109133114,0.08413979688199043,0.04062632453908456,0.032062632407279315,0.059228584797645874,0.021874929592987803,0.05911022901011993,0.1740199331701095,0.16737266893378602,0.054509239578610064,0.08029947713446521,0.08036348129263222,0.1658395295797613,3.5236056621438263,1.3597540199087574,1.3623586394167184,1.881154952405919,1.8800116440658443,1.8861491514662927,1.8835916288155472,0.9094793147491262,0.7177686212488125,1.3259179442506686,0.4897020885380891,1.3232683779471224,3.895689097348165,3.7468804273245766,1.2202685431648284,1.797620490347517,1.799053316441712,3.7125588748599454
auth_middleeast_m_9499_frame_0399_subdiv_auth_middleeast_m_9499_head.glb,pca_gnm_variation_001,middleeast,male,9499,0399,0.0467628052395677,0.15938512394521062,0.05990024501179912,0.060177216624075026,0.08367163211389676,0.08344421366012711,0.08653682337942943,0.08615613422984111,0.039709639860369815,0.030288250916097954,0.06024486978423226,0.020832483928858603,0.06125036522018647,0.17489100249677464,0.168456327258164,0.054398878774185304,0.0812260594997773,0.08127267251856556,0.16641994913797425,3.4083738802382437,1.2809378031306677,1.2868607072604985,1.7892774328923102,1.7844141991191314,1.85054816399696,1.842407310435288,0.8491714655897088,0.6476996142752781,1.288307437408757,0.4454926051192388,1.3098094715746507,3.7399596025260062,3.6023571809936463,1.1632937437242634,1.7369800439399006,1.7379768408289975,3.5588102186213657
auth_middleeast_m_9500_frame_0400_subdiv_auth_middleeast_m_9500_head.glb,pca_gnm_variation_001,middleeast,male,9500,0400,0.045984125547115035,0.15813901403139913,0.060525482934607425,0.06058255600248442,0.0834807020112183,0.08350570052942621,0.08545344307025357,0.08510189948547313,0.03863896029100213,0.03130614804895417,0.059799044363299976,0.021772639191572803,0.060726126708380276,0.17472392334153947,0.16947709210422945,0.05554026882020517,0.08161094726599653,0.08163314747058738,0.16854777434034265,3.438991437803268,1.3162255933864266,1.317466740569241,1.8154243669521237,1.8159680006063574,1.8583248469669937,1.8506799568968268,0.8402673712129832,0.6808033789155803,1.3004279988325593,0.47348164029486,1.3205889203255738,3.79965740921872,3.6855564847174125,1.2078139610004974,1.7747634927270388,1.7752462724760654,3.665346950387253
