asset,source,ethnicity,gender,head_id,frame,dist_interocular_inner,dist_interocular_outer,dist_eye_width_left,dist_eye_width_right,dist_eye_to_nose_tip_left,dist_eye_to_nose_tip_right,dist_eye_to_mouth_left,dist_eye_to_mouth_right,dist_nose_width,dist_nose_length,dist_mouth_width,dist_lip_height,dist_jaw_width,dist_cheekbone_width,dist_face_height,dist_chin_to_mouth,dist_brow_width_left,dist_brow_width_right,dist_brow_span,ratio_interocular_outer,ratio_eye_width_left,ratio_eye_width_right,ratio_eye_to_nose_tip_left,ratio_eye_to_nose_tip_right,ratio_eye_to_mouth_left,ratio_eye_to_mouth_right,ratio_nose_width,ratio_nose_length,ratio_mouth_width,ratio_lip_height,ratio_jaw_width,ratio_cheekbone_width,ratio_face_height,ratio_chin_to_mouth,ratio_brow_width_left,ratio_brow_width_right,ratio_brow_span
auth_african_f_9601_subdiv__fbx_backup_head.glb,pca_gnm_variation_001_bad,african,female,9601,9601,0.047881435208129416,0.16247399009866137,0.060786530293988374,0.06079119524681824,0.08519372652843567,0.08523201517577689,0.08461437661055575,0.08457603693151662,0.0359531309191127,0.033591280442577955,0.06321672081941036,0.015690154228160426,0.07074298872734,0.18441326174661005,0.17805810551004247,0.0648892014027364,0.0862689843003445,0.08628870111586645,0.17548776439002958,3.3932564759687107,1.2695218936058104,1.2696193207779405,1.7792642630305135,1.7800639184120781,1.7671645856636673,1.7663638644891144,0.7508783051893252,0.701551244163098,1.3202762311660468,0.32768763425655456,1.4774617431544554,3.851456434942033,3.7187294978954886,1.355205856313166,1.8017209368381164,1.8021327209760865,3.66504812621479
auth_african_f_9602_subdiv__fbx_backup_head.glb,pca_gnm_variation_001_bad,african,female,9602,9602,0.04982629275501729,0.1645630058177169,0.06095090558243345,0.060943794118322334,0.08657924232300016,0.08658535289489422,0.08504332848609618,0.08504006491404485,0.03624693347906284,0.03389338730014632,0.06551287883049009,0.016737826386090685,0.0672103095451582,0.18302530798403385,0.17586444961067318,0.06260519371423444,0.08624144152459473,0.08627072650715237,0.17667164665543178,3.302734293856252,1.2232679216596132,1.2231251965296084,1.7376215956641086,1.737744233162429,1.7067962271291532,1.7067307281351307,0.7274659918465022,0.6802309669473333,1.3148254708131628,0.33592357489621294,1.3488924386892183,3.673267623660482,3.529551164389295,1.2564690297559888,1.730842026490333,1.7314297680407957,3.5457513872059385
auth_african_f_9605_subdiv_african_head.glb,pca_gnm_variation_001_bad,african,female,9605,9605,0.046516686012906795,0.1436443541400009,0.05454346706242343,0.0546053925285815,0.08721746158815329,0.08700736295537087,0.08903864046812594,0.08792906053876694,0.03993550530756211,0.034318332317122696,0.06511685737339323,0.022715108349090744,0.06314628788989149,0.16800639160728323,0.17296772870196234,0.05556079801307629,0.08029290785845695,0.0804106992647495,0.1623903346448995,3.0880177943059937,1.1725570271125823,1.1738882798622061,1.8749715223469148,1.8704548929222793,1.9141226106137645,1.8902692361697826,0.8585200006827952,0.7377639135255794,1.399860199742637,0.48832172487068565,1.3574975627535149,3.611744644935952,3.718401793583698,1.1944272641791391,1.726109805762569,1.7286420456186038,3.4910125497728215
auth_african_f_9606_subdiv__fbx_backup_head.glb,pca_gnm_variation_001_bad,african,female,9606,9606,0.04555735017346675,0.14725980943628403,0.05617541884029812,0.05617877549406191,0.08765186233141649,0.08740734051123349,0.0861365111240836,0.08562315668354539,0.04015341716922621,0.035201812537188334,0.06209468857323284,0.022127477517546804,0.06307646861884726,0.16803284759739578,0.17226197699802182,0.05688374777480271,0.08077035083276848,0.0808637849649251,0.16230263349864846,3.2324050647276286,1.2330703745147908,1.2331440542558427,1.9239894769486874,1.9186221362396263,1.8907269803029663,1.8794586681956216,0.8813817532480661,0.7726922747515366,1.3630004453024063,0.4857059823122496,1.3845508656380083,3.6883806226126934,3.7812115134463995,1.2486184459414107,1.7729378580014579,1.7749887703526122,3.5626003900722
auth_african_f_9607_subdiv_african_head.glb,pca_gnm_variation_001_bad,african,female,9607,9607,0.045341144246874306,0.1493797526143716,0.05717628997409655,0.05717460162257053,0.08771798831443522,0.08745058949898736,0.08905030461978382,0.08764856610692841,0.03978573046670294,0.035271308561511824,0.06486860036602284,0.022446160375884806,0.06210600549489548,0.16819056161633222,0.17006378439190337,0.052746655007634376,0.08085005566347953,0.08091168906055145,0.16339247980539237,3.294573948134744,1.2610244166486408,1.2609871800161283,1.9346222900072105,1.928724802859733,1.9640065573758143,1.9330911815921068,0.8774752187566519,0.7779095377361,1.4306785027926308,0.49505059364337023,1.369749408103588,3.7094467819463293,3.7507607542045456,1.1633287135507302,1.7831498742789913,1.7845092002972396,3.603624975050254
auth_african_f_9608_subdiv__fbx_backup_head.glb,pca_gnm_variation_001_bad,african,female,9608,9608,0.047096277218310875,0.15465887760675273,0.057948676125687056,0.05794198238505463,0.08594019953029162,0.08589157326167807,0.08599326526481492,0.08546930600071555,0.03382870940387716,0.03319849410004116,0.06043401539292521,0.02052839068517551,0.06504624625010447,0.17095040872961034,0.1767018023125702,0.06170074898547697,0.0817468907502916,0.08185016751767739,0.16574062724317853,3.2838875329751516,1.2304300795808294,1.2302879507114626,1.8247769166960475,1.8237444302345773,1.8259036667845379,1.8147783869313001,0.7182883956425471,0.7049069705903144,1.2832015386861335,0.435881388034512,1.3811335012444403,3.6298072549807694,3.751927174487353,1.3100982207036935,1.735739968816658,1.7379328548256106,3.519187439697232
auth_african_f_9609_subdiv__fbx_backup_head.glb,pca_gnm_variation_001_bad,african,female,9609,9609,0.04348524635040514,0.1434051145434345,0.05617251994121176,0.056216085584854865,0.08551742900072695,0.08545967335314676,0.08515574779052486,0.08459461625779727,0.03656103303866271,0.03270547397762489,0.06067459976832475,0.021627155062818565,0.05976646053695581,0.16779668053393929,0.17160550868896887,0.05647926030618516,0.08061192375471231,0.08076363577952658,0.1633666853468256,3.2977877919299963,1.2917604165921532,1.2927622654328395,1.9665849035699485,1.9652567370668823,1.9582675720481801,1.945363620022567,0.8407686768991268,0.7521050637285899,1.3952916186654984,0.4973446600381757,1.374407771669413,3.8587036895647246,3.9462926645549534,1.2988143116650173,1.8537764074081478,1.8572652234445517,3.756830167878388
auth_african_f_9610_subdiv_african_head.glb,pca_gnm_variation_001_bad,african,female,9610,9610,0.04206780322402542,0.14439347048715204,0.05806580441514094,0.058024645417258526,0.08590592150616916,0.08587457119645664,0.08530154589858213,0.08495121373475062,0.03357466394588312,0.03233312631117402,0.0596844649001509,0.022981983853481946,0.05998511200455117,0.16674963395968637,0.16552611900582756,0.05233661820625643,0.08014526156870874,0.08032004032760083,0.16068206609563881,3.43239863793713,1.380290862965216,1.3793124663120029,2.0420824222432246,2.0413371893736696,2.027715719889681,2.019387921978155,0.7981083244847983,0.7685955489282167,1.4187682818213907,0.5463081523676203,1.4259150088040007,3.963830321057832,3.934745965325179,1.2441015264701623,1.905144919070479,1.909299610913106,3.8195972639681695
auth_african_f_9611_subdiv__fbx_backup_head.glb,pca_gnm_variation_001_bad,african,female,9611,9611,0.045043973659239636,0.1417898119742331,0.05599528357739592,0.05605437459541191,0.08781080873304228,0.08758203908175238,0.08630197667270692,0.08559000048279443,0.03978095712492546,0.032931472554299374,0.0649107224019443,0.022371776434102195,0.05838715878658569,0.16844270470149014,0.1671632709552679,0.05253816684819015,0.08015199343306352,0.08027351602358211,0.16153026454580807,3.14780869571769,1.243124862850769,1.2444367146528106,1.9494463209959298,1.9443675139390624,1.9159494525413445,1.9001432051774099,0.8831582538847657,0.7310960796538054,1.441052312413594,0.4966652499032618,1.296225755487028,3.7395169879054038,3.7111128831543163,1.166375045986052,1.779416577218923,1.7821144428965365,3.5860571664434895
auth_african_f_9612_subdiv__fbx_backup_head.glb,pca_gnm_variation_001_bad,african,female,9612,9612,0.042725135837594956,0.14622725918813706,0.05779962629026249,0.05780962291530109,0.0848803042513494,0.08491512006230903,0.08387118348244253,0.08362978348815002,0.031213627005454544,0.03196221282580175,0.056745903750770044,0.02199116425558635,0.06099527071965019,0.16884091614819607,0.17113017001760877,0.05777934315852683,0.08127988460196424,0.08142951648117819,0.16287971207076993,3.4225112763589602,1.3528248689475926,1.3530588442139697,1.9866596697080836,1.9874745485909027,1.9630407683488766,1.9573906986753686,0.7305682332784735,0.7480892032103821,1.3281620441528907,0.5147125649682722,1.4276202877739916,3.9517935481817372,4.005374509939577,1.3523501336111676,1.9023903144725396,1.9058925123305575,3.812269028000324
auth_african_f_9613_subdiv__fbx_backup_head.glb,pca_gnm_variation_001_bad,african,female,9613,9613,0.047276827069382805,0.15065352657159833,0.057034393761535976,0.05703994066268273,0.08329321495394058,0.08325034016696926,0.08580078637171028,0.08554864106042413,0.03806962324404629,0.031040347215842853,0.05946681966462572,0.021477100620015913,0.05146534591044405,0.1722888202033274,0.16150142025856531,0.046968707622767045,0.08334817908774184,0.0833426671199132,0.1711002886299553,3.1866251588860086,1.2063921649782694,1.2065094930963052,1.7618190584512077,1.76091217045493,1.814859238455031,1.8095258578769289,0.805249116827909,0.6565657879342977,1.257842866175284,0.45428388390989993,1.088595599592888,3.6442551432328303,3.416079933231308,0.9934826538556919,1.7629816604532538,1.762865071245172,3.6191153094697097
auth_african_f_9614_subdiv_african_head.glb,pca_gnm_variation_001_bad,african,female,9614,9614,0.04860476540033188,0.14651248652857324,0.05551446592798739,0.05552934593218075,0.08223237235650038,0.08213056406100629,0.08538241062546147,0.0850853937887334,0.04030951299449073,0.03033054273028423,0.05963055032420856,0.02138146902210604,0.04928554213420618,0.1791505519124313,0.16028299628714557,0.04617004217989711,0.0838073889181272,0.08380239600846814,0.17193449289590407,3.014364647618952,1.1421609685952383,1.1424671115026426,1.6918582299327154,1.689763614422167,1.756667477400857,1.7505566190460908,0.82933252866221,0.6240240536183542,1.2268457595271387,0.43990478805932154,1.0140063783513222,3.6858639361153673,3.297680689680916,0.9499077261173625,1.7242628007325995,1.7241600760384685,3.5373999129461917
auth_african_f_9615_subdiv__fbx_backup_head.glb,pca_gnm_variation_001_bad,african,female,9615,9615,0.045909899689699565,0.15557371083307778,0.058575376602216234,0.05850727021356884,0.08144218652906353,0.08145178248136861,0.0839505170870852,0.08372083823719724,0.038381394166739566,0.02949609753487602,0.058371530239217394,0.01985879822340985,0.050629393861676995,0.1792653799391541,0.16126024630238112,0.04811917076664554,0.08395918124959065,0.08394055604730549,0.17352519950430728,3.388674597082219,1.2758768151993658,1.274393335838537,1.7739569696192574,1.7741659866802821,1.8285929103417429,1.8235900928352717,0.836015639898052,0.642477934698991,1.2714366756134243,0.43256026167849393,1.102799052140737,3.904721664625515,3.512537544022597,1.048121888566044,1.8287816313488459,1.8283759410203757,3.7796902340703595
auth_african_f_9616_subdiv__fbx_backup_head.glb,pca_gnm_variation_001_bad,african,female,9616,9616,0.047987178352562054,0.15241026624983178,0.05679585126232331,0.05679237923557017,0.0826304283527624,0.08258752465958774,0.08442908272945104,0.08418910622992899,0.03532492580640283,0.030052151221525398,0.058916852241161374,0.020479255033360406,0.04636668276893584,0.17254003163338652,0.15916707015217593,0.04591474199470523,0.0831763057414116,0.08315966045190441,0.1704356076224989,3.1760622625083883,1.183563051885316,1.1834906986678038,1.7219272145087632,1.7210331487468749,1.7594091927879176,1.754408346566893,0.736132588310786,0.6262537672194869,1.2277623786983045,0.42676514303256613,0.9662306549528621,3.595544425757522,3.316866621804154,0.9568127064560741,1.7333026986982825,1.7329558291785765,3.551690544718166
auth_african_f_9618_subdiv__fbx_backup_head.glb,pca_gnm_variation_001_bad,african,female,9618,9618,0.04766062798663701,0.15905702434568,0.05993552267588726,0.05989586632323771,0.08617825488574962,0.0861890151388648,0.08657157626548358,0.0863412431317971,0.03687769608934074,0.03569043720325445,0.05990149897566384,0.01932853775725008,0.06830696950830518,0.18329018354887994,0.17374296139462916,0.05934265345172009,0.08583715439994644,0.08584622546165176,0.17294482175225886,3.3372834363465813,1.2575479008101165,1.2567158439463113,1.8081644855773218,1.8083902537547407,1.8164170285325727,1.8115842526457115,0.7737559836534347,0.7488452987497618,1.2568340264517475,0.4055451758350598,1.433194911478232,3.8457358052493653,3.645419054137156,1.2451085090267475,1.8010076246585185,1.8011979507639124,3.6286727443194575
auth_african_f_9622_subdiv_african_head.glb,pca_gnm_variation_001_bad,african,female,9622,9622,0.04497527763392532,0.1500761438099675,0.05709142391950532,0.057090362611388425,0.08559389232447633,0.08572714141100948,0.08516096522696061,0.08499923929069479,0.03494668736049148,0.03237247914783879,0.05739581271850593,0.021991866602784654,0.059719179007795775,0.17428853367320998,0.1687650624425967,0.05430357113546629,0.08440855927454881,0.08443547731136802,0.1705187787766251,3.3368586411296213,1.2693956974362435,1.2693720998472406,1.903132050037907,1.9060947685255556,1.8935061595422549,1.8899102743187732,0.7770199362622907,0.7197838646229922,1.2761636111660526,0.4889767836851764,1.3278223537357103,3.875207510486657,3.7523962345770037,1.2074093589253252,1.876776836411979,1.8773753438195,3.7913891308144145
auth_african_f_9623_subdiv__fbx_backup_head.glb,pca_gnm_variation_001_bad,african,female,9623,9623,0.0458249392418537,0.15601593270518083,0.05897206106819342,0.05896153366472029,0.08820651780936516,0.08788584931140403,0.08511226817534477,0.0849932989245092,0.04342256253712477,0.034871629109239105,0.05777508821204593,0.021748163647990048,0.0606004137115604,0.17609704288810682,0.1693261201844821,0.05494040398196566,0.08668379988180122,0.08671125727089621,0.17377860871603296,3.40460751910142,1.286898838140345,1.2866691072635057,1.9248583690167278,1.917860683842096,1.8573351014420643,1.8547389332244115,0.9475749069289602,0.7609749120494085,1.2607782829153802,0.4745923073287265,1.3224330400467108,3.8428210882878933,3.6950648050140775,1.1989192978959031,1.8916293467254515,1.892228526769097,3.7922278041410733
auth_african_f_9624_subdiv__fbx_backup_head.glb,pca_gnm_variation_001_bad,african,female,9624,9624,0.04516033086022828,0.15664214000442941,0.05964823415983959,0.05966852960646559,0.08753585946700203,0.08727698082379046,0.0848462349418274,0.08479112353757252,0.04513017816569821,0.034074322853430726,0.05861259237108572,0.0227968538027305,0.059406370715225254,0.1718397364340521,0.16936949319683062,0.05520135587744983,0.08524259473969775,0.08526379952559432,0.17072506270884424,3.4685782194386166,1.3208103887558202,1.3212597974789055,1.9383352114475527,1.9326027768466458,1.8787779745110245,1.877557624633043,0.999332319007507,0.7545188931164195,1.2978778333686778,0.5047982016182966,1.315454727271344,3.8051035756557665,3.750404170443991,1.2223417062266135,1.8875546993560457,1.8880242438764834,3.780420990210195
auth_african_f_9627_subdiv__fbx_backup_head.glb,pca_gnm_variation_001_bad,african,female,9627,9627,0.05028637328435963,0.14937227507839435,0.054766552296880426,0.05462210399799497,0.08793555384571884,0.0878149788591815,0.08805061113772586,0.08780087904508001,0.036313667018224596,0.035883924075747586,0.062498522108410746,0.0165945148285745,0.06006329806553358,0.17780474656479942,0.1698395382066193,0.05333979134253811,0.08666628782383347,0.08667938971203068,0.17359072721052482,2.970432451625081,1.0890933014235538,1.0862207876698053,1.748695483535081,1.7462977169302891,1.7509835246979701,1.7460173265744017,0.7221373236220058,0.7135914111926703,1.2428520496993052,0.33000023156841624,1.1944249334881907,3.5358435089233473,3.37744655487899,1.0607205860902318,1.723454728654869,1.7237152741534103,3.4520430858853777
auth_african_f_9628_subdiv__fbx_backup_head.glb,pca_gnm_variation_001_bad,african,female,9628,9628,0.04583417248054131,0.1544236257736794,0.05843825578367745,0.05886311381609489,0.08885647486371819,0.08891522817578312,0.08905955198913637,0.08901250550401733,0.036619356740508605,0.03629542105794854,0.06312296148082652,0.01678526916664842,0.062389741441634734,0.1781418774415758,0.1718331879632976,0.053753052427175034,0.08677488786974169,0.0867736180884706,0.1741015091791631,3.3691810589411046,1.2749931464015665,1.2842626064883131,1.9386512301807521,1.9399330971565307,1.9430819227061686,1.9420554727328654,0.7989531556625177,0.7918855974405908,1.377203035739875,0.366217349593789,1.3612058005000967,3.886660711878351,3.749019097841215,1.1727723992397954,1.893235618175098,1.893207914363676,3.7985088364598947
auth_african_f_9629_subdiv_african_head.glb,pca_gnm_variation_001_bad,african,female,9629,9629,0.04772587570939788,0.15177968656050952,0.05670935405887958,0.05698858922154627,0.08216126071620201,0.08219546618893268,0.0852529515261044,0.0850787792051562,0.03836270977958672,0.030044677106837486,0.05939426086959079,0.021447836113240106,0.05148640152146775,0.17714470627851314,0.16301531609447595,0.04863254248584294,0.08484858909285797,0.08485413917891368,0.1758455038079638,3.1802389019468955,1.1882307703305846,1.194081583092344,1.7215244245381827,1.7222411316121176,1.7863046043452049,1.782655172703369,0.803813637976528,0.6295259470937539,1.2444876073357256,0.44939638706339613,1.0787942757712325,3.7117120146132994,3.415658983128433,1.0189973837665283,1.7778320006006745,1.7779482915219664,3.684489832699652
auth_african_f_9630_subdiv_african_head.glb,pca_gnm_variation_001_bad,african,female,9630,9630,0.04850407315673656,0.15220108637021681,0.05698964596962446,0.05708848476073506,0.0835364845225874,0.08342277832778466,0.08588632862709324,0.0854953539333689,0.040814041076653956,0.030840311602020762,0.05945998045613376,0.02219444571962055,0.05159369007477021,0.1742372589310815,0.1640138473929245,0.04886849236433155,0.08501741247710305,0.08502650492198421,0.17439111323409995,3.137903199972354,1.1749455717969814,1.1769833138808516,1.7222571030817708,1.7199128423341157,1.7707034283401162,1.762642771403926,0.8414559524674772,0.6358293148363656,1.2258760262049366,0.4575790088370762,1.0636980920767174,3.5922191187542007,3.381444829652315,1.0075131671193345,1.7527891359221917,1.752976593269367,3.5953911060329036
auth_african_f_9631_subdiv_african_head.glb,pca_gnm_variation_001_bad,african,female,9631,9631,0.04787431106066116,0.14834900484331245,0.055163594382497266,0.055249500678618536,0.08148677708687752,0.0814276472767962,0.08478142717910316,0.08467249389079826,0.040080294945412216,0.030710726303982964,0.06191711993781516,0.021826427425634072,0.051271692188010955,0.17773963718934557,0.16241426493342556,0.04735458208157459,0.08468547152652023,0.08468294626039431,0.1756235286662357,3.0987183221360746,1.152258761752204,1.154053174960833,1.702098166668681,1.7008630614782085,1.7709169134920246,1.7686415118018182,0.8371983649984392,0.641486543066273,1.2933265997156693,0.45591105004055266,1.070964595668959,3.71263070426503,3.392513883440155,0.9891438859887085,1.7689125890337292,1.7688598412015417,3.6684293679694844
auth_african_f_9632_subdiv__fbx_backup_head.glb,pca_gnm_variation_001_bad,african,female,9632,9632,0.04693054896876111,0.14825746557009908,0.053644090762455354,0.0538060454030614,0.08047907444944451,0.08056765491990964,0.08425779158620413,0.08401228857021494,0.041166608037427506,0.03026587849420642,0.05926497895418711,0.02148758715199711,0.04917261213197066,0.18034864225328665,0.16262712179015404,0.048272188945848025,0.08606059730495502,0.0860501448786188,0.17823392899372903,3.159082278555602,1.1430527010916292,1.1465036439031835,1.714854742121484,1.7167422220766853,1.795371957875233,1.790140759404646,0.877181472239536,0.6449078299585335,1.262823049302839,0.4578592755499222,1.0477740664125186,3.842883712554355,3.46527209597325,1.0285877750541543,1.8337862905085656,1.8335635693479164,3.797823228370263
auth_african_f_9635_subdiv__fbx_backup_head.glb,pca_gnm_variation_001_bad,african,female,9635,9635,0.045621104573580935,0.1555446425521003,0.059373081879235276,0.05937570423363241,0.08864243092153291,0.08844594853664402,0.08774100119004158,0.08751669475131242,0.036259298623613406,0.03564556606626833,0.06177202672975637,0.015476184138858255,0.06063253191770948,0.17527538928532174,0.17004968929090247,0.0536125728443586,0.086701811133006,0.08669144117123237,0.17428044976153304,3.409488744430265,1.3014389378379514,1.3014964190064071,1.9430136939925282,1.9387068630482664,1.9232546430024882,1.9183379177099784,0.794792212124804,0.7813393910438237,1.354023040589166,0.3392329993653962,1.3290456792846184,3.8419803931451337,3.727434723037763,1.1751704248608987,1.900475929800586,1.9002486235599645,3.820171637458739
auth_african_f_9636_subdiv_african_head.glb,pca_gnm_variation_001_bad,african,female,9636,9636,0.04602064670048872,0.1579618329080807,0.05974523692249137,0.05971340135395654,0.0898864719150735,0.08971099176737826,0.08775450730485546,0.08764945411964933,0.03586367107628354,0.037117823643257476,0.062176881246506846,0.016849846462159465,0.059760980108163775,0.17309475711983402,0.168113048314971,0.05157652983196365,0.08633256232452653,0.08633288406173494,0.17372261735371092,3.432412280864432,1.2982268004907653,1.2975350334075684,1.9531770707194112,1.9493639963652567,1.906850807116614,1.9045680668089902,0.7792952434956262,0.8065471979311255,1.3510649176915315,0.3661366727812742,1.2985688901136005,3.761241302113119,3.6529918714329086,1.1207258813122225,1.8759528280077324,1.8759598191569549,3.7748843140847486
auth_african_f_9638_subdiv__fbx_backup_head.glb,pca_gnm_variation_001_bad,african,female,9638,9638,0.049192091530495856,0.15248196107750064,0.05653405001285427,0.056461054272869314,0.08933412230212187,0.08919505616016905,0.0846224084035494,0.08455687194592475,0.036968776252507406,0.03700452577039699,0.06269912970649202,0.028614202693714428,0.06772563017209261,0.17704488345393735,0.17426603523133008,0.061863016591774594,0.08548423652403479,0.08551997586949912,0.1728845840497774,3.0997251048569843,1.1492507891803478,1.1477668974060022,1.8160261034386107,1.8131991014221056,1.7202441646761264,1.7189119087059972,0.7515186913650378,0.7522454243982821,1.2745774321797783,0.5816829860949398,1.3767585005022034,3.599051757012226,3.542562021850537,1.257580531078326,1.7377638125234052,1.738490338766799,3.5144792317399305
auth_african_f_9639_subdiv__fbx_backup_head.glb,pca_gnm_variation_001_bad,african,female,9639,9639,0.05006425509579113,0.1556629185544891,0.05808232651803339,0.05809774755895777,0.08982359969673562,0.08957223166421706,0.08402523106387276,0.08395899148164948,0.03706301731501509,0.03845040721390879,0.06567058755889983,0.01641633303615925,0.06947277814165934,0.17664155400455941,0.1752262299255312,0.0636255823218012,0.08514933083022015,0.0851865516935882,0.17180383983888972,3.109262651699288,1.1601556121608276,1.1604636371358297,1.7941663073757994,1.7891453991042672,1.6783477733385215,1.6770246820012682,0.7403089738197454,0.7680211588155896,1.3117260495187257,0.32790526903374145,1.38767226255005,3.528296859038048,3.500026707483407,1.270878438120418,1.7008009140912717,1.7015443759343936,3.4316667552561504
auth_african_f_9640_subdiv__fbx_backup_head.glb,pca_gnm_variation_001_bad,african,female,9640,9640,0.04982852894222166,0.15564093263256457,0.05757804200461706,0.05751031133854576,0.09103860364517576,0.09084987145032133,0.0842690025662098,0.08422597804902045,0.03759876485987485,0.03893784994891363,0.06842153351479292,0.018265287964302403,0.06975590318416185,0.1769252348004577,0.1772517270279879,0.06557917800338968,0.08605404677062223,0.08608489937693424,0.17300361417516105,3.1235305544146605,1.1555236172310304,1.1541643423836867,1.8270377548319552,1.8232501215451433,1.6911798191739387,1.6903163676913706,0.7545630115525235,0.781436875129582,1.3731397447861777,0.366562857705107,1.3999189754336685,3.550681478187128,3.5572337933860934,1.3160970110000956,1.7270035579498169,1.7276227334897527,3.4719791622940797
auth_african_m_9641_subdiv__fbx_backup_head.glb,pca_gnm_variation_001_bad,african,male,9641,9641,0.0498386137786508,0.15796890406893385,0.05838450669263,0.05837205643441167,0.08693414924999575,0.08689533895050487,0.08399996325897888,0.08390813873519093,0.03626321934875929,0.03645032660688807,0.06681573312941495,0.017827529107615904,0.07030952885105379,0.18121534585992344,0.17829660492446558,0.06614936905017679,0.08590322731934477,0.085912056152028,0.17467436945178139,3.169608704819203,1.1714713204491247,1.1712215089621196,1.7443131471532909,1.7435344276715805,1.6854393990982481,1.6835969617424307,0.7276129209736015,0.731367183862208,1.3406418851488318,0.357705155821421,1.4107440701164133,3.6360430622079227,3.5774792155403388,1.3272714474757918,1.7236279423996108,1.7238050908396225,3.5047999173405193
auth_african_m_9642_subdiv_african_head.glb,pca_gnm_variation_001_bad,african,male,9642,9642,0.04902351439322907,0.15632057646494535,0.05838049030353978,0.05838380479755298,0.084661160099858,0.08467289881894732,0.08395035581846833,0.08396059838596719,0.035720963044783956,0.03434968021607489,0.06358909519511803,0.014731795626412535,0.0699452787943623,0.18034172058780226,0.17661732288402734,0.06399120160701229,0.08490171424454877,0.08490749434167397,0.17393443736965744,3.1886856419770613,1.190867097680028,1.1909347079697883,1.7269500391336907,1.7271894899204125,1.7124507872912351,1.712659719017686,0.7286495773896943,0.7006776368692801,1.2971141702541975,0.3005046824722797,1.426769982937471,3.678677932822995,3.602706274122628,1.3053164873844803,1.7318569526356733,1.731974857220784,3.54797977098273
auth_african_m_9643_subdiv__fbx_backup_head.glb,pca_gnm_variation_001_bad,african,male,9643,9643,0.04955293368031922,0.14588050192082871,0.052603102442824616,0.05269413914154824,0.08365452253424528,0.08369349569289537,0.0832954044620856,0.08330184277017291,0.03585680481652904,0.03422819092907186,0.06425119237129663,0.014857747090889417,0.07137272488984348,0.18281140179745312,0.17832981124536185,0.06639191357343631,0.0852385327224323,0.0852686793789032,0.17309136710546041,2.94393270158226,1.0615537473963288,1.0633909080236073,1.688185064358159,1.688971559844007,1.6809379036859682,1.6810678315753813,0.7236060946028342,0.6907399499268428,1.2966173261466267,0.2998358722157841,1.4403329851324294,3.689214506992141,3.5987740381996502,1.3398180217088735,1.7201510867617151,1.7207594595508096,3.493059931065324
auth_african_m_9644_subdiv__fbx_backup_head.glb,pca_gnm_variation_001_bad,african,male,9644,9644,0.05049358610076619,0.1554832989447933,0.057552345839122,0.05757732469560308,0.08615315597200893,0.0861110915164364,0.08395255491033816,0.08392248670671018,0.035898802285174,0.03479264632798501,0.06603494368105817,0.016470705916746778,0.07344183423700387,0.18061174458139836,0.179964838788021,0.0681276929994871,0.0853879076845354,0.08537591625414818,0.1742484048360349,3.079268298244992,1.1397951756539768,1.140289869305389,1.7062197919569362,1.7053867266347666,1.6626379980776267,1.6620425124734157,0.7109576692281968,0.689050808523522,1.3077887466593734,0.32619402163034034,1.4544784775326043,3.5769244874183688,3.564112844527995,1.3492345911722305,1.6910644356717561,1.690826951442308,3.450901753903965
auth_african_m_9645_subdiv__fbx_backup_head.glb,pca_gnm_variation_001_bad,african,male,9645,9645,0.046592571577741784,0.14932778552850778,0.056477681698404704,0.05646718909350473,0.08762927860898463,0.08740630623761719,0.0901057075987721,0.08998573147404408,0.03599581832630342,0.03548440261652815,0.05845616086311152,0.021457870159449104,0.0692840247244286,0.17007910480445038,0.17638949093009698,0.05827304100608883,0.08052899854672253,0.0806098406039198,0.1631225213506085,3.204969815399601,1.2121606467711097,1.2119354476772484,1.8807564305132047,1.8759708528166528,1.9339071561745997,1.9313321507463668,0.77256560664918,0.761589270884541,1.254624050221714,0.46054273101551585,1.4870186894240236,3.6503480929500918,3.7857856940946744,1.2506938130439453,1.7283656132256255,1.7301006979067186,3.5010413855013627
auth_african_m_9646_subdiv_african_head.glb,pca_gnm_variation_001_bad,african,male,9646,9646,0.045863378645783284,0.14678967039269136,0.055920364673752054,0.05591625593032843,0.08601866470761015,0.08593909114241666,0.09035646481280754,0.08952264102200973,0.036613712121437644,0.03247444237117633,0.06389089021900855,0.021066811261218295,0.06574578964318835,0.1686081141836085,0.17161696355441075,0.05380577694207125,0.079211401581511,0.07929058490717553,0.1598841362444158,3.200585624674368,1.219281403266033,1.219191816682032,1.8755413850331057,1.8738063718800613,1.9701222954082338,1.9519416943400552,0.7983213012764802,0.7080691246492382,1.3930698545446725,0.4593384064423957,1.433513875001729,3.6763125430819183,3.741917159654991,1.1731751678747766,1.7271165779844648,1.728843082398282,3.4860958997209788
auth_african_m_9647_subdiv__fbx_backup_head.glb,pca_gnm_variation_001_bad,african,male,9647,9647,0.04729153810182327,0.14631307195242443,0.05554870370576931,0.05554091393375954,0.08359603044181274,0.08367962827314819,0.08547266771202124,0.08522242230535713,0.03565569009793537,0.030652682620387003,0.060642308853413304,0.021386398791202615,0.06073774661038133,0.16864533738190643,0.16881141998477597,0.055699167989272526,0.07983262288453918,0.07990654042404875,0.1638662461920033,3.093853104066909,1.174601333248404,1.1744366151545877,1.7676741716842106,1.7694418839365686,1.8073564773467568,1.802064930133272,0.7539549680360408,0.6481642139527964,1.2823078141980606,0.4522246399589631,1.2843258867919893,3.5660785026445248,3.5695903910189726,1.1777829655137628,1.688095293340889,1.6896583116413388,3.4650225551806617
auth_african_m_9648_subdiv__fbx_backup_head.glb,pca_gnm_variation_001_bad,african,male,9648,9648,0.050164262043337515,0.14880978429243538,0.05521018859603411,0.055225555554259634,0.08684847276519309,0.08671817283156025,0.08788208297083212,0.08771604820185032,0.036223209550816524,0.03395090254248093,0.059072542353077365,0.0211766260280588,0.0675369581774036,0.16985529102995545,0.17293736726118264,0.05805260456686572,0.08031673511646574,0.08037845730873956,0.16222239282038584,2.9664501824800453,1.1005880749992367,1.1008944077867548,1.7312817776560459,1.7286843122827833,1.7518862909796167,1.748576469161878,0.7220919450489046,0.6767946175137658,1.1775822058748493,0.42214567035320993,1.3463161905792136,3.3859820539812864,3.4474217344566926,1.1572502455376175,1.6010747860115861,1.6023051876911822,3.233823965759527
auth_african_m_9649_subdiv_african_head.glb,pca_gnm_variation_001_bad,african,male,9649,9649,0.045312953279295874,0.1416747257892521,0.05535422277914923,0.055333318923188796,0.08574980804022307,0.0857277669962609,0.08633781382178024,0.08613156172204309,0.03599976332923551,0.03228450296537428,0.06492915389136497,0.021415292144982157,0.06357572680385364,0.171705477058879,0.16853703072479992,0.055932041699036185,0.07936155513915524,0.07942119261634784,0.16107329949130383,3.1265833616275303,1.2215982136048802,1.2211368917433012,1.892390626399612,1.891904208226285,1.9053671759070536,1.9008154509628443,0.7944695881405794,0.7124784554734711,1.4329049243636922,0.47260861619379607,1.40303648742538,3.789324346187201,3.719400712771614,1.2343499518622707,1.7514099036978164,1.7527260279597907,3.5546855332623064
auth_african_m_9650_subdiv__fbx_backup_head.glb,pca_gnm_variation_001_bad,african,male,9650,9650,0.04518827691288503,0.14255107981890452,0.05626134322000998,0.05628461712116512,0.08534465541646274,0.08538149826628591,0.08659330266402165,0.08628166397955499,0.040472243419590596,0.03138904034824494,0.06286363175419243,0.02089324358033994,0.06124618738237306,0.16930352867379467,0.16697950345595503,0.05448377608627608,0.07940555485634655,0.07946800384204866,0.1608192015845429,3.154603130668551,1.2450428974858203,1.2455579403851105,1.8886459331253562,1.8894612518836749,1.9162780389028367,1.9093815890765364,0.895635907906245,0.6946279542536538,1.3911491220473475,0.46235982001744397,1.3553556711278198,3.7466250151600557,3.695195189182846,1.2057059885534278,1.757215815274974,1.7585977884319168,3.5588699674159683
auth_african_m_9651_subdiv_african_head.glb,pca_gnm_variation_001_bad,african,male,9651,9651,0.043371072214854874,0.1429644309831709,0.05716615232435696,0.0570916286195824,0.08682962685233014,0.08673565602317253,0.08745470745924698,0.086837612423349,0.04050116206633008,0.03318597651341742,0.062130566406087086,0.022155380608825204,0.059778722213505484,0.16789312030429435,0.16382327847901118,0.05006577217741249,0.07964353817359597,0.0797383782889456,0.1612737404869543,3.2963084305350576,1.3180709953667502,1.3163527140107951,2.0020170684779712,1.99985039782957,2.016429453853649,2.002201190534703,0.9338289324666078,0.7651638481294222,1.4325347111157414,0.5108331308728135,1.3783086089587355,3.8710853047988483,3.777247601061166,1.1543586455366588,1.8363285504921767,1.8385152641357732,3.7184633040203465
auth_african_m_9652_subdiv__fbx_backup_head.glb,pca_gnm_variation_001_bad,african,male,9652,9652,0.044366749750920226,0.1426278244678205,0.05667649332839027,0.05671627381063242,0.08629780004626637,0.08626549974451518,0.08864975119748722,0.08740893735923237,0.03670948301205645,0.03301560883731505,0.06309785466364953,0.021473348183891745,0.06300426705368807,0.16779560664684776,0.17177182398609503,0.05630574467264516,0.07951612207625827,0.07958729686624248,0.1611024436486443,3.2147458461246012,1.2774542567706286,1.278350885044403,1.945100791262638,1.9443727617826212,1.9981123633165963,1.9701451616346854,0.8274097881442182,0.7441520738541426,1.4221879001253817,0.4839964230971497,1.4200784913792626,3.7820126015286357,3.871634161854109,1.2690978038452614,1.7922458264955279,1.7938500636863022,3.63115271127795
auth_african_m_9653_subdiv__fbx_backup_head.glb,pca_gnm_variation_001_bad,african,male,9653,9653,0.047727400380588245,0.15201003947309855,0.05732957497278239,0.057343071005969116,0.08258636588293042,0.08258227917376124,0.08610683584311124,0.08590166754757583,0.035924435318664856,0.03069793296526067,0.059367353045457705,0.02157339111749625,0.06160249613147994,0.17615184189969071,0.16798505248370427,0.05325063727606643,0.08288677102826518,0.08288832575123467,0.17149236053767153,3.184963736992562,1.201187881921588,1.2014706551939454,1.7303763713164664,1.7302907452581309,1.804138401766645,1.7998396489768564,0.7527004410924525,0.6431930656283174,1.2438840701997187,0.45201270015683925,1.290715514363841,3.690790625406353,3.519677400071163,1.1157246540024126,1.7366705575268877,1.7367031325876934,3.593163657985888
auth_african_m_9654_subdiv_african_head.glb,pca_gnm_variation_001_bad,african,male,9654,9654,0.04782340240248773,0.14929805046560582,0.05621591083614922,0.05639610313370494,0.08167668726752585,0.0815032222893681,0.08691823410718608,0.08656919906291032,0.036084179467360374,0.02903496096753741,0.05910803927698696,0.020632701525174782,0.06027660461060306,0.1730852797849341,0.16725440740575095,0.0522583514347181,0.0819195329867333,0.08188782813297513,0.16812379672648844,3.1218617447812425,1.17548957230247,1.1792574409296162,1.707881145304649,1.704253946706401,1.8174832768206526,1.810184861677827,0.7545297418128348,0.6071287175089625,1.2359647433598788,0.4314352490340898,1.2603997537295155,3.6192590047907247,3.4973339202869123,1.0927359579083329,1.7129591135588444,1.7122961566765353,3.515513081054701
auth_african_m_9655_subdiv__fbx_backup_head.glb,pca_gnm_variation_001_bad,african,male,9655,9655,0.04784082249623902,0.15047672922214841,0.057229886203859964,0.05720267964753992,0.08144172905919955,0.0813757789418083,0.08476247265881778,0.08462159887464431,0.041785155869891406,0.029628320910728204,0.06320429928413868,0.02034538484521806,0.06086450722868368,0.174904488204923,0.16729446530331393,0.05491734238152453,0.08162417455759134,0.0816290009458439,0.16905039561003188,3.145362503622885,1.196256318719417,1.1956876295769554,1.7023480117968717,1.7009694795319543,1.7717603551962624,1.7688157196983139,0.8734205159866623,0.6193104416851826,1.3211373882442645,0.42527247199434126,1.272229532288424,3.655967416084308,3.4968977658455955,1.147918023061619,1.7061616063145273,1.7062624906221275,3.533601363632945
auth_african_m_9656_subdiv__fbx_backup_head.glb,pca_gnm_variation_001_bad,african,male,9656,9656,0.05044184615613247,0.15097651758415623,0.056380500375078066,0.05642045599547757,0.08206452296305146,0.08205331899383853,0.08800423774284101,0.08782796366037275,0.040358578538798685,0.030017179800752976,0.05855438211735811,0.020337649304678466,0.060207201850386693,0.17515002940389418,0.16757023479357286,0.05082102111339363,0.0825637847727015,0.08254440899832845,0.17018294372752374,2.9930807273952493,1.1177326896514395,1.118524802221543,1.6269135492986802,1.6266914327413629,1.744667264367006,1.7411726642303926,0.8001011385244886,0.5950848767081385,1.1608294814609865,0.40319002682271804,1.1935963181051612,3.4723159985412293,3.3220480129710817,1.0075170713634767,1.6368113196559482,1.6364271986165817,3.3738444703383195
auth_african_m_9657_subdiv__fbx_backup_head.glb,pca_gnm_variation_001_bad,african,male,9657,9657,0.05116008520403076,0.15156088811480262,0.05533734711168254,0.05528469177588393,0.0857306826572186,0.08573699404888963,0.08783894895402594,0.08760532706160018,0.03613490191650508,0.03667215072091184,0.061236688755295796,0.02127337654657836,0.07031533976009477,0.18031515181091068,0.17507976303826578,0.059486172445378294,0.08457569673278902,0.08458930768624322,0.17005543448300953,2.962483105928478,1.081650800443207,1.0806215735451552,1.6757337740020832,1.6758571395446904,1.7169429762229043,1.7123764886673412,0.7063104326819634,0.7168117600793703,1.1969622120658847,0.41581980291350823,1.3744179564922778,3.5245279809796752,3.4221945162920044,1.1627457657301077,1.6531578552985977,1.6534239016392152,3.3239865376457844
auth_african_m_9658_subdiv__fbx_backup_head.glb,pca_gnm_variation_001_bad,african,male,9658,9658,0.051761361737968144,0.15328345013779499,0.05590775562741,0.05570532847382918,0.08719549468171582,0.0871423872097012,0.08388078860160336,0.08373812278200203,0.03605671432337368,0.036647867497528276,0.06474251154366102,0.01480895265872424,0.07593254192344359,0.18501587212172083,0.18167551587667474,0.0707036530916748,0.08441874888347123,0.08442884082534018,0.16990990213846108,2.9613488708771367,1.0801059661148826,1.0761951889099557,1.6845672477305775,1.6835412416474405,1.6205290159527408,1.6177727936507937,0.6965951650558152,0.7080159073683377,1.2507884137864733,0.286100522889867,1.4669734213685752,3.574401173182572,3.5098673948411907,1.365954270090465,1.6309221019111664,1.6311170724747315,3.282562444910105
auth_african_m_9659_subdiv__fbx_backup_head.glb,pca_gnm_variation_001_bad,african,male,9659,9659,0.04820490193242165,0.15347797046361997,0.05730925226614572,0.057290873684753676,0.08558868786739224,0.08556313417711585,0.08836725655350648,0.08812061860460592,0.03618224975461324,0.037774444387151725,0.06291414862047606,0.016587186503748595,0.07218492763270513,0.17787649013203294,0.17833545386872574,0.061340453480146925,0.0839331223354004,0.08393812421371698,0.1689120384724561,3.1838664598629496,1.1888677285660167,1.1884864689709282,1.7755183484737473,1.7749882428361048,1.8331591396532319,1.8280426901011444,0.7505927468815736,0.7836224714264047,1.305140060416994,0.34409750541557244,1.4974603150090635,3.6900083394298284,3.6995294403613523,1.2724941037353417,1.7411740086737666,1.7412777715301582,3.5040427778331242
auth_african_m_9660_subdiv__fbx_backup_head.glb,pca_gnm_variation_001_bad,african,male,9660,9660,0.050921470823334876,0.15450315063763975,0.05693844413211541,0.0568218508130255,0.08756627720181144,0.08753195743444908,0.09058617054909207,0.09036717197495087,0.03613843785100244,0.036072401049659274,0.06286669296696536,0.022471533541736925,0.07270101941099444,0.18657373637489041,0.17991549678369095,0.06249144014341937,0.08448145208372247,0.08449911277076491,0.16939749591351413,3.0341454820436637,1.118161812914941,1.1158721437988544,1.7196336984375558,1.7189597240450756,1.7789386104609681,1.7746378985883478,0.7096895919675973,0.7083927558732066,1.2345812473695585,0.4412978097136836,1.4277085527089495,3.6639502622024143,3.533195209696187,1.227212001794389,1.659053650999583,1.659400473013105,3.3266418501778108
auth_african_m_9661_subdiv__fbx_backup_head.glb,pca_gnm_variation_001_bad,african,male,9661,9661,0.046047291580445016,0.15575708760710863,0.059077719803055956,0.058969712130630854,0.08791899662877066,0.087629363070726,0.08385029350615292,0.083725535731672,0.03683786317444774,0.03378092501633761,0.06164994298161478,0.025704677811402222,0.07274569746121516,0.17275092014437649,0.17816930602718087,0.06545638855600155,0.08379163686000794,0.08381515513587663,0.16818118098503526,3.3825461229353664,1.2829792540533393,1.2806336726148215,1.9093196062394986,1.903029691065255,1.8209603785201076,1.8182510384004404,0.8000006495515958,0.7336137231290148,1.3388397203321243,0.558223446573311,1.5798040441559478,3.7515978511478605,3.869267874657026,1.4215035523131405,1.8196865436401015,1.8201972854245039,3.652357722087113
auth_african_m_9662_subdiv__fbx_backup_head.glb,pca_gnm_variation_001_bad,african,male,9662,9662,0.04649100766906293,0.15508195920125054,0.05850344599316587,0.058453676663943306,0.08856578067855292,0.08827607621233557,0.08481855724290963,0.08474572487721155,0.046999846001759764,0.03487547229554238,0.059345059932145165,0.02099328371113633,0.06784885954647389,0.17368757013803918,0.17573928945987846,0.062184901386223415,0.08424234159115208,0.08426502857760731,0.1691926943727841,3.3357409739356667,1.2583819737703066,1.2573114585950529,1.905008841903169,1.8987774332772354,1.8244078047667582,1.82284121437972,1.0109448764010214,0.7501552245069961,1.27648469903215,0.4515557903277313,1.4593974824000937,3.735939030928301,3.780070561404991,1.337568370831503,1.812013673500359,1.81250166005072,3.6392563391430217
auth_african_m_9663_subdiv__fbx_backup_head.glb,pca_gnm_variation_001_bad,african,male,9663,9663,0.04602689146543345,0.1543911048462517,0.05898164927719759,0.05889069008982821,0.08875664583825724,0.08840325484529434,0.08386546029036751,0.08374358972975951,0.03628888229929855,0.03689742275623401,0.06224718290503474,0.026041617457788328,0.06945928083055707,0.17206291111755703,0.1755901998088069,0.06302193149175737,0.08375323809277974,0.08377988953904386,0.16797368254102113,3.3543674128460452,1.2814606287607597,1.2794844104137593,1.9283649843030168,1.9206870599046617,1.822096987656686,1.8194491755466822,0.7884278330321696,0.8016492442020392,1.352409014017009,0.5657913586744345,1.5091021491799315,3.7383126611271935,3.8149480492437013,1.369241534355787,1.8196588000230054,1.8202378407840818,3.649468325862733
auth_african_m_9664_subdiv_african_head.glb,pca_gnm_variation_001_bad,african,male,9664,9664,0.046171594245982425,0.15492278391414804,0.0588121197905477,0.05878295878088699,0.08824627394682895,0.08796618437683816,0.08355133349386157,0.08349168371065809,0.03594978402237206,0.036269390252558514,0.06233205556936996,0.026839678008787532,0.07008690994061316,0.1750445515349874,0.17506399415262594,0.06276465968362817,0.08415004901000636,0.08416005764844733,0.17011357098834864,3.3553700374473965,1.2737727763356401,1.2731411973283104,1.911267639507761,1.9052013648953101,1.8095830316955475,1.8082911165217785,0.7786125779163494,0.7855347177169317,1.3500087356154855,0.5813028215096333,1.5179659937064378,3.7911740842740933,3.7915951790609648,1.3593782217968264,1.8225502147855464,1.8227669852610826,3.6843772403018313
auth_african_m_9665_subdiv__fbx_backup_head.glb,pca_gnm_variation_001_bad,african,male,9665,9665,0.04774752856120391,0.15165691624359484,0.056988430882336,0.05685013418041701,0.08680492367321248,0.08677311546222032,0.08893219116197072,0.08868191024090835,0.03625875111453465,0.03693156612369916,0.06308861459048269,0.01657390526244645,0.06848536172578064,0.17647350194048542,0.17441807063235867,0.057360867940676734,0.08539151557561499,0.08538785336228935,0.1709985882811282,3.1762254678626443,1.1935367672336568,1.1906403513125328,1.8179982564321393,1.8173320814079936,1.8625506668470881,1.8573089102870275,0.7593848772310242,0.7734759732403618,1.321295918167036,0.34711545836768554,1.434322650605769,3.695971440998826,3.652923531084661,1.2013368999224792,1.788396554727605,1.7883198551907706,3.5813076285600456
auth_african_m_9666_subdiv__fbx_backup_head.glb,pca_gnm_variation_001_bad,african,male,9666,9666,0.04769330194222114,0.14822083174895026,0.05541770083124478,0.05535717790191431,0.0860461926378379,0.08596108059177573,0.08899375739077507,0.08885320404306822,0.036211585458101395,0.03552494804460746,0.0624244687213891,0.015678629560601336,0.0648104223891706,0.1797861978687085,0.17219772890571228,0.05464910442911996,0.08608958796174515,0.0860961434270242,0.1736600995074222,3.1077913609025205,1.1619598261068502,1.1606908233985918,1.8041567501885278,1.802372179974344,1.8659592388589086,1.8630122139731684,0.7592593505471803,0.7448624145932432,1.308872864307325,0.32873860525730586,1.3588998821613627,3.7696320142923536,3.61052227237955,1.1458444310550262,1.8050666331729315,1.805204083611716,3.641184242554765
auth_african_m_9667_subdiv__fbx_backup_head.glb,pca_gnm_variation_001_bad,african,male,9667,9667,0.047822960264755,0.15347055657054856,0.0579807883750719,0.05791878278574764,0.0887564176318122,0.08861026425485152,0.08294490480445768,0.08291577737748611,0.036859424799119904,0.036972388805521124,0.06731446169576424,0.016834935452803654,0.06720544381476376,0.17987071729092782,0.17453775123421655,0.06363207852310128,0.0855162965147033,0.08552031944473845,0.17176219077983487,3.2091396208204763,1.2124048376361827,1.2111082723675128,1.8559373393124037,1.85288120526818,1.7344159446688867,1.7338068768317993,0.7707474525847138,0.7731095816912315,1.4075762211937823,0.35202620999626444,1.40529660737655,3.761179071624526,3.649664309109049,1.330575902679898,1.7881849229172013,1.7882690442265656,3.5916260689203243
auth_african_m_9668_subdiv__fbx_backup_head.glb,pca_gnm_variation_001_bad,african,male,9668,9668,0.05228594943321923,0.1517652099549071,0.05511660545530076,0.055129299398786503,0.09000326529331609,0.08979412524819341,0.09001760438255751,0.08972355086630569,0.036379161994923685,0.04139766002250932,0.06298276802206619,0.016636402465309105,0.06654839775626617,0.17926130453030975,0.17474841230569302,0.05766801434109529,0.0861426971228623,0.08614959067783792,0.17258771513390192,2.9026002511199493,1.0541379864526876,1.054380765700714,1.7213661847772364,1.717366256548147,1.721640428420067,1.7160164793584287,0.6957731931670851,0.7917549642162149,1.2045830419988677,0.318181129837902,1.272777839508552,3.428479476293459,3.3421677180957676,1.1029352047006462,1.647530513582538,1.6476623569372129,3.3008430946507867
auth_african_m_9669_subdiv_african_head.glb,pca_gnm_variation_001_bad,african,male,9669,9669,0.049046781917295425,0.1524194409810482,0.05691465428260789,0.05702402172408497,0.08184440637578086,0.08171911544883645,0.08585023041818855,0.08552760230489491,0.03909657905117052,0.029230200950796776,0.0603708854167217,0.021457330646831817,0.05150292558133447,0.17292797574268054,0.1640811134705997,0.04965202178943154,0.08314451173631067,0.08314995475610659,0.17140270037920616,3.107633875716122,1.1604156696473904,1.1626455293283273,1.6687008438961408,1.6661463250868196,1.750374378546436,1.7437964115385767,0.7971283236705862,0.59596572513332,1.2308837207407697,0.43748702377689114,1.0500775701896343,3.525776187197732,3.345400188482898,1.0123400526696469,1.6952082988138173,1.6953192748979382,3.4946778092033033
auth_african_m_9670_subdiv_african_head.glb,pca_gnm_variation_001_bad,african,male,9670,9670,0.05255721430545007,0.15268019119049253,0.05461895022220087,0.054762762846503395,0.08323340841168028,0.08306179236175525,0.08814749232833693,0.08806025324165437,0.03750064338848336,0.030204722182216117,0.056491919198508746,0.020306555080221642,0.05236205698420744,0.17259690939385652,0.16493589601297381,0.04805013435708251,0.08308642237524091,0.08309469112941957,0.1731032356775831,2.905028228915472,1.039228409343929,1.0419647154096714,1.5836723751747466,1.5804070565654373,1.6771720779576444,1.6755121900081889,0.7135203774412111,0.5747017337462642,1.0748651720806794,0.38637046024176164,0.9962867643610557,3.2839813082703393,3.1382160982582805,0.9142443143547624,1.580875688965597,1.5810330175890397,3.293615119544733
auth_african_m_9671_subdiv_african_head.glb,pca_gnm_variation_001_bad,african,male,9671,9671,0.046009274367822955,0.15123110423039784,0.05741459589928364,0.05746717154447826,0.08134759015734383,0.08128171337826653,0.08711199560834054,0.08537014001409733,0.03982682789142357,0.02896112175163484,0.061140935665526766,0.02160751120897106,0.056137295039502134,0.17275935422792477,0.1671108798243484,0.05142887434343905,0.08301278803291087,0.08300729936440997,0.17066171767974114,3.2869699926448486,1.247891793299768,1.2490345117172397,1.768069400682291,1.7666375854671534,1.8933573025281873,1.8554985095309782,0.8656260816683703,0.629462693110611,1.3288828503734518,0.4696338185259989,1.220129980549363,3.754881088686453,3.63211291898181,1.1177936416099261,1.8042620574552397,1.804142762626614,3.7092894861887915
auth_african_m_9672_subdiv__fbx_backup_head.glb,pca_gnm_variation_001_bad,african,male,9672,9672,0.04993605585141187,0.15038282439905276,0.056128812460990954,0.05616447613567399,0.08217563889137275,0.08209478264758271,0.08587043154573407,0.08566846964060248,0.04057616756993399,0.02954785591520758,0.05996213522737227,0.021232708560944148,0.05075964419351804,0.1725538448745654,0.16337709396428673,0.049143857578186734,0.0832122916217196,0.08321257902834098,0.17121401431027766,3.0115078540949867,1.1240137312407301,1.1247279180957985,1.6456173298085846,1.643998134171055,1.7196078080585173,1.7155633976282556,0.8125625237738267,0.5917138510724442,1.2007783595443275,0.4251979496363012,1.016492859279011,3.45549607257752,3.2717260339988883,0.9841357460112112,1.6663769335192076,1.6663826890122373,3.4286651476787955
auth_african_m_9673_subdiv__fbx_backup_head.glb,pca_gnm_variation_001_bad,african,male,9673,9673,0.048450137244341544,0.15658658570179382,0.05918094913016274,0.059022370051035604,0.0880485806534227,0.08796401830616321,0.08436826489497766,0.08441035671173877,0.03743504345355533,0.03518260406174576,0.06512142944536196,0.027987297021437645,0.06760537478213217,0.178660541792752,0.17471454571397682,0.06277713419351877,0.0859189053917125,0.08588920763167843,0.17210348057680355,3.2319121184756074,1.2214815580749347,1.218208521337652,1.8173030183460592,1.8155576704054943,1.741342123955097,1.7422108896419481,0.7726509269677527,0.7261610815324308,1.3440917435784445,0.577651552983088,1.395359819956501,3.687513636787843,3.6060691599873973,1.29570601372962,1.773346997107772,1.7727340419806419,3.5521773593511003
auth_african_m_9674_subdiv__fbx_backup_head.glb,pca_gnm_variation_001_bad,african,male,9674,9674,0.04843313660319942,0.15541688191392744,0.05816263143539548,0.058086210458470885,0.08874088185844956,0.08856337459144797,0.08402614723395921,0.08403530296369546,0.03650678285842122,0.03818111754398527,0.0659369157244535,0.015435301091701777,0.07006588491855707,0.18034844847643705,0.17630330381346188,0.06475024497349482,0.08606008831295804,0.08605854734050801,0.17249694472769567,3.2088956613984987,1.2008850864214593,1.1993072208879776,1.8322348722834412,1.828569875972014,1.7348896463667927,1.7350786849130935,0.753756320956707,0.7883263447666753,1.3614008992367799,0.31869298943323326,1.4466518138725837,3.7236582456756167,3.6401380579141667,1.3368996830409188,1.7768844710188156,1.7768526545279149,3.561548081036337
auth_african_m_9675_subdiv__fbx_backup_head.glb,pca_gnm_variation_001_bad,african,male,9675,9675,0.04911543075032403,0.1563837014835596,0.058070093593961085,0.0579833723315468,0.09079536548342877,0.09057316455703707,0.08386425360620187,0.0837949682915656,0.03690791041024064,0.04084902491845402,0.06844525258426867,0.01715259676983822,0.0718121150103743,0.17806255825817324,0.17848692706102995,0.06723807857392267,0.0861193024886484,0.08607909448850191,0.17191253020662073,3.1840034607154064,1.1823187276755784,1.1805530654164988,1.8486118129551328,1.8440877576226802,1.7074929879475524,1.70608232507485,0.7514524426724518,0.8316943228312118,1.3935590411943424,0.349230303141036,1.4621090340310317,3.625389323435762,3.6340295571947605,1.3689807367408475,1.7534062345178607,1.752587591587681,3.5001735214444105
auth_african_m_9676_subdiv__fbx_backup_head.glb,pca_gnm_variation_001_bad,african,male,9676,9676,0.04803027036780737,0.1544483532093904,0.05774120700762688,0.05766711606926315,0.08952706512226533,0.08934906335117487,0.0894167750873301,0.08921531684577552,0.036910501387212045,0.03945336441819504,0.06388277717260127,0.015849347729184213,0.07058110117909322,0.1756730154358074,0.17629795215694358,0.05839249291939193,0.0859243953641529,0.0859104532688991,0.172095559845004,3.215646133712179,1.202183676366068,1.2006410879567928,1.8639717086054857,1.8602656755199471,1.8616754476415012,1.8574810460690792,0.7684841476959824,0.821427073303317,1.3300524165989112,0.32998664400205735,1.4695128850742574,3.6575479190630062,3.6705592287298168,1.2157435815420667,1.7889633913396488,1.7886731140801821,3.5830645658899365
auth_african_m_9677_subdiv__fbx_backup_head.glb,pca_gnm_variation_001_bad,african,male,9677,9677,0.04942360844233544,0.15344279615825782,0.05694236554158161,0.056875735788844244,0.08819198184362302,0.08812736176549218,0.08395813104397327,0.08380405485729654,0.03647218482407877,0.0375564321451092,0.0645132954316537,0.015224239938880512,0.07365365281594041,0.17670100928700724,0.1812242105655457,0.0699494939604061,0.0842634648223945,0.08427425430442288,0.16924469189755476,3.1046457552221396,1.1521288577708488,1.1507807216303017,1.7844100142246846,1.7831025403237,1.6987454718513864,1.6956280105503463,0.737950667172195,0.7598885093331023,1.305313340423616,0.3080357832763923,1.4902524347625319,3.575234889884084,3.6667539315140747,1.4153052795005663,1.7049233651304143,1.7051416713684338,3.424369390086511
auth_african_m_9678_subdiv__fbx_backup_head.glb,pca_gnm_variation_001_bad,african,male,9678,9678,0.051023901512304806,0.15420570526033095,0.05673570510466407,0.05676495950109293,0.08803758862728232,0.08797684556649646,0.08329577834434831,0.08327302441652756,0.03681968138118327,0.03713444568638227,0.0663491915363769,0.017550142251240644,0.0693785041714865,0.18010468042252875,0.1733276344766117,0.06301779798752642,0.08477578888163144,0.08479125837410909,0.17023440451298075,3.022224892448553,1.1119436856662523,1.1125170325794005,1.7254185983024324,1.7242281158229378,1.6324854798541992,1.632039533402706,0.7216163462588984,0.7277853042544584,1.3003551192645721,0.3439592373587561,1.3597255818384515,3.5298100514539272,3.396989045120597,1.2350642761477029,1.66149170033944,1.6617948816332875,3.336365888679199
auth_african_m_9679_subdiv__fbx_backup_head.glb,pca_gnm_variation_001_bad,african,male,9679,9679,0.05052944945888242,0.1564561090940598,0.05783218831006323,0.05777129424098162,0.08855442782410113,0.08846651421784198,0.08525850583590684,0.08509569623745064,0.036855086498899604,0.035995643558805565,0.06306381613940436,0.02447807140326837,0.0710823027446019,0.1803785115625803,0.17863313410237305,0.06631812709243116,0.08548291673171646,0.08546200530583221,0.17194945412750356,3.0963351227757507,1.1445244096143043,1.143319289239281,1.7525310244308312,1.7507911755466536,1.6873032805410766,1.6840812070730353,0.7293783505179465,0.712369597220656,1.248060622364817,0.4844317851352612,1.4067499944254103,3.569769975613144,3.5352281890134796,1.3124648655908382,1.6917444707422924,1.6913306244386381,3.4029552264848015
auth_african_m_9680_subdiv__fbx_backup_head.glb,pca_gnm_variation_001_bad,african,male,9680,9680,0.049636885762597394,0.1526604413048529,0.05709964385489376,0.057058039392044894,0.08624570753983749,0.08625787540476801,0.08403740025709004,0.08402189732273507,0.03634246745694662,0.03475165435378043,0.06340581614120903,0.01493349444991456,0.06821902552785918,0.18259324878660974,0.174948514906817,0.06359162029743712,0.08413862782382733,0.0841396636434662,0.16948074856455458,3.075544304592257,1.1503470247506893,1.1495088484185187,1.7375326073503534,1.7377777449077079,1.6930433681722692,1.6927310412783314,0.7321665511161372,0.7001175400082543,1.2773931153631493,0.3008547820936686,1.3743615152275301,3.678579870218172,3.524566705162736,1.2811363831643716,1.6950827299328244,1.6951035978745366,3.4144113991184852
auth_asian_f_9681_subdiv_asian_head.glb,pca_gnm_variation_001_bad,asian,female,9681,9681,0.04867445428335655,0.15551475481814556,0.05788829630892544,0.057832040142947225,0.08432451934590095,0.08437014836765394,0.08664133596779375,0.08658444278315995,0.03617233862598295,0.0323296325780855,0.05588858891196397,0.01921388850644095,0.06542312296849427,0.18412289769060738,0.17307190166845787,0.05641140654392737,0.08420201208728294,0.08418276604126602,0.17403794853297694,3.1949973986934115,1.1892952301412738,1.1881394664700322,1.732418382238224,1.7333558148694634,1.7800165865941584,1.7788477355927155,0.7431483138035202,0.664201233564525,1.148211926252128,0.39474276166689004,1.344095664383538,3.7827419002736566,3.5557029702054006,1.1589530355190103,1.7299015125491497,1.729506109122439,3.5755500723196896
auth_asian_f_9682_subdiv__fbx_backup_head.glb,pca_gnm_variation_001_bad,asian,female,9682,9682,0.04948903519966857,0.1482225956165678,0.05484376751248799,0.05487019874440787,0.08312593732358069,0.08316148540943512,0.08586856856070994,0.08576614410430815,0.03593288577176239,0.031388136110495415,0.059453328198997714,0.01815984706592965,0.06535109291545983,0.18244195355634577,0.17400917033843474,0.05890058151122573,0.08481859210191972,0.08483405932483915,0.17435276525781448,2.9950593099774245,1.1082003779466545,1.1087344605330949,1.6796839337885776,1.6804022360490887,1.7351029013652102,1.7330332619796665,0.726077718565082,0.6342442519612026,1.2013434482835883,0.36694688010509585,1.3205166084122306,3.6865126349759105,3.516115633218085,1.1901743744565905,1.7138865560767238,1.7141990944573373,3.523058482639042
auth_asian_f_9683_subdiv_asian_head.glb,pca_gnm_variation_001_bad,asian,female,9683,9683,0.0479548902194669,0.1485392273996213,0.05486119154663136,0.05504811955363135,0.08170841559485531,0.08174529323247817,0.08695450299976186,0.08688227250740646,0.04065940108761979,0.029973128119261713,0.05303329781131934,0.020678651576087934,0.061524770189897,0.18410179020231918,0.17221421796399777,0.05578246259425246,0.08535471265937741,0.08538490536127567,0.1753039660182322,3.097478207536861,1.1440166226125756,1.147914619378797,1.703859923793266,1.7046289306130937,1.8132562206234262,1.8117500031756364,0.8478676710871592,0.6250275619877107,1.1058996813173998,0.4312104872193744,1.2829717659310065,3.83906186334224,3.5911711438782272,1.1632278238770322,1.7798959036033484,1.7805255099221218,3.655601445774324
auth_asian_f_9684_subdiv_asian_head.glb,pca_gnm_variation_001_bad,asian,female,9684,9684,0.049728323948451426,0.1489342755109085,0.054387490507592354,0.05482124506761907,0.0835936551705298,0.08364603597821559,0.08526150498317889,0.08532850282375773,0.03589102799009288,0.03170812663520393,0.06100626213112777,0.018766088149019214,0.06374175202105531,0.18455722928505044,0.17278455171813728,0.05775647178186505,0.08528296720036672,0.08530478058375648,0.17611385150471365,2.994958681199357,1.0936924108677106,1.1024148958739688,1.6810068896989834,1.6820602291950035,1.7145461220764506,1.715893399347414,0.7217421610126588,0.637627092923395,1.2267910375255577,0.37737222288996136,1.2817997261908576,3.711310067002523,3.4745701845339974,1.1614401450918723,1.7149777114702554,1.715416362557961,3.5415199532418176
auth_asian_f_9685_subdiv__fbx_backup_head.glb,pca_gnm_variation_001_bad,asian,female,9685,9685,0.04552249876481823,0.14660911388903336,0.05595614851555662,0.055952138545794214,0.08455040995314904,0.08456104389409909,0.08403290879166923,0.08369877482722986,0.03374828790093244,0.03137611099164117,0.054881030569981705,0.021208161207011123,0.059789796268508145,0.16833291203983908,0.16976097190464445,0.0552821459779757,0.07913117033792275,0.07920400064176525,0.16164510941506072,3.220585817278099,1.2291976502573265,1.229109562611191,1.8573323575658653,1.857565955044883,1.845964326910225,1.838624352754465,0.7413540296916783,0.689244040704769,1.2055803626578634,0.4658830640334206,1.313412002653868,3.697795960399566,3.7291663795011867,1.2143917288806683,1.7382870555225047,1.7398869304375169,3.550883932144496
auth_asian_f_9686_subdiv__fbx_backup_head.glb,pca_gnm_variation_001_bad,asian,female,9686,9686,0.045625276547674495,0.14916792885181418,0.05677132749923476,0.0567822295788221,0.08416375286134009,0.08417998439099669,0.08476760939283519,0.08451721890136381,0.03348127064742029,0.031532697999963805,0.05885049019075805,0.021897852624421135,0.06033938157039919,0.172032244891412,0.16784274300511132,0.05478819296361198,0.07985270418969453,0.07994183797496536,0.1635700196902814,3.2694142400637616,1.2442955264043956,1.2445344746456395,1.844673813064918,1.8450295704626762,1.8579089444917736,1.8524209669841798,0.7338316209970857,0.6911234382769131,1.2898659393168683,0.479950025103733,1.3224989772357811,3.7705468965575055,3.678722754255091,1.200829827439249,1.7501856477791498,1.75213925314914,3.585074591698415
auth_asian_f_9687_subdiv__fbx_backup_head.glb,pca_gnm_variation_001_bad,asian,female,9687,9687,0.04489865617984161,0.14769732436595978,0.05641730594207293,0.056402793636298354,0.0844650750454576,0.08447741182380422,0.08447800123465764,0.0840205725318106,0.033066140656333155,0.03143877667132873,0.057184526736839485,0.02313775128339821,0.0607849798819873,0.1669615060270273,0.16994682034805847,0.05501475406730137,0.07849534383153747,0.07864899300564406,0.16021507989338424,3.289571157193614,1.2565477620553576,1.2562245384444672,1.8812383762029015,1.8815131456369176,1.8815262732203148,1.8713382466340667,0.7364616999646203,0.7002164284249551,1.2736355963035244,0.5153328240096969,1.3538262623832884,3.7186303607453826,3.785120420249023,1.2253095916042502,1.748278245057587,1.7517003780829306,3.5683713840263414
auth_asian_f_9688_subdiv__fbx_backup_head.glb,pca_gnm_variation_001_bad,asian,female,9688,9688,0.04493034740422352,0.148324050868482,0.056605203899825735,0.05661032988429758,0.08521033390415746,0.08514631971205576,0.08469979705894892,0.08446091184931451,0.03361840634493572,0.032439588441512325,0.059773425364390634,0.02271773303610512,0.0622203611564082,0.16919784255116135,0.16890115818084228,0.055048014405322636,0.07873269053453276,0.0788153993025276,0.1615132539836101,3.301199733312975,1.259843450364792,1.259957537719286,1.8964984431913732,1.8950737003215756,1.8851355921407147,1.8798188024109304,0.7482338394244319,0.721997276131966,1.3303575159708612,0.5056211302290001,1.384818163025363,3.765780865857639,3.759177659173081,1.2251855947178374,1.7523276601046662,1.754168482016207,3.5947474995136055
auth_asian_f_9689_subdiv__fbx_backup_head.glb,pca_gnm_variation_001_bad,asian,female,9689,9689,0.04420565923422175,0.14257657423830652,0.055943612999983364,0.055927198271847556,0.08415770903535648,0.08408862773006506,0.08316221243816205,0.08296485353603726,0.02866335267249424,0.03102508071545397,0.0559344013625925,0.021721622490520755,0.05552971529946825,0.17290746508413954,0.16679374176102402,0.0534124337868245,0.07988369221192154,0.07996934345281882,0.16343415228957164,3.225301391454673,1.2655305671060935,1.265159240709877,1.903776812589776,1.902214087217321,1.88125714849157,1.8767925865883284,0.6484091215702208,0.7018350422299765,1.2653221857008516,0.4913765085015403,1.2561675645474821,3.911432791172662,3.773130966722489,1.2082714003612312,1.8070919786233999,1.809029541423752,3.6971318858434605
auth_asian_f_9690_subdiv__fbx_backup_head.glb,pca_gnm_variation_001_bad,asian,female,9690,9690,0.041829947470039645,0.14373027633642593,0.05734268798814991,0.057271633671958165,0.08416173356543828,0.0842329363646883,0.0840285913857744,0.08383379130135604,0.0319572200613839,0.030855787646948855,0.05840659296797007,0.022298047117093114,0.058190741209686175,0.1694380494833646,0.16708192028236943,0.05297450881898131,0.07754227038631166,0.07766024245470887,0.15882131065247038,3.436061602500734,1.3708524981825794,1.369153851148833,2.0119971134488854,2.0136993101657477,2.008814174245836,2.0041572216030468,0.763979445211424,0.7376482523447838,1.396286548287045,0.5330641912248134,1.39112632764755,4.050639786356968,3.9943134139013794,1.2664254206133982,1.8537501258362963,1.85657040354479,3.796832658377705
auth_asian_f_9691_subdiv__fbx_backup_head.glb,pca_gnm_variation_001_bad,asian,female,9691,9691,0.04386451226399075,0.1423022111504546,0.05610326692525165,0.05608478854194951,0.08263403139227032,0.08263214731210212,0.0832430280302293,0.08304772646757178,0.029298318808050092,0.02958643835220008,0.05402267737301648,0.020754085239815933,0.05711411635655191,0.16982738770480071,0.1669358450510473,0.05417685428750781,0.07926965649642688,0.07935939518176478,0.1634186532674828,3.244130706253705,1.279012669458266,1.2785914090281731,1.8838470355022332,1.8838040832369292,1.8977306194412007,1.8932782374910233,0.6679276092647146,0.6744960065699438,1.2315804869296305,0.47314068180927604,1.302057481291956,3.8716351542386898,3.8057152909024423,1.2350953308554777,1.8071477922598702,1.809193607446366,3.725532208906753
auth_asian_f_9692_subdiv__fbx_backup_head.glb,pca_gnm_variation_001_bad,asian,female,9692,9692,0.043080027054521505,0.14408747943411532,0.05707839044168571,0.057081587746180815,0.08391757905065939,0.08401583490883476,0.08465465447336377,0.08440579374141596,0.03082145849666207,0.030342622266852654,0.056245906195847496,0.022024594289436865,0.05833761702821283,0.16985075984978268,0.16707674380103152,0.0537070373946633,0.0795116613220702,0.07960192084974187,0.16353462934571328,3.3446469114738515,1.3249385932243742,1.3250128110165558,1.9479462941017753,1.9502270693216008,1.965055740708472,1.9592790328240306,0.7154465910073557,0.7043315508704634,1.30561445852073,0.5112483857441137,1.3541685327723105,3.9426799717377574,3.87828781048771,1.2466806793480514,1.8456734305538227,1.8477685900475118,3.7960660781096083
auth_asian_f_9693_subdiv_asian_head.glb,pca_gnm_variation_001_bad,asian,female,9693,9693,0.0483289650456527,0.15217058495811084,0.05714324702887658,0.057128147928892814,0.07935443840271843,0.07923700778716376,0.08259738552478944,0.08163965870378405,0.027354597955577604,0.029316008926104142,0.05588370112957021,0.01792703072510702,0.04619644463677475,0.17735157913611332,0.15783331556571092,0.04605174845782172,0.0823634758471177,0.08235403959302845,0.1721700731728628,3.1486414992410214,1.182380938116463,1.1820685147080678,1.6419643650088167,1.639534546463277,1.7090658872327593,1.6892490585441933,0.5660083539909824,0.6065929385909989,1.156319012351726,0.37093760870262205,0.9558749001377638,3.6696746758094814,3.26581203252786,0.9528809154990209,1.7042259392336498,1.7040306887440038,3.5624614143966626
auth_asian_f_9694_subdiv__fbx_backup_head.glb,pca_gnm_variation_001_bad,asian,female,9694,9694,0.04818604503449621,0.15015165513042064,0.056948539001672405,0.0569621734732145,0.07948743773944686,0.07936663278392828,0.08168247498490334,0.0815487962316563,0.03177424205371951,0.02864081491638359,0.05330960390167828,0.014754580053898006,0.046519442299919354,0.17299909192835167,0.15532034308597367,0.04538099120100997,0.08102207077268371,0.08101330325853949,0.16973424711781998,3.1160817415691127,1.1818471294106656,1.1821300841858986,1.649594559639458,1.6470875069142945,1.6951479401645677,1.6923737188490116,0.6594075531820976,0.5943798644582625,1.1063286863139346,0.3062002711227962,0.9654131661275844,3.590232230192419,3.223346987178143,0.9417870084278942,1.6814426399734677,1.681260688660843,3.5224772441130594
auth_asian_f_9695_subdiv__fbx_backup_head.glb,pca_gnm_variation_001_bad,asian,female,9695,9695,0.04830624318598788,0.1508595203593948,0.05705687900326332,0.056968042336851654,0.08171194865751125,0.0816676424633428,0.08369951609131401,0.08338990077856419,0.032119438003034045,0.03033804055712623,0.05788637088604023,0.018918537117187956,0.05128350860136647,0.17588688439852748,0.1619054938237923,0.048886201299586006,0.08227388621589485,0.08225094022658519,0.1712691711385238,3.1229818427104346,1.1811491691370801,1.1793101383917244,1.6915401254224074,1.6906229314688668,1.7326852715301324,1.7262758450806825,0.6649127707855138,0.6280356027753851,1.1983206945563352,0.39163751659072565,1.0616331393007643,3.6410797610845202,3.351647388525465,1.012005862500323,1.7031729397611264,1.7026979289178836,3.5454872878254298
auth_asian_f_9696_subdiv_asian_head.glb,pca_gnm_variation_001_bad,asian,female,9696,9696,0.04853787439750957,0.15033704943138235,0.05687328588297041,0.05690629160297077,0.07985072794570262,0.07968345721364062,0.08249439942090137,0.08221622716665168,0.02921601072464046,0.029106882398057386,0.05532653787503964,0.016965226938681056,0.04857474303833094,0.17578841008273127,0.1593796653816814,0.047595350174568535,0.08242161921971197,0.08240677821676749,0.17242079234125582,3.097314237540983,1.17173004769835,1.1724100469857117,1.64512206059439,1.6416758707037467,1.6995882173434045,1.693857182400021,0.6019219235966276,0.5996736107494405,1.1398632214903583,0.3495255436968934,1.0007595849896398,3.621675078786532,3.2836144425364253,0.9805816749365235,1.6980887655834584,1.697783004296449,3.5522938423134276
auth_asian_f_9697_subdiv__fbx_backup_head.glb,pca_gnm_variation_001_bad,asian,female,9697,9697,0.04579028659790464,0.15351524500430308,0.057814544436795415,0.05799284405830786,0.08198874229679519,0.08219435620719867,0.08258342798751167,0.08242380208656427,0.03466689829828157,0.03167320105771016,0.05761990176811372,0.02190865252823609,0.06688948400921597,0.18130549789212858,0.17194672057928062,0.05991060633654135,0.08212094325374104,0.08215278462699539,0.1673288586839839,3.3525722682707104,1.262594072504473,1.2664879031563345,1.7905269520751805,1.7950172910898503,1.8035141101582597,1.8000280891523395,0.7570797405724891,0.6917013063456022,1.2583433310668644,0.47845633115645597,1.4607788895620677,3.9594750625654545,3.7550916003034773,1.308369324320474,1.7934140481553327,1.7941094221226102,3.6542435332047223
auth_asian_f_9698_subdiv__fbx_backup_head.glb,pca_gnm_variation_001_bad,asian,female,9698,9698,0.04702453467096315,0.1527320839782193,0.05739343179266903,0.05732844865322295,0.08336393752895695,0.0834583650091359,0.08360680341676727,0.0833842189616313,0.03501190266502021,0.03271567772244554,0.05760308494968663,0.022189192015424145,0.06855166815213304,0.17916788911182638,0.1752421924677706,0.06263577666808616,0.0838432362196396,0.08388096749559416,0.17028366855992308,3.2479233456940246,1.2204997283706986,1.2191178297532903,1.7727753844299656,1.7747834315236724,1.777940047717113,1.773206679132109,0.7445454359092141,0.6957150762120548,1.2249581065021267,0.47186414859147113,1.4577851462390445,3.8100938236919863,3.7266119419142205,1.331980786335408,1.7829679082696244,1.7837702825242252,3.6211664772744756
auth_asian_f_9699_subdiv__fbx_backup_head.glb,pca_gnm_variation_001_bad,asian,female,9699,9699,0.045764153364809136,0.1528565616818819,0.05787868316985996,0.05792334474928995,0.08266868874766777,0.0827826582475215,0.08321613596914168,0.08303928887237999,0.03502924780838732,0.032212908636365785,0.05817519374594662,0.021092287225513085,0.0677192111223902,0.1802338958168142,0.17223032219772855,0.05988334768824914,0.08246859229321778,0.0824971346338465,0.16827899346015135,3.340093729329704,1.2647165721275295,1.2656924796041515,1.8064070384668536,1.8088974046481139,1.8183693972394488,1.8145050824043867,0.7654298229697714,0.7038895351036094,1.2711956732205405,0.4608910178535552,1.4797435578577458,3.9383203351338976,3.763432938981605,1.3085208243860385,1.8020346981144622,1.8026583814677015,3.6770918084885054
auth_asian_f_9700_subdiv__fbx_backup_head.glb,pca_gnm_variation_001_bad,asian,female,9700,9700,0.05007778200704706,0.1487703377989832,0.05558825234699455,0.05560631813552138,0.08422163939260786,0.08428826054704294,0.08278387819515606,0.08267787126210842,0.03542078901639479,0.0319426442103533,0.060761503148634134,0.021858068498117743,0.06459838748547066,0.18147978931679282,0.1721629338825908,0.061358201063950894,0.08322671226083118,0.08324164490760035,0.17038479468262002,2.970785283143089,1.110038226916121,1.1103989814823734,1.681816486615881,1.6831468401532181,1.6531059259674585,1.6509890803565102,0.7073154520184279,0.6378606026492599,1.213342538614902,0.43648236048157696,1.2899610345438268,3.6239582114729956,3.4379105260365495,1.2252579608121708,1.6619488508720162,1.6622470399325273,3.402402979002606
auth_asian_f_9701_subdiv__fbx_backup_head.glb,pca_gnm_variation_001_bad,asian,female,9701,9701,0.04496774098863636,0.15456901525596758,0.058739535347230684,0.05873411859132499,0.08544632099107385,0.08538275636315715,0.08571002568660736,0.08532805112938845,0.03690081393119302,0.03224726652093938,0.060876180996824104,0.02125455278687599,0.06031463707301547,0.17340887340511726,0.16713037922191107,0.05264328265144384,0.08254609071816256,0.08255349877485671,0.16808313893826274,3.4373311146545737,1.3062594218836687,1.3061389631773472,1.9001693016481904,1.8987557410263043,1.9060336099219848,1.8975391970646558,0.8206063529079235,0.7171200022942774,1.3537744983055278,0.47266223118139633,1.3412867924198677,3.8562949704086495,3.7166727869239864,1.1706899544886442,1.8356735051249848,1.835838246704866,3.7378604137739195
auth_asian_f_9702_subdiv_asian_head.glb,pca_gnm_variation_001_bad,asian,female,9702,9702,0.04517713418881657,0.15509770070218937,0.058919712018789296,0.05892874497521664,0.08477253040810977,0.08477121668338858,0.08476825858966873,0.08451576441618248,0.03165197328703835,0.031656333951805914,0.058965037485144936,0.021224088745341086,0.05608424439561209,0.17219837758678494,0.16548874265628793,0.05165757282453668,0.08362728557927583,0.08365220069707173,0.17072071164556102,3.4331017999938394,1.3041932180234366,1.3043931633406758,1.8764477191892108,1.8764186397722717,1.8763531620970504,1.8707641804579993,0.70061932558072,0.7007158492944495,1.305196501369525,0.46979714686273816,1.2414298826749293,3.81162684793344,3.663108464663393,1.1434451023085108,1.8510976200871425,1.8516491184998523,3.778918577084562
auth_asian_f_9703_subdiv_asian_head.glb,pca_gnm_variation_001_bad,asian,female,9703,9703,0.04536582382658817,0.15271395687860848,0.05790113040853524,0.05791082433513199,0.0849020831624344,0.0848618453351792,0.08483057094434507,0.08457253809086919,0.03038181507744814,0.03167364569110326,0.05940723139614539,0.021201647060433634,0.057126507270458184,0.17307283045601005,0.1658342247089167,0.05207315921053132,0.08412471120514309,0.08415474419657835,0.17085218492110252,3.366277607177615,1.2763160794756763,1.2765297629443995,1.8714987627464768,1.8706117993043707,1.8699224171176023,1.864234592413653,0.6697071168283701,0.698182971661144,1.309515101571412,0.4673484414496115,1.2592410420854578,3.815048771462514,3.6554880022199434,1.1478499632142047,1.8543631330649166,1.8550251510533933,3.766099025869973
auth_asian_f_9704_subdiv__fbx_backup_head.glb,pca_gnm_variation_001_bad,asian,female,9704,9704,0.0454396335420561,0.1546424649192094,0.05840301399125252,0.05836764197039634,0.08504084939936458,0.08496866479822444,0.08456149252892535,0.08424839643338844,0.033739525875159194,0.0317472190167508,0.05877195997053732,0.02181104438974472,0.05425540501235905,0.17567471420463834,0.16612718876476287,0.05196878090324902,0.08473757016243846,0.08477443287677626,0.1729315821278672,3.4032507057100703,1.2852879620430548,1.2845095222076313,1.8715126591119196,1.8699240767332053,1.8609633471330813,1.854072972560691,0.7425131596612016,0.6986680248503225,1.2934074372792124,0.48000044651675666,1.194010619873147,3.8661120372382567,3.6559975469653794,1.1436883806545215,1.8648383263040762,1.8656495721585058,3.8057433268649152
auth_asian_f_9705_subdiv__fbx_backup_head.glb,pca_gnm_variation_001_bad,asian,female,9705,9705,0.04568862067534764,0.1491073598384578,0.05677012844446728,0.0567970855656356,0.08893591843005014,0.0886760909341595,0.0833170086173831,0.08315498569028464,0.03491002417421737,0.036087267529667115,0.06503499438245287,0.015389389423305536,0.06470824572239654,0.18005510437956307,0.17286195662800374,0.060621152592235696,0.08518058126955977,0.08520742786408367,0.170510977527918,3.2635557308236307,1.2425441522488099,1.2431341705240357,1.9465660620837606,1.940879142845447,1.8235833646503306,1.8200371221789335,0.7640857539184562,0.7898524183099019,1.4234396534878109,0.33683199877402387,1.4162880114547076,3.940917929192728,3.783479432577299,1.326832626946544,1.8643719160364354,1.8649595151831608,3.7320228758825538
auth_asian_f_9706_subdiv__fbx_backup_head.glb,pca_gnm_variation_001_bad,asian,female,9706,9706,0.04592624111219837,0.14952298727733257,0.05675255524418206,0.05680606869785712,0.08791542552729377,0.08765265023158594,0.08760070824938206,0.08731924194043973,0.03589863634769912,0.03554265895511685,0.061666289732055804,0.027142484764862387,0.06541255659771887,0.17727419006914583,0.17314308958850988,0.05644159191507057,0.08530436945091743,0.08532023062299075,0.17193938792464952,3.2557201211404627,1.2357326415095646,1.2368978458106161,1.9142743537951497,1.9085526729141504,1.9074216859022373,1.9012930260745216,0.7816584914928768,0.7739074240429497,1.3427245130165193,0.5910016606530668,1.4242958930149583,3.8599760349657792,3.770025270858096,1.2289617122634329,1.8574211036021393,1.8577664654625747,3.743815817728246
auth_asian_f_9707_subdiv__fbx_backup_head.glb,pca_gnm_variation_001_bad,asian,female,9707,9707,0.04760177960673774,0.14904459260508082,0.05626380918379235,0.056280212379027056,0.0879105522068426,0.08777360403694402,0.08442565089556993,0.08432167078357308,0.035292415099921065,0.03421426403095859,0.06091503991526159,0.0202009072637073,0.058891452039513605,0.17804321057582737,0.16824682623350967,0.05516072245586116,0.08618853119225484,0.0862103428641232,0.17449537703236762,3.1310718598424936,1.1819686080775968,1.182313200136344,1.846791295054847,1.843914340221856,1.7735818196935644,1.7713974452257215,0.7414095731606983,0.7187601874051737,1.2796798863091128,0.42437294215882604,1.237169125315178,3.740263747421461,3.5344650478087454,1.1587953835249785,1.8106157354683305,1.8110739467379209,3.665732215769279
auth_asian_f_9708_subdiv__fbx_backup_head.glb,pca_gnm_variation_001_bad,asian,female,9708,9708,0.04678943030511367,0.14891323235387255,0.056125978961986185,0.0561425933589925,0.08841781558897087,0.08820286509329231,0.08661091980894484,0.0864129330163295,0.03499312027416364,0.03525794155932155,0.06046848836762862,0.014801982380275504,0.06209310969508459,0.17948445696587867,0.1704057205133714,0.054816690907913156,0.08542557783743791,0.08545035161814003,0.1720091701448336,3.1826254644010414,1.199543969567249,1.1998990582464222,1.8896963483504432,1.8851023514952376,1.851078742445792,1.846847299760462,0.7478851536762395,0.7535450064128728,1.292353592965631,0.31635312256960263,1.3270755657885913,3.8360043239565282,3.641970406610135,1.1715614092852542,1.8257452010075372,1.8262746748767544,3.676239890572776
auth_asian_f_9709_subdiv_asian_head.glb,pca_gnm_variation_001_bad,asian,female,9709,9709,0.047055104628286486,0.15315917976772372,0.05770800155404841,0.05773976748810704,0.07907265082557093,0.07888415993218893,0.08293650083599288,0.0827749145962852,0.024001992495685114,0.029255589766900326,0.05761541639834045,0.018114185577665694,0.04330988036525521,0.17531972410289987,0.15724170502585888,0.04401213209242382,0.08249105949796029,0.08248828640668444,0.17270455526276013,3.254889793097056,1.226391950669643,1.2270670301176554,1.6804266285285776,1.6764208804833658,1.7625399303891214,1.759105951419483,0.5100826506558582,0.6217304158179208,1.2244243606188006,0.38495686537644247,0.9204076944974023,3.7258385777238074,3.341650311225434,0.9353317230957037,1.7530735538599143,1.753014621013037,3.6702618478281166
auth_asian_f_9710_subdiv_asian_head.glb,pca_gnm_variation_001_bad,asian,female,9710,9710,0.04996525954249455,0.14951235834944415,0.05642414747239567,0.05656659118552218,0.0802054093843772,0.079904361167026,0.08381586372652924,0.08362981206297043,0.02582530070755411,0.029499030686435966,0.05838882332583845,0.018174618074507574,0.045093248970180015,0.17365144203015917,0.1584895901394081,0.04477509758179825,0.08236168314202395,0.08236231661945734,0.1715797185900197,2.992326262656288,1.1292675748918697,1.1321184299545832,1.6052235116714235,1.5991983609945783,1.6774828049326027,1.6737591844558477,0.5168651367774876,0.590390822674454,1.1685884124384427,0.3637450949104025,0.9024920391302886,3.4754436106245334,3.171995734448564,0.8961245871987884,1.648378971632817,1.6483916499905236,3.433980332756888
auth_asian_f_9711_subdiv_asian_head.glb,pca_gnm_variation_001_bad,asian,female,9711,9711,0.046454561349205635,0.15394493217667965,0.05784204790282476,0.057926492220531874,0.08068320436552828,0.08043978905639465,0.08434387273020541,0.08417568735144966,0.02840918202374976,0.028981173671546935,0.05846704346244477,0.019624698375695943,0.04542242178685136,0.17448723327772114,0.15839045377632952,0.045093661491849985,0.08292855985113042,0.0829289905149487,0.1728257611490726,3.3138819462625726,1.2451317206079666,1.2469495037331229,1.7368198519628892,1.7315799938722305,1.8156209052579435,1.8120004775997967,0.6115477403864358,0.6238606679264771,1.258585632160846,0.42244933125456197,0.9777817391365397,3.7560839713042484,3.409578073199005,0.9707047097673451,1.7851542979330808,1.7851635685796174,3.720318438697902
auth_asian_f_9712_subdiv__fbx_backup_head.glb,pca_gnm_variation_001_bad,asian,female,9712,9712,0.04995830145218998,0.15024349223548575,0.056382569877120835,0.056420706892955606,0.08109684044252354,0.08087531033289634,0.08402488290714157,0.08378919844314767,0.030293526085407585,0.02992866274531136,0.058626367083367166,0.0174297068537162,0.04568139084559157,0.17391148215624883,0.16002948661353705,0.04626478323070831,0.08267065000649036,0.08266620903968461,0.1725725233658432,3.0073779105414253,1.1285926110013742,1.1293559879522754,1.6232905860527123,1.618856285782532,1.681900314156062,1.677182690515085,0.6063762218657183,0.599072864275681,1.1735060115979428,0.3488850971123669,0.9143903919413393,3.4811328067805083,3.2032611590425075,0.9260679784116288,1.654793049471589,1.654704156000901,3.4543312792768757
auth_asian_f_9713_subdiv_asian_head.glb,pca_gnm_variation_001_bad,asian,female,9713,9713,0.04632439080811849,0.15650192062832397,0.0590276769631344,0.05895003743519558,0.08901434370670247,0.0887448898796443,0.08757833966526636,0.08738983296437662,0.04765950302084177,0.035590761841597277,0.06064477800803266,0.015470204441437372,0.061360954458524096,0.1777890774252664,0.17032285702543537,0.054216571572848996,0.08664634892605959,0.08664233813457457,0.17314068234490027,3.3783913376556813,1.2742245701111221,1.272548573371944,1.9215437516579805,1.9157270787917515,1.8905448757659213,1.8864756004316692,1.0288209340572547,0.7682942229940752,1.309132768938744,0.33395375894994334,1.3245927984825308,3.8379150664213015,3.676742511972457,1.1703677183240448,1.8704260847154963,1.87033950416009,3.7375706258517454
auth_asian_f_9714_subdiv_asian_head.glb,pca_gnm_variation_001_bad,asian,female,9714,9714,0.046174781637254504,0.15739794053965395,0.059408793178119645,0.059458018534531906,0.0886714927686448,0.08849012676525105,0.08860239450302176,0.08854616248567805,0.03560242440358531,0.035417273740337485,0.061909715310844424,0.014514137502647654,0.06381139754250016,0.17905152591148504,0.17120561881673238,0.053875174306372266,0.08543480191534307,0.08543066895713486,0.17155321704406465,3.4087424987985853,1.2866069112103335,1.2876729770295283,1.9203446042309666,1.916416789156094,1.9188481539355247,1.9176303459600486,0.7710361184439418,0.7670263395845125,1.3407689893847758,0.31433039828254283,1.3819534230567139,3.87769079923539,3.707773220493178,1.166766195660901,1.8502480983345462,1.85015859150719,3.7153011007561094
auth_asian_f_9715_subdiv__fbx_backup_head.glb,pca_gnm_variation_001_bad,asian,female,9715,9715,0.04534478377681218,0.15634247724146846,0.05947327090530875,0.059466735756733384,0.09041732423217987,0.0900159480656064,0.08413110931927174,0.08404446874134697,0.03521603949584322,0.03822188658104219,0.06433644072849178,0.016032147661515617,0.06810924789859628,0.17686344785311173,0.17399265019991303,0.061217756928147106,0.08536657171649964,0.08534884145481328,0.17149736000926302,3.447860243660856,1.3115791046228655,1.3114349833363348,1.9939961490877436,1.9851444988395242,1.8553646596566993,1.8534539530503733,0.7766282373112018,0.8429169442988412,1.4188278203102007,0.35356101245131366,1.5020304922795793,3.9004144054062917,3.8371039777432374,1.3500506966680441,1.8826106247782635,1.8822196148271824,3.782074711247407
auth_asian_f_9716_subdiv__fbx_backup_head.glb,pca_gnm_variation_001_bad,asian,female,9716,9716,0.04742221443118226,0.15738234270921508,0.058999570375199914,0.058944480201838005,0.08942337103278596,0.08908412440739945,0.08843409344941063,0.08829100713368554,0.035051951967410525,0.035172032480043545,0.06138444924451775,0.015768680075351375,0.06065977521987549,0.1769682397499256,0.1694430087768756,0.05258855182171532,0.08743686536265069,0.08745546307643774,0.17518219361664378,3.3187472284240074,1.2441336003154888,1.2429719048100658,1.8856852659749694,1.8785315168416636,1.8648242076030341,1.8618069230362677,0.7391462500823722,0.7416784075126684,1.2944239315014923,0.33251673850520885,1.2791426116952678,3.7317582460586434,3.5730724684475956,1.1089434024223035,1.8437954956645166,1.8441876687000893,3.694095598822427
auth_asian_f_9717_subdiv__fbx_backup_head.glb,pca_gnm_variation_001_bad,asian,female,9717,9717,0.048922805342256064,0.15565067555117587,0.05822142466476156,0.058177656856737536,0.08654987131402575,0.08648375099124994,0.08634277680692072,0.08627419390470997,0.036096545561642455,0.03446567089860341,0.05767962612177597,0.019059993895274317,0.06837743588455299,0.17924076324615598,0.174533608888573,0.05958616540547654,0.08383332058531308,0.08386458153146864,0.17072574835099835,3.1815566270631623,1.1900671733244619,1.1891725433514293,1.7691109638651503,1.7677594403310186,1.7648778765420454,1.7634760169853223,0.7378265679802464,0.7044908945324605,1.1789926133274369,0.3895932328887044,1.397659750012197,3.663746630885463,3.5675306775145863,1.2179629722502896,1.7135836753192846,1.714222660470215,3.4896966181033267
auth_asian_f_9718_subdiv__fbx_backup_head.glb,pca_gnm_variation_001_bad,asian,female,9718,9718,0.050145204492238304,0.15455670748014624,0.057290510066812635,0.0572071973807253,0.08825016770853698,0.08819894868497197,0.08539655822169663,0.08533852387579349,0.036061244800827154,0.036892509972398714,0.06249272702433849,0.02346773283887291,0.06826560367735152,0.1799395904362862,0.17474797628935415,0.06172559904879,0.0846427476427166,0.08463176429950284,0.17123126288337437,3.082183212635402,1.1424923010470585,1.1408308722637692,1.759892468325595,1.758871054132879,1.7029855414173192,1.7018282154777644,0.7191364591285867,0.7357136209925936,1.2462353610306123,0.4679955556369373,1.361358565960539,3.5883708573596116,3.48483923954089,1.2309372286704736,1.687952985730031,1.6877339549508172,3.414708636991964
auth_asian_f_9719_subdiv_asian_head.glb,pca_gnm_variation_001_bad,asian,female,9719,9719,0.04940959516102813,0.1530977864308871,0.05656135687451521,0.05655842213875818,0.08736572467629583,0.08724238759947857,0.08553532564227022,0.08549003819652744,0.036503869725807735,0.03467157388639393,0.059100169197869465,0.019053771393875756,0.06411344500388783,0.18043728925190067,0.17285904710822203,0.05837464448041332,0.08431581547173798,0.08433914687676179,0.17176146085984487,3.0985436316961192,1.1447443900355623,1.1446849939658825,1.7681934934210033,1.765697276311446,1.7311480768767014,1.7302315049923298,0.7388012309520035,0.7017174249940257,1.1961273717232312,0.38562897210103914,1.2975909799491208,3.6518673885881334,3.498491468000628,1.1814434886618213,1.7064664301933439,1.706938634123527,3.4762774376123993
auth_asian_f_9720_subdiv_asian_head.glb,pca_gnm_variation_001_bad,asian,female,9720,9720,0.04978408698345159,0.1469684760055859,0.05397030297724122,0.05365676815564009,0.08628211915669695,0.08627480176922975,0.08665277636550717,0.08674208417468078,0.036051793562280735,0.03438607645193577,0.05862451774995126,0.02257035731776289,0.06699300151002201,0.1764934974061357,0.17346969844817597,0.05897439704247535,0.08424508620819608,0.08426601068583121,0.17117159089556247,2.9521175321431277,1.0840874312946855,1.0777895389238692,1.7331264744370514,1.73297949197919,1.7405717693348652,1.7423656720573015,0.7241629955825941,0.6907041694541034,1.1775754322749408,0.453364893992439,1.3456709878457895,3.5451789537649407,3.484440690974968,1.1846033665753206,1.692209123694474,1.6926294282315861,3.438279202598624
auth_asian_m_9721_subdiv_asian_head.glb,pca_gnm_variation_001_bad,asian,male,9721,9721,0.049443480742409084,0.15659431069145283,0.05781669346025323,0.05773429330646796,0.0858398666127296,0.08581769293029014,0.0868210729608623,0.08680993142880655,0.036739447797873616,0.03316974759092265,0.05365095751995925,0.021672101553770407,0.06574911402215336,0.18313672393742536,0.17403357626308538,0.05858870891777766,0.08540316124204639,0.08543276546284512,0.17529168750151122,3.1671376759916785,1.169349175909903,1.1676826234635946,1.7361210279660246,1.7356725627263911,1.75596603752845,1.7557406987802782,0.743059494319969,0.6708619031845793,1.0850966945363394,0.43832070939094764,1.329783280523745,3.7039609911675124,3.5198487980602833,1.184963276008286,1.727288612364899,1.7278873610847345,3.5452942404024266
auth_asian_m_9722_subdiv_asian_head.glb,pca_gnm_variation_001_bad,asian,male,9722,9722,0.05143080326537898,0.16140532113817194,0.058845520039974425,0.05878294551553504,0.08643043856698228,0.08637020637359107,0.08618254494073434,0.08611594451405301,0.03687040274854172,0.033786809398065214,0.05871161760526526,0.018073638580028098,0.06868259775748455,0.18296782673188547,0.17592744249526213,0.061141071471198925,0.08427596539249214,0.08430166522292967,0.17456489823673124,3.138300607620941,1.1441687919268162,1.1429521178625108,1.6805189318356137,1.679347801120808,1.675698987162208,1.6744040350624387,0.7168933869901523,0.656937229304545,1.1415652464597499,0.35141661091252097,1.3354370026672078,3.5575533554820367,3.420662935935301,1.188802577235975,1.6386282158113428,1.6391279130512424,3.3941701694991973
auth_asian_m_9723_subdiv__fbx_backup_head.glb,pca_gnm_variation_001_bad,asian,male,9723,9723,0.04956313085216854,0.15077609453647267,0.05805630712675747,0.05223622871026672,0.08486025059452466,0.08330505830411769,0.08608457283165487,0.08622888736403388,0.036622264701042045,0.03201123797563798,0.05743604638558477,0.02189495673636022,0.06483134494364182,0.18226820531454888,0.17079891213794518,0.056396140624292615,0.08546240275113144,0.08548952141858317,0.17686316411101607,3.042101900023044,1.1713607701644482,1.0539331921155506,1.7121648518863042,1.6807868444104321,1.7368671298917429,1.739778861453041,0.7389013581542077,0.6458679551765522,1.1588462108436752,0.4417589518641607,1.3080558840605454,3.677495795376576,3.4460880336108186,1.1378647727582993,1.7243140471904268,1.724861201233875,3.568442127648152
auth_asian_m_9724_subdiv_asian_head.glb,pca_gnm_variation_001_bad,asian,male,9724,9724,0.04980308605626571,0.16042356958787501,0.05918896839381571,0.05932322354608387,0.08572559085772267,0.08565926315923096,0.08657682797911681,0.08658151627222027,0.03593481380642523,0.03404631962169337,0.05787448785112306,0.019535412938195263,0.06756073300649003,0.18321967870059575,0.17443314194163456,0.0591538580430533,0.08388160224502779,0.08390347650218413,0.17293085922535534,3.2211572071384156,1.1884598542135756,1.191155573754258,1.7212907401134345,1.7199589411478688,1.738382795823244,1.7384769324214895,0.7215378935720447,0.6836186734137133,1.1620662981755503,0.3922530607064162,1.356557160537449,3.6788820374223565,3.502456489233747,1.187754870776952,1.6842651507631758,1.6847043656570406,3.4722920388906093
auth_asian_m_9725_subdiv_asian_head.glb,pca_gnm_variation_001_bad,asian,male,9725,9725,0.04664324951997546,0.15263284067297903,0.05745321298972096,0.05758057240708368,0.08500523796691377,0.08487694765133018,0.08513343882176543,0.08479544953447986,0.0350285868558223,0.031888285560805925,0.05906741721332057,0.021049402063526797,0.06328000488617265,0.17232172938524865,0.16953717599445853,0.05614283631051675,0.0810403364711064,0.08110144621811011,0.16747865590252053,3.272345778730798,1.2317583697747305,1.2344888703010324,1.8224553143646087,1.819704856004527,1.8252038547465723,1.8179575910157226,0.7509894189687822,0.6836634644665877,1.2663658261636408,0.4512850686895682,1.3566808817441487,3.6944623532597154,3.634763395330174,1.2036647722511913,1.7374504843707343,1.738760636378423,3.59063010459415
auth_asian_m_9726_subdiv__fbx_backup_head.glb,pca_gnm_variation_001_bad,asian,male,9726,9726,0.04603219285291264,0.15211521108816303,0.0576602848090967,0.05766142326634152,0.08436546098135762,0.08440330252508702,0.0846682907047045,0.0844099463195507,0.03495538424998194,0.03147254302489224,0.057824793912932465,0.02097311471834246,0.06196448791834933,0.17250333765038037,0.17072638207383972,0.057604197974922576,0.07962975097992311,0.07971757719949539,0.16351119028650934,3.3045397505658496,1.2526078215161174,1.2526325532782663,1.8327491208366251,1.8335711877724825,1.8393277716585512,1.8337155170788209,0.7593682178399669,0.6837072291006628,1.2561816052887356,0.4556184143857358,1.3461120159177598,3.7474499249163054,3.708847471580689,1.25138939522143,1.729870902182854,1.7317788325708958,3.5521051714607452
auth_asian_m_9727_subdiv__fbx_backup_head.glb,pca_gnm_variation_001_bad,asian,male,9727,9727,0.047369781397198524,0.15570018367890495,0.05856527871077977,0.05851908241905543,0.08629451426771068,0.08617590123690436,0.08573091707557962,0.08542685516294218,0.03814766987509648,0.03351244904250939,0.05985575861148692,0.020491285510787348,0.06537916700316773,0.1727509499641097,0.1746362589949769,0.06009987965653026,0.0800728703015353,0.0801380944968115,0.1656547006469392,3.286909482932787,1.2363426003532993,1.2353673733127315,1.8217207621062441,1.8192167811439561,1.8098229408474702,1.8034040403655816,0.8053165699716012,0.7074647180975029,1.2635852825579394,0.43258138218892467,1.3801872222073268,3.646859767318375,3.6866595927610715,1.26873880106368,1.690378716974,1.6917556326648135,3.497054361680802
auth_asian_m_9728_subdiv__fbx_backup_head.glb,pca_gnm_variation_001_bad,asian,male,9728,9728,0.04588876557148946,0.1508534637048395,0.05717709181157124,0.05718893839888628,0.08574435482996347,0.08565486625066014,0.08516289865568112,0.08488952003709109,0.038095876913514536,0.03270210789601652,0.06013929724741007,0.021070228106397536,0.061666910873488114,0.170950159531423,0.16953691724384828,0.05529252103231818,0.07971277469925246,0.079783421308069,0.16312510925476956,3.2873724500134363,1.2459932425616431,1.2462514013324775,1.8685260708611469,1.8665759513016238,1.8558550790172608,1.8498976596971848,0.8301787254260633,0.7126386488882637,1.3105451083385522,0.45915874711365956,1.3438345988500846,3.725316150967325,3.6945190207770815,1.2049250038373498,1.7370869254495211,1.738626444064518,3.554794015991545
auth_asian_m_9729_subdiv_asian_head.glb,pca_gnm_variation_001_bad,asian,male,9729,9729,0.04489952903301739,0.144266900627202,0.056081920241206076,0.05615421293563289,0.08271416841161307,0.08269837947212112,0.08365823729277047,0.08348334905324205,0.0327149257216545,0.030034489874047665,0.056152282721629976,0.02115534273524683,0.0571845993947033,0.17184316582150366,0.1676569539597731,0.054734817707257064,0.07948391142626102,0.07955741205143592,0.16314979316265873,3.213104986493592,1.2490536415196156,1.2506637406895569,1.8422057022199108,1.8418540517720778,1.8632319557572958,1.8593368538866322,0.7286251420944126,0.6689266128373297,1.2506207510626168,0.471170704701379,1.273612454880138,3.8272821457689856,3.7340470506157115,1.2190510432082078,1.7702615848779082,1.7718985870193082,3.633663797290271
auth_asian_m_9730_subdiv_asian_head.glb,pca_gnm_variation_001_bad,asian,male,9730,9730,0.04455066739452505,0.14354019723002387,0.05734376145442011,0.05736817197948001,0.08570845783237294,0.08567391220015859,0.0855858070904799,0.08532871371446865,0.029574980473433224,0.03145341661703808,0.055895898140116154,0.02129898063028173,0.05647468270028695,0.16963794917950045,0.16661379985331745,0.05395829520385002,0.0806076174279668,0.08067422292508533,0.16687352548993703,3.2219539150532213,1.287158303300014,1.28770623055874,1.9238422866568747,1.9230668632067967,1.921089224827141,1.9153184161940284,0.6638504472116566,0.7060144876954969,1.254659052469893,0.47808443455325705,1.2676506549310926,3.8077532638792237,3.7398721410353795,1.2111669332810286,1.8093470231126747,1.8108420736026865,3.745702034318897
auth_asian_m_9731_subdiv_asian_head.glb,pca_gnm_variation_001_bad,asian,male,9731,9731,0.045676395198840515,0.1459491058100049,0.05761533906774136,0.05756356436225342,0.08513048276230485,0.08504091742686952,0.08584164103033495,0.08558889371571654,0.032129218080927384,0.030795406268905284,0.056004064138286465,0.020954552134168705,0.05802583229842394,0.17080251959795986,0.16661064930128858,0.054106564507640856,0.07973037240978319,0.07981763228930974,0.16580825152986167,3.1952851177211503,1.261381044124163,1.2602475329251608,1.8637741089617743,1.8618132419746702,1.8793436009265903,1.8738101670047989,0.7034096701602883,0.674208333097333,1.226105166453856,0.45876107435686236,1.270368032455786,3.7394045404505922,3.647631311008491,1.184562929541654,1.745548703278737,1.7474590965824706,3.630064299252553
auth_asian_m_9732_subdiv_asian_head.glb,pca_gnm_variation_001_bad,asian,male,9732,9732,0.044379249550560156,0.14205719897995503,0.055916914118027,0.05593780630275674,0.08264432517425556,0.08257251948010835,0.08345566814108443,0.08314521119824701,0.029408985908669215,0.030062135264282183,0.054941492494165294,0.02056281133978737,0.05590568688995509,0.1704973887065567,0.16695059692347072,0.05445480904101824,0.07929493452025843,0.07935042330566904,0.1636933027674572,3.2009824505507436,1.2599788118165964,1.2604495765307662,1.862228992405583,1.860610990864899,1.880511026803315,1.8735154839317816,0.6626742499366579,0.6773916992452329,1.2379995842780496,0.4633429259852778,1.2597258280869117,3.841826764382605,3.7619067157336255,1.2270331200391131,1.7867569939396952,1.788007325704485,3.6885099325748074
auth_asian_m_9733_subdiv_asian_head.glb,pca_gnm_variation_001_bad,asian,male,9733,9733,0.047765726660488624,0.1513031797221765,0.057041224077910374,0.057086160780783685,0.08120208299214456,0.08110761781786725,0.08338142125316834,0.0831050079770055,0.03223279694623746,0.029670725209694385,0.05603826366401062,0.016390061350542374,0.05150977438900034,0.17249882223342383,0.16191555606259006,0.04963432756908033,0.08183233778334774,0.08183450024533412,0.17050844431061277,3.167609713081851,1.1941872984232094,1.1951280713584296,1.700007278635503,1.6980296017344743,1.7456328435204296,1.7398459897345016,0.6748101452604957,0.6211718586548322,1.1731898074601044,0.34313434540712395,1.0783835605626566,3.6113513662111476,3.389785257815938,1.0391201189479107,1.713201986122797,1.7132472583742115,3.5696817829771614
auth_asian_m_9734_subdiv_asian_head.glb,pca_gnm_variation_001_bad,asian,male,9734,9734,0.04742289524839962,0.15544769935574432,0.05827449367531462,0.05816255161240709,0.08225458668492666,0.08222629255487937,0.08393980561769797,0.0836872764289984,0.034244755595532396,0.03006262283290337,0.05819458741641487,0.019745746800199884,0.05452806374566524,0.1768686920472624,0.16446316348770182,0.05198091424123121,0.08181340039571626,0.08181004776118564,0.1722969487662862,3.2779040280335945,1.228826147582822,1.2264656408629944,1.7344910354814853,1.7338944010942534,1.7700270128600106,1.764701964961167,0.7221144009904805,0.633926348769646,1.227141175408913,0.4163758179835349,1.1498257004353905,3.7296055232568532,3.4680118669737263,1.096114312906389,1.725187801528782,1.7251171049904737,3.6332018081941277
auth_asian_m_9735_subdiv_asian_head.glb,pca_gnm_variation_001_bad,asian,male,9735,9735,0.050414107299542474,0.15344421578635442,0.05600167651608884,0.05593374099684689,0.08267165863008125,0.0826249271610313,0.08389062581363911,0.08367587184749695,0.03400132024427434,0.03011132272561428,0.05572888170624786,0.01581874882780229,0.053039909507886666,0.1754777282564965,0.16251819264443138,0.04999656701007037,0.08229955052525632,0.08228550587174503,0.17074401685060944,3.043676145540853,1.1108334455541786,1.1094858957733544,1.6398516815715096,1.638924729344184,1.66403077049825,1.6597709714529911,0.6744405894614127,0.5972796968654754,1.105422364718806,0.3137762359613546,1.0520846713151661,3.4807266786233266,3.223664988825584,0.9917177886937235,1.6324706502539463,1.6321920644718388,3.3868301155490066
auth_asian_m_9736_subdiv_asian_head.glb,pca_gnm_variation_001_bad,asian,male,9736,9736,0.048260338251006354,0.15795906649175245,0.059099857168603394,0.059124720025945675,0.0823771359377038,0.08230487621453367,0.08527663597762701,0.08484410659382116,0.03775307015708413,0.0302640527135819,0.060034496785522896,0.019186235658547268,0.055617029903508426,0.17917905003533452,0.16310078038087422,0.04937199182872678,0.08232518302940256,0.08232599813365121,0.17242843658110676,3.2730617359164196,1.2246051169641565,1.2251202989592136,1.7069324195212414,1.7054351294940913,1.7670128115160646,1.7580503922815323,0.7822794353559442,0.6270998880317797,1.2439717366521155,0.39755700755261875,1.1524376313783642,3.7127599293525084,3.3796029263734626,1.0230345169140467,1.705855905966135,1.7058727956995723,3.5728808133148795
auth_asian_m_9737_subdiv__fbx_backup_head.glb,pca_gnm_variation_001_bad,asian,male,9737,9737,0.04884389844800166,0.15477483053044286,0.05721376340990241,0.057170569424796654,0.08529544843477754,0.08529941479390946,0.08485447230706379,0.08459677972939242,0.03558465905544242,0.03339165760580056,0.0582068356242588,0.02319431270679223,0.06780804097459553,0.18658905476702528,0.1721674099500089,0.058858046160605255,0.08445317396442817,0.08448895739374121,0.17275311101895602,3.168764890771636,1.1713594784169645,1.1704751512752287,1.7462866631250074,1.746367867927612,1.7372583885251982,1.7319825488428742,0.7285384702313475,0.6836403044558108,1.1916910294583622,0.4748661233804767,1.3882602152811934,3.8201097925396894,3.5248498875104173,1.2050235143139625,1.7290424525457464,1.7297750605162412,3.536841171735419
auth_asian_m_9738_subdiv__fbx_backup_head.glb,pca_gnm_variation_001_bad,asian,male,9738,9738,0.04717377106384041,0.15443910742728914,0.057664275475267764,0.05761131266999135,0.08392546367951056,0.08394982304454922,0.08455615428413375,0.08433948071391476,0.03591103579544287,0.03229600765394064,0.058855755669488016,0.023653128944315188,0.06606222557916809,0.1830534935090251,0.172208538953725,0.05840314919698869,0.08407492316798325,0.08409344526121758,0.17128613651662067,3.273834250356755,1.2223800254855717,1.2212573082619531,1.7790704831702766,1.7795868583611785,1.7924400016632898,1.7878469075490675,0.7612500545450216,0.6846178909511889,1.2476372853431272,0.5014042424614589,1.400401623388681,3.880408315487398,3.650514577701975,1.2380428335473017,1.782238758360115,1.7826313937762928,3.630961287466686
auth_asian_m_9739_subdiv__fbx_backup_head.glb,pca_gnm_variation_001_bad,asian,male,9739,9739,0.05016207520665479,0.15860585901225988,0.058280149187714125,0.058277167642286805,0.0851280349352869,0.0851142383708553,0.0865930850308337,0.0863517651163595,0.03557110354979671,0.034918917588392016,0.059431558900416015,0.02092957932827545,0.07155601209557881,0.18385200948139463,0.17686510967148095,0.0621752507304335,0.08281128575341207,0.08283548179455119,0.17023086578031568,3.1618679721451857,1.161836884690575,1.1617774464513266,1.6970596727623684,1.6967846330162104,1.7262660022356044,1.7214551981873265,0.7091234444199717,0.6961218698495845,1.1847906741412382,0.41723910428448163,1.4264962484264563,3.665159559766454,3.5258730613285514,1.2394872116890605,1.6508743988810464,1.6513567561407778,3.3936168924233794
auth_asian_m_9740_subdiv__fbx_backup_head.glb,pca_gnm_variation_001_bad,asian,male,9740,9740,0.04960429683407159,0.152972185069793,0.05635884027023358,0.05634361588742975,0.0830000586946032,0.08309183032252888,0.08413853044445592,0.08390310352264088,0.03476460433846963,0.03074614836514672,0.057914844391810334,0.023294328399608,0.06811616326008152,0.17863881681992264,0.17486689511922027,0.061785904909832885,0.08367101360065576,0.08369511165454967,0.1707342054806042,3.0838494814570447,1.1361685149727294,1.1358615983591394,1.673243327533536,1.6750934016961165,1.6961943987615178,1.6914482993943087,0.7008385675692301,0.619828327936869,1.167536848381056,0.4696030361548816,1.3731907840147979,3.601277071167379,3.5252368500284805,1.245575662860604,1.6867694724216884,1.6872552781972348,3.44192371180499
auth_asian_m_9741_subdiv__fbx_backup_head.glb,pca_gnm_variation_001_bad,asian,male,9741,9741,0.04666048219199517,0.15824247281505072,0.05943641697155054,0.059415702453815306,0.08720063140966033,0.08693553272370466,0.08622522880390723,0.08595001784515545,0.036367250152035284,0.033103721226264565,0.05952098687242712,0.02153456872341417,0.06363709456559703,0.17443789542224722,0.16988872444398237,0.05514304503720435,0.08382285314291657,0.0838569436354405,0.1699034277726096,3.3913595698374066,1.2738063170240264,1.2733623756680412,1.8688326248077225,1.8631511857504734,1.8479283700737148,1.8420302107358115,0.7794015073053459,0.709459475580466,1.2756187693799321,0.46151620625790546,1.363832767602952,3.738450338007284,3.640955182266153,1.181793295883779,1.7964420684297338,1.7971726758071642,3.6412702953540705
auth_asian_m_9742_subdiv__fbx_backup_head.glb,pca_gnm_variation_001_bad,asian,male,9742,9742,0.046267404424458904,0.1612993032854746,0.06096257244801811,0.06094055591942241,0.08838569115124291,0.08807554039511646,0.08809497669186975,0.0872145655781637,0.0383743542078423,0.03410285751873981,0.05990705370468616,0.020269074715681797,0.06838776069113861,0.1756828990936442,0.172610211646705,0.056791881983424566,0.08331716085107861,0.08333444374367276,0.17035152772584486,3.4862405897186006,1.31761384080994,1.3171379868287285,1.9103230935625708,1.903619653851946,1.9040397400226545,1.8850109847972887,0.8294036522082486,0.737081708882541,1.2948003988963073,0.4380854073795138,1.4780980593539834,3.797120268124892,3.7307087742198037,1.2274706716290742,1.8007744736818139,1.801148017277119,3.681890735927902
auth_asian_m_9743_subdiv_asian_head.glb,pca_gnm_variation_001_bad,asian,male,9743,9743,0.04588155087013676,0.1574007061956856,0.05962997211172276,0.05963158876938742,0.08702909504464497,0.08679460282010316,0.0867807704688056,0.08668380082674121,0.0405725866778445,0.033405490300988445,0.05779061924906263,0.020835450858414952,0.06458482454162334,0.17566646637664532,0.17002573465585716,0.054640408148434905,0.0831116912039473,0.08313145412856174,0.16861210052020043,3.4305881821909834,1.2996503165400741,1.299685552002564,1.8968211273191768,1.891710310006015,1.8914088304126875,1.8892953525501182,0.8842897833310219,0.7280811059665228,1.259561155912827,0.4541139186290293,1.4076425778288177,3.828695042891032,3.7057538690681655,1.190901508606133,1.811440320297516,1.8118710582355244,3.6749433557169957
auth_asian_m_9744_subdiv_asian_head.glb,pca_gnm_variation_001_bad,asian,male,9744,9744,0.045868372336947676,0.1572640840689509,0.059416427544742086,0.059384379121639734,0.08685941101718586,0.08658883919892876,0.08749891636738835,0.08731727353181405,0.03194610198299808,0.03290887932102288,0.05975293860383636,0.020883387218978942,0.06368012785307325,0.17340950356980417,0.1701521494214813,0.05416292636642826,0.08355609662477784,0.08357930850905038,0.1699316653156075,3.4285952619747153,1.295368126609569,1.2946694224378377,1.8936667379238847,1.8877678624139913,1.9076089233039262,1.9036488343293283,0.6964734163297311,0.7174634207482935,1.3027045774568384,0.4552894762772529,1.3883232521372453,3.7805898647534995,3.709574609963239,1.1808338427304341,1.821649480190343,1.8221555344296785,3.7047677224579636
auth_asian_m_9745_subdiv_asian_head.glb,pca_gnm_variation_001_bad,asian,male,9745,9745,0.04783732348554123,0.1544653587295208,0.05796545124922097,0.057861060424572335,0.09133739487933767,0.09096716767128317,0.08473453511510434,0.08454952528573613,0.03601825628389572,0.03863046196492317,0.06345940310011673,0.02711750789460357,0.06857141091542135,0.1748839469250088,0.1771113648668461,0.06481873720288868,0.08546279351667507,0.08549114175042974,0.17278608694959838,3.228971595290187,1.2117202014184794,1.2095379968751965,1.9093333034600959,1.9015940074234687,1.771305937313053,1.7674384586188463,0.7529320969385377,0.8075381135526776,1.3265667574252404,0.566869254355332,1.4334290867286286,3.6558054293707976,3.702367773990904,1.3549825215969713,1.786529581708435,1.7871221782771631,3.611951387744817
auth_asian_m_9746_subdiv__fbx_backup_head.glb,pca_gnm_variation_001_bad,asian,male,9746,9746,0.048125153089709494,0.15533712135691757,0.05805547209789195,0.057966532346929604,0.09173714569940725,0.09144615009990079,0.0846634137589476,0.08457100726598654,0.0354286107406663,0.040685852000564536,0.06318041609644456,0.015661888267139427,0.06917266475393807,0.1779887975008649,0.17460111000418596,0.06193945744530054,0.08522347062130692,0.0852400145577918,0.17147845030308329,3.2277740720607286,1.2063436346825012,1.2044955418401457,1.9062203402948388,1.9001736977217956,1.7592341701464844,1.7573140413359059,0.736176582641187,0.8454176119652554,1.3128356387494653,0.3254407988675755,1.4373495004783503,3.6984567543936584,3.6280634718961666,1.2870495669871425,1.770871678318465,1.7712154473336834,3.56317724295718
auth_asian_m_9747_subdiv_asian_head.glb,pca_gnm_variation_001_bad,asian,male,9747,9747,0.04708520829906059,0.14868156956956174,0.0561310518069544,0.055878115794911566,0.0874991766653671,0.08737564642231989,0.08413925614821399,0.08426006631947552,0.044308010541623075,0.034215527861518685,0.062404667349797494,0.022971304894245266,0.06255056172311521,0.17846538884526794,0.17271288346646585,0.05974180622521916,0.08597526448469224,0.08599128798391713,0.17384703461232123,3.1577128983950598,1.1921164593865519,1.1867445810158261,1.8583155905272446,1.8556920438230946,1.786957288450451,1.7895230660189436,0.9410176176815824,0.7266725389468295,1.325356085364128,0.4878666936831534,1.3284546035312574,3.790264401332776,3.668092161119561,1.2688019950080816,1.8259506029711576,1.8262909115267258,3.6921793678417196
auth_asian_m_9748_subdiv__fbx_backup_head.glb,pca_gnm_variation_001_bad,asian,male,9748,9748,0.04805372941887081,0.14907984092742527,0.05613060154711853,0.05615287545954341,0.0876124804457616,0.08780017776124945,0.08461406229442935,0.08450140231158756,0.035017903157406785,0.03379159123777768,0.06059914371646969,0.02639952938327389,0.06470242078659215,0.18255678566088784,0.1714774261926921,0.05837586479859142,0.08560526834682695,0.08562414205871995,0.17347306022613773,3.1023573556162174,1.1680800267934235,1.1685435477874075,1.8232191654068786,1.8271251539275974,1.760821965697447,1.758477507021623,0.7287239425719823,0.7032043432722133,1.2610705651635077,0.5493752452209616,1.3464599224463807,3.799013892753085,3.568451986275024,1.2148040434020317,1.7814490026493046,1.781841765336431,3.6099812090342036
auth_asian_m_9749_subdiv_asian_head.glb,pca_gnm_variation_001_bad,asian,male,9749,9749,0.04778832840344686,0.154363520460857,0.05798863609503843,0.05811998653885579,0.0813558810711922,0.08114261276887554,0.08434700450780167,0.08409624427190722,0.030878509828054852,0.029712821630609097,0.05887399917222204,0.01975292830739335,0.047260587482468044,0.1739877984908987,0.15984328140917434,0.045999556475659495,0.08302905012504982,0.08303089765821971,0.1733748465840242,3.23015107700907,1.2134476771289588,1.216196265502012,1.7024215700611154,1.697958800396603,1.7650126573943508,1.7597653460890161,0.6461517039760625,0.6217589654896986,1.2319744410222058,0.41334210606053795,0.9889566984531573,3.640801097331318,3.3448184263680005,0.9625688533675862,1.7374336558518573,1.73747231661342,3.627974703788113
auth_asian_m_9750_subdiv_asian_head.glb,pca_gnm_variation_001_bad,asian,male,9750,9750,0.04884651863793926,0.15201378877141122,0.05685518461762919,0.0569378851498561,0.08004925636791504,0.07967695590135987,0.08362268106575989,0.08340427188649532,0.028311690175033776,0.02997958634209691,0.05764317842176212,0.016708886906011855,0.04714610681662012,0.1760380566448575,0.16105967099884125,0.047796406481249165,0.08243881890746904,0.08244304742632985,0.17338214080266418,3.112070071936336,1.1639557168659624,1.1656487859839462,1.638791434887245,1.6311695924932201,1.7119476146414632,1.7074762790098807,0.5796050765641256,0.6137507273407129,1.1800877530090848,0.3420691458046716,0.9651886793832134,3.6039018041324264,3.2972599786005143,0.9785018014390391,1.6877112475204838,1.687797814976645,3.5495291299633718
auth_asian_m_9751_subdiv_asian_head.glb,pca_gnm_variation_001_bad,asian,male,9751,9751,0.050455002337824455,0.15646185014047834,0.057993694882635206,0.05644518283334411,0.0828408172178897,0.08361481138382983,0.08450219610938578,0.08483812789348076,0.035427585388508986,0.030185324160459284,0.05876827376074576,0.019167629909548876,0.05331526554909508,0.17564688623084027,0.16488702304810965,0.05100101131558518,0.08293273803140651,0.08294396848182856,0.17259281875953533,3.1010175976780014,1.1494141749183755,1.1187232230297415,1.6418752032399901,1.6572154892389441,1.674803135348133,1.6814611824897372,0.7021620007328806,0.5982622685923521,1.1647660497022536,0.37989553109542784,1.056689388142717,3.481258113016944,3.2680014945614078,1.0108217015649883,1.643697040704219,1.6439196241925094,3.420727594142795
auth_asian_m_9752_subdiv_asian_head.glb,pca_gnm_variation_001_bad,asian,male,9752,9752,0.04957782804857679,0.15218718353397948,0.05590161269208495,0.0555648536579754,0.08196753621628101,0.08194263618396108,0.08399273219896512,0.0839619009499203,0.027340333453310453,0.03033622394197926,0.057441127751969925,0.016553318211127432,0.04659535773147668,0.17408728607127807,0.16239313109478815,0.04916750536747992,0.08284533653573821,0.08284757663419333,0.17402962601044636,3.069662176101485,1.127552676113848,1.1207601430932486,1.653310349456384,1.6528081081662747,1.6941591736666701,1.6935372979157879,0.5514629125447398,0.6118909427063961,1.158605167126091,0.3338855061360967,0.9398426588155927,3.5113939622507426,3.275519269131232,0.9917236656536298,1.6710158511697129,1.6710610346427146,3.510230941136239
auth_asian_m_9753_subdiv__fbx_backup_head.glb,pca_gnm_variation_001_bad,asian,male,9753,9753,0.0469204293242169,0.15707689087694182,0.059257255500554086,0.05922757215521233,0.08793297355027956,0.08766534552583619,0.0847930186584593,0.08461203352822126,0.03478941969231139,0.03382494812331853,0.06533051527988344,0.015534863609766041,0.06566417115301605,0.17973036331328585,0.17290011169156275,0.060132590157811174,0.0871067877967219,0.08709319388805536,0.17550965400420673,3.3477291904460516,1.2629308033626583,1.262298171782571,1.8740871474697902,1.8683832775713698,1.8071663000469462,1.8033090222503718,0.7414556983679522,0.7209002264150333,1.3923682332157306,0.331089545289989,1.3994793333897522,3.830535353190431,3.6849643999809762,1.2815865290212747,1.8564789165678783,1.856189193970231,3.7405807349171347
auth_asian_m_9754_subdiv__fbx_backup_head.glb,pca_gnm_variation_001_bad,asian,male,9754,9754,0.04845137093267448,0.15528866757307236,0.057809243175111415,0.057822667311933126,0.08818739455793924,0.08788325168568865,0.08519098311788113,0.08504291055046308,0.036377080847779804,0.03419563126698562,0.06069745962877142,0.022136538240657245,0.06609799647004472,0.17763984203770872,0.17336706895940138,0.060307260294169794,0.08515046827481564,0.08515571728756108,0.17318250987381933,3.205041768350651,1.193139472883856,1.1934165370115226,1.8201217604447124,1.8138444794019695,1.7582780730035095,1.7552219661366095,0.7507956977796875,0.7057722126067826,1.2527500968571863,0.45688156629080806,1.3642131315931405,3.666353265515394,3.5781664300129568,1.244696674898418,1.75744187699325,1.7575502126841582,3.574357268744053
auth_asian_m_9755_subdiv__fbx_backup_head.glb,pca_gnm_variation_001_bad,asian,male,9755,9755,0.04681808968423587,0.15632467165131947,0.05884415803598366,0.058801154280111456,0.08841151307001763,0.08806899394372109,0.08844945279630125,0.08397529504853432,0.03423577896667358,0.034299009803796174,0.06264541847156303,0.02740160473925922,0.06392357981122378,0.18343896419309144,0.1715400985223797,0.05690930333750899,0.08676879440725493,0.08676665448901628,0.1753514334627983,3.3389801400623056,1.2568679848506739,1.2559494562186377,1.8884049662493319,1.8810890093487693,1.8892153309297257,1.7936506084486754,0.731251086867842,0.732601651095239,1.338060115098126,0.5852781462052182,1.3653607022916934,3.9181215088076784,3.6639704797724586,1.2155409099630763,1.8533177024621506,1.853271995380698,3.745377794041881
auth_asian_m_9756_subdiv__fbx_backup_head.glb,pca_gnm_variation_001_bad,asian,male,9756,9756,0.04662244994857163,0.16017453247963,0.06039162579348722,0.060259480164345125,0.09115349282701583,0.09077081948206625,0.08813471452725047,0.08790932752921056,0.03526730931523787,0.03890113734639494,0.061924359349689276,0.015623816240137837,0.06658220480719562,0.1778905988289399,0.1733957686775278,0.056730066448219665,0.08680862564057178,0.08679562532967346,0.17496575417796442,3.435566613430131,1.2953335970139732,1.2924992193850013,1.955141630857357,1.9469337107379359,1.890392174252324,1.8855578723593833,0.7564447890263294,0.834386382296642,1.3282090370196526,0.3351135827776572,1.4281146718081361,3.815556647605773,3.7191475108836514,1.2167971977190724,1.8619490339166815,1.8616701916226222,3.7528219639029254
auth_asian_m_9757_subdiv__fbx_backup_head.glb,pca_gnm_variation_001_bad,asian,male,9757,9757,0.04899984259670608,0.15603830042252628,0.057874066532939646,0.05787835782802157,0.0877855285476597,0.08763904058945268,0.08652078961880602,0.08641599773506221,0.03748404103758706,0.035834879457890156,0.05699195239211228,0.021010967420369887,0.06936876784345032,0.17802144592893485,0.17470521418959892,0.05989653957222987,0.08277449436500124,0.08279336308621917,0.16734173171347516,3.184465340160412,1.1811071927163723,1.181194770448351,1.7915471539404682,1.7885575941695788,1.765736072479184,1.763597455736957,0.7649828867023106,0.7313264198179095,1.1631048054824455,0.42879663090555126,1.4156936873122425,3.6331024039024564,3.565423987736302,1.2223822852903674,1.689280821701366,1.689665898881577,3.415148352430103
auth_asian_m_9758_subdiv_asian_head.glb,pca_gnm_variation_001_bad,asian,male,9758,9758,0.04953333105742485,0.1554150213857383,0.05756330957522629,0.0575346614188387,0.08558318492927297,0.08555910914682607,0.08614559946870855,0.08605432926278742,0.036810797501746664,0.03268373238289758,0.05815058109367823,0.022808823818368195,0.06773074834638745,0.18295063834349282,0.17004087274854748,0.05663937047674251,0.08465225686750137,0.0846746514317182,0.17245218962618336,3.1375846943457724,1.1621126289385253,1.1615342677466567,1.727789815509377,1.727303763351508,1.73914407994969,1.7373014781304157,0.7431520698470948,0.6598331201470534,1.1739687166660213,0.46047425705986805,1.367377216522467,3.6934854660066163,3.4328576156409945,1.1434597526073806,1.7089958430084693,1.7094479540161234,3.481538308543323
auth_asian_m_9759_subdiv_asian_head.glb,pca_gnm_variation_001_bad,asian,male,9759,9759,0.050609318788736125,0.1557136273715693,0.05715754747074337,0.057128920928359375,0.08848127123307072,0.08828568592994492,0.08597485955248442,0.08591165925572455,0.03649684760652076,0.03535337227087436,0.059907668032348003,0.018157117383822762,0.06719838213124321,0.17881749572264258,0.17358891928058923,0.06055624477029872,0.08489023563927788,0.08491793949024323,0.17388746172843167,3.0767777772623512,1.1293878052250064,1.1288221674517833,1.748319743295252,1.7444551328281115,1.698795036372223,1.6975462486336705,0.7211487623232679,0.6985545966041098,1.1837280063465578,0.35877023873049846,1.3277867345291996,3.533291891738348,3.4299793681321806,1.1965433682892495,1.6773637280842335,1.6779111342068294,3.4358783301215463
auth_asian_m_9760_subdiv__fbx_backup_head.glb,pca_gnm_variation_001_bad,asian,male,9760,9760,0.051231293319307675,0.15683739759533813,0.05704347962888616,0.05700373208856378,0.08767878702769398,0.08756532550978174,0.08675848185288698,0.08667649645475294,0.03670225006650239,0.034821362212591196,0.05798314550149646,0.021461300181143433,0.06952169670571419,0.18375650049992132,0.17600773951020043,0.060857456897279456,0.08461009787253432,0.0846395178344517,0.17414061758817212,3.061359326180243,1.1134499235331237,1.1126740785808082,1.711430286977554,1.709215595320151,1.6934665559221804,1.6918662567139786,0.7164029578123166,0.679689306212927,1.1317915622412016,0.4189099823692184,1.3570162336603233,3.5868019055195024,3.435551361415034,1.1878961656887148,1.6515315618754267,1.6521058195217058,3.399106411442931
auth_caucasian_f_9761_subdiv__fbx_backup_head.glb,pca_gnm_variation_001_bad,caucasian,female,9761,9761,0.050383428466555184,0.14838095947652438,0.05424412838122088,0.05419492814413163,0.0853407448688208,0.08538600541514851,0.08553194204827082,0.08548676703896893,0.0356248358135263,0.03484605408026042,0.05939708249494315,0.022387150086087045,0.07052023853877923,0.181332156266016,0.17711306230166668,0.06341126794646856,0.08387788015998444,0.08388508073257897,0.16901461130544312,2.945034984568796,1.0766263835584045,1.0756498672992556,1.6938256777319252,1.6947239998133166,1.6976205203075336,1.6967238959475643,0.707074466700381,0.6916173658843291,1.1789011645837337,0.444335583493445,1.399671294413618,3.599043609872348,3.515303894399234,1.2585738977362633,1.6647910377052462,1.6649339531997585,3.35456749271511
auth_caucasian_f_9762_subdiv__fbx_backup_head.glb,pca_gnm_variation_001_bad,caucasian,female,9762,9762,0.048425608997685624,0.1504855847535286,0.05601021236386312,0.055899637701265124,0.08815416322370336,0.08799415787615185,0.08554967570880505,0.08551213276187347,0.036064119346816956,0.034867383960563304,0.05899350600716324,0.02240255433240747,0.06792190093066254,0.1801409798196845,0.1756512897942069,0.0613110593013944,0.08457418725929067,0.08460523680606469,0.17181772083866462,3.1075620496733594,1.1566238096569932,1.1543404173592675,1.820403812121732,1.8170996647735973,1.7666205439542055,1.7658452734370425,0.7447323862987566,0.7200195244262122,1.2182295117854416,0.4626179163483136,1.4026029271807132,3.719952800764857,3.6272396657438364,1.2660875220861878,1.7464764823780052,1.7471176626835643,3.5480755822167604
auth_caucasian_f_9763_subdiv__fbx_backup_head.glb,pca_gnm_variation_001_bad,caucasian,female,9763,9763,0.05044905812136844,0.15134129817306494,0.05560046866495495,0.05554901547938941,0.08790941465887656,0.08780386402075704,0.08664185019187086,0.08662096409366424,0.03587036857925378,0.03484067717991142,0.05757865186894195,0.019264777874234765,0.06827133662845083,0.17725376072422716,0.1764211921116198,0.061608241207018084,0.08384926799469017,0.08389570166033934,0.16994834079305463,2.9998835222844744,1.1021111341899277,1.1010912304002125,1.7425382739036952,1.7404460517284945,1.71741264194529,1.7169986382158968,0.7110215713632987,0.6906110535521404,1.1413226334260076,0.3818659572967307,1.3532727700129947,3.5135197231590873,3.4970165684202144,1.2211970550332834,1.6620581457233308,1.6629785527116527,3.3687118674088885
auth_caucasian_f_9764_subdiv__fbx_backup_head.glb,pca_gnm_variation_001_bad,caucasian,female,9764,9764,0.05096173516545561,0.148817508527725,0.05424387211046035,0.054081211737298886,0.0866343685718956,0.08661731256162186,0.08588338495256914,0.0858702109660302,0.03570177538121094,0.03494933362359423,0.05967444866495956,0.022761661390595527,0.0697990655100619,0.1804905087871721,0.1771521336861142,0.06316682675488176,0.08420051691530311,0.08419459446665088,0.17048466312142338,2.920181348703387,1.0644039480670888,1.061212134196675,1.6999885951807363,1.6996539124973784,1.6852523697188624,1.6849938623015586,0.7005604354973254,0.6857955976209503,1.1709657936727762,0.4466421976546927,1.3696367536044018,3.5416868794043244,3.4761793944213406,1.2394952124334135,1.6522301809766164,1.6521139673384229,3.3453465147510584
auth_caucasian_f_9765_subdiv__fbx_backup_head.glb,pca_gnm_variation_001_bad,caucasian,female,9765,9765,0.04746476988682818,0.14450674711437037,0.05451869561769075,0.05451316106044532,0.08852274171793764,0.08825210873651505,0.08648981214598374,0.0860006270985819,0.03859131558465806,0.034939281069263944,0.0615290189718604,0.021659169985582708,0.06451687587706577,0.16744001273362655,0.17293656604216096,0.058163783889267254,0.08026375720481618,0.08034320837256384,0.16085099409542009,3.044505376491292,1.148613924552494,1.1484973210746172,1.8650199280225175,1.8593181626485809,1.8221896440708396,1.811883367466777,0.813051778754487,0.7361097747354687,1.2963092229998392,0.4563209731602067,1.359258162019862,3.527669324698283,3.6434721258419525,1.2254095833172496,1.6910175145943342,1.6926914122649033,3.388850182544705
auth_caucasian_f_9766_subdiv__fbx_backup_head.glb,pca_gnm_variation_001_bad,caucasian,female,9766,9766,0.04725911831209713,0.1453907231740412,0.054829821611890116,0.054812858077299687,0.08766240497612528,0.08750022648688395,0.08662010129541163,0.08610073308611346,0.03692460668459993,0.03488277473280825,0.06127916552729874,0.021911619932237295,0.06355324636765751,0.16991368730847717,0.1702711721899968,0.05553957018976097,0.08015143086068374,0.08027023569926381,0.1613266648206863,3.076458646855984,1.1601956102904079,1.15983666295503,1.854931029335051,1.8514993426038193,1.8328759483699275,1.8218861494094754,0.7813223776362365,0.7381173407096583,1.2966633258499205,0.4636485130241729,1.3447827347932029,3.595363040553882,3.6029273983812713,1.175213845992219,1.695999284865351,1.698513187850072,3.4136621795458
auth_caucasian_f_9767_subdiv__fbx_backup_head.glb,pca_gnm_variation_001_bad,caucasian,female,9767,9767,0.0476684034327908,0.14732975631501793,0.05524545080198339,0.05523666449487275,0.08873694776171769,0.08847248611597296,0.08821175461120875,0.087826775127716,0.0395592029299122,0.03548694620400664,0.061774742837695566,0.022090813490487766,0.06533472700285324,0.1700499583870803,0.17263917883304777,0.056717231172006236,0.08077366603210022,0.08085359322086474,0.16162522526571316,3.0907214361131863,1.1589532441520873,1.1587689227467557,1.8615464620465154,1.8559985177752625,1.850528825358737,1.842452626959612,0.8298831108469571,0.7444542642180332,1.2959264080407842,0.4634267544041895,1.3706086694296518,3.567351665696947,3.6216689966647877,1.1898286304464478,1.6944906943649913,1.696167427442012,3.3906154523004677
auth_caucasian_f_9768_subdiv__fbx_backup_head.glb,pca_gnm_variation_001_bad,caucasian,female,9768,9768,0.04647511639035278,0.14427903067542155,0.05479828787219794,0.054802065482886186,0.08839529092379553,0.08818050000842168,0.08638449948806513,0.08596737319137666,0.03855471653713765,0.03534245614968296,0.06165423069236423,0.0215036601103199,0.06558826915125072,0.16816434317806236,0.1717910244312373,0.05703113967347894,0.07984044228390344,0.07990979315327928,0.1602169762621305,3.1044361344594873,1.1790887711165123,1.1791700535528276,1.9019918138848266,1.8973701812337154,1.8587258343261872,1.8497505733890236,0.8295776219968922,0.7604597663152767,1.3266073434764394,0.46269190440980995,1.4112556190362853,3.618373793098657,3.696408697254976,1.2271327992912215,1.7179180706791424,1.719410285755988,3.447371167754365
auth_caucasian_f_9769_subdiv__fbx_backup_head.glb,pca_gnm_variation_001_bad,caucasian,female,9769,9769,0.044770485510492224,0.14306671867295742,0.05710027980421868,0.057144716473032126,0.08780861747532702,0.08772083740674273,0.08621542922716462,0.08588161210708001,0.03678082936687827,0.033506709990629255,0.059615934912003066,0.021377249436017973,0.06119271918015023,0.17094369608581123,0.1669465102382783,0.053850050772178276,0.08045514657391756,0.08060876090813,0.16287137066379412,3.195558793737649,1.2754000577196531,1.2763926015419227,1.961305902183003,1.9593452339529542,1.9257202204554946,1.918264033275966,0.82154189188452,0.7484106908507115,1.331590091825824,0.47748531632537444,1.3668093718976837,3.818222968472155,3.7289412507968764,1.2028024748482615,1.797057719087331,1.8004888709379503,3.6379183474707744
auth_caucasian_f_9770_subdiv__fbx_backup_head.glb,pca_gnm_variation_001_bad,caucasian,female,9770,9770,0.04618311640986399,0.14239505963107743,0.05645738824342282,0.05648134393111803,0.0877771726330244,0.08770514178112648,0.08654658487332022,0.08623488331401938,0.03500617157517003,0.03341209184945094,0.05905102797629452,0.02159569669888339,0.06167597405513115,0.16954266376147129,0.16910718703462838,0.055897814579535486,0.08019929168299683,0.08034464406540205,0.1619700549614389,3.0832709158766094,1.222468136242196,1.2229868471815493,1.9006333798270176,1.8990737005005152,1.8739875435265174,1.8672382900431759,0.7579863442843208,0.7234698402101474,1.2786280477963186,0.4676102086144816,1.335465833612695,3.6710962131013667,3.6616668640081143,1.2103517242850372,1.7365500190859253,1.7396973247184697,3.5071270098794076
auth_caucasian_f_9771_subdiv__fbx_backup_head.glb,pca_gnm_variation_001_bad,caucasian,female,9771,9771,0.04691035558967778,0.144744700119346,0.0566386887956588,0.05661104333536799,0.08837614298386334,0.08822103473628706,0.08604967928389065,0.0856969533942329,0.037987349782587596,0.03386146336467349,0.06151080609876504,0.021736954662875976,0.06127577478022907,0.16977812441220244,0.16927512580294482,0.05542326547993944,0.07997233972381579,0.08005318673016164,0.16142275809988724,3.08555964455737,1.2073813571373069,1.206792031817912,1.8839367528330941,1.880630270807398,1.8343429334998507,1.8268237858569927,0.8097860121731072,0.7218334403784483,1.3112415228056802,0.463372199797586,1.306231300316817,3.6192035271964698,3.608480977709586,1.181471868700455,1.704790737962622,1.7065141741917782,3.4410900550795853
auth_caucasian_f_9772_subdiv__fbx_backup_head.glb,pca_gnm_variation_001_bad,caucasian,female,9772,9772,0.04576776632717262,0.14203565661441686,0.05534754766002734,0.055353098997443,0.08619514171334478,0.08615014922425378,0.08544449692687378,0.08514443180432613,0.036594077302837036,0.03238599798073862,0.0589496033753812,0.021769390788595813,0.06063560245350038,0.17064166940509737,0.16886509665081184,0.055665481477417185,0.080348011492113,0.08043064179420131,0.16221086823848727,3.103399357510034,1.2093128439866017,1.2094341375925857,1.8833154560608338,1.8823323954331999,1.8669142888921113,1.860358034422478,0.7995600449723258,0.7076158742208672,1.28801573915532,0.4756489672879488,1.3248538724840637,3.7284246774303758,3.6896075601259035,1.2162595194069636,1.7555589433345336,1.7573643690461058,3.5442164050331124
auth_caucasian_f_9773_subdiv_caucasian_head.glb,pca_gnm_variation_001_bad,caucasian,female,9773,9773,0.0472940732351178,0.14854279161961376,0.05589595078472192,0.05589921261253512,0.08326877391738778,0.0832587159904782,0.08549686501105609,0.08526157450949731,0.03401986714738101,0.03087953333877621,0.06049893798501707,0.02015825368386234,0.05222256966124207,0.17406785596969115,0.16235475686480877,0.04879812160802509,0.08288772983205805,0.08289214438839856,0.16895163060660334,3.1408331204873807,1.1818806662484058,1.181949635309222,1.7606598083321205,1.7604471405236284,1.8077712314187213,1.8027961788283247,0.7193262246255384,0.6529260693038992,1.2792076014314224,0.42623213237835483,1.104209599406309,3.680542699384975,3.4328774359881877,1.0318020476990861,1.7526028984644633,1.7526962411613074,3.572363703305424
auth_caucasian_f_9774_subdiv__fbx_backup_head.glb,pca_gnm_variation_001_bad,caucasian,female,9774,9774,0.04620997495076835,0.14685598087478177,0.05609109425069657,0.05612989749362665,0.08225194619388626,0.08219199650888868,0.08369004576358526,0.08346841541552447,0.038740339079166866,0.029650651061655157,0.057881053070630226,0.019396322539204355,0.05115180686499863,0.17555917066965404,0.15928607126070507,0.0475526230960408,0.08249688565820308,0.08248395642227026,0.1689733194735259,3.1780147258517384,1.2138308733223826,1.2146705890541358,1.7799608478800666,1.778663515755099,1.8110818249251988,1.8062856667732647,0.8383544704458387,0.6416504465376722,1.2525662074540427,0.41974319527048015,1.1069429689043386,3.7991617796091224,3.4470062238814645,1.0290553748774567,1.7852614234501198,1.7849816302680936,3.656641659155808
auth_caucasian_f_9775_subdiv__fbx_backup_head.glb,pca_gnm_variation_001_bad,caucasian,female,9775,9775,0.04927310685571639,0.14819184162033272,0.05499007158285061,0.05499455618558776,0.08366086554728176,0.08359912304295788,0.08367946030731775,0.08345603078712219,0.035338575285048406,0.030725211567126192,0.05807876887511092,0.019185626728282494,0.05088252765101027,0.17336527277616914,0.15948336211402236,0.04780569972203935,0.08288325364103624,0.0828735039499361,0.16880411662720066,3.007560332135629,1.1160260655751804,1.1161170807967349,1.6979011652798974,1.6966480982771472,1.698278546801433,1.693744034276176,0.7171980323572518,0.6235696006971321,1.1787113210697195,0.38937318859276854,1.0326632700472218,3.5184562906460255,3.236722266794102,0.9702189038338102,1.682119495402198,1.6819216249669384,3.425887414030945
auth_caucasian_f_9776_subdiv__fbx_backup_head.glb,pca_gnm_variation_001_bad,caucasian,female,9776,9776,0.04654563052046739,0.14789361671631998,0.05630475669276133,0.05627782190258458,0.08329582488612557,0.08329865824223832,0.08442813169227291,0.08420602409684166,0.036533138985792954,0.030753020179994647,0.058915479232676336,0.020049147053081178,0.05142073226112101,0.17356796605802968,0.1606909506259181,0.048088985462695855,0.08230070588513332,0.08231295146384755,0.16847048769514897,3.1773899088398236,1.2096679336635603,1.2090892587186606,1.7895519720051511,1.7896128446602442,1.8138787840707744,1.809106959241082,0.7848886904588892,0.6607069199862209,1.2657574636736222,0.4307417652074778,1.1047381179745734,3.7289851725546415,3.452331590078211,1.0331578909764647,1.7681725430476969,1.7684356306582267,3.619469449899661
auth_caucasian_f_9777_subdiv__fbx_backup_head.glb,pca_gnm_variation_001_bad,caucasian,female,9777,9777,0.0488035490113522,0.14578807753362336,0.05407720014401985,0.05395672841636955,0.08690922533746656,0.0868443113775352,0.08575285955855652,0.08550720444483953,0.03555609069171552,0.036833234295403784,0.05902911271685693,0.020132536290415774,0.0704849728105759,0.17802105143644936,0.1756766379162885,0.06213870947263172,0.08250768319081421,0.08255384843811525,0.1656723570823035,2.987243356004941,1.1080587629281007,1.1055902595079443,1.7807972390952673,1.779467131731226,1.7571029422185984,1.752069392022078,0.728555431152042,0.75472450347486,1.2095250020265158,0.41252197223879644,1.444259162262572,3.647707083659835,3.5996693165782743,1.2732416131904183,1.6906082623544876,1.6915542027263712,3.3946784698745254
auth_caucasian_f_9778_subdiv__fbx_backup_head.glb,pca_gnm_variation_001_bad,caucasian,female,9778,9778,0.04887832089986763,0.1491837281736654,0.055281671941701034,0.055206380331195244,0.08450512500833664,0.0845792594011093,0.08509780728979939,0.08483452212548238,0.03621216755887416,0.03453101539681578,0.058077002841731874,0.023224161910816242,0.06651388287553182,0.17971500046346464,0.17068760716304376,0.05784602683465081,0.0832827609594414,0.0833244964303864,0.16765634084960562,3.0521451111073135,1.1310059536404973,1.1294655649953955,1.728887642876568,1.7304043560411742,1.741013310668572,1.7356267679340869,0.7408635749386437,0.7064689367614774,1.1881955388915408,0.47514238384729657,1.3608053969732818,3.6767834318946777,3.492092281826032,1.1834700081689482,1.7038793359954996,1.7047332006573095,3.4300757015173913
auth_caucasian_f_9779_subdiv_caucasian_head.glb,pca_gnm_variation_001_bad,caucasian,female,9779,9779,0.04729515440356125,0.14808827718153042,0.055756722329930425,0.05565822400619512,0.0864217237354243,0.08636672554523646,0.08436710731198631,0.08415134701806087,0.035906397241434906,0.035644827268401166,0.05846200300678426,0.023339920266925135,0.06777753701173292,0.17928631631821323,0.17312782018326492,0.06038792197296418,0.08338577172649635,0.08341283894177974,0.1671909847825576,3.131151151720938,1.1789098277207872,1.176827197375724,1.8272849475868689,1.8261220760225105,1.7838425178210984,1.779280522059664,0.7591982243054314,0.7536676371589807,1.236109782155234,0.4934949586541084,1.43307571074616,3.790796722818464,3.660582619225547,1.2768310566804506,1.7630933396470216,1.7636656438423401,3.535055269213126
auth_caucasian_f_9780_subdiv__fbx_backup_head.glb,pca_gnm_variation_001_bad,caucasian,female,9780,9780,0.04670237309404306,0.14798000140020456,0.055943935691571994,0.0558910399879754,0.08512093186198227,0.08516103965455735,0.08241794791430446,0.08208620609911801,0.03539622120795117,0.03404324412809667,0.0565017813472281,0.023495418627456067,0.06645298291196503,0.1782895255160773,0.17162737839660083,0.06073342830837869,0.08360951205398522,0.08363926216633777,0.16777482775088892,3.168575633238637,1.1978820771895144,1.1967494644314842,1.822625409003885,1.823484204605006,1.7647486081347963,1.757645289968963,0.7579105484998576,0.7289403486958765,1.209826773330175,0.5030883244443296,1.4229037736080519,3.8175688665126595,3.6749177188705233,1.3004355942701615,1.790262603693038,1.7908996186963793,3.592426179565783
auth_caucasian_f_9781_subdiv_caucasian_head.glb,pca_gnm_variation_001_bad,caucasian,female,9781,9781,0.045873382824890924,0.14907763192800969,0.05663046819335827,0.0566470339669566,0.08696569130252646,0.0867286475125308,0.08697351042793401,0.0868047576179,0.03798596358731897,0.03294428565990358,0.05924063918224375,0.0208526982219131,0.06088387533664608,0.17477977572970504,0.1678578012871027,0.052129209504410474,0.08383462599079905,0.08385974445429623,0.1682831349083598,3.249763212298354,1.2344951408865916,1.2348562603981297,1.8957767216447536,1.8906093724021544,1.8959471718039973,1.8922685067559415,0.8280610944329085,0.7181568838221364,1.2913946069418658,0.45457075405824254,1.3272157313763757,3.810047678342776,3.659154632826053,1.1363716014447736,1.8275222106644016,1.8280697714055192,3.668426537252214
auth_caucasian_f_9782_subdiv__fbx_backup_head.glb,pca_gnm_variation_001_bad,caucasian,female,9782,9782,0.046049510242919846,0.1482163826766864,0.05620577091563919,0.05621017394435344,0.08810159909301085,0.0878750049765942,0.08600616925384073,0.08566455624217931,0.03780470101228026,0.03500064247190704,0.060250812977094254,0.02150775356933346,0.062174875016962325,0.1730566029767202,0.16917498007108026,0.054762819545178885,0.08322285005915209,0.08323957361608358,0.16696687074833844,3.21863103200918,1.2205508944425936,1.2206465095466634,1.913192966184837,1.9082723032891553,1.8676891198221648,1.860270734483008,0.820957721653354,0.7600654662182519,1.3083920471522903,0.46705716208220255,1.3501745119324426,3.7580552336781436,3.6737628517361065,1.1892161123168237,1.8072472349898157,1.8076103996976112,3.625812085026675
auth_caucasian_f_9783_subdiv__fbx_backup_head.glb,pca_gnm_variation_001_bad,caucasian,female,9783,9783,0.045509673731083236,0.14992285113037018,0.056928525998992,0.05692777162702792,0.08763004558231409,0.0874246568546044,0.0863990450552387,0.08615129983825126,0.0392294235206597,0.0336987462932095,0.059754371476728727,0.0218615821508398,0.059718433624821446,0.17236102432394987,0.16756323176711418,0.0522838727095791,0.08376315892864061,0.08378402471536331,0.16800937119270146,3.294307316204125,1.2509104401710895,1.2508938640917149,1.925525682739899,1.9210126042914941,1.8984764770182896,1.893032684596235,0.8620018625592979,0.7404743548005962,1.3130037325650243,0.48037220130427516,1.3122140575583514,3.787349154433221,3.681925578224219,1.148851846719988,1.8405572279774474,1.841015719217046,3.691728756076548
auth_caucasian_f_9784_subdiv_caucasian_head.glb,pca_gnm_variation_001_bad,caucasian,female,9784,9784,0.045060688752304894,0.14833367673406989,0.05660785075615738,0.056593683074523136,0.08746265667235796,0.08722543467007741,0.0859979166259038,0.08573295813941764,0.04014809115203831,0.033751428425355466,0.06016431632501276,0.02076308057478339,0.06242027791220921,0.17150529510822926,0.1683224125958125,0.053893699082986676,0.08271707914256836,0.08274489258749025,0.1662787655802736,3.2918643909206224,1.2562580005673314,1.2559435872277545,1.9409968887322915,1.9357323885915028,1.908490948698713,1.902610912378305,0.8909781954894043,0.7490215831117106,1.3351841259180777,0.46078036420873264,1.3852490860787465,3.8060957312699,3.73546027050469,1.1960247518460305,1.835681642534532,1.8362988866489036,3.6901070574907333
auth_caucasian_f_9785_subdiv__fbx_backup_head.glb,pca_gnm_variation_001_bad,caucasian,female,9785,9785,0.04554557851928912,0.14913567191468607,0.05662743872348617,0.05661521316454522,0.08722956011271221,0.08708269213674595,0.0854637122157344,0.08523461622113884,0.03603119118756654,0.03697252245481612,0.05949149422195572,0.024100845674624744,0.05805525193922857,0.17656135719567165,0.1655806970377054,0.051028520312305384,0.08484243803941281,0.0848576687238667,0.17065643525367205,3.274426997376381,1.2433136336055923,1.2430452088904298,1.9152146695374481,1.911990032135948,1.8764436635608757,1.8714136254749936,0.7911018447664878,0.8117697404844204,1.3061969164967424,0.5291588439131965,1.274662740635547,3.8765861129834085,3.6354944304325807,1.1203836238614067,1.8628029503123114,1.8631373556475612,3.746937481129961
auth_caucasian_f_9786_subdiv__fbx_backup_head.glb,pca_gnm_variation_001_bad,caucasian,female,9786,9786,0.04555040417934959,0.1502598845782191,0.05690811498667704,0.0568874175406362,0.08790223825430747,0.08777147668466082,0.08484192885972376,0.08463428552810262,0.03523785659452716,0.03771847996195301,0.0591997720572618,0.02379980814333451,0.05935291386709844,0.17715543649474716,0.16694993550493017,0.052901720174873934,0.08501502239509764,0.08503105651385598,0.17097942537469593,3.298760730784906,1.2493437986325597,1.2488894130697148,1.929779545055238,1.9269088445202482,1.862594424533934,1.8580358847061957,0.7736014033109797,0.8280602695300077,1.2996541550799277,0.5224938959844448,1.3030161847390644,3.8892176630797293,3.665169135439141,1.1613886007812215,1.8663944684301934,1.8667464766954813,3.753631355311002
auth_caucasian_f_9787_subdiv_caucasian_head.glb,pca_gnm_variation_001_bad,caucasian,female,9787,9787,0.046021942694321596,0.14937181073545602,0.0567275800938906,0.05663769076518583,0.088909835645186,0.0887579350353135,0.08600939539177227,0.0858537837141039,0.038360511069770634,0.03789665871822673,0.05957307280045536,0.024972652674385736,0.06222405812034514,0.17592828769753066,0.16958236282283248,0.05475704097427926,0.08421487437049639,0.0842315742359255,0.16925235871493688,3.2456650456410703,1.2326202844298861,1.2306671002867955,1.9319009681039847,1.9286003553749345,1.8688779820323516,1.8654967323814635,0.8335265489456127,0.8234476099789372,1.2944493281420248,0.5426249135168946,1.352051966463872,3.82270450567567,3.684815392283654,1.1898029020195064,1.8298852556019374,1.8302481230614889,3.6776448104138817
auth_caucasian_f_9788_subdiv__fbx_backup_head.glb,pca_gnm_variation_001_bad,caucasian,female,9788,9788,0.04560163239915411,0.14675318620352848,0.0559948078239303,0.05595183734666447,0.08695237699476273,0.08676514544450022,0.08580220577152366,0.08565276293533633,0.04427427599430699,0.032994795386584196,0.058791543442246644,0.023647821120584687,0.05894297082775008,0.17062888411567703,0.16764339711801202,0.052835926341640096,0.08380320802677177,0.08382208624314938,0.16773516733113994,3.218156422976005,1.2279123548430029,1.2269700535479593,1.906782113273113,1.902676305204146,1.8815599630401663,1.878282825176345,0.9708923489135504,0.7235441726686134,1.2892420808018532,0.5185740044039157,1.2925627379260978,3.741727546552525,3.6762586841325824,1.1586411179135812,1.8377238624537986,1.8381378436072005,3.67827111676492
auth_caucasian_f_9789_subdiv__fbx_backup_head.glb,pca_gnm_variation_001_bad,caucasian,female,9789,9789,0.04720531754905303,0.14942102137256902,0.056485006806984046,0.05649939930952538,0.08303112126992135,0.08300281620418698,0.08430678801129103,0.08395887186942917,0.03261560549427443,0.03096775781243545,0.05823594222245206,0.019080478911725627,0.04838698106357969,0.17188902991533084,0.1605297966894678,0.047611344669549284,0.08281727908948587,0.08281632353244386,0.16963311285085103,3.1653429980065138,1.1965814391204572,1.1968863306726936,1.7589357636168896,1.7583361475735284,1.7859595568589133,1.7785892824931,0.6909307507651482,0.6560226563512798,1.2336733496588947,0.4042018972099552,1.0250324238005337,3.6413065061306646,3.4006718951239874,1.0086013004800642,1.7544057193011562,1.7543854767290983,3.593517037028257
auth_caucasian_f_9790_subdiv_caucasian_head.glb,pca_gnm_variation_001_bad,caucasian,female,9790,9790,0.04597142287206014,0.1496592612617462,0.056817581003074207,0.05683047976086537,0.0829759608550459,0.08292287775986337,0.08397032399384358,0.08368398076129312,0.03030558186061963,0.030707100450193783,0.05789188536054963,0.019174704557233416,0.048057593135432106,0.16993881139644307,0.16031648689342246,0.04759050949486649,0.08271576865167629,0.08272577270197676,0.16915208115783886,3.255484644846701,1.2359326175567646,1.2362131996441859,1.8049465444210964,1.8037918467444494,1.826576571874565,1.8203478494496064,0.6592265361235605,0.667960627097677,1.2593015778881698,0.41710052374487516,1.0453797192481478,3.696618481211424,3.4873074809885285,1.0352194150551381,1.7992866760264694,1.7995042905721037,3.6795050183370273
auth_caucasian_f_9791_subdiv_caucasian_head.glb,pca_gnm_variation_001_bad,caucasian,female,9791,9791,0.04680842178348465,0.14821209346961364,0.05634134912214282,0.056335688359549975,0.08150136667103691,0.08139811439714052,0.08372603720936354,0.08342284845830686,0.02983090733538477,0.02957266388609963,0.05778916650265705,0.01922559872176824,0.046836483844191736,0.1708417261569477,0.16006616983907052,0.04752373462749918,0.08244009974093743,0.08245142549407906,0.16952433437637077,3.1663552801497596,1.2036583797410076,1.2035374450378675,1.7411688658939775,1.7389630176734587,1.7886960085226478,1.7822187820000552,0.6372978664687637,0.6317808368521776,1.2345890824938415,0.4107294796371789,1.0005995087985853,3.6498074416434516,3.4196019378620974,1.015281712494458,1.761223655911096,1.7614656156420614,3.621663109269448
auth_caucasian_f_9792_subdiv_caucasian_head.glb,pca_gnm_variation_001_bad,caucasian,female,9792,9792,0.04767505119720578,0.1472012569921351,0.05532932574987181,0.05536225029222306,0.08236790857290781,0.08221109805068583,0.08410533893585928,0.08385166053086489,0.03089308214866816,0.02956201661059798,0.05705088529275706,0.0186588902620082,0.04753304703254886,0.17146949629868113,0.15976120626218462,0.047386013099011436,0.08255373989559936,0.08255604072720783,0.1692984700612309,3.087595152929013,1.1605509456299157,1.1612415488180499,1.7276941818519822,1.724405029176019,1.7641373595585916,1.7588163709361555,0.6479926370897907,0.6200730962682343,1.1966612276255046,0.3913764074384841,0.9970214155812959,3.5966295157063386,3.351044251664027,0.993937330093286,1.7315920554362783,1.73164031614184,3.5510915208236504
auth_caucasian_f_9793_subdiv__fbx_backup_head.glb,pca_gnm_variation_001_bad,caucasian,female,9793,9793,0.045892283179565785,0.15040000860779085,0.05726958385294589,0.05721808650297001,0.08993348696670839,0.0897123454005985,0.08452490045166303,0.08443211441023955,0.034433518247734274,0.0368518550097961,0.05955771180650458,0.022737386736278908,0.05999849555963669,0.17416343930655045,0.16734995223590265,0.05408526355129349,0.08457734873454466,0.0845840021641531,0.16954196249048087,3.2772396182449834,1.2479131541323274,1.2467910188536273,1.9596646916611156,1.9548459824841367,1.841810748899479,1.8397889266018081,0.7503117269847734,0.803007661780596,1.297771818705754,0.49545119922041847,1.307376565355805,3.7950484752543168,3.646581530517917,1.1785263186769437,1.8429536051543405,1.84309858442204,3.69434577545647
auth_caucasian_f_9794_subdiv_caucasian_head.glb,pca_gnm_variation_001_bad,caucasian,female,9794,9794,0.04609098304871024,0.15323233671480635,0.058028309054157366,0.05790570686174315,0.08773535174564935,0.08765170851173,0.08569746330706685,0.08554873720358379,0.03555064318081367,0.03709427167593693,0.059367392434920424,0.023423886743582638,0.05859830451327923,0.1760028385876862,0.16576293077452764,0.051336509878638976,0.08506307878322615,0.08506789592996497,0.17075029762940516,3.3245621286242937,1.2589948231920205,1.2563348193408412,1.9035252872113442,1.901710545403148,1.8593108160982241,1.8560840221865846,0.7713144921045133,0.804805391907885,1.2880478676746665,0.5082097450346768,1.2713615687335396,3.8185958932939545,3.5964286246475745,1.1138080917993247,1.8455470713941837,1.8456515852582889,3.7046356214392624
auth_caucasian_f_9795_subdiv__fbx_backup_head.glb,pca_gnm_variation_001_bad,caucasian,female,9795,9795,0.04550598338871586,0.1525934838328864,0.05789617921984643,0.05783469659541013,0.08822023012399223,0.08791582203952202,0.08452106274386598,0.08437237025533664,0.04709684200630384,0.032701120310770854,0.059683522294819026,0.024594737420613154,0.061342382321312464,0.17478136818324386,0.1693706735971758,0.055823928698424945,0.08499374174259268,0.0849988942133777,0.17015484721687785,3.3532619772090255,1.2722761911393607,1.2709251023405292,1.9386512180257212,1.9319618101324791,1.8573615258872684,1.854093988797493,1.0349593284030087,0.7186114413007009,1.3115532914649368,0.5404726057785166,1.3480069598171471,3.8408436686280796,3.721942939907431,1.2267382120186778,1.8677487093635388,1.867861935590099,3.73917525885335
auth_caucasian_f_9796_subdiv__fbx_backup_head.glb,pca_gnm_variation_001_bad,caucasian,female,9796,9796,0.04525732038303582,0.15060560421043828,0.05743385280647509,0.057417496545664054,0.08847340223412771,0.08815452117639877,0.0843882647826739,0.08426932679239992,0.04539298089099987,0.03419536833955445,0.059871586529981,0.02323813512871588,0.060516739472715096,0.17475612682788208,0.1678718872802496,0.05451214807798268,0.08498132531635934,0.08498417244441571,0.1701676398765262,3.32776229206206,1.2690511130659758,1.2686897072056067,1.9548970527934952,1.9478510974644991,1.864632374794904,1.8620043360761431,1.002997537344586,0.7555765133715735,1.3229149676396477,0.513466880761823,1.337170185077928,3.8613891708309662,3.7092758886178867,1.2044934966679097,1.8777365649826143,1.877799474762342,3.760002546246895
auth_caucasian_f_9797_subdiv__fbx_backup_head.glb,pca_gnm_variation_001_bad,caucasian,female,9797,9797,0.049359182449494145,0.14949010317746245,0.055218789470085676,0.05515427054658158,0.08987951813534942,0.08970901735071914,0.08643145891602198,0.08631436113887204,0.03611387277530647,0.0384407115773373,0.05750089605209316,0.022315215965059126,0.06895517441081227,0.17689575294164597,0.17452430021098844,0.06024586415355149,0.08382507896477635,0.08390096711568176,0.16758205372173182,3.0286178935484878,1.1187136157813649,1.1174064846600154,1.8209280153154268,1.8174737282675255,1.7510715256368226,1.7486991650883115,0.731654597647749,0.7787955486635346,1.1649483074588982,0.45209857330786934,1.3970080335380222,3.5838468986525704,3.5358020848414,1.2205604137628685,1.6982671674221668,1.699804635166554,3.3951545671001946
auth_caucasian_f_9798_subdiv__fbx_backup_head.glb,pca_gnm_variation_001_bad,caucasian,female,9798,9798,0.048954040602468434,0.15079163165458936,0.05585990715670723,0.05572753396573548,0.09032202355398256,0.09014512972948133,0.08604045718013471,0.08594062242246282,0.03607054862266273,0.04038372149764747,0.05863166467149822,0.022500443410251068,0.0707363324161773,0.1787079278984602,0.17858058440636446,0.06465607514464639,0.08428446977663007,0.08429281157117648,0.16828883622081345,3.080269366916894,1.1410683667629793,1.1383643368332195,1.8450371499963214,1.8414236827048736,1.7575762106917125,1.7555368538491876,0.736824747839996,0.8249313233525238,1.1976879528212387,0.45962382539504854,1.4449539107627927,3.650524567515457,3.647923280869277,1.320750531497214,1.721706088799954,1.7218764893316312,3.4376904163520208
auth_caucasian_f_9799_subdiv__fbx_backup_head.glb,pca_gnm_variation_001_bad,caucasian,female,9799,9799,0.05019770662135249,0.1511126982549828,0.0556851614706675,0.055543578173509724,0.09195600782120107,0.09169987156908606,0.08575984544485625,0.08569642336705426,0.03687386721189938,0.039073924176056395,0.059878569787311535,0.02783689368780073,0.07109452865841634,0.17702928995181433,0.1783990688259006,0.06499608426128839,0.08437099136489531,0.0844069170027539,0.168604590572846,3.010350640017174,1.1093168437097647,1.1064963304495523,1.831876673467109,1.8267741245788285,1.7084415049427133,1.7071780592183816,0.7345727463217298,0.7784005845286087,1.1928546903344208,0.554545128879649,1.4162903734764452,3.526640993525225,3.5539286719129786,1.2948018671761619,1.6807738250138824,1.68148950786628,3.358810629430768
auth_caucasian_f_9800_subdiv__fbx_backup_head.glb,pca_gnm_variation_001_bad,caucasian,female,9800,9800,0.04859962648548561,0.14853268874284692,0.05532540820206157,0.05520309080506291,0.09071014787630556,0.09051774019186151,0.0859668422029464,0.08589248647918359,0.03638550813592743,0.037190604212492095,0.058107508000687313,0.02672974782905816,0.06940026246064697,0.1761807211322582,0.17708440155681326,0.0628455952837882,0.08379637950786611,0.0838291049588558,0.16764324294463365,3.0562516522057335,1.138391633906582,1.1358747956951776,1.8664782928608794,1.8625192565810118,1.7688786605925992,1.7673486956702347,0.7486787608706015,0.7652446510797599,1.1956369256879218,0.5499990383062113,1.4279999143897437,3.625145579768498,3.643739970094213,1.2931291828458227,1.7242185911221375,1.7248919594863874,3.449475954196905
auth_caucasian_m_9801_subdiv__fbx_backup_head.glb,pca_gnm_variation_001_bad,caucasian,male,9801,9801,0.049591850001867055,0.15543909709556197,0.05711988309960543,0.057054643664030916,0.08912806844901337,0.08891072727235466,0.08542992883192076,0.08532957551268448,0.036423757606249926,0.03810152087324746,0.05974446808386478,0.01886349155478349,0.06665434939725184,0.1799112633773046,0.17085511377962617,0.05771777419070685,0.08486867040316785,0.0848911954639663,0.17224425077927255,3.1343677860315746,1.1517998037470867,1.1504842763857952,1.7972321751589795,1.7928495764728944,1.7226606555049762,1.7206370705967202,0.7344706358984113,0.7683020672109026,1.2047235197238153,0.38037483082549467,1.3440585377384069,3.627839319777972,3.4452256524649463,1.1638560406303429,1.7113431017389487,1.7117973106623423,3.4732370494907494
auth_caucasian_m_9802_subdiv__fbx_backup_head.glb,pca_gnm_variation_001_bad,caucasian,male,9802,9802,0.05089237460644069,0.1549717577435629,0.05677493596410425,0.056805136997575036,0.08700896112105906,0.08694058016827418,0.08615109031582838,0.08610814045986719,0.03569060592619257,0.03556519126179142,0.05924388023853296,0.019771624191742162,0.06708557704528538,0.18104239558551735,0.17471473887396066,0.06089594631263629,0.08487193465633404,0.08489387053974164,0.1722778381039275,3.0450879712724275,1.1155882664771373,1.1161816959192556,1.7096659724352423,1.7083223339567142,1.692809403806548,1.691965468810523,0.701295748178269,0.6988314366704842,1.1641013157015343,0.388498755356563,1.3181852402067982,3.557357992932118,3.4330239102627687,1.1965632726622584,1.6676748788529325,1.6681059038066162,3.3851404937612175
auth_caucasian_m_9803_subdiv__fbx_backup_head.glb,pca_gnm_variation_001_bad,caucasian,male,9803,9803,0.05022556079501755,0.1548305687955871,0.05714163601443922,0.05709064895576368,0.08780364854864223,0.08771388207517103,0.08638064059420487,0.08628212286445856,0.03625916729385339,0.03519539707956576,0.058432231689079184,0.021083111765832014,0.06859507504654927,0.1816035807476237,0.17450068051636294,0.0607309078662331,0.08481768414544583,0.084830691547709,0.1718745456158338,3.0827046297698386,1.137700308566943,1.1366851470064054,1.7481865241284171,1.7463992574050538,1.7198541783683572,1.7178926725496688,0.7219265792140315,0.7007467218376424,1.1633963018861055,0.4197685686751653,1.3657403513422592,3.615760140315627,3.4743401119709088,1.2091633603473413,1.6887354327731046,1.6889944125048841,3.422053291098026
auth_caucasian_m_9804_subdiv__fbx_backup_head.glb,pca_gnm_variation_001_bad,caucasian,male,9804,9804,0.05066759595741174,0.15714381041816555,0.057374725375277845,0.057415842479083615,0.08891597201728696,0.08872155048118867,0.08591633418092304,0.0858514981342422,0.03626834907523354,0.03597500284603757,0.059853259545447825,0.018628932716613065,0.06737632619967036,0.18184179070364467,0.17429483939263912,0.060831343662517766,0.08562076574631058,0.08564551173161636,0.17319194973878366,3.10146568923956,1.1323751263727557,1.133186633274333,1.754888313470104,1.7510511166893112,1.6956860209657343,1.6944063856197955,0.7158095502640114,0.7100199282451862,1.1812926667323436,0.36766956009263735,1.3297715221441138,3.5889168859815332,3.439966631516153,1.200596604457987,1.689852540433899,1.6903409390807693,3.4181994717957176
auth_caucasian_m_9805_subdiv__fbx_backup_head.glb,pca_gnm_variation_001_bad,caucasian,male,9805,9805,0.046890554529116085,0.14711960405638053,0.055469172704495154,0.055474446995606996,0.08841906217344103,0.08814259019325875,0.08607889340863467,0.08577636885538874,0.04001533083227409,0.03519704428423267,0.062165986637272554,0.02157449383522473,0.06323611629865349,0.17003083297224747,0.16718730278320992,0.05398954946101558,0.08063753046689057,0.08069927248288945,0.1623650327640521,3.137510433258547,1.182949812846685,1.183062293732544,1.8856476120054915,1.8797514996016467,1.8357405723403226,1.8292888560771232,0.8533772149661205,0.7506211994651827,1.325767785464584,0.4601031924633846,1.3485896452640123,3.626121181114824,3.565479326532535,1.151394987821939,1.7196966697593592,1.7210133958381806,3.46263835850424
auth_caucasian_m_9806_subdiv__fbx_backup_head.glb,pca_gnm_variation_001_bad,caucasian,male,9806,9806,0.04749927640525283,0.14974174752353997,0.05611942818332974,0.05611037478257761,0.0876263296751926,0.08744638834546932,0.08570599600666523,0.0854236300538296,0.038629181590729,0.03449902970206749,0.05948202869268948,0.021386425302222904,0.06466041545710005,0.17001674400921835,0.17032581785973927,0.05649483856461974,0.08029719041750777,0.08035931600799798,0.16267804476537284,3.1525058665310612,1.1814796441219813,1.1812890433078787,1.8447929380562567,1.841004641826477,1.8043642449506285,1.7984196080170771,0.8132583170563223,0.7263064263912097,1.2522723122180344,0.45024739155516547,1.3612926417116833,3.5793544002370656,3.5858613172663687,1.189383140968693,1.6904929189327165,1.691800846025335,3.4248531151809853
auth_caucasian_m_9807_subdiv__fbx_backup_head.glb,pca_gnm_variation_001_bad,caucasian,male,9807,9807,0.04716578737312141,0.1499662931067223,0.056237268799592295,0.05618971342960848,0.0887219948781439,0.08843315467671962,0.08734240147095136,0.08685714212943337,0.03672632531342561,0.03568702425553981,0.0615393846871065,0.021607262009851046,0.06444860097118384,0.17034082122365504,0.1687938979829808,0.05406809012886678,0.08117168551509707,0.08124767038049985,0.1634048409357255,3.179556654495379,1.1923318136238832,1.1913235537679072,1.8810667608764298,1.874942826187514,1.8518168854046437,1.8415285096868976,0.7786645227162053,0.756629460528776,1.3047462602559294,0.45811303517355206,1.3664269073118764,3.6115335015212313,3.578735930933959,1.146341302460241,1.720986546306545,1.7225975628851866,3.464478174466897
auth_caucasian_m_9808_subdiv__fbx_backup_head.glb,pca_gnm_variation_001_bad,caucasian,male,9808,9808,0.04728963560342063,0.14467451105908893,0.054902590402495954,0.054919781069170795,0.0842967932521907,0.08434292972400284,0.0827629205234037,0.08264718953444597,0.035444464725213135,0.03103751560666395,0.05416946385070315,0.02117700536362086,0.05800347179062016,0.17011811885017425,0.16775064480337679,0.05507241970161293,0.07971711586713236,0.07980376697832228,0.16295380033245396,3.0593281003972064,1.1609856938403782,1.1613492125365046,1.7825638150210912,1.7835394298936407,1.7501281087777543,1.747680828576057,0.7495186687936608,0.6563280771911656,1.1454827925716746,0.44781494070318134,1.2265578080797173,3.5973658219068407,3.54730254659105,1.1645769521985774,1.685720662676583,1.6875530115641193,3.445867117670641
auth_caucasian_m_9809_subdiv__fbx_backup_head.glb,pca_gnm_variation_001_bad,caucasian,male,9809,9809,0.04751964510557304,0.13978193255720595,0.05491659733277156,0.054900619140336414,0.0871068894826664,0.08703358276927622,0.08662757893638534,0.08633921864503433,0.03644736650429704,0.03304522654453593,0.058461860387674223,0.021397275745973596,0.059639295707212076,0.16885038906557917,0.16329326855947995,0.051809556239927855,0.07939896277927684,0.07947860222437221,0.16164891680060847,2.9415609532995544,1.15566093161607,1.155324687681595,1.8330711285646917,1.8315284673510543,1.822984551840135,1.816916318571339,0.7669957640323904,0.6954013749707155,1.2302671928165956,0.4502827346129349,1.2550450571487466,3.553275465135505,3.4363318201702886,1.0902765819236242,1.6708660723976037,1.672541999162596,3.4017281998103663
auth_caucasian_m_9810_subdiv__fbx_backup_head.glb,pca_gnm_variation_001_bad,caucasian,male,9810,9810,0.04706063876145459,0.1433479345800163,0.055679981105549184,0.055680874286486035,0.08722214655190838,0.08714332453460276,0.08537830630911007,0.08513042284214349,0.035103428123176225,0.034158918136691314,0.05760990705664497,0.02153835739758927,0.05970095224461064,0.17029820504678003,0.16700407270959242,0.05517529739575966,0.08058557992537221,0.08067593259363502,0.16335609580950858,3.046026113386005,1.183153959889604,1.1831729392524082,1.8533991218017298,1.8517242185411693,1.8142190279627035,1.8089517074696035,0.7459190747731198,0.7258490117365228,1.2241633044690172,0.4576724405880875,1.2685963007690666,3.618697270770243,3.54869965867056,1.1724298447251729,1.7123775207100782,1.714297440852276,3.4711831396412487
auth_caucasian_m_9811_subdiv__fbx_backup_head.glb,pca_gnm_variation_001_bad,caucasian,male,9811,9811,0.04552662046433989,0.1438799585354272,0.05717625385182319,0.05716792838496457,0.0876352500501774,0.08754733505070644,0.08597550389396187,0.0856799731996201,0.03538015247174389,0.032963926597572746,0.057759873949299254,0.02128143747391854,0.06015125976078519,0.1704465754234393,0.16732140662643297,0.054539793405071174,0.08096825937080351,0.08103858133965894,0.16352859066970218,3.1603478814801456,1.2558861885346448,1.2557033182320898,1.924923246143877,1.9229921781538903,1.8884666381354795,1.8819752559215668,0.7771310962880821,0.7240582819757672,1.2687055037292179,0.4674504115803604,1.321232701818939,3.7438881622444775,3.6752432954581495,1.1979758841926589,1.778481656336085,1.7800262904015656,3.5919334446928897
auth_caucasian_m_9812_subdiv_caucasian_head.glb,pca_gnm_variation_001_bad,caucasian,male,9812,9812,0.047617022754859385,0.14415239303913094,0.056865867061610224,0.056750895261959644,0.08784920770805574,0.08777048654448606,0.0874648331310631,0.08721859167600521,0.03769530200323164,0.03252607165984034,0.0591070736977261,0.021351427338226134,0.06229045866367796,0.1695495108659349,0.1672778029626211,0.05466180766509518,0.08025835112663131,0.08031790499043436,0.16211030240752752,3.0273289823526395,1.1942339896882146,1.1918194792253813,1.8449118114821783,1.8432585967489736,1.836839602117652,1.8316683116670587,0.791635004088633,0.6830765507388008,1.2413013304510758,0.44839904099311184,1.3081552575086424,3.5606911364199503,3.5129832418082074,1.1479467741295704,1.6854970446139628,1.6867477289356105,3.4044611155573334
auth_caucasian_m_9813_subdiv_caucasian_head.glb,pca_gnm_variation_001_bad,caucasian,male,9813,9813,0.04633090431797992,0.1484394414258229,0.05651505231557117,0.056522549310461224,0.08303564854204827,0.08298312840611131,0.08430657620318198,0.08403233460914301,0.03293427931897483,0.030787950810471833,0.05789825445785805,0.018835154497265583,0.05337932932930064,0.17372458457277903,0.16339787822810056,0.050943314199801,0.08275088212731335,0.08273986712822619,0.16964618129571143,3.203896915265198,1.219813279009083,1.2199750931372642,1.792230256766737,1.7910966692248989,1.819661788264828,1.813742594627752,0.7108490499762126,0.664522984467708,1.249668127789794,0.40653543837598066,1.1521322563217353,3.749648040117375,3.526757800941298,1.0995536337940874,1.7860838968170045,1.7858461505599583,3.661620332972344
auth_caucasian_m_9814_subdiv__fbx_backup_head.glb,pca_gnm_variation_001_bad,caucasian,male,9814,9814,0.0475827226444301,0.15120136740426177,0.05678892003053579,0.056814309100265935,0.08436126203012438,0.08431592284573416,0.08499042796676608,0.08474083703994562,0.04002359928883308,0.03129220161618563,0.05893189495513046,0.019385298872779632,0.06023141857306105,0.17230226110456362,0.16694504016263445,0.05409963544043907,0.0824962647230087,0.08250272713432188,0.16880206773966963,3.177652706721711,1.19347773465803,1.1940113121483278,1.7729389438374115,1.77198609410813,1.786161515007692,1.7809161042167716,0.8411372251208944,0.6576378962175382,1.2385145632692975,0.40740205258197476,1.2658253926146779,3.621109754314003,3.50852223001528,1.1369596448842934,1.7337441016033468,1.733879915843349,3.5475495801505827
auth_caucasian_m_9815_subdiv__fbx_backup_head.glb,pca_gnm_variation_001_bad,caucasian,male,9815,9815,0.04849405794143304,0.15100681352684797,0.056538284372250315,0.0565628986828604,0.08435474607571261,0.08435451046172145,0.08557442737706789,0.08533350432398412,0.04029996966308552,0.03164417794967073,0.05921063645715854,0.021050809529867286,0.05802861930708177,0.17280753741991273,0.16491397206942177,0.05171985220305799,0.08263720465450616,0.08263330796361526,0.1692224592515037,3.113924054555736,1.1658806619263002,1.166388235671517,1.7394862310262635,1.7394813724105658,1.7646373805305657,1.759669286225595,0.831029024458138,0.6525372240015025,1.2209874564151355,0.43409049321652243,1.1966129825052743,3.563478594194258,3.4007047269294457,1.0665193716211745,1.7040686666046443,1.7039883126178608,3.489550399264917
auth_caucasian_m_9816_subdiv__fbx_backup_head.glb,pca_gnm_variation_001_bad,caucasian,male,9816,9816,0.04766207260963862,0.1525031925709624,0.057167707959320566,0.057188869964703716,0.08372704016341277,0.08367239568843202,0.0851178802862845,0.08486430773855426,0.041793393025302245,0.03068320157237289,0.059326476792138684,0.019507852219077245,0.06016312733571175,0.17392805973882777,0.16761161086646367,0.054506780872020454,0.08315750829013976,0.08316232605916314,0.17013958853200611,3.1996760573127476,1.199438145032737,1.1998821459799152,1.7566806389045029,1.7555341408193628,1.7858619154776594,1.7805416989229357,0.876868980658857,0.6437655748560099,1.2447313669725137,0.40929508833680484,1.2622851680928593,3.64919211892717,3.5166664328518493,1.1436091191090512,1.7447312661204533,1.7448323479400132,3.569706041226564
auth_caucasian_m_9817_subdiv__fbx_backup_head.glb,pca_gnm_variation_001_bad,caucasian,male,9817,9817,0.0502559249022774,0.14909775602785597,0.05474435252333782,0.05469193015760081,0.0871400889449498,0.08708149659848737,0.08567606692846795,0.08544881825834244,0.03571270504691437,0.036705899845515325,0.05865703743441558,0.019622934026342048,0.0703428967399245,0.17819215811523706,0.17586351375869363,0.06312883573581682,0.08325886844607504,0.08329119994920824,0.1670592952677606,2.966769715566402,1.0893114121327618,1.0882683039651389,1.7339266785835428,1.7327607992056113,1.7047953469180994,1.7002735184855833,0.710616810184226,0.7303795506080112,1.167166608682939,0.3904601112107443,1.3996936058127714,3.545694531773747,3.4993588139241307,1.256147128096255,1.656697565669557,1.6573409028123132,3.3241711418625215
auth_caucasian_m_9818_subdiv__fbx_backup_head.glb,pca_gnm_variation_001_bad,caucasian,male,9818,9818,0.04885219378712075,0.14996353404851798,0.05553275185637591,0.05539834956442559,0.0873397215078536,0.08726555457759978,0.0843805222246841,0.08416665115251087,0.0356815360324811,0.03795947935321698,0.05824509506544789,0.021620569468847415,0.0700320388986211,0.1787188202699344,0.17602031609545057,0.06365193410581582,0.08364171174974257,0.08366436834779542,0.16732629393264706,3.0697400141742235,1.1367504210428396,1.1339992182506786,1.7878362205891272,1.7863180302172268,1.7272616782038954,1.722883756649232,0.7303978238514249,0.7770271181398717,1.1922718418595042,0.4425711066950569,1.4335495188566973,3.658358129191146,3.6031199921641197,1.302949349279721,1.712138294427908,1.7126020729462603,3.4251541427554164
auth_caucasian_m_9819_subdiv__fbx_backup_head.glb,pca_gnm_variation_001_bad,caucasian,male,9819,9819,0.04901375322744582,0.15173161204501376,0.05599394289141416,0.05591016221447173,0.0864354166314799,0.08637529606858955,0.08093669889871873,0.08065252963416615,0.03590079679222493,0.034663310340445765,0.05756984746918195,0.021608848683185345,0.06619146462717626,0.1803744362852958,0.17100361527410765,0.06263135969922234,0.08308628080022666,0.08310735309704823,0.1685876399795499,3.095694617404853,1.1424128781074392,1.1407035481454253,1.7634931206019004,1.7622665146202823,1.6513058798647007,1.6455081344189701,0.7324637357524758,0.7072159966936717,1.1745651715760679,0.4408731684535682,1.350467170306631,3.680078027248341,3.4888904442917092,1.2778323546981745,1.6951625886446406,1.6955925148476754,3.4395986611600127
auth_caucasian_m_9820_subdiv__fbx_backup_head.glb,pca_gnm_variation_001_bad,caucasian,male,9820,9820,0.04743759024382061,0.15180586129903653,0.05654619254914417,0.05645127733091557,0.08902322707536199,0.08883929020010865,0.08426142409615099,0.08399784956617873,0.03599114842299184,0.039192090673559526,0.05845481398996318,0.020529817448816625,0.06838569562398905,0.17661591637369067,0.17503510395579822,0.06230864141238239,0.08390014597499544,0.08393335483047161,0.16806957873331338,3.2001174705287925,1.192012331539334,1.19001148753059,1.876638897924594,1.872761448115109,1.7762585254238792,1.770702287667755,0.7587052427832834,0.826182157907248,1.2322466990737944,0.4327753021031862,1.4415929492307467,3.723121589143059,3.6897975435967454,1.3134866482915188,1.7686426638402986,1.7693427174329341,3.5429619816155546
auth_caucasian_m_9821_subdiv__fbx_backup_head.glb,pca_gnm_variation_001_bad,caucasian,male,9821,9821,0.046311034956229416,0.1536662206657494,0.05789224225199836,0.057876997696964035,0.08720476148393526,0.08697639608549257,0.08697114351179967,0.08658982002070671,0.041640905269684364,0.03271635275024784,0.06098978383838846,0.021503852569773878,0.06479877108920316,0.17436327796378376,0.17056608812296087,0.055486954377419295,0.08336907795910581,0.08338086996104269,0.1689692439520491,3.3181340216427047,1.2500744651186235,1.2497452875252326,1.8830233780427557,1.8780922552842485,1.877978835800148,1.8697448697172614,0.8991573025530741,0.7064483180125319,1.316960070014254,0.4643353919880674,1.3992080105842444,3.7650481818983774,3.6830549842855023,1.1981367816517692,1.8001989814717285,1.8004536076520334,3.648574127348899
auth_caucasian_m_9822_subdiv_caucasian_head.glb,pca_gnm_variation_001_bad,caucasian,male,9822,9822,0.04603069020698862,0.15119387240783316,0.05721337044118182,0.05718890907666202,0.08770023408759468,0.08741907333078389,0.08707099969800668,0.08667488159670222,0.0413871576353034,0.033773846435091355,0.06041204793856588,0.02091865414076993,0.0651017941852298,0.17264539828352787,0.17135328420600957,0.05596530266121445,0.08347946427760736,0.08349146742722081,0.16817265750757296,3.2846318777309604,1.242939660124744,1.2424082458789485,1.9052556825289484,1.8991475673660758,1.8915857943139662,1.8829802726604083,0.8991209440743904,0.7337245277709008,1.312429765161197,0.45445015155549306,1.4143127963644069,3.7506584738830604,3.722587765585879,1.2158258416189793,1.8135609938113217,1.813821757870246,3.6534898075901565
auth_caucasian_m_9823_subdiv__fbx_backup_head.glb,pca_gnm_variation_001_bad,caucasian,male,9823,9823,0.04692502163419782,0.15168913457353428,0.05708871338125139,0.057063957117116655,0.08714423985988079,0.08700147399045635,0.08675772809760222,0.08654447756696738,0.04548815079961812,0.03370325151372169,0.059759428330008156,0.020565866593221575,0.06634585253998534,0.1731546002406034,0.17238509666772892,0.05781409410261044,0.08281737440127906,0.08282616682771099,0.16762120289751695,3.2325852879945596,1.2165942900630764,1.2160667194137174,1.857095358190995,1.8540529329676811,1.8488585636447592,1.844314068550069,0.9693794316008895,0.718236248806747,1.2735088072171912,0.4382707961978577,1.4138694076090548,3.690027073198247,3.6736284963606463,1.232052582805352,1.7648872929005486,1.7650746647146838,3.5721070989418293
auth_caucasian_m_9824_subdiv_caucasian_head.glb,pca_gnm_variation_001_bad,caucasian,male,9824,9824,0.04734848648814164,0.15270724183570356,0.05733536890350305,0.057289682060087666,0.0880183451956158,0.0877873128185731,0.08760084123540632,0.08731622091702357,0.03884476527098795,0.034273537258683394,0.060853821837843616,0.02148899662887144,0.06469526072839085,0.17214643589563447,0.17181336960136873,0.05640328744386078,0.0833930149050196,0.08340150882657428,0.16807761045141792,3.225176835883632,1.2109229493082658,1.2099580432087471,1.8589473861568915,1.8540679825227213,1.8501297028226198,1.8441185219065406,0.8204014141131325,0.7238570818365472,1.2852326727082262,0.45384759308522626,1.3663638592670473,3.6357326002120107,3.6286982403207153,1.1912373895623232,1.761260413802356,1.7614398054193785,3.549799009805999
auth_caucasian_m_9825_subdiv__fbx_backup_head.glb,pca_gnm_variation_001_bad,caucasian,male,9825,9825,0.04651897527350072,0.1492238495387031,0.05646409634617184,0.056425490752746776,0.09147146509218285,0.09114086685955111,0.0856238850172487,0.08540407919923093,0.03541043079803743,0.03945006337746368,0.05933380540620409,0.020530456467653384,0.0644761965180818,0.17475136467625202,0.1728531660116204,0.058515157279132916,0.0848287738853018,0.08484242091847011,0.17028554549679087,3.2078060331588527,1.2137863315819062,1.212956442419514,1.9663258821672511,1.9592191428057748,1.8406227676735578,1.8358976889992007,0.7612040159923468,0.848042398731345,1.2754753314612084,0.4413350970641102,1.3860192779184093,3.756560922695092,3.71575609727769,1.2578771766811845,1.8235305783621603,1.8238239432329055,3.660560975292874
auth_caucasian_m_9826_subdiv_caucasian_head.glb,pca_gnm_variation_001_bad,caucasian,male,9826,9826,0.04692609724491804,0.15017083461043573,0.056853551231125475,0.056661602491106286,0.09132680239013215,0.09115823926523134,0.08653734683561991,0.08643074774781778,0.03579624978482011,0.04019093470520619,0.05947950654789123,0.019383737387339138,0.06701362030798068,0.17253779763301902,0.17385663145035948,0.05873737795285993,0.08498363985061545,0.08499957009037226,0.16945671349347344,3.2001560629826042,1.2115550742349994,1.2074646266740747,1.9461836323927957,1.9425915347158669,1.8441198377091046,1.8418482000903662,0.7628217961104093,0.8564729876307529,1.2675144544293568,0.4130694544268401,1.428067200181197,3.6767983651507343,3.704902850602767,1.2516996170871852,1.8110101806904246,1.8113496557521087,3.611140142531779
auth_caucasian_m_9827_subdiv__fbx_backup_head.glb,pca_gnm_variation_001_bad,caucasian,male,9827,9827,0.047163617540956694,0.1510981134537711,0.05690620044361991,0.05679222643328164,0.08959036565942073,0.08930698178581066,0.08519616904461987,0.08511512552962637,0.0353596961582543,0.035070547827936685,0.05929095652950518,0.023266205109618365,0.06763492549713322,0.17752342701110863,0.17310916571051352,0.06000104634521421,0.08416267559224548,0.08415287361611594,0.16949998777468633,3.203700677170451,1.206569881841714,1.2041533155077322,1.899565180334626,1.893556653245626,1.8063959782269852,1.8046776300760377,0.7497240034131836,0.7435932537931714,1.2571333502570525,0.4933083237182578,1.4340487227978076,3.763990895247762,3.670396265939232,1.2721892313096963,1.7844830396896285,1.7842752105060204,3.5938716453947417
auth_caucasian_m_9828_subdiv__fbx_backup_head.glb,pca_gnm_variation_001_bad,caucasian,male,9828,9828,0.04610781153587436,0.15027029824687885,0.056887213683490936,0.056880894868965866,0.08965117576201447,0.08936616723456577,0.08416062528682086,0.08392794100894235,0.035275624664289115,0.03648201791025557,0.05877975967406765,0.022395747664465254,0.06172011008184269,0.17443239730824034,0.17039900609179015,0.05759255932959412,0.08452850532651685,0.08454108679101535,0.1705011131217974,3.2591071499882505,1.2337868961581406,1.2336498518197827,1.9443815001338987,1.9382001499905082,1.8253008000897932,1.820254273912825,0.7650682929690293,0.7912329103251973,1.274832999357036,0.4857256703029628,1.338604197985435,3.7831419774179165,3.6956645829787553,1.249084643385948,1.8332794923643063,1.8335523629274366,3.6978791107692968
auth_caucasian_m_9829_subdiv__fbx_backup_head.glb,pca_gnm_variation_001_bad,caucasian,male,9829,9829,0.047115734571211265,0.15205863130794148,0.05716775701627059,0.05719324471911779,0.08351873580677026,0.08342945177340984,0.08320479307546157,0.08293731187688705,0.03429432609787302,0.031028555003762514,0.05617997761618141,0.01827353694655115,0.04809300541881166,0.17042902864739606,0.1614374407966463,0.04964428631546627,0.08315027869348506,0.0831589112220726,0.17144925157887927,3.227342897055299,1.2133474631466603,1.2138884226176132,1.7726293894567022,1.770734395477027,1.7659661646515323,1.7602890548492804,0.7278741679393788,0.6585603575142313,1.1923825050688819,0.3878436176970204,1.0207419210693476,3.6172423119034187,3.4264018648090455,1.0536668220768863,1.7648091333015463,1.764992352955577,3.638895862267602
auth_caucasian_m_9830_subdiv_caucasian_head.glb,pca_gnm_variation_001_bad,caucasian,male,9830,9830,0.047556447372673935,0.15184821952740268,0.05692913654458557,0.056986869306921234,0.08287918969365142,0.08274533678813491,0.08427362421228307,0.0841103073755218,0.03145875518762048,0.030075521849686516,0.058443909138195735,0.01904961817332919,0.05112507416283272,0.1727365927689885,0.16372601872028406,0.050806817542932585,0.08292968307263283,0.08296513114539286,0.17037727685962936,3.1930101577489802,1.1970855623100478,1.198299546228637,1.74275401701419,1.739939405896005,1.7720756883262674,1.7686415201790666,0.6615034748305604,0.632417337947914,1.2289376597078983,0.40056857115603534,1.0750398103162206,3.6322434141336517,3.442772279376812,1.0683476237151879,1.7438157737637159,1.7445611631844655,3.582632561353366
auth_caucasian_m_9831_subdiv_caucasian_head.glb,pca_gnm_variation_001_bad,caucasian,male,9831,9831,0.047859449080190054,0.14992786234305744,0.05639147590080767,0.056416556798326405,0.08181223678583771,0.08172396953702443,0.08208275313644783,0.0818916886476241,0.03580201542294248,0.029336466466796805,0.05418029453501453,0.01706084490982542,0.04902437697264373,0.17264732794740428,0.16105701247798623,0.05046628744456192,0.08198627394059337,0.08199878114886214,0.16988691688065988,3.132670041643155,1.1782725665379459,1.1787966197395763,1.7094270485387046,1.7075827471413907,1.7150793566159845,1.7110871566952626,0.7480657657165055,0.6129712529210816,1.132071003246061,0.3564780881877562,1.024340603889982,3.607382267567019,3.365208241493336,1.054468624576184,1.7130634705640408,1.7133248026209105,3.5497048157827487
auth_caucasian_m_9832_subdiv__fbx_backup_head.glb,pca_gnm_variation_001_bad,caucasian,male,9832,9832,0.0488147659295957,0.1524598599431824,0.05667358612111654,0.05680953941995869,0.0828259805457412,0.08264940667129,0.0840923900096492,0.08392414457262765,0.03459952864797852,0.030014951755656508,0.05837948709370964,0.01893248989920496,0.05304838490436382,0.17090132843871975,0.16512623740074783,0.05238621564123893,0.08292464328694599,0.08293868871534318,0.17117226875431885,3.123232428545727,1.1609926841164293,1.1637777696587472,1.6967402991381544,1.6931230765398557,1.7226834628467445,1.7192368533256783,0.7087922678535536,0.6148744377663576,1.1959390971557435,0.387843504699189,1.0867282449100373,3.5010170628536126,3.3827108305487976,1.0731633071188795,1.6987614650564153,1.6990491941508754,3.50656743906539
auth_caucasian_m_9833_subdiv_caucasian_head.glb,pca_gnm_variation_001_bad,caucasian,male,9833,9833,0.048728086903250305,0.1539938089975758,0.05716005753944423,0.05714075182173314,0.09207949791125421,0.09175916901854707,0.08568188261982458,0.08562737970611072,0.03579456791889121,0.039528262882454576,0.05968429128538915,0.022192152523251713,0.06957539935863401,0.17241601686750743,0.1755537054045092,0.06193081013239664,0.08528290471569365,0.08528832103708371,0.17044177727792886,3.160267902643721,1.1730412821856853,1.1726450893749676,1.889659614465846,1.8830858104635844,1.7583674645373641,1.7572489532807642,0.7345777393223212,0.811200795979083,1.2248437211149374,0.4554283562848315,1.4278294876787607,3.538329284501559,3.602721070356638,1.2709468823465275,1.7501796219708563,1.7502907759630253,3.4978138504871183
auth_caucasian_m_9834_subdiv__fbx_backup_head.glb,pca_gnm_variation_001_bad,caucasian,male,9834,9834,0.0475426304886485,0.15374735966805614,0.05748027671367996,0.057429858496645066,0.08815423690001012,0.08842967527811059,0.08767890893890917,0.08774605996892547,0.03526941938582702,0.034209550710764335,0.05513532713757392,0.020621134155505663,0.06639423046311152,0.1717488767044052,0.17307946363288754,0.056568794487771065,0.08448076650806483,0.08449326240144533,0.17008497604707778,3.2338841601279418,1.2090260072463643,1.2079655228659947,1.854214543746338,1.8600080468670002,1.8442166122853425,1.8456290505397284,0.7418482953787783,0.7195552782661525,1.1597029144346207,0.43373986553876653,1.3965199186646629,3.612523643289211,3.6405108815805387,1.1898541142202406,1.7769476707485894,1.7772105062974868,3.5775255659799488
auth_caucasian_m_9835_subdiv__fbx_backup_head.glb,pca_gnm_variation_001_bad,caucasian,male,9835,9835,0.04831638355113082,0.15129129931832327,0.05649685162643685,0.05636559220966978,0.08895219273501488,0.08881415978044237,0.08301550500488165,0.0828395243504389,0.035944918500423674,0.03650268798322333,0.057710984683399774,0.022341761355859104,0.06551809103154904,0.1772085433168346,0.1709122162104764,0.060027388051586354,0.0840130477989608,0.08401194721568034,0.16884341136021486,3.1312629008795585,1.1693104382833008,1.16659377351827,1.8410358184378848,1.8381789623483464,1.7181647073612305,1.714522451018586,0.743948860791391,0.7554929674029588,1.194439244864573,0.4624054971377552,1.3560222478616288,3.6676698521797197,3.5373553161239504,1.2423816444801248,1.7388107640559227,1.7387879853792179,3.4945374415603
auth_caucasian_m_9836_subdiv_caucasian_head.glb,pca_gnm_variation_001_bad,caucasian,male,9836,9836,0.04753231341920407,0.15312909439714456,0.05738642765340178,0.05730827346675189,0.08876696341106768,0.08849643423361486,0.08519708064119211,0.08496779785888635,0.03534956247591001,0.03486756955003969,0.058951465474562426,0.024029656547796718,0.06522150198951056,0.17505943051146572,0.17019547838389193,0.05726161231673657,0.08383433758013746,0.0838377140925113,0.16936381935057535,3.221578824633373,1.207314004418233,1.2056697716631255,1.8675077442202495,1.8618162649297945,1.7924034096512262,1.78757968520332,0.7436953923144846,0.7335550711056376,1.2402397702516363,0.5055435938047195,1.3721508022195208,3.6829562442617823,3.580626864989267,1.2046880994772213,1.7637335856299097,1.76380462177629,3.5631301564663325
auth_caucasian_m_9837_subdiv__fbx_backup_head.glb,pca_gnm_variation_001_bad,caucasian,male,9837,9837,0.04806427915942754,0.15308292248560376,0.05700413187018464,0.05697908711884484,0.088226121602226,0.08801742970162758,0.0878110531309192,0.08767423295178582,0.03649055118094794,0.03449814877797804,0.05547771565109353,0.021385825272687804,0.06627570762339557,0.17633313690086147,0.17228765756506656,0.05638285062508391,0.08397297907708118,0.08399316825403594,0.169475756672168,3.1849624120614197,1.185997852607004,1.185476784741683,1.8355860765035719,1.8312441430709245,1.8269503811687886,1.8241037728033627,0.7592031300398795,0.7177502582229286,1.1542400431529594,0.44494218256663676,1.378897359587176,3.668694090178084,3.584525984330159,1.1730718032421532,1.7470974400457713,1.7475174853956204,3.5260230598699462
auth_caucasian_m_9838_subdiv__fbx_backup_head.glb,pca_gnm_variation_001_bad,caucasian,male,9838,9838,0.05167459794726386,0.15368424486436702,0.05574400631490689,0.055613374150032265,0.0909993254651465,0.09084794581259364,0.0861761154601408,0.0860837798165115,0.03624361881696579,0.04029852546173867,0.060182416136003655,0.022038020465535983,0.07088769740718294,0.17883729208485058,0.17795945626104878,0.06488299100992448,0.08486621489591634,0.08490309223779674,0.16944461326090235,2.974077224968608,1.0787506536924785,1.0762226772772978,1.7610069372579387,1.7580774581992464,1.6676688137581102,1.665881946568093,0.7013817282904447,0.7798517465557263,1.1646421748152234,0.42647686370055027,1.371809365203516,3.460835675342103,3.4438479123275236,1.2556070794424052,1.6423197909062774,1.6430334363596593,3.2790697942890206
auth_caucasian_m_9839_subdiv__fbx_backup_head.glb,pca_gnm_variation_001_bad,caucasian,male,9839,9839,0.04880751613833104,0.15327648091428292,0.05672156882585707,0.05670405330280961,0.08948779031898059,0.08926766054051201,0.08649089018851694,0.08638517741401872,0.03675931744912841,0.03679733655602685,0.057734845334446845,0.022103707874681567,0.06912066537519151,0.17796650571813832,0.17349360922449628,0.05931724125240825,0.08403119973515234,0.08404175469982636,0.16943453257445268,3.1404278078782837,1.1621482368636809,1.1617893674838538,1.8334838033009684,1.8289736418363962,1.7720813725366207,1.7699154607496204,0.7531487024446104,0.7539276625291738,1.1829089022029686,0.45287508202701576,1.416188957030483,3.646293026134393,3.5546494259773005,1.21533005458197,1.7216856415513908,1.7219018985033754,3.471484434779238
auth_caucasian_m_9840_subdiv__fbx_backup_head.glb,pca_gnm_variation_001_bad,caucasian,male,9840,9840,0.050166117109197265,0.1526680916237255,0.05597547474725174,0.055922301134976024,0.08922876731176539,0.08905449175064284,0.08580704461669855,0.08569319104928017,0.0361317790389987,0.036885587875095265,0.05910999231894974,0.020054244483073448,0.06844010832014473,0.17761715510425133,0.17327842016540787,0.06009688198706491,0.08479064927977382,0.08481726767163145,0.16981779791275056,3.043251110932321,1.1158024175044117,1.114742466777909,1.778666009122052,1.7751920396150398,1.7104581650184565,1.7081886338292964,0.7202426881145728,0.7352689424777665,1.1782851798213567,0.39975676091137574,1.3642695959739164,3.540580083517918,3.4540927253395033,1.1979576146236555,1.690197570906452,1.6907281758922772,3.3851094662779233
auth_latino_f_9841_subdiv_latino_head.glb,pca_gnm_variation_001_bad,latino,female,9841,9841,0.049082203115360476,0.15614019388250852,0.058234178705555306,0.05824926993780358,0.08457723634586306,0.08458116427132863,0.0861733432778963,0.08614358417386915,0.03612197501695578,0.031629090726565764,0.05809250111981813,0.018129242928702646,0.0647682319080856,0.1800658479739928,0.17376814297751572,0.05926040339513887,0.08377463160308028,0.08377732040074373,0.17084303519511862,3.181197745250433,1.1864622003353122,1.1867696688532352,1.7231752239620692,1.7232552514509807,1.7556942803760984,1.7550879688795014,0.7359485256205066,0.6444105748926195,1.1835756635308379,0.3693648976206821,1.3195868929489052,3.6686586286840996,3.5403492905381477,1.2073704853031155,1.7068229681169846,1.706877749636411,3.4807531926302753
auth_latino_f_9842_subdiv__fbx_backup_head.glb,pca_gnm_variation_001_bad,latino,female,9842,9842,0.04999087675068008,0.1563203812390761,0.05794901370672411,0.05779597685215391,0.08522761651409763,0.08521855848601367,0.08490999322453223,0.08489988996271716,0.035635802262368906,0.03401540992967316,0.06100545094464121,0.02244154548890141,0.06705490310909326,0.1848040670188764,0.1728882348876141,0.05966883749797076,0.08675215372117864,0.08680705790112608,0.17747940886348357,3.126978188814212,1.1591917860479566,1.1561304903772798,1.7048634081605338,1.7046822145373628,1.6985097830551075,1.6983076809422468,0.7128461147040017,0.6804323536736213,1.220331686697439,0.44891282064974214,1.3413428102794986,3.6967558688868625,3.4583957338828255,1.1935945391707703,1.7353597168106971,1.7364580008080206,3.550235971027836
auth_latino_f_9843_subdiv_latino_head.glb,pca_gnm_variation_001_bad,latino,female,9843,9843,0.04987580306214548,0.1579507318539494,0.05844523645031022,0.05835226539976197,0.08483336645668163,0.08493710475537675,0.08644005461757079,0.08646415143289293,0.036014852899419865,0.03215286084889565,0.05791731166244541,0.019377769059169235,0.06468208102599887,0.1839566379852458,0.17191754060407047,0.057409367866327284,0.08417460962388575,0.08418071758501759,0.1714745538359415,3.166880975473058,1.1718154468106947,1.1699513956107088,1.7008922412934158,1.702972173692015,1.7331060215685365,1.7335891579561777,0.7220906870320503,0.6446585092340876,1.161230659088941,0.3885204421676067,1.2968629486607905,3.688294256756828,3.446912732209252,1.1510464863050915,1.687684296912549,1.6878067603268068,3.4380309350063682
auth_latino_f_9844_subdiv__fbx_backup_head.glb,pca_gnm_variation_001_bad,latino,female,9844,9844,0.04951710798484724,0.15884719442301545,0.05893199379874502,0.05890077557567852,0.08395481071007024,0.08403979959624892,0.08864337083886915,0.08851411070143636,0.03511269639968908,0.03180445679642738,0.060857603121166386,0.01733187924424258,0.06647354703267216,0.18411891908915884,0.17411931272250292,0.05705115095318993,0.08469385671824571,0.08469284816670022,0.1725777464290079,3.2079255208447224,1.1901340000869765,1.1895035468085653,1.6954708004304553,1.6971871544268293,1.7901564620049086,1.787546048297542,0.7091023250072265,0.6422922923156149,1.2290217582939102,0.3500180028596645,1.3424359728967565,3.7182890233715016,3.5163465680545247,1.1521503026923177,1.710395864479059,1.7103754967397757,3.4852145743612186
auth_latino_f_9845_subdiv_latino_head.glb,pca_gnm_variation_001_bad,latino,female,9845,9845,0.046377792588172345,0.1511528278683049,0.057191167498916236,0.05719470547691852,0.08540239669586501,0.0853542736144585,0.08696508175057037,0.08653762863879867,0.039762050869066166,0.03251175503793028,0.061237395495144814,0.0218444227092178,0.06334686422471747,0.1719316171232771,0.16993802092582302,0.055012741588500426,0.08015724504123979,0.08022176043992706,0.16298223953354318,3.259163910851013,1.2331584645859495,1.2332347506229693,1.8414502271426572,1.8404125951485295,1.8751449109017952,1.865928148138474,0.8573510865889425,0.7010198895542454,1.3204034102899949,0.47101040153404694,1.3658878676531216,3.707197077058052,3.6642110683198417,1.1861871494619225,1.7283540368776018,1.7297451207366408,3.514230204546395
auth_latino_f_9846_subdiv__fbx_backup_head.glb,pca_gnm_variation_001_bad,latino,female,9846,9846,0.046483421534783846,0.15185020881945363,0.05755243437619554,0.0575640117493833,0.08511842647898801,0.08507353869342797,0.08537504460109997,0.08538127936119354,0.03622570286444865,0.0329705720098202,0.06461652084292888,0.022153488629781077,0.0611390723579035,0.17323107272804988,0.16956382286373187,0.05501480329218269,0.08121090771997498,0.08127010887755905,0.16464571963748723,3.266760574107548,1.2381281858334952,1.2383772503990003,1.8311566504478018,1.8301909774384162,1.8366772879920914,1.8368114166746992,0.779325223237724,0.7092974424257497,1.3900982051111688,0.47658902676093834,1.3152876948215342,3.7267280894634647,3.6478343733119165,1.1835360108122581,1.7470940184384733,1.7483676156830257,3.542030990861586
auth_latino_f_9847_subdiv__fbx_backup_head.glb,pca_gnm_variation_001_bad,latino,female,9847,9847,0.04550120138393636,0.14966282319505808,0.056918626907030395,0.056924585086836794,0.0863269312213565,0.08620285305658675,0.08519744450455863,0.08500623201769407,0.03654946756882571,0.034344409853810896,0.059414559685065434,0.021714255780732623,0.06155327294871773,0.17114118497130915,0.16641677147615866,0.0523740957630159,0.07979956017431442,0.07990115114644217,0.16175881929454472,3.289205969139415,1.2509258036233921,1.2510567491726343,1.8972450967378889,1.8945181761073149,1.8724218682858018,1.8682195070063463,0.8032637921013016,0.7548022647581294,1.3057800207016295,0.47722379014806793,1.3527834667338774,3.761245412560215,3.657414890476058,1.151048635421436,1.753790180197015,1.7560228898626462,3.55504501803444
auth_latino_f_9848_subdiv__fbx_backup_head.glb,pca_gnm_variation_001_bad,latino,female,9848,9848,0.045950857855714664,0.14960406896237852,0.0567737937723627,0.056787774840050244,0.08642954684771578,0.08627350701942457,0.08783292106803268,0.08751218877324461,0.04323816651738766,0.03405132783340898,0.06141867183521635,0.022535097473180065,0.06222322118892122,0.170281715800134,0.16534024602358185,0.04903794540670037,0.08045628012942586,0.08055734494899185,0.16325061406233635,3.25574050069172,1.235532837071986,1.235837098370686,1.8809125853341822,1.877516787397587,1.9114533474832478,1.9044734496150693,0.9409653820425979,0.7410379135973889,1.336616435498778,0.49041733984466834,1.3541253437379048,3.7057352951889877,3.5981971553773584,1.0671823703635552,1.7509200890668453,1.7531195000089288,3.552721791940033
auth_latino_f_9849_subdiv__fbx_backup_head.glb,pca_gnm_variation_001_bad,latino,female,9849,9849,0.04353125323908919,0.14576236385503638,0.057871493365587286,0.0579052709407122,0.08554190047408236,0.08561845058362906,0.08745495423395666,0.08707017673428448,0.03843038889564748,0.031253002888789766,0.061091596851280426,0.022303907908526818,0.05976146192705707,0.17095746869519135,0.1664715069764628,0.051618854291571356,0.07995890884267563,0.08002930198065737,0.16116216003853345,3.3484531918816445,1.3294240128520163,1.3301999513470417,1.965068637106671,1.9668271463121438,2.0090153103018378,2.0001762011321835,0.8828229383742769,0.7179440186832461,1.4033962338677353,0.5123653983960854,1.3728403728426053,3.9272351695512158,3.8241836517350376,1.1857883807769598,1.8368161468614916,1.8384332181090184,3.7022173277064483
auth_latino_f_9850_subdiv__fbx_backup_head.glb,pca_gnm_variation_001_bad,latino,female,9850,9850,0.04495185137898054,0.14407009240518379,0.05682676163978574,0.05682698797442945,0.08463334820804631,0.08472765340144034,0.08376208256359328,0.08355721586438192,0.031711329539405045,0.03128161177334855,0.05850411882909816,0.02251329433946782,0.05782284915804255,0.17255542484537653,0.1656109491574945,0.053348947573650704,0.07992532394046153,0.08000404767701016,0.16453554947881702,3.204986846716415,1.2641695480057114,1.2641745830518054,1.8827555620461234,1.8848534777159132,1.8633733649235276,1.858815895254833,0.7054510229635,0.6958915108883772,1.3014840776158698,0.5008313039136587,1.2863285356269103,3.838672258247929,3.6841852799623305,1.1868020100857657,1.778020737491461,1.77977202768605,3.6602619120544997
auth_latino_f_9851_subdiv_latino_head.glb,pca_gnm_variation_001_bad,latino,female,9851,9851,0.04442169739746673,0.14324277539389696,0.056923729423960054,0.05666761530816413,0.0846654072087361,0.08460677290275231,0.0853740834953801,0.08484872294926722,0.035214251860775404,0.030860331035614863,0.05994907547411382,0.022614411628979834,0.058448431110903136,0.16981013897612396,0.16685006695003132,0.0534946993611363,0.07977047869594736,0.0798428819182302,0.1619747350120517,3.224612830802494,1.281439763875531,1.275674245428446,1.9059471422531544,1.9046271948081221,1.9219005237798228,1.910073858503794,0.7927263910177281,0.6947130083636732,1.3495449067989145,0.5090848156169171,1.315763118818515,3.822684609656718,3.7560488843352124,1.2042470795856393,1.7957548533590366,1.7973847600605974,3.646297744157988
auth_latino_f_9852_subdiv__fbx_backup_head.glb,pca_gnm_variation_001_bad,latino,female,9852,9852,0.043805306715000755,0.14275448808939792,0.0562619676720687,0.056328274257534366,0.08430511820252129,0.08444537542405131,0.08418639098151695,0.08396742488834887,0.03384357792638098,0.030879042969884554,0.05719834485874305,0.021390030623239457,0.059349898495140344,0.1736651441883662,0.1672690339744896,0.055772061890222886,0.07979246425678553,0.079929052262016,0.1623573094468805,3.2588400537442843,1.2843641990252808,1.285877864616006,1.9245412148581469,1.9277430466006464,1.9218308760908194,1.9168322558416178,0.7725908220793608,0.7049155749732552,1.3057400837500803,0.4882977024314413,1.3548563620675773,3.964477302219095,3.8184650791911876,1.2731804905071973,1.8215250671777918,1.8246431370070737,3.706338834771419
auth_latino_f_9853_subdiv__fbx_backup_head.glb,pca_gnm_variation_001_bad,latino,female,9853,9853,0.050188493244192216,0.15400880609083767,0.056257914051410784,0.05629012827194448,0.08256218915622862,0.08254554193690705,0.08437629958290703,0.08420111032455414,0.03750466332469318,0.030448015687096312,0.05895466787817176,0.020350248297667357,0.05006334452226678,0.1773092374344331,0.16062797707092313,0.047820173167204834,0.08317182526090203,0.083121630151697,0.17132129573666835,3.068607884709898,1.1209325168956117,1.121574381563215,1.6450421963162378,1.6447105023711621,1.6811881395277992,1.6776975135490415,0.7472761364286066,0.6066732376075016,1.1746650291198761,0.40547637480673476,0.9975064259985547,3.532866320009542,3.2004941110582337,0.9528114927566301,1.6571891261255711,1.6561889943033066,3.413557265070785
auth_latino_f_9854_subdiv__fbx_backup_head.glb,pca_gnm_variation_001_bad,latino,female,9854,9854,0.04810967365875404,0.15101505860239914,0.05609947126024563,0.056113147206608566,0.08241259925014001,0.08239178010811653,0.0854903053241172,0.08528925912191651,0.03894890522392375,0.02994330154605741,0.059111290596463535,0.020879694992933455,0.05429005488050977,0.17743805051840972,0.16350585662134318,0.04983852043125395,0.0836782074391575,0.08366894466301027,0.17316102983004475,3.1389749112322325,1.166074658044116,1.166358924082999,1.713015137760017,1.712582394395945,1.7769878451162882,1.7728089308374941,0.8095857290613028,0.6223966880018302,1.2286778541826096,0.43400200843254283,1.1284644178963608,3.6881990049858313,3.398606645746632,1.035935533147923,1.7393218676288278,1.739129333041856,3.599297535424798
auth_latino_f_9855_subdiv_latino_head.glb,pca_gnm_variation_001_bad,latino,female,9855,9855,0.049742897688151336,0.15192071402108734,0.05573410521173376,0.05574560153329864,0.08225569461332717,0.08223502089179587,0.08528607520999074,0.08499982226822249,0.0348212753288163,0.029899566939671322,0.05949887644875458,0.020689421932049118,0.049959710002804816,0.1773896292172942,0.15882207864581185,0.04567308265910882,0.08342746685668996,0.08338904007237725,0.1724589841638058,3.0541186999903016,1.1204434763962197,1.1206745912306821,1.6536168666531126,1.653201255128812,1.7145377365160155,1.7087830870067966,0.700025067842211,0.6010821309027468,1.1961280748412673,0.41592715530477226,1.0043586587177273,3.5661297886059438,3.192859403597691,0.918182992584046,1.6771734405123373,1.6764009325544451,3.4670071945745375
auth_latino_f_9856_subdiv__fbx_backup_head.glb,pca_gnm_variation_001_bad,latino,female,9856,9856,0.0474394808965269,0.15146020915630987,0.05724088573274803,0.05727910578748821,0.08049607654559923,0.08048329521035213,0.08267391064605052,0.08242785293889891,0.03627245544699588,0.028658518422956143,0.058020491983527635,0.020733802128240934,0.053059979532095854,0.179016352090878,0.1621680622673786,0.05117507342996804,0.08287509951544725,0.082860984640275,0.17215684809113507,3.1927037626459027,1.2066086021809463,1.2074142613917531,1.6968161334052971,1.696546709393787,1.7427237626477312,1.7375369919980206,0.7646048135752562,0.6041069143539947,1.2230423033101818,0.4370579470181108,1.1184772373000489,3.7735731653839406,3.4184198309651213,1.0787443804789743,1.746964721140417,1.7466671867891654,3.62897832854952
auth_latino_f_9857_subdiv__fbx_backup_head.glb,pca_gnm_variation_001_bad,latino,female,9857,9857,0.04767892956074715,0.15192723685205564,0.05667853054259388,0.05658192913445904,0.08375504434940789,0.0838325513208249,0.08536527097246599,0.08514967828733601,0.03592882933609371,0.03565675815527807,0.05940575709856044,0.01872190343662667,0.06973559109515313,0.185437612248189,0.17475569267252597,0.060639119236418515,0.08401635438864213,0.08402218326628183,0.16940850844664374,3.1864649280451434,1.1887542582175727,1.1867281764866109,1.75664691135099,1.7582725135222437,1.790419201079234,1.785897440898874,0.7535578014669398,0.7478514824844845,1.2459540859211673,0.39266618628199945,1.4626081528593013,3.8892989829380538,3.665260405015424,1.2718221611741292,1.7621275301828643,1.7622497828779937,3.5531105670231624
auth_latino_f_9858_subdiv__fbx_backup_head.glb,pca_gnm_variation_001_bad,latino,female,9858,9858,0.047985962570950925,0.15586452278773208,0.05776361765302239,0.057657070199615086,0.08319374581675115,0.08333667033666,0.08251135474678753,0.08226835426828731,0.03559312088020793,0.03246852654811527,0.05523794633540894,0.022914027112137404,0.06587234335784364,0.18409691752864527,0.1715081260616977,0.06054847362453183,0.08374379641489377,0.08372822400500382,0.16939266913763584,3.2481274613857005,1.203760736644898,1.2015403486876957,1.7337100551800502,1.7366885203863596,1.719489415780462,1.7144254248656,0.7417402709715528,0.6766255131405995,1.1511271917018524,0.4775152124594199,1.3727419401131389,3.8364744117916536,3.57413120155941,1.2617955414566555,1.7451727948787552,1.7448482747679641,3.5300462898326943
auth_latino_f_9859_subdiv__fbx_backup_head.glb,pca_gnm_variation_001_bad,latino,female,9859,9859,0.04904082395439854,0.14603551878157178,0.05323996820255887,0.053071548286243976,0.08088239836159414,0.08107098339026739,0.08466734648665263,0.08447818356192063,0.03481902623805516,0.03071401334897329,0.058482424855087395,0.01952962015728316,0.06540097599015411,0.18241976206723515,0.17174288474360316,0.058481074093113844,0.08345502040048249,0.0834683464421803,0.16926826562032388,2.977835750014426,1.0856254832109873,1.0821912033042813,1.6492871008204113,1.6531325710524898,1.7264666385985283,1.7226093843870598,0.7100008407369387,0.6262948064969962,1.1925253317413325,0.39823189299272616,1.333602715381951,3.719753204735331,3.502039135869766,1.1924977881181908,1.7017458857967922,1.7020176194387517,3.4515787454493205
auth_latino_f_9860_subdiv__fbx_backup_head.glb,pca_gnm_variation_001_bad,latino,female,9860,9860,0.0471181966610918,0.1467981516533069,0.05436729229072031,0.05423617164763969,0.08687664198610733,0.08675852558497393,0.08527452876016466,0.08510065398716057,0.03643522527859854,0.03909173458424917,0.06066076660284408,0.017140604786067243,0.07303621408851371,0.18226064742163306,0.179597221913712,0.06464278288579142,0.08515378143200417,0.08519536129510472,0.17178615312958523,3.115529923803866,1.1538491738503758,1.1510663711887261,1.8438023554039442,1.84129554467044,1.8098003489717749,1.806110165872139,0.7732729149349045,0.8296526046067774,1.2874169832763391,0.3637788795134688,1.550063866277461,3.8681583833223425,3.8116319095466515,1.3719282032533873,1.8072377014870038,1.8081201601982237,3.645855854059859
auth_latino_f_9861_subdiv_latino_head.glb,pca_gnm_variation_001_bad,latino,female,9861,9861,0.046460083122057794,0.1558472573214822,0.059028170670636926,0.05899513350468934,0.0857456994520439,0.08565305418404667,0.08550289065364329,0.08540593264054747,0.04457219279796084,0.03273169407649834,0.058445755041188735,0.021368493621560052,0.06292063957607198,0.17588756978621312,0.17180874692905368,0.05780588887385851,0.08409818557669642,0.08407430444438431,0.17100595685598233,3.3544334587617386,1.2705136690255339,1.2698025819217764,1.8455778313348414,1.8435837482043007,1.8403516504482789,1.8382647404261616,0.9593653261631673,0.7045121721049689,1.257977840625957,0.4599323157778631,1.3542945975961724,3.7857781985479746,3.6979862149123934,1.244205455293602,1.810116984848209,1.809602970866586,3.6807070793808814
auth_latino_f_9862_subdiv_latino_head.glb,pca_gnm_variation_001_bad,latino,female,9862,9862,0.046610022979040044,0.15548515461142917,0.05869976774330542,0.058707926349597685,0.08593490535447272,0.08577359831075128,0.08697062705585154,0.08690163090737607,0.040413717876780775,0.03223962111970246,0.056623919701500526,0.021780642242442694,0.0626486519755725,0.17624430359721216,0.16927361043856848,0.053591201384910046,0.08437898802202107,0.08439177331585734,0.17060107768809438,3.3358738029661335,1.2593807939056796,1.2595558336454353,1.843700128470578,1.8402393482904442,1.86592113663967,1.8644408509829455,0.8670606726573451,0.6916885909753836,1.2148442777417983,0.46729524789629867,1.3441025764725503,3.7812533084668734,3.6316997851446833,1.1497784802425297,1.8103185244076208,1.8105928279376153,3.6601800811128453
auth_latino_f_9863_subdiv__fbx_backup_head.glb,pca_gnm_variation_001_bad,latino,female,9863,9863,0.04564539501810979,0.15655490775524877,0.05952487046969077,0.059516453624958554,0.08529621241434504,0.0852346905506298,0.08421212732392752,0.08415444754485023,0.04164108125343929,0.03281781196645433,0.059612338555047446,0.021743950134041585,0.05913653081787724,0.17683736631050412,0.16710648542053064,0.05421889324740171,0.08397203216278262,0.0839329247180375,0.17073466630281575,3.4298072717551396,1.3040717567692055,1.3038873604083265,1.8686707033755279,1.867322881460725,1.8449205509234041,1.843656901456587,0.9122734338681526,0.7189731177358389,1.3059880088976397,0.47636678629716495,1.2955640058414402,3.8741556785814644,3.6609713938116037,1.1878283280469013,1.8396605425249746,1.838803776037805,3.740457635103757
auth_latino_f_9864_subdiv_latino_head.glb,pca_gnm_variation_001_bad,latino,female,9864,9864,0.0464278002398871,0.1545444139335328,0.05833763871295494,0.05824344747466082,0.08658801666359829,0.08642364394632726,0.08596248221430566,0.08587618087038935,0.04552646951321969,0.03365655571394294,0.058635072602001716,0.022833563380648864,0.06399860595138653,0.17678676546374675,0.16991037658921396,0.055587211916117416,0.08468147068323342,0.08469006181185602,0.17188245829395038,3.3287042059933833,1.256523858798631,1.2544950907370935,1.8650036447173455,1.8614632504617112,1.8515303712462665,1.849671542194052,0.9805864003461215,0.7249224718820058,1.2629302335893806,0.4918079956980617,1.3784544092270814,3.8077781964751694,3.659668899049849,1.1972829130155789,1.8239388953535167,1.8241239381205274,3.7021452105388044
auth_latino_f_9865_subdiv__fbx_backup_head.glb,pca_gnm_variation_001_bad,latino,female,9865,9865,0.045666235927235586,0.15234787040504008,0.05759503196240484,0.0575786363641614,0.08885442711354942,0.0886128398899033,0.08614141486247873,0.08590612379044958,0.03563826898016758,0.035967535041277456,0.06040855378741888,0.01522941344980201,0.06349263136671045,0.17790150647235847,0.17145695913321116,0.0561440275591497,0.0852638110675962,0.08525952086237226,0.16998723176217254,3.3361162204783117,1.2612169755829352,1.2608579444977026,1.9457357347150253,1.9404454536410376,1.8863261469532138,1.8811737391128993,0.7804074116586589,0.7876176853855,1.3228275236801572,0.33349395106854224,1.3903627062208361,3.8956901715268604,3.7545673658413636,1.2294428568321107,1.8671083643384851,1.8670144173525594,3.722383251228097
auth_latino_f_9866_subdiv__fbx_backup_head.glb,pca_gnm_variation_001_bad,latino,female,9866,9866,0.04778670068393573,0.14811583915457643,0.05533142905569229,0.055309107439469436,0.08709341096734202,0.08687643266801524,0.08648258862809259,0.08625148982715714,0.036883808594461116,0.03558710030563722,0.06009285872396956,0.023427662405671887,0.06527760243899357,0.1790704801813667,0.17383922671369406,0.058338437070102986,0.08644800120539305,0.08643488090585866,0.17557627707875972,3.0995200973221397,1.157883433335519,1.1574163239535489,1.8225449700615108,1.8180044117843892,1.8097627036462283,1.8049266551719056,0.7718425433555869,0.7447072050655382,1.257522655130086,0.4902548631809493,1.366020283985366,3.7472869567989266,3.6378160497724616,1.2208090584858977,1.8090389160190323,1.8087643563748927,3.674166129192144
auth_latino_f_9867_subdiv_latino_head.glb,pca_gnm_variation_001_bad,latino,female,9867,9867,0.04684624537849392,0.15303855013920964,0.05835101071889344,0.05832084487302328,0.08834989454914731,0.08823964850191546,0.08756160786027342,0.08736140494420405,0.03596529538040481,0.035641301052118476,0.06027003791449744,0.019464094885257927,0.06105562123062326,0.17729591578903145,0.169079541117071,0.05348573163896365,0.08371899263738074,0.08372046356819096,0.16761576419032037,3.2668263785653626,1.24558564400299,1.2449417109486665,1.8859546551772708,1.8836012958772645,1.869127550197887,1.8648539330818976,0.7677305852331058,0.7608144636598906,1.2865500196984003,0.41548889837377373,1.3033194173262934,3.784634485785794,3.6092442361387556,1.1417293148431864,1.7871014413422828,1.7871328404607894,3.577997827490121
auth_latino_f_9868_subdiv__fbx_backup_head.glb,pca_gnm_variation_001_bad,latino,female,9868,9868,0.045974597705816536,0.15299133228935127,0.05788568232559232,0.057896566449845574,0.08830186825058693,0.08807890956844286,0.08619168096916627,0.08598587377682555,0.035331030897152185,0.035448134050938405,0.060119112491410436,0.01474165025274912,0.061497148548701794,0.17924270780342713,0.17022276935486014,0.05504940862638751,0.08545062991091562,0.08544315576804415,0.17105641970218421,3.327736183105206,1.2590796921376615,1.2593164342691077,1.920666469244935,1.9158168633044816,1.8747674861820838,1.8702909447307015,0.7684902676741038,0.7710373949928797,1.3076593486712422,0.3206477269704105,1.3376332065418248,3.8987335778416177,3.7025396164222264,1.1973875003461503,1.8586487794346642,1.8584862082922413,3.7206724634491537
auth_latino_f_9869_subdiv_latino_head.glb,pca_gnm_variation_001_bad,latino,female,9869,9869,0.04748734797846478,0.15403491295594368,0.05827561875324752,0.058320592151883933,0.0818317407589667,0.08178435402779807,0.08415345600171502,0.0838677471435309,0.03450843154340475,0.030595399195551837,0.05855187571526103,0.02059218676418556,0.04820532986526511,0.17340150481233468,0.16159519325370147,0.04856983147585702,0.08248004355738749,0.0824934821657316,0.1701864004428621,3.2437042604652837,1.2271820018181507,1.2281290624680066,1.7232324870211089,1.7222346058341007,1.7721237252473667,1.7661071993652795,0.7266868547608536,0.644285278037145,1.232999487396389,0.43363522371314545,1.0151194353309838,3.6515306117109594,3.4029104621084314,1.0227951979521606,1.736884603343014,1.737167596791084,3.583826170289412
auth_latino_f_9870_subdiv_latino_head.glb,pca_gnm_variation_001_bad,latino,female,9870,9870,0.04715514652811754,0.15265041160469683,0.05785879201016042,0.057389463117472186,0.08086708896071178,0.08105463003434514,0.08461694460189666,0.08456280214725082,0.03466994709823454,0.029285256824312638,0.05948014105424532,0.021679473543532012,0.04760438494610965,0.17593459789370844,0.1596572180925103,0.04615386165250914,0.08417005903658688,0.08417131399992332,0.17392629385913702,3.2371951492860886,1.226987853291062,1.2170349864834407,1.714915442209316,1.7188925494275396,1.7944371045786383,1.7932889275792612,0.7352314572400203,0.6210405222015482,1.2613711425703802,0.4597477717645313,1.0095268162876823,3.7309734111164867,3.385785642661726,0.9787661591718021,1.7849601842801652,1.7849867977768639,3.6883841248468765
auth_latino_f_9871_subdiv_latino_head.glb,pca_gnm_variation_001_bad,latino,female,9871,9871,0.04718743740013831,0.15624547787101153,0.05890805195605219,0.058947602207536406,0.08120202427339525,0.08111313833144007,0.08359233945999253,0.08337464514965588,0.02804534771102304,0.02927895190520431,0.05775830868936787,0.019651878284777415,0.04652219517473545,0.1745306999044584,0.1591592469662836,0.046418887180045054,0.08296451534308262,0.082930808264744,0.1729497462821619,3.311166837607366,1.2483842141400017,1.2492223662767419,1.7208398833956862,1.7189562053056588,1.7714956366701853,1.7668822411918368,0.5943392830003699,0.6204819231213113,1.2240187615951905,0.41646419825967945,0.9859021328121347,3.6986687457612786,3.3729156685634534,0.9837128214110011,1.7581907370718852,1.7574764139342927,3.6651650483917773
auth_latino_f_9872_subdiv__fbx_backup_head.glb,pca_gnm_variation_001_bad,latino,female,9872,9872,0.047568894133450466,0.15151645364423308,0.05739423397963976,0.0573486732913396,0.0810833798377908,0.08100103615566343,0.0843142533107694,0.08408606700141957,0.03207581155813476,0.02981728748843375,0.05840483958843037,0.020042158122396948,0.045476225901826144,0.1730547550441629,0.16025676326577015,0.04692827953022965,0.08356228632710816,0.0835491424792381,0.17406508335456342,3.185200253324507,1.206549679684063,1.2055918964702605,1.7045462442393198,1.7028152037426378,1.7724661219626627,1.7676691571917418,0.6743022334752794,0.6268232220152922,1.2277947732940897,0.4213290741250025,0.9560076333548239,3.6379814623958375,3.3689402746295407,0.986532909480224,1.7566581659998508,1.7563818541765575,3.6592207266000067
auth_latino_f_9873_subdiv_latino_head.glb,pca_gnm_variation_001_bad,latino,female,9873,9873,0.047049021377072876,0.1583480546710159,0.059847221260853865,0.05978887528555103,0.08915563567412861,0.08886452499871061,0.08490435010855177,0.08486711814885707,0.03416639405568658,0.03616919575912799,0.06127579147865671,0.02341694328780144,0.06452929864008604,0.18176365759838353,0.17202352793742892,0.0588164058767612,0.08680493661294687,0.08678747577335438,0.17515148967966257,3.3655972013092574,1.2720184078051322,1.2707782975202608,1.8949519684924714,1.88876457783274,1.804593328904518,1.8038019849274285,0.7261871353680476,0.768755538383065,1.3023818495089161,0.4977137165112766,1.371533280637615,3.863282429227263,3.6562615523658155,1.2501090172605078,1.8449892064119993,1.844618086267915,3.7227445875211
auth_latino_f_9874_subdiv__fbx_backup_head.glb,pca_gnm_variation_001_bad,latino,female,9874,9874,0.046442065411812276,0.15705713100664864,0.05882508355587741,0.05884217000976843,0.08822532187480839,0.0879454638988454,0.08747287818875801,0.08723989038653822,0.03675182775142379,0.03432232922550295,0.06161564253786174,0.027806683076977978,0.06424590801991795,0.17757175118173069,0.1729084188993402,0.05649048992653689,0.08554140026602797,0.08551660332848361,0.17046288402021328,3.3817860944380405,1.266633665713661,1.267001574714682,1.899685577988286,1.893659619119286,1.883483807473166,1.878467066719846,0.7913478314441238,0.7390353749592984,1.3267205493877572,0.5987391566333203,1.3833559608134345,3.8235110692679553,3.7230992499175524,1.2163647207681865,1.8418948319268977,1.8413608992233352,3.670441495413273
auth_latino_f_9875_subdiv__fbx_backup_head.glb,pca_gnm_variation_001_bad,latino,female,9875,9875,0.04612051711836464,0.15716266447371077,0.05894629291370731,0.058859083997849435,0.08743166973965238,0.08717710600134088,0.08553280147828983,0.08528839218177425,0.03428500724135434,0.034058183467034236,0.059465286269055374,0.01748044354983697,0.05835182382755637,0.17675259715340472,0.1676925452714199,0.05250198916554101,0.0863000987634173,0.0862682254678018,0.17255657247358175,3.407651828151998,1.2780926276786173,1.2762017357002369,1.8957218002405731,1.8902022667614018,1.854549923167095,1.8492505615860373,0.7433786389117146,0.7384605723224356,1.2893456098170462,0.3790166425275502,1.2652031562829413,3.832407097686768,3.635964116383395,1.138365145186877,1.8711867115872738,1.8704956244614792,3.7414275306308693
auth_latino_f_9876_subdiv_latino_head.glb,pca_gnm_variation_001_bad,latino,female,9876,9876,0.04823137961591406,0.15435915029086233,0.057825251618708676,0.0577821006000559,0.0886490685339583,0.08852957847378516,0.08475572340959284,0.08472819392124098,0.03637104555200465,0.03563686826884661,0.06128998510656032,0.023985294480820294,0.06640178115978515,0.1790871173157506,0.17279735196017426,0.06010154426054472,0.08660139128872098,0.08659690770985447,0.174920186439505,3.2003884508402316,1.1989134890852073,1.198018822189995,1.8379957040397064,1.835518270030464,1.7572734614795775,1.7567026818632554,0.7540950692607584,0.7388730853779711,1.2707491594608573,0.4972964628386099,1.3767340202285179,3.7130830331185547,3.5826748754903823,1.246108752002484,1.7955404132820334,1.795447453493153,3.6266884304878904
auth_latino_f_9877_subdiv_latino_head.glb,pca_gnm_variation_001_bad,latino,female,9877,9877,0.05073372296406066,0.154615468389416,0.05697328391266546,0.056919371844208824,0.08608395285120252,0.0860438864526889,0.08587460465628227,0.08579008818595511,0.03594451920659821,0.034544429925407925,0.05931518337349031,0.01806449102797967,0.06705035060999473,0.18554321677601512,0.17250367960925653,0.05897414174018438,0.08571561285210824,0.08572150152328274,0.17438215774410712,3.0475876666678747,1.1229864591846501,1.1219238115943122,1.6967797319385305,1.6959899929607307,1.69265332089102,1.6909874374235867,0.7084936233057646,0.6808968060530253,1.1691470664494439,0.3560647626979081,1.321613055235324,3.6571969478260518,3.4001778211990605,1.1624248782601891,1.6895194723404876,1.6896355424971892,3.4372040440958367
auth_latino_f_9878_subdiv_latino_head.glb,pca_gnm_variation_001_bad,latino,female,9878,9878,0.04985051548719608,0.1557239893897224,0.057873567364189145,0.05789791976090213,0.08650444785670505,0.08648375525579727,0.08628576327806287,0.08621896163983342,0.035810850724547025,0.0342536749696195,0.05945851135304055,0.017557196900613005,0.06751280211046197,0.18263036017028225,0.1735106486787589,0.05994710205407825,0.08521529132738875,0.08521966518861498,0.17360679067434584,3.12381903913751,1.1609422048815876,1.16143071330472,1.735276897566353,1.734861804548647,1.7308900908000648,1.7295500517337365,0.7183647024421425,0.6871277986767745,1.1927361386726731,0.3521968976453715,1.3543049946555192,3.663560113379172,3.4806189461235255,1.202537254995396,1.709416452258673,1.7095041917972411,3.482547551969369
auth_latino_f_9879_subdiv_latino_head.glb,pca_gnm_variation_001_bad,latino,female,9879,9879,0.04838027786925829,0.1554294611723844,0.05826908407767601,0.058090369152854385,0.08892420273518674,0.08885323195739153,0.08509730558784208,0.08509757390061028,0.036951098458553225,0.03736077126623247,0.06102926523200981,0.02250064188472065,0.07064928625097126,0.180395893800365,0.17793201783506013,0.06517965983977324,0.08569610776058129,0.08572110081866105,0.17234547542902856,3.2126616054668657,1.2043974661563746,1.2007035038086473,1.8380258785510366,1.8365589424167093,1.758925523698045,1.7589310696101401,0.763763667468157,0.7722314321384289,1.2614492499802057,0.4650788063997038,1.4602910392927508,3.7287072696825465,3.6777799895217504,1.3472361613117063,1.7713025128165738,1.771819108817682,3.562308507089828
auth_latino_f_9880_subdiv__fbx_backup_head.glb,pca_gnm_variation_001_bad,latino,female,9880,9880,0.048888843103204765,0.15513305577027706,0.05781982315137458,0.057696876734360206,0.0872324257891682,0.08717027921606654,0.08432469628354718,0.08422855808358162,0.0360178523216141,0.03559900265308445,0.06325899378233049,0.02180939057035632,0.06945496737544087,0.1807829740363532,0.17626114785985078,0.06417643766752798,0.08503454568873552,0.08504753975731841,0.1707666521038971,3.1731791125183686,1.1826793084327325,1.1801644930022501,1.7843012894582064,1.7830301083633608,1.7248249484148566,1.7228584833920986,0.7367294874534074,0.7281620998462707,1.2939351755325896,0.44610158854273785,1.4206711177194526,3.6978370229526356,3.6053450372667233,1.312701090759112,1.7393446089371938,1.7396103969525791,3.492957518823001
auth_latino_m_9881_subdiv__fbx_backup_head.glb,pca_gnm_variation_001_bad,latino,male,9881,9881,0.0489533458748626,0.153496630597673,0.057267690001744406,0.05726957968000069,0.08411413495994033,0.08414743488601006,0.08598813890825224,0.0859300573701493,0.03536119911953998,0.03268113211188454,0.058485325484586854,0.020684873984824256,0.06756210332186774,0.18148536238806529,0.17449926196537704,0.06018960678046883,0.08393480766806372,0.08394834199422502,0.1708204004391661,3.1355697522708668,1.1698422033937255,1.1698808050096623,1.7182509889100899,1.7189312269096508,1.756532416151087,1.7553459489737173,0.7223448875166233,0.6675975161212873,1.194715589698209,0.4225425987776226,1.3801324937946822,3.7073127310233045,3.5646033758640776,1.2295299882939363,1.714587760408099,1.7148642343838696,3.489453016670754
auth_latino_m_9882_subdiv__fbx_backup_head.glb,pca_gnm_variation_001_bad,latino,male,9882,9882,0.05037160879502762,0.15984690503991625,0.05879711166072525,0.05876602878431089,0.08510042346751145,0.08513406666044766,0.08634113061608395,0.08631789232439188,0.035662409780823454,0.0325333529284643,0.059434763399460286,0.02277780634756955,0.0676870802871296,0.18299141526967205,0.1747343367949962,0.06040890791131085,0.08594695238701383,0.085953332496013,0.1755233556710997,3.17335318175693,1.167266900288667,1.1666498289431628,1.6894521636940858,1.6901200636032014,1.7140832441430187,1.7136219070476197,0.707986316775013,0.6458668624392992,1.1799258515111657,0.4521953317047527,1.3437545852974873,3.6328284850758203,3.468905222106881,1.1992650097225812,1.7062578393465566,1.7063845001610867,3.4845691823213376
auth_latino_m_9883_subdiv_latino_head.glb,pca_gnm_variation_001_bad,latino,male,9883,9883,0.052233895459477986,0.1610805641060756,0.058761983572802816,0.05876503267895247,0.0849487297272006,0.08499733828796904,0.08640215244548392,0.08642701989247246,0.03390989509641602,0.03245308454503853,0.06027850919071711,0.022090161161470306,0.06738832434342697,0.181061841550228,0.1745564465806199,0.06090949606562439,0.08579714229902691,0.08581535272719547,0.17477156238693695,3.083832111105684,1.124978006252457,1.1250363803431283,1.6263142731351932,1.6272448673468798,1.6541395522092162,1.6546156309464,0.6491933025122096,0.6213031645364261,1.154011368680706,0.42290855329002625,1.290126339432323,3.466366809473212,3.3418232556681,1.1660913958231731,1.6425568406167719,1.6429054730135781,3.3459415739444753
auth_latino_m_9884_subdiv__fbx_backup_head.glb,pca_gnm_variation_001_bad,latino,male,9884,9884,0.05083487384634314,0.1473348383059557,0.052640612131060464,0.05255936354106306,0.08055831563297902,0.08067642587138871,0.08536253775785993,0.08515781131569462,0.03473861016286046,0.031191745984236616,0.05876075671934572,0.02049636324849835,0.06422310338153836,0.18528269232419584,0.1688971177921095,0.05543019976736417,0.0851131750368336,0.08512495112078582,0.17340943973379688,2.8983024281972205,1.0355216438654982,1.0339233593838058,1.5847057253742762,1.587029135062804,1.6792121490432415,1.6751848656711192,0.6833617856092982,0.6135895227854574,1.1559142823283064,0.40319492697969544,1.263367025866207,3.6447949666255415,3.322465563751159,1.0903971146837341,1.674306801549313,1.6745384551969213,3.411229862750437
auth_latino_m_9885_subdiv__fbx_backup_head.glb,pca_gnm_variation_001_bad,latino,male,9885,9885,0.04575190725858641,0.1484959952437655,0.056394348756569054,0.056390577342067996,0.08416423252407727,0.08420455984324415,0.0848821414247773,0.08469021656132,0.03525960950070748,0.03193318519278929,0.05903836871724038,0.022092219956758037,0.06307087832131834,0.1694213972668695,0.170593457878641,0.056590111224845134,0.07998997184640266,0.08005686541776322,0.1628687638077007,3.245678795519432,1.2326119747933644,1.2325295429402015,1.8395786660518265,1.840460100763148,1.8552700097294237,1.8510751056269006,0.7706697187818371,0.6979640217467935,1.2904023516125758,0.48286992347432506,1.378540963655272,3.7030455650583534,3.7286633082738896,1.2368907574716392,1.7483417990490588,1.749803892661517,3.559824574900855
auth_latino_m_9886_subdiv__fbx_backup_head.glb,pca_gnm_variation_001_bad,latino,male,9886,9886,0.04531725035574014,0.14838992864380962,0.05653647601529636,0.056529942491243095,0.08508003727109122,0.08505545312960806,0.08494536844647656,0.08465422842177091,0.03821681067649349,0.03267548718787067,0.060077097469652986,0.021718081655154566,0.06129180003207063,0.16973868025137825,0.16878210799320945,0.05535097002478555,0.08078228730211283,0.08083116703326623,0.16351210760205237,3.274468937964011,1.2475707500231228,1.247426577020525,1.877431587380378,1.87688909768186,1.874459897272141,1.8680354116199842,0.8433170674851576,0.7210386096104309,1.325700412051661,0.47924535325218887,1.3525048309623902,3.745564413527534,3.7244560662500685,1.221410601708638,1.7825946337867449,1.7836732458112983,3.6081648007874114
auth_latino_m_9887_subdiv__fbx_backup_head.glb,pca_gnm_variation_001_bad,latino,male,9887,9887,0.04442592865975509,0.14689067234813252,0.05645394335395754,0.05645359317587699,0.08580204383891397,0.08573036840047403,0.08569781181539213,0.08547494768232632,0.03615831327848547,0.03417814701731328,0.060125391814041335,0.02134428706870982,0.06360149411416506,0.16862706852318685,0.1660513388828931,0.05289901277638017,0.08024928850126986,0.0803385810089529,0.16216562902956444,3.3064175984507673,1.2707431236006663,1.270735241310051,1.9313505969913694,1.929737227488418,1.9290043990239587,1.923987866116506,0.8139011241703282,0.769328814239844,1.3533851430439134,0.48044661558297036,1.4316300420250052,3.7956903459385436,3.7377122750687035,1.1907238491629044,1.8063615308050212,1.8083714495704093,3.6502473650363627
auth_latino_m_9888_subdiv__fbx_backup_head.glb,pca_gnm_variation_001_bad,latino,male,9888,9888,0.044437891121579004,0.14491538962180253,0.05601290804476577,0.05601610515697337,0.08571881943090993,0.08565731106699234,0.08469268513480219,0.08441487807882676,0.03451067776647204,0.033597979463133296,0.05903822912530882,0.02090508996268884,0.06412353275088457,0.17336493744103376,0.17017886466914786,0.05768124482143645,0.08019948224731596,0.08029113592135018,0.16360464327130034,3.2610771115425803,1.2604762879390095,1.260548233572047,1.9289578615778404,1.9275737192982414,1.9058664350900192,1.899614854536492,0.7766047599345615,0.7560660196770261,1.3285560505961973,0.47043388952670945,1.4429922557631507,3.901286336174668,3.8295891270706397,1.2980194011372985,1.8047544611848414,1.8068169729674877,3.681647331636178
auth_latino_m_9889_subdiv__fbx_backup_head.glb,pca_gnm_variation_001_bad,latino,male,9889,9889,0.043343352911278325,0.13995621433536823,0.05512194061610662,0.05514511864543146,0.08347260498814998,0.08351379902035022,0.08443610089792043,0.08422586815347437,0.03529893230764695,0.031569538519613076,0.05894782184903272,0.021904258822398666,0.05935393487991911,0.17031303810348963,0.16666963488468042,0.05437512629457246,0.08023493822784243,0.08027520819352375,0.16217887055904184,3.229012176834856,1.2717507279360338,1.2722854818894782,1.9258455883423284,1.9267960000994568,1.9480749694366495,1.9432245660800747,0.8144024385908053,0.7283593999807616,1.3600198851643055,0.5053660446443907,1.3693895578732371,3.9293923211734887,3.84533322158636,1.2545205352681326,1.8511474733410527,1.852076565415765,3.7417241552819847
auth_latino_m_9890_subdiv__fbx_backup_head.glb,pca_gnm_variation_001_bad,latino,male,9890,9890,0.04434027083875103,0.1419348792801752,0.05579814187787808,0.05580255751352948,0.08323542635594271,0.08322801698193834,0.08445581021515468,0.08428545177201266,0.03350291022939355,0.030105027890680612,0.05793347085178754,0.021270189369041806,0.06076962872751059,0.17039534490914043,0.16528707901952602,0.054256208883650466,0.07925604573191397,0.07929493756815342,0.16212863237119463,3.201037715722108,1.2584077819640533,1.2585073671846188,1.877197066717044,1.877029964129166,1.9047202152257674,1.9008781448026628,0.7555865039983878,0.6789545332314575,1.3065655611908618,0.4797036411075053,1.370529037779381,3.8429026635584735,3.7276966489585344,1.2236327802543199,1.7874506454897072,1.7883277676972122,3.6564646382246013
auth_latino_m_9891_subdiv__fbx_backup_head.glb,pca_gnm_variation_001_bad,latino,male,9891,9891,0.043357677823929346,0.13935316563340508,0.05544748933138971,0.055567825853404564,0.08416673613283755,0.084166117361004,0.08397642599772893,0.08379389356068948,0.036304685547679225,0.03137280812150368,0.05748655706848443,0.021418896866588433,0.05722277415550104,0.17196708209867193,0.16387505342647987,0.05245839681151458,0.07979697461707724,0.07985896938342502,0.16199997122785967,3.2140366511163863,1.278838999555182,1.2816144369875908,1.9412187265800813,1.9412044552476528,1.9368294201259522,1.9326194982343625,0.8373300271086581,0.7235813746507626,1.3258679881780309,0.4940047055464586,1.3197841080852228,3.966242906204777,3.779608633376493,1.2098986718002342,1.8404346962751046,1.8418645414480754,3.7363618016103937
auth_latino_m_9892_subdiv_latino_head.glb,pca_gnm_variation_001_bad,latino,male,9892,9892,0.043856566547397675,0.14257147453318791,0.05726513207035589,0.05722594605407439,0.08541285257850653,0.08548045767750043,0.08633307579356057,0.08608391682638432,0.03806685037156065,0.031289840868190845,0.05835935907358869,0.020969969211600485,0.057769718588755195,0.17150053452585248,0.16544061004684787,0.05274846203280375,0.08030259870323118,0.08036391896737412,0.16301390260978807,3.250858098504013,1.3057367819358818,1.304843277966775,1.9475499178942153,1.9490914224924112,1.968532481909105,1.9628512581656326,0.8679851928312757,0.7134585155993589,1.3306869111725201,0.47814890362968426,1.3172421631848672,3.9104870268516003,3.772311037346006,1.202749466851132,1.8310279400564728,1.8324261403482505,3.7169782188400897
auth_latino_m_9893_subdiv__fbx_backup_head.glb,pca_gnm_variation_001_bad,latino,male,9893,9893,0.045155656694206577,0.14960370434930237,0.05696120323593782,0.05697488750857971,0.08259477945186934,0.08252176071342973,0.08504963496841837,0.08483325713064784,0.03782677203634709,0.03031935833558931,0.06036927704914041,0.020163710454278286,0.058211079543743584,0.17570901667749375,0.16520454367179394,0.05227568103209201,0.08259649880150478,0.08260434448228571,0.17004099501729728,3.3130667407278866,1.2614411439452253,1.2617441906428863,1.8291125741166812,1.8274955289049575,1.8834768707799603,1.8786850494753595,0.8376973076155091,0.6714409789433813,1.3369150504876994,0.4465378632587857,1.289120429317375,3.891185059435467,3.6585569952078565,1.1576773511700233,1.8291506501798218,1.829324397642605,3.765663207354337
auth_latino_m_9894_subdiv__fbx_backup_head.glb,pca_gnm_variation_001_bad,latino,male,9894,9894,0.045918621321222854,0.14959859852610416,0.05687231334206232,0.05687162282647958,0.08178048292593962,0.08174098653545274,0.08439604065967367,0.08413152017630844,0.03657250236330439,0.029499343977027036,0.057848634439770015,0.020400518318129307,0.051266199134869225,0.17075717456041176,0.16190931804641637,0.04960470414394041,0.08229646854383697,0.08229058924322626,0.168464534003641,3.2579070150993856,1.2385457512805778,1.238530713468839,1.7809873330875023,1.780127194229879,1.8379480531282233,1.8321874166858794,0.7964634240096657,0.642426604463251,1.259807737586261,0.4442754971979203,1.1164577171478536,3.7186912334733035,3.5260056462449683,1.0802742485871175,1.7922242910590362,1.7920962536650216,3.668762893057057
auth_latino_m_9895_subdiv_latino_head.glb,pca_gnm_variation_001_bad,latino,male,9895,9895,0.04708748969786058,0.1522495087910763,0.05664512644825939,0.0566791512007991,0.08278569138862854,0.08282944196167359,0.08768686912802996,0.08669428787466019,0.039634036827312105,0.02978526051511994,0.061421468897749666,0.02033587631927851,0.05701596774256272,0.17702890194466464,0.16427416630381367,0.049733366481357934,0.08293350501456659,0.08291678281387782,0.170253910147992,3.2333324576866063,1.2029761367982432,1.2036987226221643,1.7581249694946026,1.759054103184374,1.862211591458315,1.841132080536439,0.8417105494819547,0.6325514633767626,1.3044116238063197,0.43187429293353197,1.2108517168447237,3.759573998966183,3.4887008706110207,1.0561906527715699,1.761264096827287,1.760908966392514,3.6156930692299674
auth_latino_m_9896_subdiv_latino_head.glb,pca_gnm_variation_001_bad,latino,male,9896,9896,0.04696198038042796,0.15270958861075984,0.05768554572855136,0.05769168034396664,0.08095802616407997,0.08079877514555035,0.0845270063049688,0.08427630218581643,0.03659705988164561,0.028405545048877455,0.05705465072036373,0.01889028409978483,0.05437210759552907,0.17577531939600727,0.16249044215184683,0.04994030422905713,0.08312131731895868,0.0830992055269132,0.17098753163899463,3.2517706317684087,1.228345680085344,1.2284763094873747,1.7239057107101967,1.7205146480412128,1.7999029346768471,1.7945644860611483,0.7792912391083475,0.6048625892428474,1.2149115147652936,0.40224632664038185,1.157789921870275,3.742928172366087,3.460042375460957,1.0634198946573903,1.7699704451475946,1.7694996006076849,3.6409778772927557
auth_latino_m_9897_subdiv__fbx_backup_head.glb,pca_gnm_variation_001_bad,latino,male,9897,9897,0.050828698621425465,0.15172430199831868,0.05562818616361917,0.05556503639222356,0.08318777278656508,0.08331595030625404,0.08386596500238454,0.08367299153769321,0.034374856366851184,0.03217434284686082,0.057985221280336195,0.0213982405519392,0.06628116527311508,0.18083318325534128,0.1722002345172892,0.060895249071968666,0.08415665418508704,0.08417831111898477,0.1708943853024089,2.985012524683514,1.0944247575162314,1.0931823536556495,1.6366299953133077,1.6391517502109418,1.6499726980425407,1.6461761525883947,0.6762883429866409,0.632995605228787,1.14079688941503,0.4209873778456203,1.3040106685945336,3.557698468776376,3.3878544835437285,1.1980485576764288,1.6556916951954594,1.6561177720867652,3.362163304145131
auth_latino_m_9898_subdiv__fbx_backup_head.glb,pca_gnm_variation_001_bad,latino,male,9898,9898,0.04891450243626985,0.15307516641492008,0.056630949360921154,0.056579017761477134,0.08545495086895505,0.08546142672301563,0.08325630391456686,0.08304922631258033,0.03446551316060228,0.035771175359143814,0.05689783558279884,0.02205543982102814,0.06659996605953292,0.18195626885025398,0.17313537624062597,0.06164911133340793,0.08469445048100833,0.08469029132620202,0.17031356706361853,3.12944339185214,1.15775376504555,1.156692084013188,1.7470268859484634,1.7471592772381226,1.7020781111499712,1.6978446508943685,0.7046072523278143,0.7312999944290484,1.1632099428371039,0.4508977649269544,1.3615586940970166,3.7198838746713765,3.539551004657608,1.2603442386791086,1.7314793417628191,1.7313943126896576,3.4818624044171385
auth_latino_m_9899_subdiv__fbx_backup_head.glb,pca_gnm_variation_001_bad,latino,male,9899,9899,0.05014730613842279,0.1536931920816651,0.05633031034593765,0.056245806519706634,0.08335836297354615,0.08349239880808472,0.08693572552397728,0.08672422205267923,0.03522998823870641,0.03239187958533176,0.05972783742902598,0.02482142105961798,0.0669535689679545,0.1818258017313138,0.17206376210411078,0.05746310893429801,0.08524420550189636,0.08525094173422712,0.17258844557003422,3.0648344630401914,1.123296836532909,1.121611724555054,1.662270007953171,1.66494285012277,1.7336070911567325,1.7293894474269926,0.7025300250717406,0.6459345891067347,1.191047775610475,0.49497017828042106,1.3351378991952427,3.625833882869316,3.4311666040277244,1.1458862570938755,1.699876066454991,1.700010395352184,3.441629448521806
auth_latino_m_9900_subdiv_latino_head.glb,pca_gnm_variation_001_bad,latino,male,9900,9900,0.04666089731631329,0.14924571765634703,0.05609184997887086,0.05608301234747597,0.08353121545166617,0.08358893481999112,0.08293079379570575,0.08276769837250897,0.03366295599307038,0.033155160284634444,0.05853537133305032,0.021639903141619354,0.06685709076732597,0.1763874590745927,0.1733101464626571,0.06208837445587061,0.08236638224973182,0.082380327538879,0.16627846042110414,3.1985179505789034,1.2021168302577923,1.201927429026715,1.7901759343676942,1.791412930903223,1.7773081651970721,1.7738128311469965,0.7214382476374142,0.7105555656136717,1.2544844762894338,0.46376954551308525,1.4328290841494773,3.7801986078164256,3.7142480413051446,1.3306296712421701,1.7652121366499183,1.76551100122281,3.5635504241143456
auth_latino_m_9901_subdiv__fbx_backup_head.glb,pca_gnm_variation_001_bad,latino,male,9901,9901,0.047477459048093515,0.1558269860415787,0.05849614208254845,0.05847419943012741,0.08857742780647478,0.08829516244673419,0.08582999685392716,0.08570040337784698,0.04474943032246846,0.03554164840156466,0.05882089449660239,0.02138252091236888,0.06988780934681388,0.17768704149227887,0.17526877589215298,0.06144050893694612,0.08432881912159858,0.08432708345944377,0.16975928108252797,3.28212564795706,1.232082408270697,1.231620238372371,1.8656733022874705,1.8597280523646669,1.8078051895528666,1.805075610534139,0.9425405491296064,0.7486004751341437,1.238922547161133,0.4503720574158972,1.4720208441656328,3.7425558371244385,3.6916208113540776,1.2940985084039223,1.7761864432588006,1.776149885654632,3.5755763784781727
auth_latino_m_9902_subdiv_latino_head.glb,pca_gnm_variation_001_bad,latino,male,9902,9902,0.046904384268116196,0.15567009641007842,0.05872859262443369,0.058617132570348555,0.08643227826907439,0.08627201842280588,0.08684378005506783,0.08664373065864245,0.04229803415296298,0.0335554742880761,0.05859434105621909,0.021568969210472543,0.06195671676551782,0.17742911726253074,0.16957730955382705,0.05414679311721105,0.0851269245673735,0.08511390190553993,0.1719427108769576,3.318881568090363,1.252091750927325,1.249715426073597,1.8427334590943079,1.8393167242033341,1.851506664252299,1.8472416174012019,0.9017927601645453,0.7154016583239923,1.2492295117079126,0.45984974639426834,1.3209152562660036,3.7827832095248346,3.615382915688315,1.1544079292821667,1.8149033591565453,1.8146257164151092,3.6658131976340145
auth_latino_m_9903_subdiv_latino_head.glb,pca_gnm_variation_001_bad,latino,male,9903,9903,0.04752415078236751,0.15645224824618856,0.05861522453510337,0.05862383245739782,0.08514652688794376,0.0851298125472029,0.08873934262735925,0.08854688187999883,0.03941870761527502,0.03198692077765731,0.059391385016099994,0.02087972533495139,0.061980282923065885,0.17698013782793176,0.1700576838225332,0.05298787725358262,0.08391588963864025,0.08392385119309477,0.17044386277740095,3.29205773634225,1.233377631586231,1.233558758911028,1.7916475199707296,1.791295817931541,1.8672473082945327,1.863197562129856,0.8294458073704332,0.6730666461382651,1.2497095484794118,0.439349783030699,1.3041849649644222,3.7240042150020956,3.5783424011361458,1.1149673667234108,1.7657525333366895,1.7659200598326594,3.5864683528577497
auth_latino_m_9904_subdiv_latino_head.glb,pca_gnm_variation_001_bad,latino,male,9904,9904,0.04637347795199284,0.1537656637417895,0.05813809828403834,0.0580284187100877,0.08636233184618947,0.08621355116296162,0.08684014238418272,0.08672555273596341,0.04578457297222078,0.03250100254685484,0.058888641605988494,0.022086376583089016,0.06406051747714443,0.17455255999957156,0.17150688298345723,0.055973195933793664,0.08479755670668668,0.08480449321528213,0.17028801902236565,3.315810470393705,1.2536928617738046,1.2513277259506046,1.8623216472052029,1.8591133331041585,1.8726251775655502,1.8701541606550236,0.9873008235357781,0.7008532459113982,1.2698776155403249,0.47627173027551367,1.3814042057285787,3.764060141882681,3.6983830102414594,1.2070087991187275,1.8285787577647625,1.8287283369833547,3.6720993667684945
auth_latino_m_9905_subdiv_latino_head.glb,pca_gnm_variation_001_bad,latino,male,9905,9905,0.04896384189080093,0.14911808376560368,0.055546372839036684,0.05551567610920861,0.08938672154887785,0.08924924321894258,0.08595225999069067,0.08591305848480495,0.035932275819561627,0.03948395384359893,0.05838617128513768,0.017363562086317834,0.06976665028986255,0.17533373839467145,0.17937880337714132,0.06522270593437134,0.0846233214525385,0.08463804365183114,0.16852106899693184,3.0454735169304437,1.1344365698042262,1.1338096433082103,1.8255659298187417,1.8227581777178776,1.7554231177851862,1.75462249625771,0.7338532768669935,0.8063900282101223,1.1924344379542442,0.3546200913940131,1.4248606235894645,3.58088196562885,3.6634952742718108,1.3320585847783533,1.7282818950617738,1.7285825699827795,3.441745224420241
auth_latino_m_9906_subdiv_latino_head.glb,pca_gnm_variation_001_bad,latino,male,9906,9906,0.04836669140750054,0.15088609324178767,0.056421647053523476,0.05647405771815833,0.08741057455974988,0.0874456214672,0.08335471197278872,0.08323564513515769,0.03573086901644424,0.03703046164949838,0.057374565881699896,0.022650950689128736,0.06541635069300297,0.17774154993248126,0.17372510528500815,0.06232435976500392,0.08445015057224034,0.08444627078641509,0.16906671228023154,3.1196281749052774,1.1665393147974104,1.1676229255036563,1.8072473434929757,1.807971951822184,1.7233908201515387,1.7209290673591495,0.7387494983976354,0.7656190773420534,1.186241279113056,0.4683171420242342,1.3525082818226106,3.674875100200005,3.591833557961078,1.2885801767978464,1.7460394357085196,1.7459592196401397,3.495519485833866
auth_latino_m_9907_subdiv__fbx_backup_head.glb,pca_gnm_variation_001_bad,latino,male,9907,9907,0.047864985990633185,0.14796729474914802,0.05548185978229031,0.055403919885003296,0.08718068541432307,0.08710815699337691,0.08466788981177634,0.08453439932747303,0.03603401385726344,0.03576517891438095,0.059030712076708666,0.021612930090235655,0.06551516774332714,0.17599532139751342,0.17408403121634428,0.06102321496799418,0.08410963238873807,0.08411050992862111,0.1681811139025275,3.0913472904411607,1.1591324771963307,1.1575041491884155,1.8213874632990317,1.8198721923876322,1.7688898901661687,1.7661009938249177,0.7528261653375397,0.7472096392419277,1.2332754487436919,0.45153946340786855,1.3687493349762592,3.6769115827581014,3.6369807201115907,1.2749030153259828,1.7572267211192267,1.7572450547688638,3.513656390402773
auth_latino_m_9908_subdiv__fbx_backup_head.glb,pca_gnm_variation_001_bad,latino,male,9908,9908,0.04712824752033419,0.15213856923375296,0.057272520771963334,0.05725395831436,0.09027944539098322,0.08993585826057615,0.0839411514267578,0.08384295369060134,0.03702473961028464,0.03841081866856772,0.06303192884325136,0.02763956286988046,0.06791765781912946,0.17850809557297415,0.17476314727478406,0.062393223650185424,0.08616158771059404,0.08615089398133252,0.17237819731829473,3.228182188784136,1.2152482594913432,1.2148543883295664,1.9156121888901299,1.9083217177080896,1.7811218503412445,1.779038222340562,0.785616727936038,0.8150275193660617,1.337455393732926,0.5864755072412772,1.4411241960530226,3.787709175817627,3.708246252937368,1.32390290182687,1.8282366148543574,1.8280097078543271,3.657640722666795
auth_latino_m_9909_subdiv__fbx_backup_head.glb,pca_gnm_variation_001_bad,latino,male,9909,9909,0.04473835628086832,0.1511523057371523,0.05747107976880849,0.05749969018864634,0.08067084032163034,0.08048561327222456,0.08275165879190631,0.08261746894046576,0.02563062567129722,0.02848810115170168,0.05602206104291996,0.018103141555090827,0.045533823486353486,0.17182995396532594,0.15833229890157002,0.04586122995832561,0.08207997610538735,0.08207914252778338,0.17094376692726104,3.3785842463280282,1.2846041863497146,1.2852436917365069,1.8031695177886542,1.7990292885803454,1.8496803564348607,1.8466809200988876,0.5729004773976859,0.6367712969348448,1.25221545224443,0.40464476257104603,1.0177804298506454,3.8407748574081255,3.5390727792401804,1.0250986797639114,1.8346667810075,1.8346481487269857,3.8209666411093104
auth_latino_m_9910_subdiv_latino_head.glb,pca_gnm_variation_001_bad,latino,male,9910,9910,0.046296261303510715,0.14909455183126066,0.05654966153998298,0.05655486856627043,0.07975343184154157,0.07961957524368299,0.08459884041621454,0.08436901465479342,0.035484347936502035,0.02728562834274465,0.05258129139194263,0.015733393034977408,0.04663208482474806,0.17163771395131044,0.16086150960766293,0.04740344041881648,0.08175862531872113,0.08174673529908486,0.1687209159562244,3.2204447537096175,1.2214736125073395,1.2215860843601596,1.722675429851476,1.7197841251523547,1.8273363341717463,1.822372093972858,0.766462494754651,0.5893700176751755,1.1357567525210792,0.3398415464227631,1.0072537935414643,3.707377423547912,3.4746112337901582,1.0239150869666835,1.7659876416958373,1.7657308170775743,3.6443745392336906
auth_latino_m_9911_subdiv_latino_head.glb,pca_gnm_variation_001_bad,latino,male,9911,9911,0.04689119427226259,0.14998745319218823,0.056906663026209794,0.056974545135917876,0.08127010379704741,0.08117099668492507,0.08419618249037929,0.08378252738200682,0.03403111789533671,0.02950526859446471,0.05597163851767538,0.020374343507343014,0.048996178894102335,0.16926696200063707,0.16330387111032976,0.05068127932024873,0.0825901514127491,0.08259414181296862,0.16907780625352561,3.1986272800245112,1.2135895429703658,1.2150371945126563,1.7331634448287208,1.7310498899564157,1.79556489863564,1.7867433039888783,0.7257464524734238,0.6292283455855138,1.193649242386307,0.43450255050115005,1.0448908298137525,3.609781423305805,3.482612751599897,1.080827223678286,1.7613147349843339,1.7613998341224866,3.6057474943337007
auth_latino_m_9912_subdiv__fbx_backup_head.glb,pca_gnm_variation_001_bad,latino,male,9912,9912,0.04591450701943744,0.14839377280137764,0.0565182877625396,0.05651952364828147,0.08070434515386633,0.08051923133030255,0.08320142864017853,0.08296294194460724,0.030307926335184945,0.02861051428774026,0.056243224656585385,0.018378878580622898,0.050167152405183796,0.1725575402681252,0.16222317663196914,0.0499228433870666,0.0817097397851643,0.08170604563527424,0.17004881060406463,3.231958316323785,1.2309461961251846,1.2309731132331336,1.7577090639283348,1.7536773572721918,1.8120945653397966,1.8069004184121094,0.6600947783748259,0.6231258080507821,1.2249554292889475,0.4002847852170641,1.0926209527621857,3.758235718289967,3.5331573213514766,1.0872999979272842,1.7796061656629203,1.779525708523557,3.7035965676834164
auth_latino_m_9913_subdiv__fbx_backup_head.glb,pca_gnm_variation_001_bad,latino,male,9913,9913,0.047371966716497696,0.15418360384630236,0.0574473097922633,0.05728967806102638,0.09108856596534164,0.09082375654161116,0.08786047357531442,0.08765278641172174,0.03616736291168557,0.04172563271978771,0.060715817020602185,0.02287607058833766,0.0721438980339836,0.17997716371805542,0.1780090331221376,0.061222026384122594,0.0856810090959518,0.08566652088612856,0.1710456461496323,3.254743565303709,1.2126857670077855,1.2093582350904328,1.922836907119992,1.9172469043802862,1.8546933907372742,1.8503092121188183,0.7634760686237241,0.880808537452096,1.2816824216727607,0.48290312127511636,1.5229238521114403,3.7992335170533846,3.75768720322402,1.2923682639252023,1.8086859177436823,1.8083800784292634,3.6106933700530566
auth_latino_m_9914_subdiv__fbx_backup_head.glb,pca_gnm_variation_001_bad,latino,male,9914,9914,0.04646631324410379,0.15145023272244937,0.05696688673446737,0.05687732926349509,0.08964032461504091,0.08940797022762802,0.08553308671507522,0.08530768851744058,0.03589432181658099,0.03936267561548535,0.0594688990920995,0.02487205350677187,0.07027089880724241,0.17649052292969641,0.17548541329081327,0.060745096769797856,0.08445938161737174,0.08445345232701612,0.16837938885954107,3.259355480320299,1.2259824969370907,1.2240551335480092,1.9291464796040294,1.9241459884698984,1.8407547477618895,1.8359039605593297,0.7724805199847806,0.8471228480878061,1.2798282226456956,0.5352706459862713,1.5122977034585208,3.7982467428076334,3.776615811306721,1.307293230919411,1.817647575646406,1.817519971583556,3.623687293093069
auth_latino_m_9915_subdiv__fbx_backup_head.glb,pca_gnm_variation_001_bad,latino,male,9915,9915,0.047450858512398796,0.15622314972265036,0.05848946479168692,0.05840246284694635,0.08894822674330267,0.08868425035780467,0.08382627155643643,0.08366731952303329,0.03689804490009461,0.03614969843483614,0.0638208531003245,0.014193966536688333,0.0704671989719041,0.1816629029074328,0.17657917806695786,0.06419656359028487,0.08628645092313132,0.08628275082027496,0.17254170775672004,3.2923145043167055,1.2326323827503303,1.2307988659822862,1.8745335602318074,1.8689704072399804,1.7665912521800387,1.7632414279958963,0.7776054228914159,0.761834444478814,1.3449883753662384,0.299129815174566,1.485056354744165,3.828442911311388,3.7213062861827493,1.3529062614011602,1.8184381405993926,1.8183601630248585,3.636218883408301
auth_latino_m_9916_subdiv__fbx_backup_head.glb,pca_gnm_variation_001_bad,latino,male,9916,9916,0.047823241868908364,0.16277982282082437,0.06127310195477903,0.06109008145202378,0.08930158738471385,0.08911198086654472,0.08696261717079294,0.0867068742985433,0.036596490827008304,0.040094583981155035,0.06097617090237723,0.014478752843115174,0.07164511094446607,0.18065578490783785,0.17721645072535736,0.06126405262372714,0.08614405486537198,0.08613891190136048,0.17140548682904205,3.4037805982921765,1.281241077774255,1.2774140577814042,1.867326092812877,1.8633613570325451,1.8184174424889943,1.81306977340059,0.7652448766924983,0.8383911758023662,1.2750321500479471,0.30275556982949625,1.498123258579113,3.777572950889571,3.705655321551345,1.2810518532319979,1.801301030605735,1.8011934895062507,3.5841461208107477
auth_latino_m_9917_subdiv_latino_head.glb,pca_gnm_variation_001_bad,latino,male,9917,9917,0.046280145686503495,0.1502470449239426,0.056743438298516136,0.05672250835309242,0.08528294121850978,0.08525562188675585,0.08731407356500508,0.08724617597640837,0.03571348508738309,0.034081578576091474,0.05788400177639585,0.021045290143904872,0.06537892846942243,0.1757465006052255,0.17007072525435293,0.05419597608935582,0.08250731656579537,0.0825199267515044,0.16656807880135963,3.24646871126334,1.2260859912345525,1.2256337466464413,1.8427543810299742,1.842164077534843,1.8866421501017046,1.8851750503856266,0.7716804810706999,0.736418999347069,1.2507307597624167,0.4547369035193472,1.4126776720257526,3.7974491652578743,3.674809634489764,1.1710416051080148,1.7827799662665424,1.783052441331648,3.5991260686531343
auth_latino_m_9918_subdiv__fbx_backup_head.glb,pca_gnm_variation_001_bad,latino,male,9918,9918,0.048117833218627816,0.1529196683799627,0.057154162141590546,0.05715266741390543,0.0854862561012646,0.08543032932849878,0.08640061584823391,0.08633051107050967,0.03708064806689003,0.03309796069989022,0.05636707853953793,0.022511287054312115,0.06577820102218951,0.1794429272484592,0.16878727895266393,0.054062545965062894,0.08429753446290339,0.08431436716827297,0.17032557787432318,3.178024822629857,1.187795840305305,1.1877647764026906,1.7766023609760213,1.775440073129191,1.795604873886668,1.7941479342650162,0.7706217339091451,0.6878522677757866,1.1714384204174138,0.4678366740254077,1.3670233387966615,3.7292395614146567,3.507790514709242,1.1235448969496347,1.7518979726266926,1.752247795223506,3.539759928516174
auth_latino_m_9919_subdiv__fbx_backup_head.glb,pca_gnm_variation_001_bad,latino,male,9919,9919,0.047967417305011126,0.15212584306816548,0.05676243919840235,0.05674256951745818,0.0853109882113938,0.08529507701945198,0.08727962949984493,0.08731711732318057,0.03707255265190936,0.03276163543911364,0.056314140607294776,0.021650247861210434,0.0653118928557032,0.17932510376060748,0.17118073249195787,0.05559895378285593,0.08438594522803476,0.08436192422494693,0.17129282655342593,3.171441191024329,1.1833540846584711,1.1829398517883163,1.7785195243872638,1.7781878160561555,1.8195607435951504,1.8203422704198544,0.7728694754644715,0.6829976946807818,1.1740081866240415,0.4513532117758745,1.3615886892638704,3.7384773630885793,3.5686877073966357,1.1590983402195294,1.7592347049133081,1.758733927418137,3.5710245866318733
auth_latino_m_9920_subdiv__fbx_backup_head.glb,pca_gnm_variation_001_bad,latino,male,9920,9920,0.05226465458001442,0.15469885147817877,0.055929674373633484,0.05582738481573976,0.08823205967138716,0.0881898949584522,0.0872527270008282,0.08719599634220765,0.035638652579998494,0.03546082309589144,0.05855140112711546,0.01831834715535129,0.06734893401327986,0.18246830257015012,0.17281372700121683,0.05897819858295303,0.08537491363362541,0.08540211363278921,0.17246638309393802,2.9599134007734236,1.0701242517160066,1.068167105749661,1.6881783756230235,1.687371621741767,1.6694404220590207,1.6683549722636202,0.6818882257307872,0.6784857449235181,1.1202867711959401,0.3504920735160867,1.2886133956969372,3.4912371283503045,3.306512372269641,1.128452853211926,1.6335114872503547,1.6340319154323137,3.299866505955782
auth_middleeast_f_9921_subdiv_middleEast_head.glb,pca_gnm_variation_001_bad,middleeast,female,9921,9921,0.04964103120789589,0.15259528635903363,0.052573054560439814,0.05874828595589975,0.08643599529561757,0.08840840548928112,0.08482718490664562,0.08528005586698485,0.036520594777811916,0.03609161949612392,0.0657029305507307,0.01661992952493584,0.07022398497374116,0.1833815202368614,0.17702711712003305,0.0638804470084141,0.08565895584848644,0.08568865571469764,0.17376538387592305,3.0739749486662933,1.0590645133914454,1.1834622393290506,1.7412207843472254,1.7809542497017852,1.7088119010137128,1.7179348170635953,0.7356937172570854,0.7270521707128275,1.3235609525428234,0.33480226176873373,1.4146359022971173,3.694152111161075,3.5661450379353754,1.2868477034831074,1.7255676154217672,1.726165908114093,3.50043864214255
auth_middleeast_f_9922_subdiv_middleEast_head.glb,pca_gnm_variation_001_bad,middleeast,female,9922,9922,0.048858181428230014,0.15555582398073067,0.05803504422935408,0.05798870253710542,0.08944368882048434,0.08916799780616011,0.08478005464310828,0.08472654695890433,0.03631061005249339,0.03640407758851716,0.06430955418650584,0.016397525251011055,0.07027259607685572,0.18108779944569953,0.17743035647879069,0.06422928214761098,0.08484936148340601,0.08487331293360252,0.17119549277460308,3.1838234546087976,1.1878265324837023,1.1868780384772946,1.830679861711026,1.8250371831203542,1.735227390066606,1.7341322268280284,0.7431838228737941,0.7450968604304838,1.3162494449567888,0.33561472759885913,1.4382974155532642,3.7063966392549332,3.6315382867744708,1.3146064849335473,1.73664592097119,1.7371361449110987,3.503926830065909
auth_middleeast_f_9923_subdiv__fbx_backup_head.glb,pca_gnm_variation_001_bad,middleeast,female,9923,9923,0.04811964806572127,0.1563484009386625,0.058393222407639174,0.05835651515335057,0.08698471186547417,0.08686572459419942,0.08580950825106314,0.0857431667319414,0.03577065315250733,0.034581553997761146,0.05909621826720639,0.02426817643211344,0.07019282527179971,0.18314189109900403,0.17681640159751857,0.06271032537832227,0.08484043529699059,0.08486756184400973,0.172654673905695,3.2491592774145737,1.2135006126371992,1.2127377796622267,1.8076755621045157,1.8052028243340266,1.783253030734254,1.7818743523401162,0.7433689686103311,0.7186576666257004,1.2281099434994505,0.5043298820259084,1.4587144356486386,3.8059690471732237,3.674515685485163,1.303216625621892,1.7631142102518391,1.7636779414533243,3.5880286088103803
auth_middleeast_f_9924_subdiv_middleEast_head.glb,pca_gnm_variation_001_bad,middleeast,female,9924,9924,0.05085745694276644,0.15630373621286575,0.05730389367061912,0.0572829679837624,0.08891623874383996,0.08876259278109846,0.08527080531762188,0.08513795239520622,0.036223452027775584,0.03701358059468243,0.06387320974371782,0.014769885185220235,0.06914552644288587,0.1833281740640221,0.1770393872089265,0.06401921583091369,0.08621651351444161,0.08624012669461369,0.17561401457147857,3.07336909096272,1.1267549955379665,1.1263435379442401,1.7483422115247291,1.7453211017017507,1.6766627834652303,1.6740505230337823,0.7122544894161823,0.7277906293335996,1.2559261430550677,0.290417297149597,1.3595946513939994,3.6047452052180766,3.481090047584599,1.2587970315338246,1.6952580545163174,1.695722355753374,3.4530632306115834
auth_middleeast_f_9925_subdiv__fbx_backup_head.glb,pca_gnm_variation_001_bad,middleeast,female,9925,9925,0.04469191952681329,0.14808452198725836,0.05666880977002803,0.05663843025209235,0.08410401966101835,0.08414820754198746,0.08482494186280383,0.08445441192153554,0.03607243560085057,0.03171054492149227,0.05953323495934445,0.02197911685771253,0.06059883862604696,0.17163287121529683,0.17059678773779588,0.05597503221989251,0.07973049887020549,0.07982496638304892,0.16259189146056016,3.3134518175799945,1.2679878235265571,1.267308069372846,1.8818618790933659,1.8828506010242418,1.897992808563803,1.889702049402161,0.8071355176232387,0.7095364275519037,1.3320805100713338,0.4917917397691091,1.3559238284605382,3.8403557742093457,3.817172982141546,1.2524642667520651,1.7840025605159007,1.7861163097986263,3.638060150068332
auth_middleeast_f_9926_subdiv__fbx_backup_head.glb,pca_gnm_variation_001_bad,middleeast,female,9926,9926,0.04558513055780017,0.1481045422279828,0.05641309418273134,0.05641119448607085,0.0831406520715335,0.08326393090647162,0.0852575577718873,0.08474817657725177,0.03572060831759961,0.03052895726524896,0.06016143506872903,0.022416618946058432,0.05927011925212711,0.169337973056443,0.17132268193848543,0.05546320816914105,0.07937837102855923,0.0794624487536126,0.16232939959196463,3.2489660644975453,1.2375327983584852,1.2374911247548945,1.8238546441391539,1.8265590092123616,1.8702931576291977,1.8591188736378497,0.7836021939721609,0.6697130597561728,1.3197600694034797,0.49175287361818637,1.300207294064342,3.7147633665703568,3.7583018813833373,1.2166951699044903,1.7413215681791356,1.7431659793725347,3.561016445617881
auth_middleeast_f_9927_subdiv_middleEast_head.glb,pca_gnm_variation_001_bad,middleeast,female,9927,9927,0.04618895684682403,0.1471224439767005,0.0559646048481152,0.05596304725696778,0.0858895426178891,0.08580421079999206,0.08539498018908341,0.0851296461664515,0.03393670922965534,0.03333713194256843,0.060332588609573336,0.02224819804096829,0.06060797947441577,0.1696670850077999,0.17064041617035597,0.056007947689099224,0.07956869237680259,0.0796543202496689,0.16224976520803147,3.185229847571599,1.211644701864778,1.2116109797100953,1.8595254901019678,1.8576780394617636,1.8488181162496897,1.8430735824748343,0.7347364293633931,0.7217554631754085,1.3062124093785812,0.4816778632769249,1.3121746757652353,3.6733257598881295,3.6943985709884952,1.2125830828965853,1.7226778392219473,1.7245316995104634,3.512739327413233
auth_middleeast_f_9928_subdiv_middleEast_head.glb,pca_gnm_variation_001_bad,middleeast,female,9928,9928,0.046182262378304126,0.14626478128050074,0.05574617726231165,0.05576383031788897,0.08355173942620278,0.08363183275159009,0.085180165395858,0.08491386876570775,0.036009861798005485,0.030977152219344422,0.05950470174497415,0.022469283049178862,0.05826220995212019,0.17170760784875358,0.1692171045749606,0.05495877661943342,0.08099515409518492,0.0810640116122327,0.1654308070319184,3.167120313040666,1.2070906532396417,1.2074729007664673,1.8091738066399794,1.8109080942487417,1.8444346597423218,1.8386684495907084,0.7797336021139252,0.6707586554680595,1.2884752431039141,0.4865349138836183,1.2615711520337098,3.7180423609870563,3.6641146591912475,1.1900408033118013,1.753815207919209,1.755306202805595,3.582128689945597
auth_middleeast_f_9929_subdiv__fbx_backup_head.glb,pca_gnm_variation_001_bad,middleeast,female,9929,9929,0.04473740339574806,0.14401158437641826,0.056226899515368384,0.056200233018012795,0.0826354181428116,0.08265002357726474,0.08345976089666625,0.08334198528351444,0.03193471753407773,0.029903132545634346,0.05751318425430054,0.021940299488414992,0.05826128691907167,0.1707687234768781,0.16824693283837366,0.05433243356974027,0.07925634410177794,0.07936807573157253,0.16288110722608104,3.219042086606784,1.256820808708632,1.2562247415404129,1.8471214659424209,1.8474479362635512,1.8655477198437145,1.8629151215207864,0.713825906514567,0.6684145765258339,1.2855726950788278,0.49042407075642314,1.3022947801348914,3.8171353389970846,3.760766608425115,1.2144744541634291,1.771590170325143,1.7740876695386358,3.6408261289827477
auth_middleeast_f_9930_subdiv__fbx_backup_head.glb,pca_gnm_variation_001_bad,middleeast,female,9930,9930,0.04426687890217001,0.14480259187230438,0.056888035086659745,0.05688766373512048,0.08498286059610173,0.08501954205838003,0.08358644057827035,0.0833864488874547,0.031910007787436294,0.03147338335043565,0.057700766861648864,0.02239823032973268,0.0573455881898958,0.1684534850392776,0.1673199292981421,0.05443341186492039,0.08049576501105077,0.08058712062995321,0.16404179516008532,3.271127205338301,1.2851151130935285,1.2851067241682537,1.919784333201223,1.9206129767195375,1.888238851512363,1.8837209885914727,0.7208551535326796,0.7109916969748865,1.3034749296232926,0.5059816929771097,1.2954513535194068,3.805406868904413,3.7797995577668773,1.2296645531576433,1.8184197080834805,1.820483454640005,3.7057456777700186
auth_middleeast_f_9931_subdiv_middleEast_head.glb,pca_gnm_variation_001_bad,middleeast,female,9931,9931,0.04664395743543953,0.14370382659570047,0.056279415335659964,0.05628510258161708,0.08484948395398956,0.08491175576084412,0.0848492037348508,0.0844952828722849,0.03231199440770939,0.030892129143871124,0.060308966114217405,0.021967627851689472,0.05722933459998375,0.1704717958031964,0.16640974732080932,0.05360389688978052,0.07937303993945802,0.07946443842372626,0.16275645226442206,3.0808669439037777,1.2065746225233351,1.2066965514133738,1.819088444016157,1.8204234895457039,1.8190824363968605,1.8114947255330094,0.6927369842585251,0.6622964868842721,1.2929641786439707,0.4709640660764073,1.2269399456338062,3.6547455485343088,3.5676592740043356,1.14921417128841,1.7016789377127617,1.7036384302021104,3.4893362658967186
auth_middleeast_f_9932_subdiv__fbx_backup_head.glb,pca_gnm_variation_001_bad,middleeast,female,9932,9932,0.043757650703044604,0.14629784277763386,0.057490830075594544,0.057504297946812236,0.08596712331227381,0.08592262946311693,0.08575897766958734,0.08537487777582577,0.036708702935044656,0.03212751911897615,0.061370531324239135,0.02120961162795466,0.06286679242340165,0.17114830054229138,0.17267153073253966,0.058612737197592725,0.08095575606382718,0.0810598205683908,0.16368519991510833,3.343366026902688,1.313846359480044,1.3141541427134058,1.96461925928515,1.9636024348340653,1.9598624764290726,1.9510845853039702,0.8389093643112451,0.7342148996299007,1.4025097403131161,0.4847063607662767,1.4367040143457122,3.9112771776475443,3.9460877802684546,1.339485467246863,1.8500937496215806,1.8524719509850367,3.740721846013532
auth_middleeast_f_9933_subdiv_middleEast_head.glb,pca_gnm_variation_001_bad,middleeast,female,9933,9933,0.04981304762485409,0.14948649007344483,0.05504452598260592,0.05512068366000239,0.08331794197122615,0.08327414573942325,0.08450393321073389,0.08425978548867698,0.030132758845681902,0.03083346442370998,0.05879489320927183,0.020142315791115816,0.048014664435262464,0.17679440232093177,0.15898059949995494,0.04625668242785052,0.08368922970019749,0.08367903129180444,0.17218811828627417,3.00095049793458,1.1050222503379132,1.1065511204036445,1.6726128182057842,1.6717336061541,1.6964216654066127,1.691520384844628,0.6049169902756008,0.6189836979242704,1.180311103469531,0.40435823045418046,0.9638973466723941,3.5491585187154993,3.191545329594168,0.9286057495661211,1.6800664422395422,1.6798617085627383,3.4566870829312872
auth_middleeast_f_9934_subdiv__fbx_backup_head.glb,pca_gnm_variation_001_bad,middleeast,female,9934,9934,0.046124273435942456,0.15186220415777538,0.05725439905283456,0.05729441133496048,0.08224533870200433,0.08214676500031781,0.08385123428498421,0.08353414030268178,0.02833484363869488,0.030428591236603603,0.05716761494636553,0.017762430387941626,0.04746186089771554,0.17516476686257187,0.15716414975540235,0.044632289280781626,0.08328983284416736,0.08331750567000941,0.1702114123222779,3.292457373202466,1.241307337498761,1.2421748261147387,1.7831248619282194,1.7809877290404046,1.8179415747640357,1.8110668001891512,0.6143152298766593,0.6597088467716014,1.239425809617578,0.385099407855392,1.0289996429674004,3.7976699428304554,3.4074065139188034,0.9676529505178461,1.8057700780878543,1.8063700404022849,3.6902784508609785
auth_middleeast_f_9935_subdiv__fbx_backup_head.glb,pca_gnm_variation_001_bad,middleeast,female,9935,9935,0.046173874318389305,0.1525358420549632,0.05747034375076306,0.05748291856610945,0.08406666638658732,0.08411570580489618,0.08491102681737675,0.08471065332951909,0.03459388232295604,0.03132905700711997,0.05790597205368087,0.019609905819223616,0.05126080978131061,0.17645727847659473,0.15975741578796865,0.04643202606759495,0.08278422980796622,0.08278193861881296,0.16944077621608625,3.3035097077442765,1.2446506731161349,1.2449230092701185,1.8206543771248311,1.821716436980816,1.8389409177986156,1.8346013753448895,0.7492090025717987,0.6785018036626568,1.2540851922971323,0.42469699822034934,1.11016912784586,3.8215826824460013,3.459909270042417,1.0055908617809626,1.792880303635175,1.7928306827361906,3.66962440811696
auth_middleeast_f_9936_subdiv__fbx_backup_head.glb,pca_gnm_variation_001_bad,middleeast,female,9936,9936,0.048520841540649416,0.151251347172361,0.05614404588790163,0.05617349996363352,0.08258700574438228,0.0825440654184492,0.08284339277492597,0.082636492921417,0.032472231426462085,0.030391093301235184,0.05720378059172861,0.017891935663721693,0.050123312404693886,0.17736525835700806,0.1590030238756567,0.04733227771570905,0.08366700883179025,0.08363573320419604,0.17138152634334172,3.1172449275358676,1.157111956536568,1.1577189962085246,1.7020934328847774,1.7012084456386865,1.7073774927321093,1.7031133487696506,0.6692429561275798,0.6263513231891159,1.1789527711262977,0.3687474309103301,1.0330264441663066,3.6554448093901333,3.2770046608208223,0.9755040558407334,1.7243519727846506,1.723707391474823,3.5321218862159065
auth_middleeast_f_9937_subdiv__fbx_backup_head.glb,pca_gnm_variation_001_bad,middleeast,female,9937,9937,0.05141352990589318,0.1483540950364432,0.053661272571934794,0.053622302756370185,0.08499486994602333,0.08502969041438381,0.08596569491460002,0.08575837975452202,0.03661415327194409,0.035748483383616136,0.059162729498862546,0.019230338955249587,0.06556266837678752,0.1851417869569341,0.17267515159367253,0.05854675425029392,0.0854345245605501,0.08547420896153489,0.17312446282769053,2.8855068949358094,1.043718894037345,1.0429609259375874,1.6531615335806957,1.6538387963250398,1.6720442084398948,1.6680119009819656,0.712150154618099,0.6953127600662667,1.1507229635302891,0.37403265230861626,1.2752026265613894,3.6010323993667774,3.3585546821962122,1.1387421629570529,1.6617128743528915,1.6624847412341857,3.3672938455028443
auth_middleeast_f_9938_subdiv__fbx_backup_head.glb,pca_gnm_variation_001_bad,middleeast,female,9938,9938,0.04710709717778828,0.14704426354452993,0.053925673113216145,0.05393324787341734,0.08335642333834348,0.08337059682223617,0.08449839543380949,0.08426400811689065,0.036959909120310636,0.03561686108666899,0.05950646342404955,0.021210030158263726,0.0711270568354336,0.18401529640518646,0.17768573503246393,0.06325910245958545,0.08515896924740819,0.08519920593549375,0.17203147039122366,3.1214885304769653,1.1447462557434538,1.1449070544480016,1.7695088072131797,1.7698096851008407,1.7937508463937317,1.7887752199815536,0.7845932212893347,0.7560826970986209,1.2632165212699151,0.4502512663477083,1.5099010785358074,3.9063178890155115,3.7719525438354857,1.3428783824407056,1.807773655124773,1.8086278085431784,3.651922548781867
auth_middleeast_f_9939_subdiv__fbx_backup_head.glb,pca_gnm_variation_001_bad,middleeast,female,9939,9939,0.04679623421729291,0.15129598393008978,0.05731853103036066,0.05730975448185876,0.08761080324826369,0.08750557355455937,0.08694655782878322,0.0867022401977267,0.03628542883258994,0.03875273016476054,0.060452137101192335,0.017511781860642023,0.0707451827589877,0.17956722551741197,0.1775486437847447,0.06237977778578859,0.0844299466053516,0.08448858864232757,0.16930758379604616,3.2330803206848726,1.2248534949245846,1.22466594674579,1.8721763559318263,1.8699276772621776,1.857981935577485,1.852761053274818,0.7753920681758866,0.8281164245998237,1.2918162777904267,0.37421348434423346,1.5117708495621807,3.83721529137606,3.7940797321493447,1.3330084958574935,1.8042038642107585,1.8054570000230052,3.6179745363673055
auth_middleeast_f_9940_subdiv__fbx_backup_head.glb,pca_gnm_variation_001_bad,middleeast,female,9940,9940,0.04862324347082816,0.14847970542144662,0.05448695669643092,0.05445752747238409,0.08458121016853903,0.08459780673314168,0.08482726832271996,0.08463440404856779,0.036685461669225324,0.03522952764414602,0.05970576235868965,0.024335893120093408,0.06911942081098557,0.182678274924154,0.1754335330695584,0.06108045793331683,0.08527397389780272,0.08531199387507413,0.17210069369383857,3.053677517636766,1.1205948597221973,1.1199896096001134,1.7395221735728943,1.7398635034270535,1.7445826783154161,1.740616174635589,0.75448405023073,0.7245408806445052,1.2279263598387986,0.5004991724728091,1.4215304425846094,3.757015408356151,3.608017905568371,1.2561987554360183,1.753769757234797,1.754551687327433,3.5394737456601706
auth_middleeast_f_9941_subdiv__fbx_backup_head.glb,pca_gnm_variation_001_bad,middleeast,female,9941,9941,0.04573404903143385,0.15577092830703818,0.05856688769972896,0.05855869906940103,0.08780529500356254,0.08753596549478276,0.0852635503340393,0.08519977868814775,0.0419006691728474,0.03372955913116187,0.0589695938980543,0.02301782658845782,0.06001163841596093,0.17436519265732722,0.16810432007128484,0.05405533151072532,0.08595675147571709,0.08595099059174809,0.17249180377020984,3.406016558909402,1.2805970374386677,1.2804179885571156,1.919910807442664,1.9140217704016913,1.8643341698312368,1.8629397679087716,0.9161810524156369,0.7375152615063436,1.2894024287576946,0.5032973698138393,1.312187302172039,3.812590320561445,3.6756929165782735,1.181949393406477,1.8794913919963099,1.8793654271169473,3.7716276477434367
auth_middleeast_f_9942_subdiv__fbx_backup_head.glb,pca_gnm_variation_001_bad,middleeast,female,9942,9942,0.04477604774928226,0.15821757994335564,0.059972735922036335,0.05998654243534148,0.08680363185056367,0.08655642343192367,0.08451755107294254,0.08437569549084913,0.03681714115689582,0.03297937316044405,0.05955486700363697,0.020883382936486776,0.059534798546876766,0.17639738483304002,0.16834036705502944,0.054568893949021216,0.08570686386901996,0.08572762044328992,0.17217167481165985,3.5335316066588702,1.3393932456443227,1.339701591601573,1.938617546966393,1.9330965501150363,1.8875616612298551,1.8843935481599452,0.8222508016573656,0.7365405125773455,1.3300608248657142,0.4663962986063576,1.3296126286141698,3.9395478989292347,3.7596075472679,1.2187072484506167,1.9141230228474955,1.9145865870813508,3.8451735574276915
auth_middleeast_f_9943_subdiv__fbx_backup_head.glb,pca_gnm_variation_001_bad,middleeast,female,9943,9943,0.04499878390911335,0.157830715872341,0.059798137510527406,0.05979790598211856,0.08747515403674988,0.08718691404707032,0.08435605992629301,0.08430812652407225,0.04043831081853929,0.03365476871591931,0.05928337808748687,0.029112627529300317,0.05966909099019592,0.17467913839370336,0.1674593626774029,0.0539563579314741,0.085717506649972,0.08573013063738412,0.1717005223709567,3.5074440276235204,1.3288834123007673,1.3288782670859696,1.9439448455635717,1.9375393393556322,1.8746297699216012,1.873564554418943,0.89865341472816,0.7479039607802246,1.3174440048696636,0.646964762161146,1.3260156343494314,3.8818635353904885,3.7214197391562913,1.1990625800122263,1.9048849591824664,1.905165499817467,3.8156702793957766
auth_middleeast_f_9944_subdiv__fbx_backup_head.glb,pca_gnm_variation_001_bad,middleeast,female,9944,9944,0.04518302046696799,0.15750989436445542,0.059562965710733794,0.05956237046974629,0.08657570091790177,0.08637534457767357,0.08499806325589564,0.08488495573062181,0.03939048217687136,0.03298456652461948,0.05824671351008409,0.02107334754239364,0.06004006958152643,0.177862867805882,0.1688555430115558,0.05478862405200456,0.0854562500073753,0.0854643479346711,0.17266145349330467,3.486041719579292,1.3182599369220693,1.3182467629248167,1.9161114069652512,1.9116770788004336,1.881194802327022,1.8786914830689279,0.8717983386185661,0.7300212819710349,1.2891283696420117,0.4663997077796018,1.3288192989536856,3.936497958030771,3.7371459735632606,1.21259321501224,1.8913354867421917,1.8915147117522086,3.821379175381436
auth_middleeast_f_9945_subdiv__fbx_backup_head.glb,pca_gnm_variation_001_bad,middleeast,female,9945,9945,0.044463046147753586,0.14837681589452878,0.05558722440598831,0.05568180532752777,0.08647263550803673,0.08611852750817278,0.08479771810529059,0.08466650046688284,0.04304180237520286,0.033606226887545096,0.05960459345236356,0.015959158062435263,0.05997468514810134,0.1761206761027959,0.1700602948321293,0.05408317226298724,0.08736728379066352,0.08737102302431277,0.1746080443446072,3.337081661059906,1.2501892970011177,1.2523164774292233,1.9448203170939424,1.9368562203766995,1.9071504418186345,1.904199280128729,0.9680353935304423,0.7558237637580976,1.3405422843566235,0.3589308300965693,1.3488658637737407,3.961057358003216,3.824755826827697,1.216362281685905,1.9649414819744102,1.9650255795334668,3.9270373821076796
auth_middleeast_f_9946_subdiv_middleEast_head.glb,pca_gnm_variation_001_bad,middleeast,female,9946,9946,0.048101235467406696,0.1558455543468396,0.0579055930465389,0.057852700872139645,0.08886573585737374,0.0886188501759618,0.08953907555584406,0.08548609751867502,0.03293922449095555,0.03330443156629471,0.06296488229390682,0.015123510508660305,0.0642559955642529,0.18056462705864942,0.1726488010221651,0.05698571972366485,0.08669643194523702,0.08670448650284446,0.17359063774908276,3.239949095537063,1.2038275625118948,1.2027279613501929,1.8474730429240012,1.8423404163082207,1.8614714296998789,1.7772120962797355,0.6847895728847777,0.6923820405582248,1.3090075895570645,0.3144100221481414,1.3358491718532395,3.7538459314833954,3.589279970556091,1.1847038682047628,1.8023743278690285,1.8025417779881194,3.608860272761756
auth_middleeast_f_9947_subdiv__fbx_backup_head.glb,pca_gnm_variation_001_bad,middleeast,female,9947,9947,0.04640488864079441,0.1544388295506252,0.058512065446791404,0.05856517391352931,0.08940988893621504,0.08914611685163086,0.08776106261271369,0.08762534950963329,0.03534592665395037,0.03677332060019983,0.060535551918704245,0.01617132399786682,0.06206884332502988,0.1761803999782145,0.1705914356652099,0.054202521241070424,0.08597989842417493,0.08598508778189157,0.17299176013021592,3.328072409484428,1.2609030462224535,1.2620475046683945,1.9267342634589377,1.921050119130396,1.8912029569135347,1.8882784136799347,0.7616854105081908,0.7924449702885938,1.304508074295595,0.34848319803208516,1.3375496664906406,3.796591375145221,3.676152247357048,1.1680347228205852,1.8528198416705226,1.8529316694944573,3.727877928321098
auth_middleeast_f_9948_subdiv_middleEast_head.glb,pca_gnm_variation_001_bad,middleeast,female,9948,9948,0.04774048467481784,0.14854230005375824,0.05491833531349678,0.054894315499312375,0.0886666206177732,0.08834123072449097,0.0889932125308818,0.08488539480882187,0.03449643023072803,0.034951727969642826,0.06242209245765084,0.015793270511288326,0.06069067082876152,0.18026343734081401,0.16932734704551844,0.053520591241533445,0.08759296481017975,0.08759253386667021,0.17547439038897014,3.1114535402300043,1.1503514404508155,1.1498483074317851,1.857262682222895,1.8504468759842572,1.8641036666689719,1.77805892393039,0.7225823211829312,0.7321192528252477,1.3075295084001788,0.3308150434345917,1.2712621424385044,3.7759029588549486,3.546829241447464,1.1210734789578811,1.8347732622912247,1.834764235497457,3.6755887918651444
auth_middleeast_f_9949_subdiv_middleEast_head.glb,pca_gnm_variation_001_bad,middleeast,female,9949,9949,0.04909950580436534,0.15252536427868066,0.056936773566823126,0.056804931551646426,0.08247392026274623,0.08223807130951123,0.08554804325514193,0.08520044923599682,0.029846761949731043,0.03037733747849877,0.061146249485592524,0.020718547963962892,0.04486855325248029,0.17472635960922422,0.15919913041498526,0.04535747997485855,0.08464511823794177,0.08465312703139628,0.17460909489758683,3.10645416445556,1.1596200946234574,1.1569348941715012,1.6797301502658637,1.6749266609155893,1.7423402100217478,1.7352608308416377,0.6078831438478027,0.6186892715282275,1.2453536646423056,0.42197060081449633,0.9138290196088108,3.558617479886929,3.2423774497712192,0.9237868942221797,1.7239505133759643,1.7241136269006998,3.556229172515677
auth_middleeast_f_9950_subdiv__fbx_backup_head.glb,pca_gnm_variation_001_bad,middleeast,female,9950,9950,0.047733535281624474,0.15367280735496913,0.05765369488120812,0.057702889404477244,0.08209912444529706,0.08198303305726133,0.08419448944896303,0.08396432428867137,0.02904209128617952,0.030307072523838453,0.058601567477809084,0.020286957427853518,0.04650366430782212,0.17148086452628414,0.16005011665538382,0.04632167866632627,0.08452862819616383,0.08454241657887764,0.17358406646285526,3.219388768259264,1.2078236933647468,1.2088543005254961,1.7199464477315172,1.7175143758694438,1.7638435735426155,1.7590216981266484,0.60842112604552,0.6349220175088409,1.2276812754819855,0.42500429327435957,0.9742346556452146,3.5924610133014285,3.3529910514924044,0.9704221234197645,1.77084365734595,1.7711325188901967,3.636522319973192
auth_middleeast_f_9951_subdiv_middleEast_head.glb,pca_gnm_variation_001_bad,middleeast,female,9951,9951,0.050696452577089164,0.15743026948332223,0.05716601247407187,0.05723771505992482,0.08159786853053361,0.08149176431177549,0.08247212596407745,0.08244558115214143,0.029480263365658003,0.02949760350713927,0.05818018596007338,0.018485351931748974,0.04327420564016826,0.17477270225538225,0.15775578981027563,0.04545064411903633,0.08454062756400105,0.08451674660900874,0.17463111903960202,3.1053507983410342,1.1276136606825709,1.1290280118296048,1.609538032398927,1.6074451005789585,1.6267829753703202,1.6262593724240262,0.5815054479567429,0.5818474865136792,1.1476184822124276,0.36462811482993013,0.8535943530637649,3.4474345515521505,3.1117717668783973,0.8965251375315453,1.6675846783450645,1.6671136206323773,3.444641787786975
auth_middleeast_f_9952_subdiv_middleEast_head.glb,pca_gnm_variation_001_bad,middleeast,female,9952,9952,0.05100533513779346,0.14605672386626592,0.053058895859711436,0.050953789903704784,0.08175417907893073,0.08297792527695128,0.08457582480920488,0.0850722414231534,0.031745501327262,0.031041906873051098,0.059248590047583906,0.020919981247803015,0.045597506222494796,0.1745089888976297,0.15957313165114048,0.04625759298236341,0.08403200362992816,0.08404079585765523,0.17424664648318633,2.863557772371976,1.0402616847114166,0.998989414853379,1.602855443613256,1.6268479572339298,1.6581760433632886,1.6679086843234434,0.6223957011849827,0.608601174547522,1.1616155425215986,0.41015280443284297,0.893975230224659,3.42138696719049,3.128557654214911,0.9069167540492815,1.6475139983476532,1.6476863769371344,3.41624353633694
auth_middleeast_f_9953_subdiv_middleEast_head.glb,pca_gnm_variation_001_bad,middleeast,female,9953,9953,0.04662707165953363,0.1578245473991917,0.059152493962998855,0.05926740364131989,0.08880070606996238,0.08866075324934218,0.08628471355398681,0.08629293609845613,0.03392618605476567,0.035068379600534064,0.05948220456874774,0.021360163131183565,0.06132483607597776,0.17950360477014435,0.17021786334366015,0.055284672319389945,0.08695634216693802,0.08694806241172354,0.17447473109125403,3.384826492034741,1.268629829360176,1.271094270600666,1.9044881634080852,1.9014866276984845,1.8505282550023612,1.8507046020080098,0.727607049880623,0.7521034101519388,1.2757010563108284,0.45810646843004454,1.3152195472142405,3.849772211320975,3.650623066929327,1.1856775549421863,1.864932518213557,1.8647549442223155,3.741919122977562
auth_middleeast_f_9954_subdiv__fbx_backup_head.glb,pca_gnm_variation_001_bad,middleeast,female,9954,9954,0.046186652382709845,0.15724443333559512,0.05905770209375927,0.0590065154504872,0.08765775085409729,0.08740670579463145,0.08549648850143728,0.08529030430609616,0.04574995869637744,0.034024360048600634,0.05920029489094936,0.028000658496898832,0.058545531231941596,0.1775317341317984,0.16701140391352673,0.05260445057356676,0.08594514239343015,0.08595692443143904,0.171714216479786,3.404542767738244,1.2786746613371736,1.2775664051499112,1.897902236510917,1.892466790413078,1.8511081468516049,1.8466439957450764,0.9905450240750533,0.7366708408886068,1.281761977473631,0.6062500106065489,1.2675855081858747,3.8437887349085753,3.616010152232815,1.1389535257432826,1.8608220765011334,1.8610771726685555,3.7178320493318084
auth_middleeast_f_9955_subdiv_middleEast_head.glb,pca_gnm_variation_001_bad,middleeast,female,9955,9955,0.04641627920594741,0.1573522039582279,0.058970526145047684,0.059036800354823234,0.0884631175268449,0.08829634049506849,0.08638421373764459,0.08640488847682783,0.04677254832552375,0.034060088789154376,0.059536245745798286,0.01596907977290821,0.05797580737682816,0.1791189909023944,0.16666548887144592,0.05149457839468862,0.08688916162014412,0.08688823374854084,0.17356945576196262,3.3900219201125896,1.2704707734843959,1.2718985960266012,1.9058640425342397,1.902270970564028,1.8610757952907178,1.8615212152928577,1.007675520866194,0.7337961890058217,1.282658730176067,0.34404049712933604,1.2490403877396448,3.8589691799217616,3.5906688714094672,1.1094077180596267,1.8719544760281182,1.8719344858087563,3.7394090765406034
auth_middleeast_f_9956_subdiv_middleEast_head.glb,pca_gnm_variation_001_bad,middleeast,female,9956,9956,0.04850895829154499,0.15745916334432825,0.057815402046662696,0.057790268448320394,0.08878518982397908,0.08850836640415309,0.08583940711159219,0.08563267512506166,0.03659070919317269,0.03430760831520102,0.05897937577001808,0.02374077651561855,0.06021762863841925,0.17931970208883635,0.16900004810260555,0.05501847562287191,0.08654918762006225,0.08653808545870045,0.17437880488005247,3.24598113193812,1.1918500022034033,1.1913318793818155,1.8302844041788908,1.8245777588586132,1.769557832919983,1.7652961049049627,0.7543082861779445,0.7072427346101301,1.2158450283666071,0.4894101492127181,1.2413713004617348,3.6966306514170477,3.483893574603145,1.1341920659727198,1.7841897799555015,1.7839609116855404,3.59477529556528
auth_middleeast_f_9957_subdiv__fbx_backup_head.glb,pca_gnm_variation_001_bad,middleeast,female,9957,9957,0.04858794176062699,0.15745925580213888,0.05861500099071336,0.058524635439803976,0.09160276289246548,0.09132195170213048,0.09114555882999803,0.09106503120877527,0.03655447687966368,0.041346228243791104,0.0628279458719494,0.018686828641678376,0.07262988762016614,0.18184918921677548,0.17935288400601046,0.061045165096015264,0.08570758182924931,0.0857319963555149,0.17212069069361535,3.240706440661276,1.2063692938360224,1.2045094589133047,1.8852982771683355,1.8795188351882977,1.875888451481133,1.8742310933320783,0.752336393662294,0.8509565695844278,1.2930769156980781,0.38459807031425153,1.4948130130307646,3.742681468432485,3.691304416425152,1.2563850800011234,1.7639681518409585,1.7644706330200515,3.5424569236042953
auth_middleeast_f_9958_subdiv__fbx_backup_head.glb,pca_gnm_variation_001_bad,middleeast,female,9958,9958,0.047940654079232856,0.15624862324359023,0.05872009414583313,0.058626375110032936,0.09269451880903273,0.09228896305299406,0.09136440708685946,0.09129002491624788,0.036284280707977665,0.04128079372191271,0.06358805709748781,0.019020936629204614,0.0719713040710641,0.18007487806123404,0.17841633090784817,0.05962073663849812,0.0854284925829113,0.0855087310046103,0.17005153060088096,3.259209250365124,1.2248496661890511,1.2228947692941254,1.9335263689943387,1.9250668315969472,1.9057814049816457,1.9042298581360677,0.7568582741489013,0.8610811536631685,1.3263911041429275,0.3967600566685674,1.5012582838797968,3.756204030166532,3.721608191097571,1.2436362787199622,1.7819634342435389,1.7836371373508513,3.547125792648387
auth_middleeast_f_9959_subdiv_middleEast_head.glb,pca_gnm_variation_001_bad,middleeast,female,9959,9959,0.04858621229084443,0.1568009929751419,0.05834424256050758,0.05830108591475399,0.09089696306389493,0.09050376749461034,0.08532679185354607,0.08520373959596285,0.03716084328305278,0.0382405672977327,0.06578277816496803,0.017223748568858638,0.07183753111730946,0.1813609376635813,0.17925767561716247,0.06657489163348902,0.08617323829953014,0.08619352637298824,0.17303815491856106,3.22727345026419,1.200839493542944,1.199951244722574,1.870838634626876,1.8627458949226392,1.756193533728601,1.7536608757628678,0.7648433893262216,0.7870662374094707,1.3539392157425723,0.3544986891703899,1.4785579638782937,3.7327655133503153,3.6894762354410107,1.3702424719787094,1.7736150697173938,1.774032638251789,3.561466242371981
auth_middleeast_f_9960_subdiv_middleEast_head.glb,pca_gnm_variation_001_bad,middleeast,female,9960,9960,0.050814149468845764,0.15928683329967713,0.059094218844854156,0.058943090073605105,0.09129600571839433,0.09104594739132935,0.08656870171592836,0.08658305800065498,0.036698274909974106,0.039018597555173166,0.0660701934519019,0.01668147208865774,0.06896329544724575,0.17961024493245945,0.1749588182708181,0.0617566421894133,0.08723237491554821,0.08720248552104404,0.17470794200138584,3.134694469250856,1.1629481052533392,1.1599739578391095,1.7966650366620434,1.7917439993195157,1.7036337835193673,1.7039163088568312,0.7222058283682161,0.7678687523658254,1.3002322019068655,0.3282839969383956,1.3571671703277697,3.5346502265590174,3.4431122059434576,1.215343419794449,1.716694578722222,1.7161063686504883,3.4381750718566995
auth_middleeast_m_9961_subdiv_middleEast_head.glb,pca_gnm_variation_001_bad,middleeast,male,9961,9961,0.04852528295633321,0.15252208319565566,0.05685212829381104,0.05670371527905618,0.08527016415783698,0.08526009461964013,0.08821435779893483,0.08799588093556367,0.03640907586489033,0.03274049228258137,0.05910338541625285,0.021525959288330506,0.06563684726988345,0.17575293047879442,0.1721514261266784,0.05539634823376303,0.08199394063039923,0.0820683353221442,0.16812341426167177,3.143146704222349,1.17159807898433,1.1685396111977864,1.7572316731170767,1.7570241619479836,1.8179050677214372,1.8134027371823704,0.7503114592377343,0.674709971542954,1.2179915667764087,0.44360296276275657,1.352631932696787,3.621883681481063,3.5476645500778123,1.1415976344457988,1.6897158684099525,1.691248980371647,3.4646560312273125
auth_middleeast_m_9962_subdiv_middleEast_head.glb,pca_gnm_variation_001_bad,middleeast,male,9962,9962,0.049670761480422244,0.15633321607712844,0.057366486865339954,0.057333014633631614,0.08808366928374164,0.08790659369406904,0.08618523864632745,0.0861590266376192,0.03735939027139927,0.03443227981783919,0.057818602179840764,0.026254229161823437,0.07108370981682059,0.17813410612963904,0.17911042894567544,0.06453814722437964,0.08221571053453519,0.08231873411727254,0.1677183933906102,3.1473891564707994,1.1549347172370406,1.154260835244683,1.7733504914850131,1.7697855050745994,1.7351302069386918,1.7346024918820464,0.7521404777763372,0.693210226531572,1.1640369597037483,0.5285650628120843,1.4310976457415148,3.586297065323846,3.605952951139513,1.299318659526035,1.6552134109508378,1.65728754027092,3.3766020167964705
auth_middleeast_m_9963_subdiv__fbx_backup_head.glb,pca_gnm_variation_001_bad,middleeast,male,9963,9963,0.04665200842305517,0.15571823393580767,0.05839083740732374,0.058368224104832604,0.08581891265528772,0.08576248633382823,0.08675912334576952,0.08678960550589448,0.03683278875788609,0.032419605154145166,0.054623792974747024,0.021813313408676243,0.06805385344647645,0.1777225136767486,0.17585502948619897,0.06034274946765986,0.0834567728805922,0.08350903795771793,0.16827267641547422,3.337867740306172,1.2516253722201445,1.2511406491984458,1.8395545134317621,1.8383449980568227,1.8597082157537643,1.8603616101338851,0.7895220378054191,0.69492410402043,1.1708776282341629,0.46757501222383,1.458755062147434,3.8095361739864364,3.769506081956642,1.2934652013360866,1.7889213283976926,1.7900416462337818,3.6069760360481022
auth_middleeast_m_9964_subdiv_middleEast_head.glb,pca_gnm_variation_001_bad,middleeast,male,9964,9964,0.04701901778891083,0.153660612483504,0.05778618735310269,0.057839866831951095,0.08593266734572971,0.08581335077405049,0.08721997370046372,0.08721078423254254,0.03692300550043685,0.03349754026697167,0.054289250861923204,0.02206631431074601,0.0696778198050164,0.178629056435908,0.17216040367028662,0.05709541412302763,0.08313622332067075,0.08316181091676404,0.17062816858234156,3.2680523692212042,1.2289960545864749,1.2301377092056631,1.8276151095184394,1.8250774858654977,1.8549935281939058,1.854798086682081,0.7852781116398593,0.7124253513196926,1.1546232442721722,0.4693061520300457,1.4819071746209367,3.799080985439825,3.6615057431269795,1.214304696439092,1.7681403659665125,1.76868456270427,3.62891818260362
auth_middleeast_m_9965_subdiv__fbx_backup_head.glb,pca_gnm_variation_001_bad,middleeast,male,9965,9965,0.04543141462708254,0.14906466763447093,0.05668767007354673,0.05667494265194846,0.08674870830386518,0.08657432992618046,0.0857043868194939,0.08540346972178514,0.03729638636173807,0.03445687789890416,0.0600499546488628,0.021333537926306326,0.06568682923971512,0.16918287459120224,0.16960190647426424,0.0564123046508576,0.07904769964510987,0.07919023763848217,0.16124430951211727,3.2810923643484924,1.247763701369627,1.2474835555343555,1.9094432567405153,1.9056049792156775,1.8864564866180473,1.8798329398898903,0.8209382575444828,0.7584372659697846,1.3217716230448582,0.4695767917732633,1.44584600279116,3.7239182618440645,3.733141656856119,1.2417025776967363,1.7399348070924476,1.7430722395176166,3.549180910074423
auth_middleeast_m_9966_subdiv__fbx_backup_head.glb,pca_gnm_variation_001_bad,middleeast,male,9966,9966,0.045513318955805286,0.15027446378911033,0.05700416796378724,0.05699657701063883,0.0848981678789212,0.0848956914060241,0.08595546824606115,0.0856622874479273,0.03653566667050231,0.03210269859472295,0.06010890628389756,0.021705036302939157,0.06504902664932798,0.1725706461177822,0.1729667110863316,0.05882066891874008,0.07890627332990723,0.07902866384945377,0.1622459367476133,3.3017689598737254,1.2524722272866957,1.2523054419736805,1.8653477669110379,1.8652933548630062,1.888578337464827,1.8821366890669473,0.8027467015969428,0.7053473429590045,1.3206882658297234,0.47689416638710436,1.4292305668257772,3.7916515445808985,3.80035372182563,1.2923836421566313,1.7336963144025475,1.7363854287619154,3.564801259718253
auth_middleeast_m_9967_subdiv__fbx_backup_head.glb,pca_gnm_variation_001_bad,middleeast,male,9967,9967,0.04579866468505935,0.15110870464628023,0.05730271734909204,0.05729467851141575,0.08580160961566963,0.0857005671791435,0.0854482925092766,0.08536890416277877,0.04054507751468442,0.0325050699899558,0.06510211926811577,0.021720799678341875,0.06565516091562255,0.1688504966776411,0.17302150520567577,0.05889987132258938,0.07999461469516202,0.08008478307544628,0.16337972120408925,3.2994128908648204,1.2511875126303758,1.2510119870395846,1.8734522110130476,1.8712459799532348,1.8657376387908517,1.8640042182415026,0.8852895121178329,0.7097383780396496,1.4214850960349872,0.4742670955083049,1.4335605932423807,3.686799557121679,3.7778722675755136,1.2860608868756813,1.7466582321833113,1.748627031511945,3.567346828288374
auth_middleeast_m_9968_subdiv__fbx_backup_head.glb,pca_gnm_variation_001_bad,middleeast,male,9968,9968,0.0453221063837294,0.14865251649385272,0.05660189448170202,0.05656811322998902,0.086441550722812,0.0862985078849554,0.08545857016208946,0.08520992044789007,0.039095567716817735,0.03330297201624446,0.059572554625799,0.02146855394084606,0.0660472842093478,0.1668949058711147,0.17362918611432068,0.060321616590130855,0.07878005696577602,0.07888995064575614,0.1610152295232614,3.2799119095492624,1.2488804911773044,1.248135131916484,1.907271255023673,1.9041151166781711,1.8855824890073736,1.8800962101461451,0.8626158587115671,0.7348063599312364,1.3144259916212875,0.47368835329668724,1.4572862887294824,3.6824172393503276,3.8310043369178755,1.330953510399646,1.7382258516135072,1.740650577398529,3.552686368104588
auth_middleeast_m_9969_subdiv__fbx_backup_head.glb,pca_gnm_variation_001_bad,middleeast,male,9969,9969,0.04560911533969998,0.14534180909660788,0.05620486106068069,0.05624682780173167,0.08462021093417066,0.0846504170198251,0.08506129480909297,0.0848045502050868,0.0366227635478701,0.031219048992372753,0.05808774850435287,0.020767913728058942,0.05717140413228759,0.17084442909688058,0.16552726622465105,0.05329484877098171,0.07914906726204905,0.07926735517613513,0.1627571983254879,3.186683363930469,1.2323164052199398,1.2332365445547724,1.855335502649267,1.8559977844196864,1.865006461439787,1.859377222589309,0.8029702675682506,0.6844914390435118,1.2735995441198789,0.45534568196243275,1.2535082890003644,3.7458395722964357,3.6292584276584194,1.168513100375612,1.7353782609581678,1.7379717757239128,3.5685234653919626
auth_middleeast_m_9970_subdiv__fbx_backup_head.glb,pca_gnm_variation_001_bad,middleeast,male,9970,9970,0.043156127709124976,0.14228304699875857,0.05600614486442167,0.056061648603531154,0.08431541871976307,0.08441992299589945,0.08435094655491948,0.08414715587912093,0.03706399835732576,0.031166129304863222,0.05816497772231268,0.02067633612170439,0.06048108266799012,0.16999451199803498,0.16402496477628378,0.05338182261836131,0.07750796482518704,0.07762697500333768,0.16180338574088773,3.2969372960835432,1.297756491080632,1.2990426059861118,1.9537299381458484,1.9561514778363587,1.9545531777885676,1.949831005373746,0.8588351255038322,0.7221715885847058,1.3477802761718638,0.4791054531366716,1.4014483198223073,3.939058507376026,3.8007340668241225,1.2369465346418047,1.7959897919386005,1.7987474577549771,3.7492563473593545
auth_middleeast_m_9971_subdiv__fbx_backup_head.glb,pca_gnm_variation_001_bad,middleeast,male,9971,9971,0.04317656129065691,0.14070779639652103,0.05596106910477633,0.05605188555150565,0.08402958484642661,0.08411449777487048,0.08423780032785728,0.08411372601190617,0.0388465329192147,0.030731061670371713,0.057976750427514136,0.02137655935902626,0.0609325213808519,0.1703783508700754,0.16660283376275112,0.05608433806976448,0.07748641191092374,0.07760362645246278,0.16167485334467815,3.258893070462496,1.2960983327981215,1.298201706573489,1.9461852063844185,1.9481518504594817,1.951007625660215,1.948133975877967,0.899713450029213,0.7117533391206328,1.3427829520101193,0.495096383779224,1.4112407185617455,3.9460843053970587,3.8586406323840974,1.2989533300768146,1.7946406474869325,1.797355419993941,3.744505085903249
auth_middleeast_m_9972_subdiv__fbx_backup_head.glb,pca_gnm_variation_001_bad,middleeast,male,9972,9972,0.04560616430796576,0.14320651676043547,0.055886445139551356,0.055886657498207176,0.08574768671664411,0.08575821974038973,0.08547058817341452,0.08523483075304528,0.03613424562119817,0.03205157823000299,0.058343027486230284,0.021381386955760345,0.06041336831057598,0.16792557048722667,0.16774486621362314,0.055271209386027115,0.07851021766351715,0.07867212848362794,0.16168104461163668,3.140069307153341,1.225414283081684,1.2254189394402937,1.880177559717888,1.8804085158595731,1.8741016586322712,1.86893223857806,0.7923105608529944,0.7027904827419291,1.279279421357517,0.46882668779987235,1.3246754956768843,3.6820805484379684,3.6781182710496907,1.2119240945762504,1.7214825858486904,1.7250327818050406,3.545157701047812
auth_middleeast_m_9973_subdiv__fbx_backup_head.glb,pca_gnm_variation_001_bad,middleeast,male,9973,9973,0.04583732281875829,0.14925192523484082,0.056812356439062676,0.056803795728266465,0.08227742824831007,0.08223726160425748,0.0843455826713005,0.08413336988077084,0.03329379880718297,0.030148076523322697,0.05774576332464796,0.018541348324276813,0.05463413546488048,0.17266426265557952,0.16371303684403213,0.05184359936867164,0.07991878721367497,0.07994223868788355,0.16830376867311903,3.256122217804604,1.2394344378204611,1.239247674932278,1.7949876473727904,1.7941113605047418,1.8401070892557285,1.8354773949917604,0.7263469321458265,0.6577189650130486,1.2597979064566203,0.40450329958382786,1.1919137529236812,3.766892393307906,3.571609919090537,1.1310346281274386,1.7435308674041783,1.7440424913989152,3.6717626231923615
auth_middleeast_m_9974_subdiv_middleEast_head.glb,pca_gnm_variation_001_bad,middleeast,male,9974,9974,0.044996590620452824,0.1501344310414648,0.057181920828429766,0.05717335720284996,0.08274466096385019,0.08281187895986976,0.08361353235930413,0.08339069971410178,0.03643197346105282,0.030545197077259983,0.057201637103496905,0.018574574825605084,0.05539621007322617,0.1716278571678958,0.16427927158964514,0.053011362282855745,0.07983737685163318,0.07986617630672323,0.16480645328784127,3.3365734819300386,1.2708056330480781,1.2706153158382245,1.8389095667670274,1.8404034131916722,1.858219282980482,1.853267071221108,0.8096607533747895,0.6788335884136056,1.2712438056917224,0.41279960480299516,1.2311201650919366,3.81424136365309,3.6509270885730922,1.1781195319887163,1.774298357959231,1.7749383943418309,3.662643125075567
auth_middleeast_m_9975_subdiv__fbx_backup_head.glb,pca_gnm_variation_001_bad,middleeast,male,9975,9975,0.04548940775813915,0.1513346893249004,0.05749200420034213,0.05748615202693313,0.08277232515506765,0.08280085257266154,0.08334786332257121,0.08312219244185508,0.03668151845377231,0.0306447015624372,0.057975660082825085,0.019510183480995424,0.05466046647656278,0.1700247231386398,0.16410036808006231,0.0527450768278289,0.08071721461592474,0.08083676194244763,0.16781531731065275,3.3268115981972306,1.2638547528694837,1.2637261037246077,1.819595576956213,1.820222699158937,1.8322477128240535,1.8272867583549164,0.8063749400476444,0.6736667517275848,1.274487027641107,0.4288950866260637,1.2016086638714856,3.7376772202143758,3.6074412960608573,1.1595023858799642,1.7744177951290756,1.777045820694027,3.689107543516579
auth_middleeast_m_9976_subdiv__fbx_backup_head.glb,pca_gnm_variation_001_bad,middleeast,male,9976,9976,0.045046440085229796,0.15248807594913744,0.05781623666917935,0.057807529519480885,0.08302250166693191,0.08305596069733819,0.08490223314636672,0.0846942602451543,0.03681414763536673,0.030890182047242292,0.059332409038957305,0.019545934496361897,0.055370183034291864,0.17473789324628297,0.16406508977666223,0.051187532296625766,0.08064091412338542,0.08068554681563053,0.16845371110453086,3.385130448946098,1.2834807047968397,1.283287412059789,1.8430424581798202,1.8437852256514111,1.884771204688496,1.8801543492650945,0.817248767398995,0.6857408041300654,1.3171386890217704,0.4339063077876998,1.2291799957894365,3.879061095963885,3.6421321966007536,1.136328025028765,1.7901728520790845,1.7911636671614897,3.7395565728570164
auth_middleeast_m_9977_subdiv__fbx_backup_head.glb,pca_gnm_variation_001_bad,middleeast,male,9977,9977,0.04809322474256185,0.15235167075604603,0.05632542346052244,0.056284254532748525,0.08588205159571871,0.08586049418373413,0.08334062999427692,0.08294402391663973,0.03449993936899241,0.034373853142277845,0.05675895698668458,0.021210518062473812,0.06662364109467106,0.17838142835743004,0.17256179501537414,0.06132166153547915,0.08243141812072402,0.0825082401036609,0.1668989821096032,3.167840617292125,1.1711716933523737,1.1703156699105213,1.7857411736359252,1.7852929314542048,1.7328975222682792,1.7246509120698532,0.7173555018127208,0.7147337972506022,1.1801861341282378,0.4410292338684204,1.385302013980153,3.709076056186453,3.5880687131935924,1.275058220024292,1.7139923255712428,1.7155896811935387,3.4703221296346105
auth_middleeast_m_9978_subdiv__fbx_backup_head.glb,pca_gnm_variation_001_bad,middleeast,male,9978,9978,0.047279437831945305,0.15085662270268838,0.056345622920444406,0.056293754812444675,0.08474335563677605,0.08476834928120305,0.08324600299937339,0.08298748861758802,0.036099585061969884,0.03317715004181958,0.057655673065090715,0.021405066388404496,0.06996339432637853,0.17905089261855836,0.17563999863894322,0.06404136410298894,0.08132452709555169,0.08140029748472023,0.16881213669363207,3.190744848509156,1.1917574637990587,1.1906604095535305,1.7923934700322832,1.7929221066991539,1.760723198428695,1.7552554011442973,0.7635366814276813,0.7017247150811672,1.2194661296529736,0.45273521365649005,1.4797848184037916,3.7870774448502225,3.7149341593962126,1.3545288827380706,1.7200823619058163,1.721684969564517,3.570519118557936
auth_middleeast_m_9979_subdiv__fbx_backup_head.glb,pca_gnm_variation_001_bad,middleeast,male,9979,9979,0.048782029929507906,0.1524541585720424,0.05633461274014062,0.05622455514241313,0.08950822236767611,0.0892814338782301,0.08653026055933412,0.08629796382088313,0.03610373050903926,0.03892621109771608,0.059670264717742755,0.019462224818865413,0.06843022750704264,0.17817001045381525,0.17554821141610738,0.06063571640170299,0.0828498973866858,0.08292570019154301,0.16811374763342776,3.1252114516830294,1.1548230531108794,1.1525669436811052,1.8348605520725414,1.830211535010854,1.7738142648916824,1.7690523322950549,0.7401030781460033,0.7979621010844793,1.2232017569578144,0.39896299614815434,1.4027753171798552,3.6523697499115646,3.5986245687147904,1.2429928908109023,1.6983692049389376,1.6999231133139425,3.4462228791290404
auth_middleeast_m_9980_subdiv__fbx_backup_head.glb,pca_gnm_variation_001_bad,middleeast,male,9980,9980,0.046682865207002974,0.15218454323858494,0.05688644068518119,0.05667283888734936,0.0861340725787702,0.08600281067713914,0.0841551534493617,0.08384738231933536,0.03633566138275321,0.034173563543889604,0.05866491048169663,0.020102851726669233,0.06877244273366151,0.17909217657997653,0.17445813211622496,0.06158461295989254,0.08178152234059616,0.08187887842731806,0.16739784636748967,3.2599657832432163,1.2185721770275482,1.2139965838867957,1.845089674698225,1.8422778956643329,1.8026989790836028,1.7961061718798974,0.7783511406515475,0.7320365490069185,1.2566690202403474,0.4306259189004014,1.473183842266495,3.8363578539114735,3.737091357667014,1.3192123638258204,1.7518531045161294,1.7539385824809073,3.585852017120364
auth_middleeast_m_9981_subdiv__fbx_backup_head.glb,pca_gnm_variation_001_bad,middleeast,male,9981,9981,0.04624277762231483,0.15328089968668232,0.057682536796252126,0.057658854079367015,0.08710041988131484,0.0868729926815023,0.08692681824996142,0.08684901383400874,0.042447425866686,0.03393507180621647,0.05827453491045497,0.021379149677616702,0.06771005573262971,0.1729098632995966,0.17435934409255863,0.05870623482993744,0.08251174693883785,0.0825835118285151,0.1684603883045092,3.3146992366807,1.2473847757885752,1.246872637069778,1.883546455463865,1.8786283425929204,1.8797923204339302,1.8781098000501388,0.9179255237082179,0.7338458793150182,1.2601867341622255,0.46232408122690316,1.4642298584580626,3.7391755467594905,3.7705205668359354,1.2695222443041196,1.7843164096401756,1.7858683252768914,3.6429556563491827
auth_middleeast_m_9982_subdiv__fbx_backup_head.glb,pca_gnm_variation_001_bad,middleeast,male,9982,9982,0.04618748165752164,0.15457229419546184,0.05845802817464887,0.05845971067332885,0.08688182953734361,0.08664742179593948,0.08713101002663803,0.0869200450444859,0.04006219771042626,0.03411227714760756,0.059441688714877906,0.021006230522739068,0.06660964934452802,0.1745088027295776,0.17441960304784446,0.058182877877243105,0.08340217871162967,0.08344805260119185,0.17027505531321152,3.3466274550669235,1.2656682303684113,1.2657046579591698,1.88106877490245,1.8759936391082483,1.8864637538091176,1.8818961745737648,0.8673821622812407,0.7385610975837297,1.2869653547174469,0.45480354782058574,1.442158068682678,3.778270571743953,3.7763393194103756,1.2597109820506531,1.8057312440209135,1.806724454473528,3.6866061799124354
auth_middleeast_m_9983_subdiv_middleEast_head.glb,pca_gnm_variation_001_bad,middleeast,male,9983,9983,0.0450440538041476,0.15211094266335115,0.05780431736522281,0.05780436280402803,0.0860587439565526,0.08583759245890739,0.08671330135375642,0.08657835550981623,0.03940563271350915,0.03301053422357024,0.058424256745529424,0.020171906736520296,0.06988906140143049,0.17349183569252613,0.17530500247847547,0.05992255099634451,0.08247623446559803,0.08251552419997095,0.1682440806103559,3.3769372384806307,1.2832840848773752,1.2832850936410496,1.9105461584505168,1.9056364871627864,1.9250776524419293,1.9220817887808355,0.8748242972279002,0.7328499865287584,1.2970470419815943,0.4478261842113085,1.5515713062884937,3.851603509019679,3.891856697461222,1.3303099063172443,1.8310126975739407,1.8318849488713873,3.7351007824891678
auth_middleeast_m_9984_subdiv_middleEast_head.glb,pca_gnm_variation_001_bad,middleeast,male,9984,9984,0.04498922493814866,0.1535288477418998,0.05838292347067621,0.05839970500086438,0.08662408044204456,0.08643204905382683,0.08597808170889676,0.08598654583323943,0.04327672407390841,0.03284513525810007,0.05815140200639658,0.022482097285693767,0.0670822072701149,0.17181211741122282,0.1717907467120789,0.05690084238115662,0.08234418713918713,0.08239152462870404,0.16695112198854953,3.4125692974922726,1.2977090303498506,1.298082042559135,1.9254406040809915,1.921172217851139,1.9110816384834308,1.9112697751840366,0.9619353108084302,0.7300667060447401,1.2925628766964385,0.4997218182042974,1.491072748248936,3.818961487943629,3.8184864697770946,1.2647660069579794,1.8303090851730432,1.8313612813285003,3.710913495799817
auth_middleeast_m_9985_subdiv_middleEast_head.glb,pca_gnm_variation_001_bad,middleeast,male,9985,9985,0.04552575473663066,0.14941756851581625,0.05685787351646537,0.05680401521739846,0.08863325073624725,0.08838860506602386,0.08504263269392595,0.08477334661281569,0.036748793476440327,0.03600097357422302,0.059178025776061995,0.018688569679742754,0.0689051583404185,0.1717817043341587,0.17478672327606684,0.06134582424308501,0.08265864942645026,0.0827240225711615,0.16684806152890921,3.2820448420944635,1.2489166592710372,1.2477336300301498,1.946881523414519,1.9415077372655867,1.8680114846179465,1.862096457340132,0.8072088796557991,0.7907825753244708,1.299880169332954,0.410505433415817,1.5135423616596615,3.773286249243458,3.839293259106169,1.3474971386630368,1.8156458888959826,1.8170818484992757,3.6649158810026474
auth_middleeast_m_9986_subdiv__fbx_backup_head.glb,pca_gnm_variation_001_bad,middleeast,male,9986,9986,0.04902842994072729,0.15218583544724118,0.056065984264421574,0.056008462152569834,0.08951645245115022,0.0892670040814112,0.08665077088554408,0.08642663421053434,0.037148347789931695,0.037241814548097225,0.05933525171278858,0.02276889469370953,0.06492374499376545,0.17724280067090153,0.1728808883581496,0.058819169868627105,0.08305679117866473,0.0831388538130852,0.16746821637303688,3.104032407956477,1.1435402751465282,1.1423670352136714,1.8258070380669082,1.8207192069852156,1.7673576533105415,1.7627860878885873,0.757689932858181,0.7595963116322623,1.2102213304509581,0.4644018729793282,1.3242060794574644,3.615102520826762,3.5261355211079204,1.1996951552341424,1.6940536598678742,1.6957274363791692,3.4157368811421627
auth_middleeast_m_9987_subdiv__fbx_backup_head.glb,pca_gnm_variation_001_bad,middleeast,male,9987,9987,0.045224985322477616,0.15178468705096115,0.05798800847111465,0.05805604467387837,0.08694027498680841,0.08672078947158209,0.08466887166536338,0.08463335338986143,0.04416612574316899,0.03293504650760693,0.059721451749842065,0.02276340857369392,0.07017242921244758,0.17453563245318854,0.17665978851573266,0.06395049819674435,0.08388365674476488,0.08396343727358568,0.1716724147788655,3.3562130748889705,1.282211769835414,1.2837161639723849,1.9223947640199135,1.91754157250064,1.872170240888535,1.871384872463345,0.976586845263555,0.7282489153454215,1.3205410974486143,0.5033370030167839,1.5516296735550437,3.8592744963576857,3.9062431365329737,1.4140523814600294,1.854807826837994,1.8565719076497826,3.7959639689156797
auth_middleeast_m_9988_subdiv__fbx_backup_head.glb,pca_gnm_variation_001_bad,middleeast,male,9988,9988,0.04493412431377026,0.15056722853361182,0.056637661569553584,0.05666052383476705,0.08682615347716495,0.08659421315577846,0.08420950053059445,0.08416106706076923,0.036902177842970334,0.03415152535914052,0.056593407196313936,0.02305632661753468,0.07171640744570353,0.1744959206952357,0.17951483103841945,0.06578537859160359,0.08152260557150554,0.0816052685930675,0.1644156777885523,3.3508437258555817,1.260459894000799,1.2609686891662244,1.9322987774473375,1.9271369917237107,1.8740656865274234,1.872987809289024,0.8212506287045078,0.7600354047330268,1.259475021725763,0.5131139633774718,1.5960343845785312,3.883372010918674,3.995066862433688,1.4640405170073243,1.8142693735888067,1.8161090226934546,3.6590382098125454
auth_middleeast_m_9989_subdiv__fbx_backup_head.glb,pca_gnm_variation_001_bad,middleeast,male,9989,9989,0.04586933735746707,0.1532091949750633,0.057878785107748916,0.05788868996587805,0.08308976550012022,0.0830107855281999,0.08496529834257743,0.0847107840923835,0.03128706980337781,0.030636321812405585,0.05977536632968437,0.019257029860134035,0.05309461525657267,0.17067816859709786,0.16496081575775223,0.05213416270909292,0.08066959917025945,0.08071259393873437,0.16782166895109085,3.3401222647076754,1.2618186449193782,1.2620345812877618,1.811444644438362,1.8097227976345853,1.8523332412768314,1.846784561813458,0.6820911660343527,0.6679041725336434,1.3031661186610435,0.41982358955964255,1.1575186892890528,3.7209643397936105,3.5963200094256047,1.1365798093572415,1.758682462351448,1.759619793713788,3.658689630574555
auth_middleeast_m_9990_subdiv_middleEast_head.glb,pca_gnm_variation_001_bad,middleeast,male,9990,9990,0.04522943245332646,0.1513408572036681,0.05757346597472528,0.05757662837827618,0.08246200683376685,0.08246291839622959,0.08400853550062189,0.08372451165015964,0.029678090906065588,0.031073296727154823,0.05745689670955911,0.019548876669573924,0.05513607755799501,0.1685522360800588,0.16675590386361896,0.05426994974840657,0.07975222842110104,0.07981114747015859,0.16702021589846017,3.346070224512347,1.2729203717985402,1.2729902909502822,1.823193490629398,1.8232136448169103,1.857386461510714,1.85110683704814,0.6561676611063217,0.6870149599869564,1.270343083982991,0.43221582958722654,1.219030939972362,3.726605153712522,3.6868891520073603,1.1998812897864521,1.7632816530121096,1.7645843235490073,3.6927329581420922
auth_middleeast_m_9991_subdiv_middleEast_head.glb,pca_gnm_variation_001_bad,middleeast,male,9991,9991,0.046447754176169184,0.1509673463512513,0.057045058021146525,0.057053183882670416,0.08323849139063465,0.08316422023014003,0.08367298774168148,0.0835226997709815,0.034602480914321235,0.030826900401388815,0.0576707857906709,0.01806044227096483,0.053368108089471754,0.1732870042797292,0.1650918922446241,0.05237088097233844,0.08106835603177799,0.08111017140571267,0.1687828256889671,3.250261482582245,1.2281553550422135,1.2283303013161082,1.79208861369107,1.7904895878218554,1.8014431316597723,1.7982074968402726,0.7449764047380923,0.6636897940095688,1.2416270025012293,0.3888334881050298,1.148992217945667,3.7307940362945917,3.55435682893205,1.127522350676068,1.7453665407437826,1.746266807606548,3.6338210249907847
auth_middleeast_m_9992_subdiv_middleEast_head.glb,pca_gnm_variation_001_bad,middleeast,male,9992,9992,0.04551171635968518,0.1508880860797397,0.057307924097039,0.057287740340807906,0.08273984718005291,0.08263848168117878,0.08389563708570255,0.08369699106017425,0.032604201972460674,0.030619976859391943,0.057370681158920384,0.01828316684161521,0.053926100037447966,0.1717825013140579,0.1649672058220154,0.05174963659229579,0.08143976296018338,0.08146507719945245,0.1685256068458298,3.3153679568410688,1.2591905707120956,1.258747085872465,1.8179900429627578,1.8157628033202662,1.8433854795249671,1.8390207567366992,0.7163913950154134,0.672793278491151,1.2605694917219166,0.401724397672039,1.1848839013510892,3.774467654799872,3.6247195011995927,1.1370618542115944,1.7894241191994176,1.7899803328800667,3.7029059838998246
auth_middleeast_m_9993_subdiv_middleEast_head.glb,pca_gnm_variation_001_bad,middleeast,male,9993,9993,0.04532392322006632,0.15443798227214733,0.058673186871948974,0.058688415161086215,0.088143287985612,0.08786827528996197,0.08692773717685377,0.08665065613636361,0.038132106102759675,0.034697393300963546,0.06095996547956253,0.025075367741534134,0.07008577894913773,0.1753425450037611,0.17679255304998925,0.06124306498799251,0.08480959487818446,0.08488569822073033,0.17349927982528848,3.407427497445164,1.2945301885511207,1.2948661764368847,1.9447409165715865,1.9386732005375018,1.9179217287696786,1.9118083780090918,0.8413240380276127,0.7655425840453706,1.3449843073728809,0.5532479529581518,1.5463308109680267,3.868653297120834,3.9006454095244263,1.351230446019251,1.8711883008538104,1.872867399597676,3.8279845939831376
auth_middleeast_m_9994_subdiv__fbx_backup_head.glb,pca_gnm_variation_001_bad,middleeast,male,9994,9994,0.04798957772897338,0.15596158285515677,0.0579533724252954,0.05794139490560122,0.08980040882477774,0.08954190189733385,0.08705683685832366,0.08430898008409146,0.03632545145129007,0.038302846185549314,0.060533345354447265,0.021703125627672855,0.06915071653968638,0.17668892462015237,0.17375609262025923,0.05991318981221571,0.0837305948812095,0.08374764301662917,0.167993851048308,3.249905296853571,1.207624137736608,1.2073745518835748,1.8712481558378322,1.865861425225118,1.8140779931423254,1.756818544231334,0.7569445944376132,0.7981492648647381,1.261385246944998,0.4522466471833475,1.4409528029236462,3.6818186985937498,3.6207047622208015,1.248462533898137,1.7447662355790583,1.745121482201897,3.500631991326793
auth_middleeast_m_9995_subdiv__fbx_backup_head.glb,pca_gnm_variation_001_bad,middleeast,male,9995,9995,0.04713169513956431,0.15418595525691836,0.057727608899985794,0.05768048949011465,0.08965641025286011,0.08934932587646627,0.0844790907457952,0.08440511100205744,0.03689975348084646,0.037748725268677986,0.06174776290624539,0.02686106620930974,0.07169086587852389,0.17808265252889888,0.17686787626124117,0.06410584310885557,0.08390088514516789,0.08397768474385882,0.1695375014569181,3.271385737354654,1.2248150364429993,1.223815297101318,1.9022530377355085,1.8957375840586457,1.7924051001271948,1.7908354611927435,0.7829074123385659,0.800920169684076,1.310111226074102,0.569915130991362,1.521075481504241,3.7784054233901054,3.752631339431093,1.3601429551606017,1.7801372281799808,1.781766696385262,3.5971017158388015
auth_middleeast_m_9996_subdiv_middleEast_head.glb,pca_gnm_variation_001_bad,middleeast,male,9996,9996,0.047342465469929255,0.15392541951311486,0.05789972707500644,0.05786490751675291,0.09068535889376551,0.09019695742338037,0.0847500440996095,0.08472170335626529,0.037162073847941325,0.03911595828013244,0.059981695883649884,0.023475270755304603,0.0702030976922308,0.17241142695994532,0.176701133066978,0.06340700760037239,0.08445043242285755,0.08448721381438842,0.16960389917300556,3.251318197842578,1.2229977146370394,1.222262232065359,1.9155182982890187,1.9052019477243154,1.7901485116663516,1.789549879063193,0.7849627914191698,0.826234077415717,1.266974486610731,0.4958607567705891,1.482877940457538,3.6417923158111978,3.732402427989605,1.3393262680974427,1.7838199085026178,1.7845968302612498,3.582489789863895
auth_middleeast_m_9997_subdiv_middleEast_head.glb,pca_gnm_variation_001_bad,middleeast,male,9997,9997,0.04762105537098223,0.15293360586929736,0.05714467371401972,0.05711826102092441,0.08670639655112096,0.08652467403801344,0.08623561253343036,0.08631632743398994,0.03615503676999626,0.033622635926568736,0.05763934845162096,0.02110276922318931,0.06651395663322376,0.17513316127832668,0.17303366046953605,0.058482695186851556,0.08156266592426169,0.08164736764276084,0.16718749994242363,3.2114703187045923,1.199987553170455,1.1994329100007572,1.8207575593537828,1.8169415474722348,1.810871511805633,1.8125664532539227,0.7592237611774401,0.7060455856057445,1.210375284684332,0.44313946969029644,1.3967341990861015,3.6776413272235797,3.6335536690976755,1.2280848194407685,1.7127437703525086,1.7145224314476755,3.510789474109364
auth_middleeast_m_9998_subdiv__fbx_backup_head.glb,pca_gnm_variation_001_bad,middleeast,male,9998,9998,0.04600958876730497,0.15311303079095584,0.0577532284879343,0.05764250404562479,0.0879674313460539,0.0876740204343948,0.08487182708173778,0.08482680063082863,0.0379041269206723,0.03457526188259864,0.05836117648277454,0.02156844883192324,0.06848700939463918,0.17531720550426075,0.1770865965849249,0.06315102700323566,0.08176000881629619,0.08184566325336338,0.16609600333611546,3.3278504523335366,1.2552433098244626,1.2528367583799473,1.9119369179966406,1.9055597492472514,1.8446551980931603,1.8436765662010808,0.8238310303613816,0.7514794808852604,1.2684568162071204,0.46878160422181536,1.4885377424478736,3.81044930418599,3.848906311259296,1.3725623004940142,1.7770210733636453,1.778882738276592,3.610030165149955
auth_middleeast_m_9999_subdiv__fbx_backup_head.glb,pca_gnm_variation_001_bad,middleeast,male,9999,9999,0.04865589840894112,0.1538127604685997,0.05699691102749063,0.056964984733489384,0.08664752053149374,0.0865761277775229,0.08688055121082945,0.08701802512717803,0.03624167942599175,0.033392836584005395,0.057095185599383896,0.01989194266976379,0.06741793533395059,0.1754874736513704,0.17514670976564856,0.06009197966123778,0.08211230083105528,0.08222374028621714,0.16760606898566033,3.1612356466186373,1.1714286014913404,1.1707724365648824,1.7808225387853736,1.77935523972595,1.785611900136327,1.7884373318073887,0.7448568541760169,0.6863060322788953,1.173448388919111,0.40882900779216524,1.3856066281485353,3.6067050324801406,3.5997014851844393,1.2350399771920588,1.6876124687066951,1.689902827302589,3.4447225201140395
