asset,parent_asset,label,variation_folder,ethnicity,gender,head_id,frame,dist_interocular_inner,dist_interocular_outer,dist_eye_width_left,dist_eye_width_right,dist_eye_to_nose_tip_left,dist_eye_to_nose_tip_right,dist_eye_to_mouth_left,dist_eye_to_mouth_right,dist_nose_width,dist_nose_length,dist_mouth_width,dist_lip_height,dist_jaw_width,dist_cheekbone_width,dist_face_height,dist_chin_to_mouth,dist_brow_width_left,dist_brow_width_right,dist_brow_span,ratio_interocular_outer,ratio_eye_width_left,ratio_eye_width_right,ratio_eye_to_nose_tip_left,ratio_eye_to_nose_tip_right,ratio_eye_to_mouth_left,ratio_eye_to_mouth_right,ratio_nose_width,ratio_nose_length,ratio_mouth_width,ratio_lip_height,ratio_jaw_width,ratio_cheekbone_width,ratio_face_height,ratio_chin_to_mouth,ratio_brow_width_left,ratio_brow_width_right,ratio_brow_span,absdiff_interocular_inner,absdiff_interocular_outer,absdiff_eye_width_left,absdiff_eye_width_right,absdiff_eye_to_nose_tip_left,absdiff_eye_to_nose_tip_right,absdiff_eye_to_mouth_left,absdiff_eye_to_mouth_right,absdiff_nose_width,absdiff_nose_length,absdiff_mouth_width,absdiff_lip_height,absdiff_jaw_width,absdiff_cheekbone_width,absdiff_face_height,absdiff_chin_to_mouth,absdiff_brow_width_left,absdiff_brow_width_right,absdiff_brow_span,pctdiff_interocular_inner,pctdiff_interocular_outer,pctdiff_eye_width_left,pctdiff_eye_width_right,pctdiff_eye_to_nose_tip_left,pctdiff_eye_to_nose_tip_right,pctdiff_eye_to_mouth_left,pctdiff_eye_to_mouth_right,pctdiff_nose_width,pctdiff_nose_length,pctdiff_mouth_width,pctdiff_lip_height,pctdiff_jaw_width,pctdiff_cheekbone_width,pctdiff_face_height,pctdiff_chin_to_mouth,pctdiff_brow_width_left,pctdiff_brow_width_right,pctdiff_brow_span,chaos_JawBind,chaos_MouthBind,chaos_MouthInnerBind,chaos_LeftCheekBind,chaos_RightCheekBind,chaos_NoseBind,chaos_LeftBrowBind,chaos_RightBrowBind,chaos_RightEyeSocketBind,chaos_LeftEyeSocketBind,chaos_FaceBind,chaos_LeftCheekBoneBind,chaos_RightCheekBoneBind
african_female_auth_african_f_0022_frame_0001_subdiv_head_var_0.glb,african_female_loPoly_0022_grp.fbx,good,variation_long_faces_002,african,female,0022,0001,0.047628516100472536,0.14809016276588557,0.05376244960718272,0.05423010088834659,0.08573665465427867,0.0855687613076315,0.08645492893646446,0.08660303555563013,0.045319079560552596,0.033015624860640524,0.07307868956766483,0.02691196023314608,0.05121743137823563,0.17094178832161816,0.16330785370535217,0.05642694942329233,0.08175850901275179,0.08166909770169099,0.16814303420973312,3.1092751756844326,1.1287869958780707,1.138605720445877,1.8001118169085275,1.796586757545078,1.8151925782043568,1.818302198895735,0.9515114740285384,0.6931902894264843,1.534347394185136,0.565038813646329,1.0753522379364553,3.589063912069312,3.4287831550505086,1.184730368341929,1.7165873662803584,1.714710102019759,3.530301759875003,-0.0013809819692283745,-0.0026773917298875405,-0.00046490364034863785,-0.00011424731042022213,-0.0004058639887564164,-0.0006957726499739886,0.0008385132750759194,0.000995539900072298,-0.009201679872843808,-0.00040054114025158544,0.0014996908381565421,-0.0007015715167802451,0.0008324686695048086,-0.002386869716566986,0.0018679434905276016,-0.00015528485299702577,-0.0022829353278945863,-0.002287772869162513,-0.0055756419973590765,-2.817784355318949,-1.7758407893805845,-0.857323126626694,-0.21022850435588558,-0.4711540771616757,-0.8065570148630543,0.9793837648988076,1.1629120703143303,-16.877387564794937,-1.1986448123369158,2.0951548146457903,-2.5406801387588422,1.6522165041923442,-1.3770773648066594,1.157051864091085,-0.2744410060563789,-2.7164399015337386,-2.7249382374630065,-3.209581214349276,0.6289592717728685,0.7079985747003225,0.33844055718928473,2.0135374684988836,2.0135374684988836,1.4150483403925276,0.9933235075640441,0.9933235075640441,1.8518032763699535,1.8518032763699535,0.03749277111005752,0.8528826628746421,0.8528826628746421
african_female_auth_african_f_0022_frame_0002_subdiv_head_var_0.glb,african_female_loPoly_0022_grp.fbx,good,variation_long_faces_001,african,female,0022,0002,0.05106528213835191,0.1508529262186182,0.05271646279674139,0.0528540894369194,0.08609465626956128,0.086281188047846,0.08547309874122884,0.0855390794220376,0.052252305211763134,0.03387337572180241,0.07177350852922723,0.02738005542287395,0.05891004393260875,0.1730926634876885,0.16696917188487173,0.06160113834188067,0.08490473586924802,0.08482346941751864,0.17666996293881115,2.954119117758131,1.0323347015672195,1.035029813283339,1.6859723997275444,1.6896252098261815,1.6738005776538223,1.6750926625703415,1.0232452073836624,0.6633347414007971,1.4055245662751892,0.5361775021372206,1.1536222158335072,3.3896349190576496,3.269719952442439,1.2063213158204789,1.6626704546391105,1.6610790318891255,3.459688374190446,0.0020557840686509996,8.537172284509009e-05,-0.0015108904507899687,-0.0014902587618474059,-4.786237347380318e-05,1.665409024051434e-05,-0.00014331692015970288,-6.841623352023263e-05,-0.0022684542216332704,0.0004572097209102968,0.00019450979971893934,-0.0002334763270523746,0.008525081223877927,-0.00023599455049663765,0.005529261670047164,0.005018904065591315,0.0008632915286016368,0.000866598846665137,0.0029512867317189606,4.1946646050675325,0.05662473144875714,-2.786214632112347,-2.7422516070976135,-0.05556184591274777,0.019305836914042748,-0.16739420711854938,-0.07991850829920977,-4.16071647792151,1.3682291406443539,0.2717414369736819,-0.8455141818394799,16.91989189941522,-0.13615437468202568,3.4249657737603396,8.87010583761001,1.027221194702991,1.0321952697531651,1.6988885686652915,1.4299987615259782,1.1600143229964777,0.18868371575390366,1.653727637073286,1.7605873413726276,1.364213619297074,0.3502257732245223,0.3502257732245223,1.4470423553643916,1.4470423553643916,0.0653582840689669,0.8130620111939246,0.8130620111939246
african_female_auth_african_f_0022_frame_0002_subdiv_head_var_0.glb,african_female_loPoly_0022_grp.fbx,good,variation_long_faces_002,african,female,0022,0002,0.04844616270445487,0.15007107411682682,0.05411835661951536,0.05423973956825361,0.08536447810299659,0.08548261014018277,0.08597503682125245,0.0865471636099985,0.054860413941579735,0.032805207028672886,0.07120110672857885,0.02747744502607094,0.05828758234461317,0.17095020794276625,0.16812071572516135,0.062437729027918526,0.08207857404924362,0.08199427331255744,0.16878802356614966,3.0976875306375304,1.1170824188834858,1.1195879413431025,1.7620482890205647,1.7644867078878512,1.7746511183092444,1.7864606560890746,1.1323995726195057,0.6771476871924942,1.4696954878127333,0.5671748491969675,1.2031413653996859,3.5286635390638796,3.470258661161244,1.288806492452643,1.6942224000270734,1.6924823089242866,3.48403287574784,-0.0005633353652460399,-0.0006964803789462903,-0.00010899662801599347,-0.0001046086305131963,-0.0007780405400384938,-0.0007819238174227167,0.0003586211598639033,0.0009396679544406705,0.0003396545081833305,-0.0006109589722192235,-0.00037789200092944175,-0.0001360867238553859,0.007902619635882346,-0.002378450095418899,0.006680805510336785,0.005855494751629171,-0.0019628702914027546,-0.0019625972582960616,-0.004930652640942529,-1.149441205141234,-0.46195640784623637,-0.2009993508598088,-0.19249219832499545,-0.903201522656432,-0.906425597577553,0.4188696257528975,1.0976468208127814,0.622981982850512,-1.8283335443177795,-0.5279369754213348,-0.4928262168266433,15.684480470029131,-1.3722197600439017,4.138261413455187,10.348645341640216,-2.3355979978718886,-2.3376255510140433,-2.8382973832155134,0.9306320433666638,1.331031140319415,0.2944092761450006,1.930048078251621,2.059422716936812,0.5173870384635265,0.7192044815528447,0.7192044815528447,1.343173768033367,1.343173768033367,0.11851524009252896,0.8986208240621153,0.8986208240621153
african_female_auth_african_f_0022_frame_0003_subdiv_head_var_0.glb,african_female_loPoly_0022_grp.fbx,good,variation_long_faces_001,african,female,0022,0003,0.05409474252676723,0.1524246002743774,0.052760983691772324,0.05285829659395483,0.08705034269861366,0.08720190700568858,0.08696474506687886,0.08698126278524321,0.04969967660218945,0.03361483974335514,0.07362817710413443,0.028593983868657476,0.05482899045314085,0.17331305611698758,0.1665943550903057,0.061330593702319205,0.08190732728535816,0.08181156376162389,0.16773666734445808,2.817734093085931,0.9753440210139658,0.9771429555801919,1.609220020883532,1.6120218515235418,1.6076376558007806,1.6079430037439042,0.9187524384203695,0.6214067795354014,1.3610967289048772,0.5285908118429173,1.0135733694639604,3.203879860066412,3.079677382841249,1.1337625587546059,1.5141458015966833,1.5123755089719078,3.1007942640906077,0.005085244457066318,0.001657045778604288,-0.0014663695557590312,-0.0014860516048119804,0.000907824055578571,0.0009373730480830983,0.0013483294054903172,0.0013737671296853715,-0.004821082831206955,0.00019867374246303193,0.0020491783746261344,0.0009804521187311496,0.00444402774441003,-1.5601921197566648e-05,0.00515444487548114,0.004748359426029851,-0.0021341170552882233,-0.0021453068092296135,-0.005982008862634114,10.376038640171593,1.099073195254848,-2.7041141931923187,-2.734509942738999,1.0538629121589675,1.0866262241024431,1.5748491630658037,1.6047276224651286,-8.842655313883661,0.5945437979262131,2.86282067505558,3.5506219472768654,8.820146935704605,-0.009001351175366205,3.1927946866560024,8.391961693919251,-2.5393626585449627,-2.555248658796936,-3.44350359629893,0.7549893740713518,1.4179011149388356,0.17916457628879498,1.4987845042868924,1.544241403556611,1.2477765630104356,0.6645521946368874,0.6645521946368874,1.5916428100965494,1.5916428100965494,0.09404178788754182,0.8997682792601285,0.8997682792601285
african_female_auth_african_f_0022_frame_0004_subdiv_head_var_0.glb,african_female_loPoly_0022_grp.fbx,good,variation_long_faces_002,african,female,0022,0004,0.04992164234886487,0.15064801514618364,0.05411658379179446,0.05423906372157771,0.08672333638598387,0.08687165461332151,0.08673278083290542,0.0867051351808362,0.04810502363416653,0.03389179333980442,0.07299478258547108,0.028675136352858257,0.05373641013064245,0.17355222843721338,0.16566993658987697,0.06004071554888027,0.08299302727005681,0.08291234415618276,0.17133873728190968,3.01768948412029,1.084030517538151,1.08648396105524,1.7371891689768457,1.7401601895674976,1.737378354397781,1.7368245734969838,0.9636105979446077,0.6788998066802395,1.4621871226784842,0.5744029043048957,1.0764151098058639,3.4764927648891675,3.3185994850116147,1.2026991245460394,1.66246588383613,1.6608496887336088,3.432153455300046,0.0009121442791639595,-0.00011953934958947032,-0.00011076945573689628,-0.00010528447718909789,0.0005808177429487832,0.0006071206557160258,0.0011163651715168782,0.00109763952527836,-0.0064157357992298755,0.00047562733891230724,0.0014157838559627905,0.0010616046029319308,0.003351447421911624,0.0002235703990282334,0.004230026375052404,0.0034584812725909145,-0.0010484170705895718,-0.0010445264146707461,-0.002379938925182512,1.8611581735987488,-0.0792871848251818,-0.20426860081344456,-0.19373583579292433,0.6742521023278024,0.7037894113175107,1.303914865966923,1.2821768898540353,-11.767509964837265,1.423345032759322,1.9779319089289475,3.844508600153123,6.651681854536489,0.12898640164800662,2.620186278240368,6.112309485170299,-1.247500062397795,-1.2441226162535937,-1.3699960056944926,0.5475581202462318,1.0734607731573127,0.4238074567685329,1.12911903760233,1.2054461218738817,1.1658335143970429,1.2104094852991005,1.2104094852991005,1.3358094365675168,1.3358094365675168,0.09059132538319344,0.8410032904081001,0.8410032904081001
african_female_auth_african_f_0022_frame_0006_subdiv_head_var_0.glb,african_female_loPoly_0022_grp.fbx,good,variation_long_faces_002,african,female,0022,0006,0.04916675366849116,0.14965665553503485,0.05395249754492937,0.054078292068883496,0.0853786944566057,0.08546508471212871,0.08814394807254754,0.0881595412344026,0.049289105461104696,0.032919801431363666,0.07256944609567714,0.027868400137111435,0.05706788108744048,0.17181523984817584,0.16966503723844517,0.06349509053514074,0.08542831699661657,0.08533877011240598,0.17774576842595327,3.0438587941782966,1.0973369913479805,1.099895519511184,1.736512746647359,1.7382698334809845,1.7927550935508514,1.7930722420443275,1.0024885066327238,0.6695540985546202,1.475986122349659,0.5668139150494917,1.1607006122922614,3.4945410674588584,3.450808210410201,1.2914232849957712,1.7375220168616476,1.735700727524256,3.6151617742430457,0.00015725559879024853,-0.0011108989607382658,-0.00027485570260198794,-0.00026605612988331306,-0.0007638241864293821,-0.0007994492454767715,0.0025275324111589947,0.0025520455788447666,-0.005231653972291708,-0.0004963645695284444,0.0009904473661688507,0.00025486838718510874,0.006682918378709657,-0.0015134181900093024,0.008225127023620604,0.006912856258851387,0.0013868726559701922,0.0013818995415524754,0.004027092218861078,0.3208675970657787,-0.7368289314325985,-0.5068580451407159,-0.4895746084030693,-0.8866982280778017,-0.9267415110242861,2.9521586387771035,2.981100614265057,-9.595710013325833,-1.4854025130088022,1.3837122392724122,0.922983664289117,13.263716036355477,-0.8731494301859125,5.0948535666772905,12.217361769590287,1.6502246800385316,1.6459636145992989,2.3181688387150334,0.736361337914171,1.7402478635839729,0.3198772162579558,1.3821708855318493,1.3821708855318493,1.7594586949069577,1.0412208442960391,1.0412208442960391,1.3773141676719807,1.3773141676719807,0.07462100243542545,1.0919367969003624,1.0919367969003624
african_female_auth_african_f_0022_frame_0007_subdiv_head_var_0.glb,african_female_loPoly_0022_grp.fbx,good,variation_long_faces_001,african,female,0022,0007,0.048408391330729626,0.1471639257852973,0.052757184316025864,0.052874954622176326,0.08762068739738176,0.08779969117241358,0.08890424878826636,0.0883965326449238,0.049767068827794504,0.033879831714499035,0.06888540847332533,0.027951922648583618,0.058130882813610556,0.16906787180041616,0.1680895339651718,0.061787150897349645,0.08360410946172468,0.0835254724032023,0.17354874346008983,3.0400499115920363,1.089835519540093,1.0922683685341001,1.8100309675393031,1.8137287515414373,1.8365462339135814,1.8260580493367833,1.028066983010906,0.6998751824457371,1.4230055281675287,0.577418953206151,1.2008431021071566,3.4925323307137446,3.472322242992376,1.2763727361897934,1.7270582054779586,1.725433754502401,3.585096275445145,-0.000601106738971284,-0.0036036287104758147,-0.0014701689315054917,-0.001469393576590483,0.0014781687543466704,0.0015351572148080972,0.0032878331268778177,0.002789036989365959,-0.0047536906056019,0.00046366571360692554,-0.0026935902561829594,0.00033839089865729186,0.007745920104879733,-0.004260786237768988,0.006649623750347222,0.00520491662106029,-0.00043733487892169687,-0.00043139816765121186,-0.00016993274700236038,-1.2265107023058976,-2.390188474256141,-2.711120575615443,-2.7038572092466953,1.715957203981968,1.779592544443058,3.8401901101316147,3.257935497363061,-8.719046937358051,1.3875491089987615,-3.7631013341802064,1.2254531644913356,15.37347591117201,-2.458212211410715,4.1189466356235656,9.198853116412545,-0.5203800129243867,-0.513833072526379,-0.09782065504562183,0.887351067110499,1.1502711694032655,0.3297424218959596,1.6367917843087818,1.6367917843087818,1.3362671613933186,1.0310648714239101,1.0310648714239101,1.245175072924847,1.245175072924847,0.12470135210155549,1.215016983456164,1.215016983456164
african_female_auth_african_f_0022_frame_0010_subdiv_head_var_0.glb,african_female_loPoly_0022_grp.fbx,good,variation_long_faces_001,african,female,0022,0010,0.047135154188169874,0.14708854493623238,0.053955028269791566,0.054018336523291674,0.08649820037381102,0.08666591444058941,0.0875844190688041,0.08803297630725242,0.05373677690023166,0.033850054578688005,0.07415882722268895,0.02758763722792024,0.0626494535021008,0.17326041267582148,0.1721827983412757,0.06478443076154919,0.08443300645905885,0.08435450456301637,0.17540121105118914,3.120569932773215,1.1446876370531396,1.1460307588608538,1.835110160635066,1.8386683131364634,1.858154928679247,1.8676713341344537,1.1400573059697061,0.7181488034080473,1.5733231067121778,0.585287938547664,1.3291449785439495,3.6758214895010766,3.652959268021036,1.374439775945593,1.791295857906626,1.7896303940422438,3.721239785298334,-0.0018743438815310362,-0.00367900955954073,-0.0002723249777397893,-0.0003260116754751352,0.00035568173077593634,0.0004013804829839235,0.0019680034074155556,0.002425480651694581,-0.000783982533164744,0.0004338885777958948,0.0025798284931806553,-2.589452200608619e-05,0.012264490793369977,-6.824536236366141e-05,0.010742888126451133,0.008202196485259834,0.00039156211841247235,0.0003976339921628602,0.0016825348440969445,-3.824450270568696,-2.4401865320723726,-0.5021911663228495,-0.5998998723523804,0.4128991540749365,0.46529027002125933,2.2986285891703004,2.833257337013471,-1.437952334692755,1.2984391380636284,3.6041695734382024,-0.09377475594426736,24.341569654957308,-0.039373386453281506,6.654419041831606,14.49606327881779,0.4659155033382673,0.47361697673960584,0.9685399870830088,1.3273175874175005,2.6300565482563973,0.4909526871858675,1.332133703832298,1.4376410754442643,0.994058062675957,0.2781959518690458,0.2781959518690458,1.5129010300366637,1.5129010300366637,0.07629126192621091,0.7771049964982836,0.7771049964982836
african_female_auth_african_f_0023_frame_0005_subdiv_head_var_0.glb,african_female_loPoly_0023_grp.fbx,good,variation_long_faces_001,african,female,0023,0005,0.042512439714166156,0.1526790103053491,0.058448330298264066,0.058630655460533775,0.08078811536759122,0.08078253653283081,0.08589691793644559,0.08554941333982313,0.04273797176205424,0.028635543097153684,0.07188234444305093,0.03407451335480176,0.05760890242536131,0.17328519028011935,0.16045126753619204,0.059079273530660975,0.08288801722025417,0.08280780443844032,0.1718672893583355,3.5913961026911574,1.3748524124054846,1.379141160910524,1.9003406040860715,1.9002093757962366,2.0205125491262432,2.0123383629595843,1.0053050836273913,0.6735803282447618,1.6908543693646927,0.8015186515735845,1.3551069478180209,4.076105522176762,3.774219231241294,1.3896937914615697,1.9497356015687313,1.947848794263548,4.042752909828067,0.0002491368908622976,0.0002623344863816046,5.997527610720338e-05,4.4563374167416736e-05,-0.0007737051591369254,-0.0007499463853326144,0.0019067313607131486,0.0016967678227394062,-0.005257756869753466,-0.000477737158873965,0.0012488720140705761,0.0005722649948405115,0.00933518598636135,-0.0004402632150089236,0.005100031049140474,0.004497406772438255,-0.0010934013343364413,-0.0010893273581549512,-0.0028190535546265827,0.5894875085932099,0.17211665650889257,0.10271787256970046,0.0760647665349011,-0.9486119291358621,-0.9198130100923798,2.270183504109594,2.0235113779370444,-10.954634963639345,-1.6409595712769387,1.7681022483020017,1.7081390738074433,19.338030454227727,-0.2534247032610393,3.2829034158125667,8.23974524792288,-1.3019562578901849,-1.298408342249381,-1.6137801659922453,1.4206409579886272,1.3286338006518499,0.4825152656127853,1.786577265818365,1.786577265818365,1.2387219949456463,0.3637538404925777,0.3637538404925777,1.216210399857462,1.216210399857462,0.07142660031553635,0.7416165598081531,0.7416165598081531
african_female_auth_african_f_0023_frame_0005_subdiv_head_var_0.glb,african_female_loPoly_0023_grp.fbx,good,variation_long_faces_002,african,female,0023,0005,0.042766119573176595,0.1529079197737785,0.058390259209451977,0.05864964453092517,0.07983137200399802,0.0796907644286168,0.08518548995814759,0.08581297375485775,0.044334019434960535,0.02866988376305114,0.07465527825181656,0.03210441451786359,0.05714150722608038,0.17075276010374135,0.16318558510776174,0.06048211363993445,0.08457495105838812,0.08450149235903429,0.1765833948234423,3.575445266015767,1.3653391935534647,1.3714043994702505,1.8666966468023716,1.8634088204392474,1.991891965142821,2.0065644162085876,1.03666219608962,0.6703877753976356,1.7456640676523107,0.7506973940651808,1.3361396310064146,3.9927110948555513,3.815767872709069,1.4142530171914296,1.9776157365335179,1.975898052065369,4.129048802786341,0.0005028167498727365,0.0004912439548109826,1.904187295113935e-06,6.355244455881481e-05,-0.0017304485227301186,-0.0018417184895466177,0.0011953033824151499,0.00196032823777402,-0.0036617091968471696,-0.000443396492976509,0.004021805822836205,-0.0013978338420976566,0.008867790787080415,-0.0029726933913869213,0.007834348620710169,0.005900246881711729,0.0005935325037975114,0.0006043605624390103,0.001897051910480202,1.1897242200282674,0.32230328615384335,0.0032612449766590366,0.10847701612377075,-2.1216403846246217,-2.258876982067632,1.4231464783535948,2.337825152307964,-7.629239728679697,-1.5230042409415807,5.693909253689884,-4.172358305862889,18.36981165161793,-1.711144412968986,5.042990836679408,10.809903054154631,0.7067426509492648,0.720359027176584,1.0859760865366637,0.9989534658206327,2.063903158829241,0.33434146687296007,1.570441643170146,1.570441643170146,0.912559296040557,0.5942269316048163,0.5942269316048163,1.3584598932221683,1.3584598932221683,0.07603866312788075,0.8816628881992515,0.8816628881992515
african_female_auth_african_f_0023_frame_0006_subdiv_head_var_0.glb,african_female_loPoly_0023_grp.fbx,good,variation_long_faces_001,african,female,0023,0006,0.040788811137342056,0.1499024675322945,0.05840786644849869,0.05850729396498573,0.08098393214393956,0.08089944862826469,0.08647842346891851,0.08625345496985501,0.043240422115897445,0.02873712530831555,0.06936187131570618,0.03365621204964841,0.0556292379114239,0.17209639486024575,0.16055006976802616,0.05869615291002667,0.08473914938998432,0.08466430164096667,0.17737924347945627,3.6750879310394797,1.4319580497659181,1.434395667183897,1.9854447797278154,1.9833735373130659,2.120150626056069,2.1146351797169736,1.0601049873775543,0.7045345158885198,1.70051220865826,0.825133440058424,1.36383572750164,4.219205955299146,3.9361301614658477,1.439025832657586,2.0775096656937335,2.0756746588148705,4.348723057462835,-0.0014744916859618026,-0.0025142082866730087,1.951142634182973e-05,-7.879812138062575e-05,-0.0005778883827885772,-0.0006330342898987346,0.0024882368931860716,0.0024008094527712825,-0.00475530651591026,-0.00037615494771209984,-0.001271601113274179,0.00015396368968716156,0.007355521472423937,-0.0016290586348825242,0.005198833280974591,0.004114286151803946,0.0007577308353937107,0.0007671698443713904,0.002692900566494183,-3.4888226604683914,-1.6495624728486091,0.033416639900928274,-0.134499705603274,-0.7085280576825782,-0.7764197375592374,2.962532879888858,2.8631290497354116,-9.907770235951425,-1.2920390433648241,-1.8002811833337689,0.45956225992033584,15.237114552219285,-0.9377201798055502,3.3465026726117566,7.537826014688536,0.9022601051935808,0.9144172487700273,1.541563308034863,0.8430741823724966,1.3780424814459151,0.43412974071287525,1.4326229357178615,1.4326229357178615,1.099612777431798,0.5471862487190019,0.5471862487190019,1.4303894622018194,1.4303894622018194,0.09186213633095615,0.9179537931304669,0.9179537931304669
african_female_auth_african_f_0023_frame_0006_subdiv_head_var_0.glb,african_female_loPoly_0023_grp.fbx,good,variation_long_faces_002,african,female,0023,0006,0.040657769100191594,0.15112463722204597,0.05863194285278589,0.058832044472752996,0.08264020271013546,0.08259446693412065,0.08605790612370344,0.08540482947543632,0.044603933234175996,0.029684634228893204,0.0715871121401161,0.0314953152293859,0.06124119369937982,0.17321012616332565,0.16768754689227203,0.0657334369131372,0.08392322527402041,0.08384731433898136,0.17604907652510682,3.7169928544193986,1.4420846040101496,1.4470062124602836,2.032580845901504,2.031455949552614,2.1166411248889183,2.1005783486294103,1.0970580585535816,0.7301097646489738,1.7607240565439373,0.774644451144701,1.5062605512974696,4.260197497223462,4.12436664882043,1.6167497225721477,2.0641374854387897,2.062270414600447,4.33002302933235,-0.0016055337231122638,-0.0012920385969215353,0.00024358783062902734,0.00024595238638663863,0.0010783821834073198,0.0010619840159572236,0.0020677195479709976,0.0015521839583525904,-0.0033917953976317083,0.0005713539728655556,0.0009536397111357398,-0.0020069331305753446,0.012967477260379855,-0.000515327331802623,0.012336310405220458,0.011151570154914477,-5.819328057020401e-05,-4.981745761391265e-05,0.0013627336121447287,-3.7988837025462603,-0.8477015982530355,0.41718563665065084,0.419813606997478,1.3221654156848175,1.3025287320431151,2.461858500703022,1.8510852565007694,-7.0668692700789615,1.9625200865067818,1.3501243508799503,-5.990443115972608,26.862396800888384,-0.29663317690926283,7.9409154920042635,20.43090648458721,-0.06929304311807559,-0.059379214219972117,0.7801031204962108,1.1295657149420133,2.6189983902795757,0.4442110786377797,2.1270860872681627,2.2600470203821263,1.0836201099880678,0.6431342668133241,0.6431342668133241,0.8861740983212091,0.8861740983212091,0.10843015208873269,1.0908619524764194,1.0908619524764194
african_female_auth_african_f_0023_frame_0007_subdiv_head_var_0.glb,african_female_loPoly_0023_grp.fbx,good,variation_long_faces_001,african,female,0023,0007,0.04591954328426146,0.15147528220509307,0.05674129607945812,0.05694576167527396,0.08034520623593076,0.08032282018200707,0.08477542344591046,0.08456243011979386,0.04741452368017982,0.02840094253516694,0.07161794980271897,0.032622684312846234,0.057749995067302586,0.1715677894911002,0.16337555711518198,0.06175670056592568,0.08265191660950444,0.0825721742719744,0.17071917718792518,3.2987105570148376,1.2356676922548078,1.2401203845333462,1.7496952384425917,1.7492077324196087,1.8461730536193406,1.8415346510812733,1.032556517094776,0.6184935760217181,1.5596398544160919,0.7104313758283259,1.2576343521059345,3.736269510108643,3.5578654627250526,1.3448892595386999,1.7999289779049847,1.7981924114710288,3.717789093221181,0.0036562404609576035,-0.0009413936138744361,-0.0016470589426987453,-0.0016403304110923986,-0.001216614290797377,-0.0012096627361563583,0.0007852368701780216,0.0007097846027101368,-0.0005812049516278825,-0.0007123377208607083,0.0009844773737386209,-0.0008795640471150126,0.009476278628302623,-0.002157664004028087,0.00802432062813041,0.007174833807702959,-0.0013295019450861728,-0.0013249575246208761,-0.003967165725036914,8.651099693376457,-0.6176447615171544,-2.820868890849433,-2.799863163213308,-1.4916468059938504,-1.4836574244531873,0.9349150206613575,0.846466558488639,-1.2109514079607215,-2.446779320627139,1.3937830604724704,-2.6253881162381485,19.630306774240424,-1.2419964723756463,5.165276318093054,13.145086882947393,-1.5830906026217622,-1.5792643875277816,-2.2710222555941675,1.1460863333633666,1.9458741190310669,0.40195829647311954,1.2116918697916546,1.2874197095187536,1.2974647619832471,0.6966556374782439,0.6966556374782439,1.7279754631509578,1.7279754631509578,0.10242630682536043,0.6581984694450627,0.6581984694450627
african_female_auth_african_f_0023_frame_0007_subdiv_head_var_0.glb,african_female_loPoly_0023_grp.fbx,good,variation_long_faces_002,african,female,0023,0007,0.04280436618925182,0.15243165963742358,0.058561253618088664,0.05876530312158878,0.08122548232878762,0.08113622230162854,0.08576630160730744,0.08584857653411469,0.03962293798002571,0.029419314438022898,0.07491244917686939,0.03165645155339627,0.059747085613202106,0.1715816441203092,0.16866249434110875,0.06645598386345054,0.08329332254490378,0.08321590666210109,0.17260009858641365,3.5611240910208637,1.3681140227417594,1.3728810482035534,1.8975980620683353,1.8955127601445914,2.0036811485096435,2.0056032638014223,0.9256751473632387,0.6872970460057902,1.750112333065684,0.7395612731054807,1.3958175516264182,4.0085079956958545,3.940310518683954,1.5525515217215773,1.9459071576165223,1.9440985598099245,4.032301233553916,0.0005410633659479608,1.498381845607688e-05,0.00017289859593180162,0.00017921103522242077,-0.00033633819794051667,-0.0003962606165348881,0.0017761150315750013,0.0019959310170309663,-0.008372790651781994,0.0003060341819952489,0.004278976747889032,-0.0018457968065649782,0.011473369174202143,-0.002143809374819061,0.013311257854057179,0.011874117105227823,-0.0006880960096868338,-0.0006812251344941872,-0.002086244326548442,1.2802202615589713,0.00983082617145769,0.2961182856858891,0.30589347887930757,-0.41237210715557443,-0.4860156373903474,2.114669706053707,2.3802838953057543,-17.444866221352004,1.0511841307606937,6.058001398970443,-5.509471444223731,23.767321061141455,-1.2340214583922093,8.568491732067201,21.754692190770474,-0.8193431612965066,-0.8119766670281245,-1.194280154796027,1.10223940471057,2.73971423654387,0.3860244921281242,1.7180478685600231,1.6593589630485504,2.406411533821485,0.8509551326939212,0.8509551326939212,1.0369020028213143,1.0369020028213143,0.09008943265837971,1.1012702960653566,1.1012702960653566
african_male_auth_african_m_0001_frame_0006_subdiv_head_var_0.glb,african_male_loPoly_0001_grp.fbx,good,variation_long_faces_003,african,male,0001,0006,0.04703226615478321,0.1446602878210484,0.050996372575217976,0.051452642689423,0.077553824648471,0.07771781733790024,0.08431669398381295,0.08453800695431449,0.06351900473326692,0.02946692405747447,0.08015759611301285,0.03230759498325235,0.054516368861136165,0.1743908946145305,0.16561097753943105,0.06366826132149224,0.08387167266307716,0.08363775056001564,0.1691712492571665,3.07576690744544,1.0842848270884693,1.0939860418397092,1.6489493487989997,1.6524361612117704,1.792741470426423,1.797447026602968,1.3505410205884159,0.6265257123800672,1.7043107352984899,0.6869240550078544,1.1591269849027213,3.707899041917521,3.5212204530907623,1.3537145140308562,1.7832794275116457,1.7783057759701344,3.596918947099505,0.001176482057840704,0.0013089279311895297,6.130882265753534e-07,0.00022179036217746112,-0.0011369427309096541,-0.0009613335317208982,-0.00011999423417166644,0.00023442238041125607,-0.0011175207133736764,-0.0003665735954464823,0.0018707739316605465,0.0016776008855475047,-0.0003764001500297931,-0.003486116380356341,0.0046726725475041975,0.004067238409999528,-0.001288603699018523,-0.0012828511725766767,-0.0024599134517132026,2.5656132176336452,0.9130906970085377,0.0012022337401048947,0.4329234281732003,-1.4448235400072706,-1.221840247505873,-0.1421114881506073,0.2780692915919297,-1.7289306713991357,-1.2287315410051882,2.3896409121408424,5.476987296165395,-0.6857007886653123,-1.959846503411591,2.903393662396651,6.824108398339675,-1.5131511475367554,-1.510647765563726,-1.4332557170201665,0.4793420336443619,1.0196765069937017,0.49753379776481255,1.6369001407412027,1.6248058962601435,0.4901146457544393,1.1798656766368776,1.1798656766368776,0.821938247787435,0.821938247787435,0.11773447203171977,0.688621584098571,0.688621584098571
african_male_auth_african_m_0001_frame_0009_subdiv_head_var_0.glb,african_male_loPoly_0001_grp.fbx,good,variation_long_faces_003,african,male,0001,0009,0.044826976824843566,0.14175854306123487,0.05054611959766195,0.0506636215143802,0.07871171668552546,0.0788128183598023,0.08500596065978766,0.0847196502014964,0.05668562178662539,0.029781320493168013,0.07930296293195356,0.030206493542251644,0.05597664852120077,0.17798610964950548,0.16649133531644514,0.06460824903594463,0.08413345179111024,0.08389612339874228,0.16931676648480826,3.1623489492753576,1.1275826115859942,1.130203843822497,1.7559006263813584,1.7581560020822873,1.8963125930160094,1.8899255805835182,1.2645425991611738,0.6643615653479202,1.7690901450218488,0.6738463238393292,1.2487268267035563,3.9705133438948255,3.714087969103773,1.441280532666617,1.876848669047042,1.871554348323713,3.7771176750641633,-0.0010288072720989402,-0.0015928168286239996,-0.00044963988932945204,-0.0005672308128653394,2.0949306144796287e-05,0.00013366749018116353,0.0005692724418030481,0.0004160656275931651,-0.007950903660015211,-5.2177159752940516e-05,0.0010161407506012604,-0.00042350055545320106,0.001083879510034809,0.00010909865461863899,0.005553030324518288,0.0050072261244519176,-0.0010268245709854351,-0.0010244783338500402,-0.002314396224071452,-2.2435714323932743,-1.1111278120052774,-0.8817201544849067,-1.1072054964888323,0.026622317766703638,0.16988934006502346,0.6742003432600235,0.49353254632776455,-12.300945332494585,-0.17489454424674852,1.2979716410603037,-1.3826334869745687,1.9745396881223694,0.061333757526302865,3.450409350835927,8.401241924803251,-1.2057553296556334,-1.206395518811836,-1.348470864814407,0.5839231648687401,1.2278732312126686,0.4031060424267279,1.1572090941226871,1.1572090941226871,1.5877701697572646,0.490272056332451,0.490272056332451,1.1836311734179563,1.1836311734179563,0.16612596126540854,0.8001702814272268,0.8001702814272268
african_male_auth_african_m_0005_frame_0004_subdiv_head_var_0.glb,african_male_loPoly_0005_grp.fbx,good,variation_long_faces_003,african,male,0005,0004,0.05550897025178866,0.15051944033017256,0.04970550584514123,0.05332775935076191,0.08442783901585064,0.08257818853842558,0.08761782148060578,0.08779589227204096,0.057085514522624954,0.03324448288870889,0.07801262402440635,0.031050122126562798,0.06159744871531115,0.1796131946973312,0.17214109788242266,0.06632788185733302,0.08178142699010306,0.08159666784967977,0.1676077235963831,2.711623718606497,0.8954499717735185,0.9607052537430837,1.520976495022084,1.4876548450430798,1.578444368237627,1.581652332475253,1.0284016126345903,0.5989028933145748,1.4054057149779782,0.5593712509116898,1.1096845867596743,3.2357507963596848,3.101140177913421,1.194903842684701,1.4733011010498402,1.4699726454941846,3.019470958227374,0.003315938773868765,0.0038419537062863995,-0.0006692296214076687,0.002805251023616062,4.278722369228938e-05,-0.0018367178191873862,0.0016052909090950307,0.0017821139526490448,-0.002755650336520178,-0.00042856623087763474,0.0019500709737318989,0.0008175457297863974,0.002745679134345244,0.0013360824244256775,0.008252356445798498,0.007294902188801834,-0.0013177411518422721,-0.0013035435659091849,-0.003660410333374997,6.353221263400964,2.6193206569853675,-1.328502502712034,5.552477730225431,0.05070474306003266,-2.175821662830929,1.8663454015695924,2.0718935820161093,-4.6049410017443035,-1.2727277216732702,2.5637727048587506,2.704188088559894,4.665414742657566,0.7494413654066882,5.0353406667593985,12.357333527398653,-1.5857452984263098,-1.572424899345987,-2.137239572468417,0.6428347860987883,1.88039909078237,0.3364154060700088,1.3954643570466396,1.3954643570466396,1.6541499919313145,0.41972248207343593,0.41972248207343593,1.5046191479822584,1.5046191479822584,0.1044285306879085,1.0872090140344555,1.0872090140344555
african_male_auth_african_m_0005_frame_0010_subdiv_head_var_0.glb,african_male_loPoly_0005_grp.fbx,good,variation_long_faces_003,african,male,0005,0010,0.05332687878814962,0.14684233856010045,0.0497879088426427,0.04995375059256936,0.08412718620300472,0.08418849934421194,0.08922441673565325,0.08811625656285542,0.0568708964986659,0.03357751338403072,0.07558383898373816,0.03024283725906421,0.06550486419667771,0.17570076465890594,0.17305168043578822,0.06696144929696782,0.08379342616023293,0.08360357209705609,0.17447349264646514,2.7536270994493677,0.9336362820039383,0.9367461911847381,1.5775756638076404,1.5787254243524267,1.6731603042081815,1.6523797860533465,1.066458375045641,0.6296545784617037,1.4173685147410973,0.567121833235528,1.2283648637473659,3.294788081577173,3.2451117404276815,1.2556791400258756,1.571316905553708,1.5677567110047061,3.271773946110585,0.0011338473102297311,0.00016485193621429417,-0.0005868266239062031,-0.000568757734576486,-0.00025786558915363855,-0.0002264070134010282,0.0032118861641425023,0.002102478243463504,-0.002970268360479235,-9.553573555580452e-05,-0.0004787140669362949,1.0260862287808648e-05,0.006653094615711806,-0.00257634761399958,0.009162938999164066,0.007928469628436637,0.0006942580182875968,0.0007033606814671328,0.0032053587167070463,2.172411293468175,0.11239075607902348,-1.1649224923392054,-1.1257511818170978,-0.305582071323207,-0.26820738560306373,3.7342072635244037,2.444350526791703,-4.9635871351613705,-0.2837157253461626,-0.6293689177345463,0.033939754763681766,11.304833589682882,-1.4451364962966884,5.590950860225733,13.430576726695504,0.8354572420047626,0.8484425666191601,1.871544135595974,0.771957478453179,2.2381620207824637,0.05915846785540659,1.6544963745974468,1.7121175283325216,0.8470022014012719,0.35130993438405295,0.35130993438405295,1.190318504933509,1.190318504933509,0.1315138540060446,0.8353204318825322,0.8353204318825322
african_male_auth_african_m_0026_frame_0001_subdiv_head_var_0.glb,african_male_loPoly_0026_grp.fbx,good,variation_long_faces_003,african,male,0026,0001,0.04427589297041064,0.1352320600570601,0.047142034369033144,0.04733222489585125,0.0807886612498709,0.08095950713994843,0.09081429214731557,0.09071037791076447,0.05372109096312452,0.03185562022114577,0.06502492682577435,0.026173391279883385,0.05599634357598085,0.17070543661220425,0.17077302606670497,0.06306630688699161,0.08272069018895206,0.08259742834421764,0.17524028332927424,3.054304520688832,1.0647336779980459,1.0690292554343996,1.824664751625937,1.82852341778975,2.0511001823951087,2.048753211400745,1.2133259740018356,0.7194800168668473,1.4686304998801534,0.5911431599442823,1.2647140423210195,3.855493930439435,3.857020482474103,1.424393787588621,1.8683008887981976,1.8655169394193156,3.9579164094191497,-0.0021428133527329613,-0.0013045915438852085,0.00043854118825815275,0.0003871471269986104,0.002083251432132102,0.002078046490000096,0.003914831537252611,0.0038080600588958485,-0.0035185413872422036,0.00017848070499285051,0.0031802204608211287,-0.0005685317298214296,0.004772678911928251,-0.004122219176466102,0.009501364661018169,0.007682735278955757,0.0004706790666691718,0.0004735574435520973,0.0014931557860274614,-4.6162711597685995,-0.9554881627668217,0.9389901234168789,0.8246809791323356,2.6468973822210815,2.6343914943738524,4.5050124704678245,4.382000564572934,-6.147037013978411,0.5634369381800999,5.142267863726698,-2.1259941912745233,9.317332024621013,-2.3578759080594165,5.891527735376285,13.871866793511444,0.572254107016962,0.5766379961861485,0.8593844440137897,0.7498009335191977,1.7021639259978947,0.363252080816878,1.4645432599892407,1.4754911784765066,0.8395843377501233,0.8642662675813175,0.8642662675813175,1.4590838729779556,1.4590838729779556,0.1287567832060983,0.8598262441680529,0.8598262441680529
african_male_auth_african_m_0026_frame_0002_subdiv_head_var_0.glb,african_male_loPoly_0026_grp.fbx,good,variation_long_faces_003,african,male,0026,0002,0.04566966581004724,0.13574177144023356,0.04681415729915253,0.04705065490232533,0.07924198966517677,0.07938176487578899,0.08845284617026068,0.08872988822031054,0.05899710888078161,0.031543348768621776,0.06326963522861764,0.026894937550106607,0.0494622008055295,0.1716121939590079,0.16316970674388395,0.05561462242355255,0.08035846050473314,0.08023176481413767,0.16797557260451595,2.9722523480863883,1.0250602116044716,1.0302386511436716,1.7351120981433519,1.7381726681767211,1.9367964402927866,1.942862656130716,1.2918226537099458,0.6906849045013659,1.3853754807791574,0.5889015624062169,1.0830427577739776,3.7576844698796443,3.572824627676319,1.2177584713422063,1.7595587591765216,1.7567845831813997,3.678055655217027,-0.0007490405130963565,-0.0007948801607117473,0.00011066411837754031,0.00010557713347268682,0.0005365798474379763,0.0005003042258406587,0.0015533855601977259,0.0018275703684419164,0.0017574765304148865,-0.00013379074753114284,0.0014249288636644236,0.0001530145404017927,-0.0017614638585230977,-0.0032154618296624526,0.0018980453381971518,0.00023105081551669931,-0.0018915506175497532,-0.0018921060865278727,-0.005771554938730827,-1.6136608975741689,-0.582173468729069,0.23695040957470404,0.22489500175614935,0.6817572625319597,0.6342481765910181,1.7875664006340723,2.1030168281094,3.070384029822698,-0.4223574147625286,2.304043381264911,0.572189742473878,-3.4387696977081883,-1.8392180660188373,1.1769242789795074,0.41718294578743836,-2.299757278740721,-2.303966028119284,-3.3218131547494214,0.4602875535302343,0.7957004156508345,0.39143172892804,1.4915717604142429,1.5708101278268125,0.7587868681435173,0.3812316046775871,0.3812316046775871,1.2282810039222283,1.2282810039222283,0.10524242761300868,0.9592732027244614,0.9592732027244614
african_male_auth_african_m_0026_frame_0005_subdiv_head_var_0.glb,african_male_loPoly_0026_grp.fbx,good,variation_long_faces_003,african,male,0026,0005,0.04716316650596038,0.13650226826726303,0.04665903748917984,0.04691564588424422,0.07770518140506769,0.07784422279620969,0.09011237302870927,0.08962183127280816,0.05219519989571532,0.031462560715803875,0.06563865231499198,0.02654498385845237,0.0622560302287947,0.17113695110277308,0.1740106352638899,0.06631650947609426,0.08013249825141622,0.08000993667114602,0.1661350708405,2.8942558012938373,0.9893109590782709,0.9947518235086086,1.64758194077676,1.650530033567019,1.9106514618207635,1.9002505114130104,1.106694137873864,0.6671002616380244,1.3917354829578017,0.5628329441174751,1.3200137912904326,3.628614526574359,3.6895452141004745,1.406108079441895,1.6990483079902883,1.6964496364135038,3.5225597250664715,0.000744460182816778,-3.43833336822752e-05,-4.4455691595148006e-05,-2.9431884608424608e-05,-0.0010002284126711114,-0.0010372378537386456,0.0032129124186463104,0.00271951342093954,-0.005044432454651401,-0.00021457880034904397,0.003793945950038763,-0.00019693915125244474,0.011032365564742103,-0.0036907046858972725,0.012738973858203106,0.010932937868058407,-0.0021175128708666724,-0.0021139342295195263,-0.007612056702746783,1.603793474195989,-0.025182493696100823,-0.09518708038191825,-0.06269429300626747,-1.2708509046422343,-1.3149323620433302,3.6972754446237093,3.1293911234624954,-8.812831682380788,-0.6773932357106461,6.13463329852392,-0.7364434905484332,21.537634288950674,-2.111053122143646,7.899077709727062,19.7403987331003,-2.5744833854411517,-2.5740801137789457,-4.38111225801537,1.0435773143007312,2.712183820951483,0.41692550698030567,1.6169317255441364,1.6169317255441364,1.583089696544129,1.2094301981681195,1.2094301981681195,1.3552329195110844,1.3552329195110844,0.1077901726837848,1.1101899406516933,1.1101899406516933
asian_female_auth_asian_f_0013_frame_0002_subdiv_head_var_0.glb,asian_female_loPoly_0013_grp.fbx,good,variation_long_faces_002,asian,female,0013,0002,0.05180534447238311,0.15312981502646292,0.0551677266887421,0.055074265142061686,0.08144768206104198,0.08139811858221341,0.0854247326102482,0.08541477738017436,0.032446692793538914,0.03150035197828289,0.05551942323046334,0.023174762718347106,0.04824561051378051,0.1775616786388894,0.16334670130826623,0.052080577876405576,0.08093966416704024,0.08101872827371899,0.17102545128746513,2.9558690630480187,1.0649041571020041,1.0631000662763899,1.5721868639337182,1.571230138728368,1.6489559808985972,1.6487638148165986,0.6263194101688854,0.6080521671866385,1.0716929651931988,0.4473430869801731,0.9312863567483805,3.427478003423868,3.153085902079942,1.0053128380252194,1.5623805804474156,1.5639067570896905,3.3013090257248847,0.0012637133675478945,0.003947764957647398,0.0014066881131368295,0.0013038828724826687,-0.0005549352536646651,-0.0005144507776208423,0.00026459828356655,0.00037461425892564015,-0.006396354734145779,0.00011652040288494953,0.00023816772995681468,9.285372732708783e-05,0.0030567227983982967,-0.004323193539965797,0.0038411205585300867,0.00334741409379518,-0.0014432087050264275,-0.001448438151503459,-0.0038475544008071683,2.500341480722409,2.646273432913914,2.6165568047175554,2.424909062289389,-0.6767287092007744,-0.6280486397159736,0.3107067475393217,0.4405145112333827,-16.46718046411495,0.3712752619291103,0.43082908989762797,0.4022792367962824,6.764324047209938,-2.3768846128745746,2.408141796967465,6.868862667581717,-1.7518309992267487,-1.7563816174244788,-2.200199159192013,0.5538470188063723,1.6416068633033738,0.3636934561012116,1.4175942091380331,1.4175942091380331,1.3453298400851035,1.0012282437530438,1.0012282437530438,1.261553023664638,1.261553023664638,0.15260884790544654,0.8306328330343942,0.8306328330343942
asian_female_auth_asian_f_0013_frame_0004_subdiv_head_var_0.glb,asian_female_loPoly_0013_grp.fbx,good,variation_long_faces_002,asian,female,0013,0004,0.052063033738854944,0.15028654804380592,0.05369693625658607,0.053745233662999034,0.08134350080832932,0.08133810617930287,0.08674097818821071,0.08669936215681884,0.03404225557845904,0.03127773231194185,0.05863448238334932,0.02222412889010611,0.05309100897109722,0.17994149671565587,0.1643021319925992,0.05216231394551046,0.08232380407666752,0.08240659978945701,0.17506004501233047,2.886626791624058,1.0313831599965282,1.0323108317617813,1.562404166002762,1.5623005487403967,1.6660761380771287,1.6652767987301247,0.6538661528871512,0.6007666105058165,1.126221008891959,0.4268696480804597,1.0197448200463795,3.4562238078217193,3.1558309263484112,1.0019069231953233,1.5812333274622217,1.5828236249697545,3.3624633917881384,0.0015214026340197306,0.0011044979749904038,-6.410231901919639e-05,-2.51486065799833e-05,-0.0006591165063773302,-0.0005744631805313788,0.0015808438615290549,0.0016591990355701164,-0.004800791949225655,-0.00010609926345608867,0.0033532268828427927,-0.0008577801009139081,0.007902121255715003,-0.0019433754631993094,0.004796551242863045,0.0034291501629000673,-5.906879539914478e-05,-6.0566635765438304e-05,0.00018703932405816914,3.0101969421287262,0.7403692163238907,-0.1192356411214935,-0.04677036970631936,-0.8037749622646763,-0.7013126129737377,1.856319126347078,1.951076967249534,-12.359462644644388,-0.3380698217207513,6.065757466040307,-3.7162441860750177,17.48686824399339,-1.0684645951689182,3.007136941740504,7.0365843231456715,-0.07170033447470739,-0.07344333313593045,0.10695723066119447,1.1967478251881074,2.785069038238644,0.19750335714184078,2.0968309238599567,2.0968309238599567,1.4335831292891985,0.28101919007365195,0.28101919007365195,1.3541233861387356,1.3541233861387356,0.11604807191905167,0.9619113070556669,0.9619113070556669
asian_female_auth_asian_f_0013_frame_0005_subdiv_head_var_0.glb,asian_female_loPoly_0013_grp.fbx,good,variation_long_faces_002,asian,female,0013,0005,0.052470489089431374,0.15457414581143977,0.054558612460401744,0.05442653666519292,0.08249199022096625,0.08253787427094317,0.0873538711236768,0.08729603421496672,0.03542038530822325,0.03138240710229941,0.05663732080085732,0.02190472563766681,0.05272756758880536,0.1758419168230438,0.16837709682203506,0.05663562689587662,0.08221316330176581,0.0822944632928566,0.17503597958416414,2.9459253857531538,1.0397961484104208,1.0372790040593605,1.5721597349772334,1.5730342084340887,1.6648190752479883,1.6637168002413365,0.6750534619155597,0.598096332755939,1.079412862043728,0.4174675330418994,1.0048994873849149,3.3512536260780146,3.2089866083590524,1.0793805790402702,1.5668457589873166,1.5683952012071558,3.335893806627771,0.0019288579845961606,0.005392095742624253,0.000797573884796475,0.0006561543956139018,0.000489372906259597,0.0006253049111089176,0.002193736796995152,0.002255871093717998,-0.003422662219461442,-1.4244730985255027e-06,0.0013560653003507964,-0.0011771833533532061,0.007538679873423146,-0.006042955355811397,0.008871516072298913,0.007902463113266221,-0.0001697095703008522,-0.00017270313236585066,0.00016297389589184363,3.8163746250991704,3.6144400349351393,1.4835537146010123,1.2202896239871552,0.5967771789301547,0.7633809023399225,2.576013781964913,2.6527125665335545,-8.811518244087312,-0.004538875679036462,2.4530291290840367,-5.100025971903744,16.682596661605796,-3.3224067969045277,5.561884437271383,16.215780999808764,-0.2060010344193704,-0.2094204758719947,0.09319557083747966,1.0904409930529924,2.781783907035612,0.34456383738775054,1.5596416019716122,1.5596416019716122,1.642140690525262,0.9428864517445542,0.9428864517445542,1.296594636767371,1.296594636767371,0.13674236257528732,1.0028786153718299,1.0028786153718299
asian_female_auth_asian_f_0013_frame_0007_subdiv_head_var_0.glb,asian_female_loPoly_0013_grp.fbx,good,variation_long_faces_002,asian,female,0013,0007,0.050693636321965115,0.14938029380892734,0.05372444814225891,0.05373481023682431,0.08117326794118558,0.08112996896784831,0.08612242065444428,0.08718453271442597,0.031193159811316085,0.03183624968940912,0.056316203290146034,0.022469560418557025,0.051532437013444066,0.1838975746512342,0.1663605883258645,0.05419981601828911,0.08181586213150292,0.08189741904842038,0.1738157681748425,2.946726742192731,1.059786830067674,1.059991236287413,1.6012516329591828,1.6003975026091273,1.6988803112774173,1.7198318968617698,0.6153269340002023,0.6280127447794615,1.11091267812139,0.4432422301657054,1.0165464691889838,3.6276264240202667,3.2816858366457704,1.0691640992975049,1.613927665631925,1.6155364852557428,3.4287492629430814,0.00015200521712990106,0.00019824374011181978,-3.6590433346361806e-05,-3.557203275470627e-05,-0.0008293493735210683,-0.0007826003919859381,0.0009622863277626292,0.0021443695931772505,-0.007649887716368608,0.00045241811401117854,0.001034947789639508,-0.0006123485724629923,0.00634354929806185,0.00201270247237903,0.0068550075761283635,0.005466652235678715,-0.000567010740563742,-0.0005697473768020711,-0.0010572375134297873,0.30075249612464333,0.13288712684962622,-0.06806124717048373,-0.0661554395807809,-1.0113693936599872,-0.9554094055431809,1.1299727687972116,2.5215962840050614,-19.69435511185441,1.4415643065260173,1.8721495745154069,-2.652937296916064,14.037852265840387,1.1065804694300543,4.2976600216163305,11.217519675234788,-0.6882628886276638,-0.6908778384166899,-0.6045744506241365,0.830004815284798,1.9514113856544832,0.31524661933249437,1.7297473227239957,1.810242727428216,1.983248239671016,0.26824976502319053,0.26824976502319053,1.151678388385539,1.151678388385539,0.12739492330652977,1.1761961669091021,1.1761961669091021
asian_female_auth_asian_f_0013_frame_0008_subdiv_head_var_0.glb,asian_female_loPoly_0013_grp.fbx,good,variation_long_faces_001,asian,female,0013,0008,0.05044758541089646,0.14832131969469595,0.05367602914804543,0.05367857905134019,0.08176751559867122,0.08172561100754791,0.0880126488397062,0.08682415142447052,0.033565605498245284,0.03129788529193238,0.05410690070182824,0.023072740794102823,0.050107471510239775,0.1780945166820266,0.16276477861121208,0.050405010325345195,0.0810225399958897,0.08110223731456952,0.17081165690038855,2.940107410228185,1.0639960012130063,1.0640465468094704,1.6208410161293825,1.6200103600973443,1.7446355087729501,1.7210764542502144,0.6653560368618804,0.6204040299849946,1.0725369759746992,0.45736065673262555,0.9932580737435409,3.5302882235382262,3.226413658562449,0.9991560530557709,1.6060736968074825,1.607653501232822,3.3859233402178646,-9.404569393875462e-05,-0.0008607303741195726,-8.50094275598387e-05,-9.180321823882426e-05,-0.00023510171603542684,-0.00018695835228633995,0.002852514513024554,0.0017839883032217951,-0.0052774420294394095,-8.594628346555999e-05,-0.0011743547986782857,-9.168196917194726e-06,0.004918583794857559,-0.0037903554968285735,0.0032591978614759376,0.0016718465427347992,-0.00136033287617697,-0.001364929110652932,-0.004061348787883751,-0.1860757001365503,-0.5769664471848525,-0.15812460066277956,-0.17073194268652725,-0.28670025876510996,-0.22824134775341914,3.349589024932794,2.0978185339064046,-13.586580779167768,-0.27385529156654675,-2.1243272933038315,-0.03972027149384221,10.884498476343957,-2.083931143597998,2.0433127456459412,3.430613596508112,-1.6512326273076774,-1.6551182365294304,-2.3224561000132233,1.0537198423022534,1.4752159422899456,0.5755525108151518,1.9405000019326428,1.9523160119836107,1.7579956801867447,0.27947586929834173,0.27947586929834173,1.0663598988596088,1.0663598988596088,0.09992303965367189,0.9162412440756668,0.9162412440756668
asian_female_auth_asian_f_0013_frame_0008_subdiv_head_var_0.glb,asian_female_loPoly_0013_grp.fbx,good,variation_long_faces_002,asian,female,0013,0008,0.05314400541709179,0.15007150578782685,0.052399332095956944,0.05236495737323778,0.08255886119138119,0.08248729478197737,0.08727311113499843,0.08731745793628574,0.03657919655080666,0.03143826251719631,0.05614427344233906,0.02268601238253478,0.05430316705137787,0.18082327958073782,0.16589723008741278,0.05404406341116108,0.08147151192377587,0.08155171983774055,0.17214390253947168,2.823865168047005,0.9859876327482205,0.9853408105441096,1.553493391087703,1.5521467404383562,1.6422004786814635,1.643034943470846,0.6883033422814292,0.5915674264756371,1.056455436538894,0.4268781060909396,1.021811709997931,3.402515075060239,3.121654620975522,1.0169362092112804,1.533032959867447,1.5345422159601179,3.2391969929332425,0.0026023743122565793,0.0008894557190113339,-0.0013617064796483253,-0.0014054248963412397,0.0005562438766745365,0.0005747254221431242,0.002112976808316777,0.002277294815037023,-0.0022638509768780346,5.44309417983696e-05,0.0008630179418325362,-0.00039589660848523764,0.009114279335995651,-0.0010615925981173613,0.006391649337676636,0.005310899628550685,-0.0009113609482907931,-0.0009154465874818968,-0.002729103148800621,5.148971759258508,0.5962216758658571,-2.5328872278635934,-2.6137528450051004,0.6783245399836496,0.7016327611680805,2.481180689794611,2.6779050409276586,-5.828201237980915,0.17343625384810724,1.5611402708186115,-1.7151813943953276,20.169293374515096,-0.5836618435608277,4.00716345323686,10.897916770275009,-1.1062505063474253,-1.110074017532763,-1.5606200271215709,1.1160642071291595,2.7770136454202987,0.15617099780605576,1.7025149866842977,1.7025149866842977,1.4233848187433686,0.25000246320461345,0.25000246320461345,1.0186069577655201,1.0186069577655201,0.09588825181891052,0.9484328745703016,0.9484328745703016
asian_female_auth_asian_f_0013_frame_0009_subdiv_head_var_0.glb,asian_female_loPoly_0013_grp.fbx,good,variation_long_faces_001,asian,female,0013,0009,0.04798771804977022,0.14760040647190967,0.054716723598340115,0.05439743796124081,0.08202161969464475,0.08199674488026285,0.08702701188812788,0.08718113913794746,0.03492148717332884,0.03134700408293089,0.05448620292815301,0.02397600805587975,0.054236261764115126,0.18289787118305678,0.16556294665849247,0.05167419864861676,0.08160221193098617,0.0816839987956639,0.1729665287222995,3.0757954841450608,1.1402234951366292,1.133570008576419,1.7092210888122756,1.7087027308783538,1.8135267819542544,1.816738588143074,0.7277171866582652,0.6532297295407858,1.1354197520216094,0.499628009629738,1.1302113117332284,3.811347540913806,3.450110848921378,1.0768213357222598,1.7004811907570359,1.7021855198645985,3.604391618349265,-0.002553913055064992,-0.0015816435969058518,0.0009556850227348465,0.0006270556916617917,1.9002379938098946e-05,8.417552042859489e-05,0.0018668775614462257,0.0021409760166987424,-0.003921560354355855,-3.682749246704947e-05,-0.0007950525723535162,0.0008940990648597311,0.00904737404873291,0.001012999004201598,0.006057365908756329,0.002941034866006366,-0.0007806609410804938,-0.0007831676295585455,-0.001906476965972792,-5.053087918289729,-1.0602103913817127,1.7776535722814335,1.1661730216423494,0.02317289442746968,0.10276264202972282,2.1921965908187997,2.517605726656683,-10.095913178699051,-0.11734543112931714,-1.438195578510751,3.8735923671113124,20.021236428116822,0.5569451665037171,3.7975886989561327,6.0349762620087155,-0.9476010168919351,-0.9496720495043163,-1.0902065521600675,1.454116300792321,1.560210820223137,0.27404707819688806,1.7059527773019474,1.9240695605580782,0.7171050869779098,0.39597579495982743,0.39597579495982743,1.1209197537559672,1.1209197537559672,0.04715673676821475,0.9592264671101541,0.9592264671101541
asian_female_auth_asian_f_0013_frame_0009_subdiv_head_var_0.glb,asian_female_loPoly_0013_grp.fbx,good,variation_long_faces_002,asian,female,0013,0009,0.050833591005315384,0.1505496795005705,0.0548225088262029,0.054826128018941454,0.08208229497823669,0.08204308637595491,0.08693555797001822,0.08683956921642612,0.031714170103709846,0.031758082994217604,0.058312025020446176,0.022160833490500482,0.05424379799063916,0.18028368067112288,0.16976736033882317,0.057693430319317146,0.08102445036848156,0.08110453741153772,0.17048602923571304,2.9616180270409846,1.0784701167476132,1.0785413136209203,1.6147254867289191,1.6139541738724719,1.7101990288454705,1.7083107350677977,0.6238821510837916,0.6247460068460802,1.1471159889992586,0.43594861295916015,1.0670856990010245,3.546546232633292,3.3396688485193096,1.1349469745956855,1.5939155343168514,1.5954910091450567,3.353806525647308,0.00029195990048017095,0.0013676294317549742,0.0010614702505976278,0.001055745749362437,7.967766353003669e-05,0.00013051701612065703,0.0017754236433365628,0.0017994060951773971,-0.007128877423974847,0.0003742514188196655,0.0030307695199396495,-0.0009210755005195359,0.009054910275256942,-0.0016011915077323025,0.010261779589087028,0.00896026653670675,-0.0013584225035851022,-0.0013626290136847241,-0.004386976452559255,0.5776622045983786,0.9167520027537538,1.9744228882499362,1.963433594482241,0.09716478100235833,0.15933698227351165,2.0848060625713485,2.1159485461144243,-18.353033239459045,1.1924975378501728,5.482454210743964,-3.9904650039036156,20.037913595679555,-0.8803324259742626,6.433492509072604,18.386383811805935,-1.6489137319775342,-1.6523291301881886,-2.5086641790668684,1.180136385109027,2.9327097556445945,0.33904044651378085,1.571151516877566,1.5895084042308791,2.5473118653696707,0.7802167951768327,0.7802167951768327,0.8885312933675501,0.8885312933675501,0.07180214162088064,1.1191819081806142,1.1191819081806142
asian_female_auth_asian_f_0022_frame_0001_subdiv_head_var_0.glb,asian_female_loPoly_0022_grp.fbx,good,variation_long_faces_001,asian,female,0022,0001,0.05105862095680279,0.15320548914463616,0.0579158103221831,0.05804527775066978,0.08139026875856067,0.08086656497934769,0.08796286262993142,0.08760537594437003,0.028558673467085897,0.031108249097968547,0.04611341288288607,0.021470185587338108,0.055012994606315174,0.17865509677794664,0.16357669279009704,0.050762320654848356,0.08316634889293228,0.08334504030264367,0.17746179255752764,3.0005802403917814,1.1343003245462056,1.1368359870075209,1.5940553668188457,1.583798454873338,1.7227817943682964,1.715780299246369,0.5593310773365273,0.6092653603842358,0.9031464622183877,0.42050069478967256,1.0774477174551562,3.4990192337763,3.203703698313515,0.9941968604634834,1.6288404844167972,1.6323402148514001,3.4756479754450464,0.0018932814980921822,-0.0010909259954251516,-0.0013297150273336514,-0.0012543843762784501,-0.0026644902802971243,-0.002731413712357189,-0.00018724936268949,-0.0003129603242136014,-0.006756063230726098,2.7796925346254553e-05,-0.001297519805921181,-0.00017463019782483144,0.006582939472051769,-0.0001707120914468674,0.0038483558792574146,0.0023993608603554775,0.0013876254557424889,0.0014111228926640407,0.004499792427592492,3.850845979985907,-0.7070326257644238,-2.244414273464616,-2.1153314054185914,-3.169945771976282,-3.267320281068252,-0.21242101508068956,-0.35596706841395653,-19.131002698781792,0.08943539557233313,-2.736752331867748,-0.806799187196302,13.592673916644904,-0.09546278164554423,2.4093131836748336,4.961153888329006,1.6968049847442965,1.7222695280186426,2.601607534725598,1.1796777288293236,1.048415088556338,0.549558568020867,1.2180868805149903,1.2180868805149903,1.4721409021387082,1.113327905909848,1.113327905909848,1.5185917679636014,1.5185917679636014,0.11990941281287408,0.8884574138412114,0.8884574138412114
asian_female_auth_asian_f_0022_frame_0001_subdiv_head_var_0.glb,asian_female_loPoly_0022_grp.fbx,good,variation_long_faces_002,asian,female,0022,0001,0.05164424015815914,0.15655547983397905,0.059607385949853986,0.05957874845834394,0.08355262440611377,0.08321553862920873,0.09035852787379456,0.09029713700947628,0.032314080316852394,0.030951707844234136,0.04942865011615224,0.020868182454616333,0.057582077786513454,0.17633955554195768,0.16658068227039224,0.05333371786707642,0.0825610199871308,0.08273682114749006,0.1756225120484897,3.0314218846967633,1.154192331367601,1.153637816644907,1.617849815395406,1.6113227414008477,1.7496341817998275,1.7484454555424507,0.6257054071836736,0.599325457194168,0.9570989904155485,0.40407569925916365,1.1149757961424127,3.4145057609894613,3.2255423210844665,1.0327137683455754,1.5986491375280152,1.6020532182119576,3.4006214731914017,0.002478900699448533,0.002259064693917734,0.0003618606003372368,0.0002790863313957073,-0.0005021346327440251,-0.00038244006249614493,0.002208415881173653,0.002378800740892653,-0.0030006563809596015,-0.00012874432838815703,0.002017717427344988,-0.0007766333305466062,0.009152022652250048,-0.0024862533274358223,0.00685234535955262,0.004970758072583542,0.0007822965499409973,0.0008029037375104353,0.0026605119185545423,5.041968034270019,1.4641070512669307,0.6107813175804482,0.470637304472733,-0.5973898902165582,-0.4574752505757571,2.5052899324263147,2.705693535448172,-8.496895804819959,-0.41422926433986534,4.25580623057713,-3.588080112370242,18.89740291824519,-1.3903213094099143,4.2899998159860635,10.27802701428039,0.9566015670834489,0.9799406190880371,1.5382060317039996,1.135091596171054,2.4756118265847866,0.5140167805805022,1.7549724708543017,1.812223098307092,1.386748825888787,0.705449855832186,0.705449855832186,1.0571272927057247,1.0571272927057247,0.12249301516419538,1.216539246076981,1.216539246076981
asian_female_auth_asian_f_0022_frame_0002_subdiv_head_var_0.glb,asian_female_loPoly_0022_grp.fbx,good,variation_long_faces_001,asian,female,0022,0002,0.050290327422975685,0.15406559670951392,0.05796361619569286,0.05908459396723582,0.08357316760428112,0.08243061391206934,0.08915889857513834,0.08802488784440386,0.028832871220104462,0.031109172050163482,0.04723236635467653,0.02196220694034904,0.052944798712272985,0.1762831111316188,0.16226411614540595,0.050396146870311465,0.08192467319039844,0.0820916296675937,0.17438809265001728,3.0635234368970794,1.1525798133740435,1.1748699401038771,1.6618139488608659,1.6390947948851495,1.7728836367528824,1.7503343556317499,0.573328365464804,0.6185915591384858,0.9391938524762499,0.43670837049104927,1.0527829390922712,3.5053084790830358,3.226547220117597,1.0021041709759764,1.6290343966416543,1.6323542493002192,3.4676269093119125,0.0011249879642650784,-0.00023081843054739704,-0.0012819091538238889,-0.00021506815971241572,-0.00048159143457668363,-0.0011673647796355408,0.0010087865825174347,0.00010655157582023511,-0.006481865477707533,2.8719877541188987e-05,-0.00017856633413072115,0.0003173911551861003,0.004514743578009579,-0.002542697737774713,0.0025357792345663266,0.0020331870758185863,0.00014594975320864068,0.00015771225761407326,0.001426092520082134,2.2881728808357993,-0.1495941628571691,-2.163723160966696,-0.362680244706959,-0.5729496343616285,-1.3964031163248378,1.1443962573772801,0.1211938036392413,-18.354562666494783,0.09240495402601429,-0.37663535392307734,1.466361083117488,9.322193760658097,-1.4218852154790405,1.5875575264906183,4.204017050358664,0.1784691018327493,0.19248714402963937,0.8245120425358188,0.9939512779913152,0.6785849639300379,0.3770784194293284,1.4786477357322065,1.522597689081436,1.7061053683305696,0.7720997323031046,0.7720997323031046,1.2524393082210268,1.2524393082210268,0.06447466573758565,1.1093554503205587,1.1093554503205587
asian_female_auth_asian_f_0022_frame_0002_subdiv_head_var_0.glb,asian_female_loPoly_0022_grp.fbx,good,variation_long_faces_002,asian,female,0022,0002,0.04790488307047753,0.15355526575569045,0.059709800429362136,0.05975292231332463,0.08451171786837867,0.08402654543627187,0.08876681006179513,0.08874784952672393,0.02902233455605439,0.03130907793559261,0.04892341937437533,0.02096953899352797,0.053642648048739174,0.17474933743206197,0.1652460145726179,0.05269578282798536,0.08218035365194643,0.08235043358646761,0.17608323378697185,3.2054199053107046,1.246424092957648,1.2473242492924217,1.7641566464956249,1.754028818161444,1.8529804139423875,1.8525846184857262,0.6058324892131939,0.6535675682483304,1.0212616384513316,0.4377328082124247,1.1197741150901102,3.6478397656241275,3.449460764354824,1.100008588904381,1.7154901209349143,1.7190404883216996,3.675684450120016,-0.0012604563882330777,-0.000741149384370865,0.00046427507984538735,0.0004532601863763974,0.00045695882952087596,0.0004285667445669966,0.0006166980691742208,0.0008295132581403047,-0.006292402141757605,0.00022862576297031506,0.0015124866855680819,-0.0006752767916349683,0.005212592914475768,-0.00407647143733153,0.00551767766177827,0.004332823033492479,0.0004016302147566292,0.00041651617648798267,0.003121233657036704,-2.5637093165839278,-0.48034128576356916,0.7836458147791145,0.7643554282081098,0.5436442085446082,0.5126520416809094,0.6995998703051505,0.943504271516475,-17.818063307682724,0.7355934260560845,3.1901643772664046,-3.119808448995238,10.76313644497165,-2.279576680292723,3.454413768083141,8.958969947049974,0.49111822473617056,0.5083562334799954,1.8045776845156296,0.605139007220954,1.3298044580200945,0.5211276527684569,1.7530143149426956,1.7530143149426956,1.685769026862305,1.0170334540065233,1.0170334540065233,0.9944184890156842,0.9944184890156842,0.08308719322915739,0.7154408035049112,0.7154408035049112
asian_female_auth_asian_f_0022_frame_0003_subdiv_head_var_0.glb,asian_female_loPoly_0022_grp.fbx,good,variation_long_faces_002,asian,female,0022,0003,0.05036844424367211,0.15318970553583072,0.058511462431253,0.05853408022589473,0.08324832230117954,0.08290015976000518,0.09201839872841922,0.09165669335944882,0.029686323695547728,0.03131647192134684,0.04605407075486806,0.02109486830932507,0.055371869489650255,0.1758903572355734,0.16826259218966,0.0532073301744614,0.07990598286914755,0.08006384712997747,0.16732182780144672,3.0413825131213232,1.1616690431847896,1.162118090102584,1.652787247079568,1.6458749323078428,1.8269057166676272,1.8197245266507083,0.5893833756693265,0.6217478500992453,0.9143437214790275,0.4188111947089821,1.0993365056457296,3.4920744501190515,3.3406350884224336,1.0563623906479094,1.5864294414689273,1.5895636312022097,3.3219574341422646,0.001203104784961502,-0.0011067096042305935,-0.0007340629182637504,-0.0007655819010535039,-0.0008064367376782594,-0.0006978189316996924,0.0038682867357983097,0.003738357090865188,-0.005628413002264267,0.00023601974872454468,-0.0013568619339391907,-0.0005499474758378711,0.006941814355386849,-0.002935451633820113,0.008534255278820374,0.0048443703799685225,-0.0018727405680422499,-0.0018700702800021618,-0.00564017232848843,2.447058839025972,-0.7172620330977794,-1.2390183291196657,-1.2910392295567426,-0.9594182969526456,-0.8347318232096615,4.388294748986962,4.252078974111613,-15.937859173145096,0.7593832529001827,-2.86191782567382,-2.540781503046325,14.3336907962255,-1.6415145287915558,5.342981366909365,10.01669542259933,-2.2900095395602618,-2.282412875054825,-3.2609314902992184,0.916347760086056,2.102836365455767,0.2924041545626063,1.7340239429935145,1.7340239429935145,1.976504886173872,0.4280328894630386,0.4280328894630386,1.5599714458617513,1.5599714458617513,0.12339521408243363,1.1911959820527884,1.1911959820527884
asian_female_auth_asian_f_0022_frame_0004_subdiv_head_var_0.glb,asian_female_loPoly_0022_grp.fbx,good,variation_long_faces_001,asian,female,0022,0004,0.0501669699895255,0.15733149004953978,0.058873925397427904,0.058894910936519884,0.08378960519463348,0.08344817014771976,0.09080090636781284,0.09061553982966196,0.036808995915418835,0.030594289375469687,0.04557533575122624,0.02142547487255992,0.05511044166701023,0.17525767360953284,0.16275535094633325,0.049860672978045716,0.08109782152907385,0.08124751371085663,0.17028383579562778,3.1361569192317065,1.173559523521559,1.173977837386167,1.6702145896419125,1.663408616568693,1.8099739008907934,1.806278909182313,0.733729701496907,0.609849257028231,0.9084729606101792,0.42708329558339686,1.0985403678658865,3.4934873213615525,3.2442730940360835,0.9938944486473124,1.616558096811637,1.619541976081484,3.3943416521105783,0.0010016305308148954,0.0030350749094784635,-0.0003715999520888455,-0.0004047511904283485,-0.00026515384422431953,-0.0001498085439851221,0.002650794375191931,0.002697203561078332,0.00149425921760684,-0.00048616279715260613,-0.0018355969375810077,-0.00021934091260301936,0.006680386532746822,-0.003568135259860661,0.0030270140354936304,0.0014977131835528373,-0.0006809019081159412,-0.0006864036991229977,-0.0026781643343073702,2.037269633124514,1.967041753188756,-0.6272202835515519,-0.6825522708069743,-0.31545369620504315,-0.17920115573319126,3.0071367072271338,3.0678510030474033,4.231262519081504,-1.5642076069306683,-3.8716743870646413,-1.0133646540589774,13.79388587154543,-1.9953133624390145,1.895101454154193,3.096818701578688,-0.8326149877344422,-0.8377528144887566,-1.5484119819934081,1.210499377978222,0.7792879680973425,0.26804202682324724,1.5797231159263077,1.585452836911007,0.9316621611792114,1.1489406340550148,1.1489406340550148,1.1737812621086983,1.1737812621086983,0.11092081753844381,0.9930807138934818,0.9930807138934818
asian_female_auth_asian_f_0022_frame_0004_subdiv_head_var_0.glb,asian_female_loPoly_0022_grp.fbx,good,variation_long_faces_002,asian,female,0022,0004,0.04835113325479887,0.15455035273904089,0.05977315678651787,0.059733851379824114,0.08367242859436273,0.0833027409097055,0.0892546072367606,0.08884736427862354,0.03615041007295698,0.030758143147651833,0.04826685244588744,0.021290486957707713,0.053609174626649575,0.17717418883429503,0.16388908632447732,0.05177172895715013,0.08139094384935214,0.08155671448866043,0.17196426201292558,3.1964163471535945,1.2362307305503613,1.2354178146154517,1.7305163904520937,1.7228704955211713,1.8459672241064184,1.8375446095631152,0.7476641732977177,0.6361411010898917,0.9982569010644013,0.4403306711656986,1.1087470141421938,3.6643233965299133,3.3895603948064914,1.0707448920447333,1.6833306350947639,1.6867591098408412,3.5565714893736864,-0.0008142062039117395,0.00025393759897957,0.0005276314370011234,0.00043418925287588145,-0.0003823304444950659,-0.0002952377819993718,0.0011044952441396916,0.0009290280100399118,0.0008356733751449866,-0.0003223090249704595,0.0008559197570801869,-0.00035432882745522684,0.005179119492386169,-0.0016516200350984722,0.004160749413637699,0.0034087691626572547,-0.0003877795878376583,-0.00037720292131919464,-0.0009977381170095667,-1.6560573218364854,0.16457776983934477,0.8905844515486724,0.732195154748728,-0.4548587716708793,-0.35316378053608033,1.2529708915538866,1.0566942568178315,2.366358787539148,-1.0370152376816786,1.805321491349298,-1.6370147520410487,10.694019401852868,-0.9235915361102841,2.6048912134859514,7.048305515506133,-0.47418151267119335,-0.46037457165846557,-0.5768539426348162,0.7563292755318143,1.7711831754780587,0.07979399902338628,1.5689973410889482,1.4949113382391013,0.7373675780454901,0.526470493803295,0.526470493803295,1.1732303870166885,1.1732303870166885,0.08707017651354788,1.1174688595508118,1.1174688595508118
asian_female_auth_asian_f_0022_frame_0007_subdiv_head_var_0.glb,asian_female_loPoly_0022_grp.fbx,good,variation_long_faces_001,asian,female,0022,0007,0.04846420734606396,0.15368900021998477,0.05932798083806492,0.059332163197756645,0.08343331499013248,0.08309079501524887,0.08903096600315132,0.08877438666425937,0.030376281839989465,0.030881683805288156,0.04656956007394161,0.021641131281796445,0.05343948031092153,0.1772063106342351,0.16288446823409364,0.05018502182192858,0.08047535518264626,0.08063562547647639,0.16905843156889713,3.1711856777632144,1.2241607587724896,1.2242470566801777,1.7215450238227936,1.7144775405471915,1.8370457473371222,1.831751544606026,0.6267776469154713,0.6372060020454708,0.9609062568878222,0.44653843458669584,1.1026587091238507,3.6564367878519937,3.360922981180716,1.0355069146922584,1.660511119226674,1.6638181018971159,3.488315208824462,-0.0007011321126466491,-0.0006074149200765433,8.245548854816931e-05,3.250107080841197e-05,-0.0006214440487253142,-0.0005071836764560106,0.0008808540105304102,0.0008560503956757393,-0.00493845485782253,-0.00019876836733413727,-0.0008413726148656375,-3.684503366494646e-06,0.0050094251766581235,-0.0016194982351584175,0.0031561313232540134,0.0018220620274356988,-0.0013033682545435382,-0.00129829193350324,-0.0039035685610380177,-1.4260699109694233,-0.3936675518515238,0.139175892291825,0.05480818885415222,-0.7393323778824062,-0.6066937076629779,0.9992659006538155,0.9736881201443263,-13.984119151392408,-0.6395285571463646,-1.7746383948786317,-0.017022567450171115,10.34362889484725,-0.9056289164285161,1.9759370092332247,3.7674741892930594,-1.5937742725277328,-1.5845598191123558,-2.2568937443516606,0.9469161092806389,0.8585977833438222,0.20851748148134455,1.545666664031634,1.545666664031634,1.0770847334192934,0.8220366068404048,0.8220366068404048,1.2654531767230166,1.2654531767230166,0.09550145751323517,1.0496134841958538,1.0496134841958538
asian_female_auth_asian_f_0022_frame_0007_subdiv_head_var_0.glb,asian_female_loPoly_0022_grp.fbx,good,variation_long_faces_002,asian,female,0022,0007,0.048037134933952924,0.15429709435480066,0.05957964972495612,0.05954679135817628,0.08316856746232973,0.08287888960413148,0.08930613933519532,0.08903309621385193,0.03445314986432929,0.03106339028077981,0.049976478094366124,0.020530728585302277,0.05703920100629634,0.17554269729643185,0.16724839321203794,0.054311933951939326,0.08140865320350671,0.08157634056706191,0.17181260536136284,3.212037823799158,1.240283164407561,1.2395991442880219,1.7313390479402988,1.7253087578616642,1.859106282212373,1.8534222812468948,0.7172190829386372,0.6466536841443478,1.0403717491286613,0.4273928620749411,1.1873980637005208,3.654312388484211,3.4816479675982053,1.1306239230673047,1.694702511201737,1.698193297315142,3.5766622134644566,-0.0011282045247576825,6.792147393408499e-07,0.0003341243754393722,0.0002471292312280493,-0.0008861915765280698,-0.0007190890875733991,0.0011560273425744172,0.001114759945268301,-0.000861586833482704,-1.706189184248405e-05,0.0025655454055588736,-0.0011140871998606625,0.008609145872032938,-0.0032831115729616556,0.0075200563011983135,0.0059489741574464475,-0.0003700702336830869,-0.00035757684291772007,-0.001149394768572315,-2.2947152143740537,0.0004402012442896345,0.5639655880646142,0.4167464406441256,-1.0543026791836865,-0.8601752085720605,1.3114303730790369,1.26794931817499,-2.4397373845805443,-0.05489589323772222,5.411294948358075,-5.147131816313935,17.776452758861552,-1.835927148166569,4.708028923756973,12.300682552774326,-0.452526302843697,-0.436421025896373,-0.6645360065845961,0.8945232423892917,2.1830778562343003,0.21184278591903358,1.4433072878472752,1.4353462972314899,2.1839160626227723,0.8612494576755209,0.8612494576755209,1.2233124582740393,1.2233124582740393,0.09585776575922386,0.9380623867672798,0.9380623867672798
asian_female_auth_asian_f_0022_frame_0009_subdiv_head_var_0.glb,asian_female_loPoly_0022_grp.fbx,good,variation_long_faces_002,asian,female,0022,0009,0.048950494367164,0.1544710285101965,0.059265744461357864,0.05933927095309946,0.08330192793674282,0.08294567345233662,0.0895406798775568,0.09036156980745595,0.03438419664249135,0.030889723586334312,0.0474686083492612,0.020933436920862136,0.0530640268553845,0.1779791810155174,0.16620186201162998,0.05272912270826634,0.08003096280012044,0.08018149954289501,0.16738789966090972,3.155658191142104,1.2107282107678434,1.2122302689736317,1.701758664824063,1.694480812189235,1.8292088984012531,1.8459786969602192,0.7024279751821317,0.6310400739702262,0.9697268426588793,0.427645056326628,1.0840345443166732,3.6359016045996437,3.3953050762878143,1.0771928535135908,1.6349367628410558,1.6380120482844556,3.4195344056258103,-0.0002148450915466088,0.0001746133701351904,2.0219111841114634e-05,3.9608826151227294e-05,-0.0007528311021149786,-0.0006523052393682532,0.0013905678849358977,0.0024432335388723248,-0.0009305400553206444,-0.0001907285862879811,5.767566045394856e-05,-0.0007113788643008032,0.004633971721121094,-0.0008466278538760974,0.006473525100790356,0.0043661629137734595,-0.0017477606370693566,-0.0017524178670846186,-0.005574100469025428,-0.4369848635481043,0.11316748349382358,0.034127660649192905,0.06679435384713162,-0.8956436384130864,-0.7802882911485742,1.5774998505416564,2.7789806342654595,-2.634990778165134,-0.6136609121021327,0.12165055016427594,-3.2866016110353695,9.56838002408682,-0.47343717287163906,4.05283447257319,9.027906754107793,-2.137182586876311,-2.1388186022107276,-3.2227312732495967,0.7771271259811013,1.7420049378626365,0.4194951810325835,1.9106320584333736,1.9044086576313823,0.9892501011209682,0.8364221937178199,0.8364221937178199,1.6307440794267214,1.6307440794267214,0.088126400330187,0.8521470552851321,0.8521470552851321
asian_female_auth_asian_f_0022_frame_0010_subdiv_head_var_0.glb,asian_female_loPoly_0022_grp.fbx,good,variation_long_faces_001,asian,female,0022,0010,0.05196658656350497,0.15304006115236252,0.05659526915532179,0.05655078782001993,0.08314340582571186,0.08288979684558889,0.08976462841266271,0.09154964509628087,0.0305408087616748,0.03127111773188767,0.04892425899471748,0.020855583551584258,0.05612266973153193,0.1774641790019599,0.16518162678979054,0.0513010795248821,0.08274539538750335,0.08292031440156025,0.17590092557431583,2.944970437212424,1.0890703603585818,1.0882144000532519,1.5999397174972758,1.5950594858543323,1.727352792413395,1.7617021080344393,0.5877008820726155,0.6017543156057265,0.941456082264136,0.40132679344058925,1.0799760662160884,3.4149670151048412,3.1786122143684166,0.9871935587339454,1.5922807492153754,1.5956467392798401,3.3848851195827305,0.0028012471047943605,-0.0012563539876987995,-0.0026502561941949623,-0.0027488743069283006,-0.0009113532131459351,-0.000708181846115985,0.0016145164200418033,0.003631308827697244,-0.004773927936137196,0.00019066555926537665,0.00151332630591023,-0.0007892322335786815,0.007692614597268527,-0.0013616298674336003,0.005453289878950912,0.0029381197303892242,0.0009666719503135524,0.0009863969915806237,0.00293892544438068,5.697605540071309,-0.8142470364968327,-4.473344068703714,-4.63556487226442,-1.0842374941847426,-0.8471279535688766,1.8315534530199524,4.130320228767614,-13.51823171439071,0.6134581254043898,3.1919353197358538,-3.6462875979738456,15.883968283625055,-0.7614280489166274,3.4141029603250295,6.075144579393153,1.182058009325623,1.2038933603588196,1.699174062610779,1.0774638868926127,2.0587222908118803,0.4749466585124294,1.714018041965595,1.7968240010219725,1.980014354861392,0.8994558061816537,0.8994558061816537,1.547035484150163,1.547035484150163,0.0906754034775132,0.6711831665463681,0.6711831665463681
asian_female_auth_asian_f_0022_frame_0010_subdiv_head_var_0.glb,asian_female_loPoly_0022_grp.fbx,good,variation_long_faces_002,asian,female,0022,0010,0.04970147076613034,0.154209461843939,0.05923193492791719,0.05929555839791468,0.08321175972132229,0.08286448221459376,0.08833492400385294,0.08834512210984566,0.03381343594068814,0.030723691701294853,0.04506642026546594,0.021920758176033787,0.04800072001695301,0.1766456871528878,0.15943321243355488,0.04821168313288926,0.08295002345324462,0.08312649762650193,0.17738619144776407,3.102714255068421,1.1917541677314205,1.193034280150968,1.674231334377894,1.6672440661668055,1.7773100602900032,1.7775152474974543,0.6803306908118847,0.6181646383436983,0.9067421863132668,0.4410484808222607,0.9657806756427755,3.554134001065923,3.2078167904480313,0.9700252807356294,1.6689651669175936,1.6725158500369666,3.569033042954657,0.0005361313074197308,-8.695329612232183e-05,-1.3590421599561642e-05,-4.103729033554104e-06,-0.0008429993175355088,-0.0007334964771111147,0.0001848120112320356,0.00042678584126203123,-0.0015013007571238537,-0.00035676047132744,-0.0023445124233413134,0.00027594239087084735,-0.0004293351173103935,-0.002180121716505695,-0.0002951244772847472,-0.0001512766616036179,0.0011713000160548243,0.0011925802165222987,0.004424191317828924,1.0904659935684518,-0.05635470924155346,-0.022939152821053507,-0.00692032447801958,-1.0029168213376203,-0.8774093448073965,0.20965601410410725,0.4854343921593715,-4.251201898998925,-1.1478612645207849,-4.9450881692838005,1.274865970723576,-0.8865055307497399,-1.2191314722909823,-0.1847665123123931,-0.31279446552988655,1.432279652731975,1.455539115205349,2.557897870344535,0.5257221357062638,0.3001966416796478,0.2911417924063406,1.6121163437785988,1.6121163437785988,0.6337092301541999,0.7696696216856029,0.7696696216856029,1.1407898142459216,1.1407898142459216,0.11924481800073188,1.1855516807056192,1.1855516807056192
asian_male_auth_asian_m_0016_frame_0006_subdiv_head_var_0.glb,asian_male_loPoly_0016_grp.fbx,good,variation_long_faces_001,asian,male,0016,0006,0.05357033070090408,0.14810875865078077,0.05010062011728161,0.05277669385217496,0.08219193631263959,0.07962905048067843,0.09279226203048335,0.09082492916108034,0.03890684412458486,0.03019399039545903,0.05030827919008149,0.016946896512477567,0.05081908970574998,0.17167955698770307,0.15744810942334714,0.04849360916515071,0.08480216703047436,0.08490794675851766,0.17072655462953104,2.764753487853328,0.9352307417515362,0.9851851418808635,1.5342809207495238,1.4864394047754979,1.7321577226872962,1.6954334231792887,0.7262759743226347,0.5636327049022578,0.93910712388476,0.31634855134824774,0.9486424489235481,3.204750740596151,2.9390916084206657,0.9052325892087933,1.5830062260385336,1.5849808214285435,3.1869609986680514,0.0022866887963860633,0.004537456359384823,-0.0004668241252141006,0.0021435333726835606,0.001720210505883446,-0.0005369714489681238,0.003537111396124712,0.0016931083211428055,0.0004478290985790376,0.00048214199046781384,-0.0007884100925940052,-9.265865424120528e-05,0.003923678596784018,-0.0007888911752329808,0.001959305080717205,0.0007310656052913686,0.00028392795781762015,0.0003140780595058956,0.00043362382910444586,4.458904850485296,3.1604201445324263,-0.9231712858088097,4.233457584682638,2.1376582751739903,-0.6698242422947819,3.9629213227310442,1.899555405900751,1.1644320539052222,1.6227263410068422,-1.5429768614408415,-0.5437856407318885,8.366871094630083,-0.45741188236800967,1.260093991333129,1.530625362058338,0.3359369065575767,0.3712775693276275,0.25463407498261204,0.6901927360130982,1.0121157092751933,0.41331233066793704,1.5216904255741253,1.4508372469068394,0.6619429274944592,1.0324051834114991,1.0324051834114991,1.4384236415208367,1.4384236415208367,0.07310174260544684,1.143378206681682,1.143378206681682
asian_male_auth_asian_m_0016_frame_0006_subdiv_head_var_0.glb,asian_male_loPoly_0016_grp.fbx,good,variation_long_faces_002,asian,male,0016,0006,0.051803847333553164,0.1462056328068663,0.05068492241964872,0.05070830977919965,0.07963675315402058,0.07945634442322438,0.09181618753926253,0.09214292347196862,0.03517419586503237,0.02946612789813585,0.050483479890071285,0.016755413200940962,0.054530441842783696,0.1705028624501942,0.16215619399444636,0.05280740380462137,0.08291881770492415,0.08299549226513722,0.166218334968903,2.8222929441028106,0.9784007371749834,0.9788521970713951,1.5372748792431898,1.5337923438701975,1.7723816331261852,1.7786888081628636,0.6789880998326966,0.5688019213787379,0.9745121740672978,0.32343955253085116,1.0526330504310735,3.2913165957031167,3.130195966920364,1.0193722382163344,1.6006304931567878,1.6021105870911125,3.2086098528292895,0.0005202054290351504,0.002634330515470351,0.00011747817715300479,7.514929970824785e-05,-0.0008349726527355633,-0.0007096775064221739,0.0025610369049038906,0.003011102632031082,-0.003284819160973451,-0.00024572050685536806,-0.0006132093926042095,-0.00028414196577781006,0.007635030733817737,-0.0019655857127418574,0.00666738965181643,0.005044860244762028,-0.0015994213677325841,-0.001598376433874546,-0.004074595831523586,1.014369123791345,1.834858689324728,0.2323197838309551,0.14841913678030533,-1.0375975466720533,-0.8852597264274689,2.869343546789134,3.3782577351790044,-8.54109019368351,-0.8270118489635606,-1.2000961338450558,-1.6675433307835934,16.28097622617491,-1.1396784360724987,4.288019114948233,10.562377689202123,-1.892397883914299,-1.8894707837061226,-2.392698165667708,0.9144026878044937,1.8080088324449395,0.4808651086723176,1.783874575160252,1.9097631541956466,1.4680131598961288,1.0462322228734786,1.0462322228734786,1.7052702180455177,1.7052702180455177,0.05664877482972707,0.8816284420522745,0.8816284420522745
asian_male_auth_asian_m_0016_frame_0010_subdiv_head_var_0.glb,asian_male_loPoly_0016_grp.fbx,good,variation_long_faces_001,asian,male,0016,0010,0.05047290558960729,0.14340957166220816,0.050572479343912936,0.050557078323861644,0.08009023332029841,0.07985649953744188,0.09016534077857444,0.09006205878417216,0.038524096797906804,0.029453235117607984,0.05046855331308652,0.017134747906950246,0.053142907680012494,0.16959305300795502,0.15938157183449755,0.05052496041454562,0.08495129351658043,0.08506573306439873,0.17170012202386548,2.8413179306193372,1.0019728159721033,1.0016676815663983,1.586796567083103,1.58216569077182,1.7864107430569656,1.7843644571696013,0.7632629100282899,0.5835454641167439,0.9999137700421656,0.3394840797609719,1.052899710433056,3.3600810380703616,3.1577649428471832,1.0010313419512953,1.6831068575151034,1.6853742036581767,3.401827574975586,-0.0008107363149107219,-0.00016173062918778403,5.0351014172222985e-06,-7.608215562975723e-05,-0.00038149248645773237,-0.00030952239220467803,0.0009101901442157972,0.0009302379442346215,6.508177190098219e-05,-0.0002586132873832331,-0.0006281359695889735,9.519274023147423e-05,0.006247496571046535,-0.002875395154981031,0.0038927674918676214,0.002762416854686277,0.00043305444392369163,0.0004718643653869592,0.0014071912234388806,-1.5808867794923458,-0.11264829851548708,0.009957199721379068,-0.15026151816174652,-0.47407021861795773,-0.38610172334148485,1.0197620392177353,1.043665366048269,0.16922370959571942,-0.8704045734825078,-1.229308548962966,0.5586574256199027,13.322191709823974,-1.667200688362755,2.503567705935695,5.783646868019547,0.512379870516958,0.5577997231287183,0.8263356657405978,0.9355995637248224,1.1034192107631104,0.2564891126333611,1.4926411342797348,1.4926411342797348,0.5996688469550264,0.7434296709333811,0.7434296709333811,1.4076615429280848,1.4076615429280848,0.09435126643895288,0.7352080553981967,0.7352080553981967
asian_male_auth_asian_m_0048_frame_0003_subdiv_head_var_0.glb,asian_male_loPoly_0048_grp.fbx,good,variation_long_faces_003,asian,male,0048,0003,0.047724642020161495,0.13718359117583095,0.0467688437984361,0.046770532619327815,0.07761668654278878,0.0774547067045956,0.08621725856115382,0.08653015066512862,0.04219253396144602,0.0368455000241145,0.06557930090238717,0.022296614825813382,0.058637716764138696,0.17496658320890754,0.16238611717975804,0.05575865465006865,0.08201404216815582,0.08207570143957679,0.1685442932429317,2.8744813029268426,0.9799726476455997,0.980008034414787,1.6263440281018609,1.6229499777468106,1.8065564226700945,1.8131126186043167,0.8840827751755914,0.7720435075982119,1.374118235914329,0.4671929192552995,1.2286675034538117,3.6661685829930812,3.402563336382016,1.1683409720813234,1.718484177073735,1.719776156831172,3.5315988996152003,0.0024525298403586457,-0.00253518775158873,-0.002016320824650454,-0.002026097899275457,-0.001677408240309583,-0.00172027379785257,0.0006015835232172362,0.0009624235347915344,-0.0004723539040890484,0.00019873807262989207,0.002126544927458257,3.1148939522145785e-05,0.003258543468728968,-0.0005060351880412095,0.007920561918728253,0.006763649664855952,-0.0009156000521013397,-0.0009164031686723501,-0.0021288696449000555,5.417308188798815,-1.8144932063181678,-4.133061434205498,-4.152126648382056,-2.115426432318797,-2.172749253533921,0.7026558196856739,1.1247506122554445,-1.1071256194971006,0.5423073200655344,3.351383079875183,0.13989799127142483,5.884059430332924,-0.28838413233024895,5.127720484572353,13.804773908885826,-1.1040684941936079,-1.1042052409660936,-1.2473370791746397,0.7967030869349766,1.7594192152158608,0.40765628943127463,1.3620223554352002,1.5512969150292,0.7732799326808081,0.8383051607046599,0.8383051607046599,1.7637627582643003,1.7637627582643003,0.14306696709461925,0.7682249292303721,0.7682249292303721
asian_male_auth_asian_m_0048_frame_0004_subdiv_head_var_0.glb,asian_male_loPoly_0048_grp.fbx,good,variation_long_faces_003,asian,male,0048,0004,0.046455400786503676,0.13998674837721298,0.04858078145796853,0.04864132020267348,0.07828668822567152,0.0781957868307549,0.08554197097885215,0.08575536986949192,0.04140332185575917,0.03623538490613213,0.06344906523935734,0.023335955326484196,0.05677028144581793,0.1685988990070038,0.15817491713552218,0.05202335174645785,0.0804197718109934,0.08048267145150745,0.16480236518024244,3.013357887504917,1.0457509920371266,1.047054150414409,1.6852010078538713,1.6832442623866568,1.8413783872402623,1.8459720165498121,0.8912488355452474,0.7800037087756503,1.3658060024269707,0.5023302981224911,1.222038352585066,3.6292636841481203,3.4048768164212135,1.1198558373340262,1.7311178129875726,1.7324717920610309,3.5475394117818304,0.001183288606700826,0.00026796944979329274,-0.00020438316511802584,-0.000155310315929795,-0.0010074065574268432,-0.0009791936716932736,-7.370405908443955e-05,0.0001876427391548363,-0.001261566009775894,-0.0004113770453524762,-3.690735571576509e-06,0.0010704894401929593,0.0013911081504082018,-0.006873719389944938,0.0037093618744923895,0.0030283467612451515,-0.002509870409263759,-0.0025094331567416944,-0.005870797707589304,2.613725204605594,0.19179200666540036,-0.4189453222041723,-0.3182808203746452,-1.270468576736402,-1.2367463376426042,-0.08608710852513987,0.21929148459093484,-2.956918611275653,-1.1225467775218019,-0.005816509487838118,4.807846580259771,2.5119698753674027,-3.9172603980841165,2.4014168519473333,6.18092959100452,-3.026505772926963,-3.023701072032176,-3.4397896003413586,0.3826709906748396,0.7500079415734249,0.18550637044383456,1.9180390326973464,1.9180390326973464,0.5679777448726071,0.9989063148999604,0.9989063148999604,1.0983119934847907,1.0983119934847907,0.09972735319645026,1.0552855774541092,1.0552855774541092
asian_male_auth_asian_m_0048_frame_0006_subdiv_head_var_0.glb,asian_male_loPoly_0048_grp.fbx,good,variation_long_faces_003,asian,male,0048,0006,0.04653180077198347,0.140138770898598,0.048572640027282656,0.04862538923919487,0.07837512987432653,0.07826732493812265,0.08763764554915539,0.0877947405202307,0.041619563704779566,0.0363486091077424,0.06354020785637977,0.021738527102875094,0.06153267748068315,0.1741679246548735,0.16193325123691402,0.05368750870834316,0.08218043708261209,0.08225391011187466,0.16957680910392908,3.0116773598621345,1.0438590216033068,1.0449926379911765,1.684334768352996,1.6820179670597868,1.883392520710729,1.8867685983279507,0.8944326893499137,0.781156295365807,1.365522219261219,0.4671757108520016,1.3223790281018228,3.7429869844998347,3.480055543743605,1.1537810232495471,1.7661134045792715,1.767692389876286,3.6443207933192716,0.001259688592180619,0.0004199919711783129,-0.00021252459580389793,-0.00017124127940840173,-0.0009189649087718299,-0.0009076555643255241,0.0020219705112188013,0.0022270133898936173,-0.0010453241607554994,-0.000298152843742204,8.745188145085903e-05,-0.0005269387834161421,0.006153504185273419,-0.001304693742075258,0.007467695975884231,0.004692503723130459,-0.0007492051376450648,-0.0007381944963744808,-0.0010963537839026594,2.782482485415384,0.30059808309410424,-0.4356336551200755,-0.35092849155459116,-1.1589323407822147,-1.14639190128687,2.361682612819276,2.602632399597832,-2.450080647229166,-0.8135857791117217,0.13782203799849532,-2.366619167580842,11.111585491622842,-0.7435312437886007,4.834538006395437,9.577514533464615,-0.9034226093188873,-0.8894755710305322,-0.6423703442017975,0.6026188413280431,1.619982232317352,0.38373281337510345,1.4263988264923575,1.4263988264923575,1.6159160538398347,0.7005346836678912,0.7005346836678912,1.1205759050504527,1.1205759050504527,0.06927868376534214,0.9495968444368444,0.9495968444368444
asian_male_auth_asian_m_0048_frame_0007_subdiv_head_var_0.glb,asian_male_loPoly_0048_grp.fbx,good,variation_long_faces_003,asian,male,0048,0007,0.04553841392273003,0.13864945834397066,0.04848462005220778,0.048477768597988045,0.07740550318554783,0.07730844524897855,0.08589584353207487,0.08599187806980606,0.04240923414708559,0.036218325087025896,0.06386428952580576,0.023206164393776523,0.057851622721302946,0.17385081320939821,0.15877324379323646,0.05274758357293806,0.08411463882266206,0.08419172572182333,0.174807280543472,3.044670343135627,1.0646971617078473,1.0645467073193533,1.6997847864638005,1.697653444411924,1.8862282660486083,1.8883371347916906,0.931284831725715,0.7953356730535556,1.4024267431485697,0.5095953590556083,1.2703916921539269,3.8176738764856797,3.4865782559455023,1.1583096342011518,1.847113932544697,1.8488067209516907,3.8386774040941893,0.0002663017429271816,-0.0010693205834490238,-0.0003005445708787746,-0.00031886192061522656,-0.0018885915975505319,-0.0018665352534696228,0.00028016849413828315,0.000424150939468973,-0.00025565371844947504,-0.00042843686445871026,0.00041153355087684973,0.0009406985074852867,0.002472449425893218,-0.0016218051875505346,0.004307688532206672,0.003752578587725361,0.0011849966024048975,0.0011996211135741897,0.004134117655640257,0.5882246930948061,-0.7653377675197894,-0.6160573059469563,-0.6534506936778418,-2.381755668838391,-2.3574811659245154,0.32723971867784674,0.49569031887793946,-0.5992133842123456,-1.1690988279562138,0.6485668660939684,4.224921734354865,4.464583486474968,-0.9242497219034692,2.7887696547797676,7.659104410455588,1.4289180209624,1.4454641429287856,2.4222423641127717,0.5883859625582971,0.907251799863338,0.3100643734198753,1.7797182628376669,1.7797182628376669,0.46463695241072184,0.4691312221591667,0.4691312221591667,1.0076572793944165,1.0076572793944165,0.113309509623979,0.8270494729276302,0.8270494729276302
asian_male_auth_asian_m_0048_frame_0008_subdiv_head_var_0.glb,asian_male_loPoly_0048_grp.fbx,good,variation_long_faces_003,asian,male,0048,0008,0.04552030076309289,0.14014431167014285,0.0488970766314334,0.04890205713450067,0.0790025919449643,0.07892884121870031,0.08693665546082856,0.08696140825928488,0.03761844991495002,0.03664378198691622,0.05941765000298461,0.023406324289662876,0.05614613198780717,0.173435088424966,0.15859052204391866,0.05271177463678015,0.08387881581014271,0.08394920215557343,0.17299246068703017,3.0787211270750117,1.0741817565291298,1.0742911693182322,1.7355463522995505,1.7339261800900603,1.9098436083119066,1.910387383244,0.8264103989719338,0.8049986791086056,1.305300031127199,0.514195290832532,1.2334306023155615,3.810060248230704,3.483951542176568,1.1579838830836109,1.8426683129068928,1.8442145756567159,3.8003365045270003,0.0002481885832900377,0.000425532742723167,0.00011191200834684972,0.00010542661589740127,-0.0002915028381340612,-0.00024613928374786487,0.0013209804228919708,0.0013936811289477907,-0.005046437950585049,-2.979964568383675e-06,-0.004035105971944307,0.0011408584033716397,0.0007669586923974431,-0.0020375299719827544,0.0041249667828888725,0.0037167696515674545,0.0009491735898855547,0.0009570975473242871,0.0023192977991984276,0.5482151623594039,0.3045637429627268,0.2293976236658833,0.21605306509269803,-0.3676223796128074,-0.31088013181165736,1.542918889918978,1.628746229083461,-11.828082067131342,-0.008131590377149141,-6.359228862397457,5.123891901467294,1.3849226103579535,-1.161166904897673,2.6704767777632576,7.5860174984964726,1.1445528576677024,1.153239277208491,1.358911828875343,0.5152674903861286,1.152358684489075,0.5643204620766821,1.6832329781973274,1.681894193820725,1.822822537340653,1.0464329192131632,1.0464329192131632,0.9580949001706669,0.9580949001706669,0.07712763801977118,1.121191999378615,1.121191999378615
asian_male_auth_asian_m_0048_frame_0010_subdiv_head_var_0.glb,asian_male_loPoly_0048_grp.fbx,good,variation_long_faces_003,asian,male,0048,0010,0.04447225420262911,0.1368229412041923,0.0480995647644923,0.048106130211298,0.07913078863327737,0.07905041404062449,0.08573361087773367,0.08639935222708621,0.0439793827411896,0.0365028322863571,0.06251531908672917,0.022180947983869614,0.0551427294102727,0.17225585984357003,0.15803659258801128,0.05156825775529166,0.08290898467028845,0.08298384539863686,0.17137649661573112,3.0765910938713694,1.0815634517948216,1.0817110819728597,1.7793293830515862,1.7775220855782747,1.92779998259376,1.9427697960491161,0.9889173267630231,0.8208001357439426,1.4057150960212264,0.49875924622139617,1.2399355597992776,3.8733332261216167,3.553599776344786,1.1595602399718936,1.864285635095759,1.8659689482016637,3.853559926035854,-0.0007998579771737388,-0.002895837723227379,-0.0006855998585942533,-0.0006905003073052751,-0.0001633061498209909,-0.00012456646182368303,0.00011793583979707867,0.0008316250967491251,0.0013144948756545344,-0.0001439296651275096,-0.0009374368881997497,-8.451790242162277e-05,-0.00023644388513702902,-0.003216758553378718,0.0035710373269814966,0.002573252770078964,-2.0657549968702837e-05,-8.259209612282437e-06,0.0007033337278993801,-1.7667785721969864,-2.0726188315256406,-1.4053449729875618,-1.4150573512284381,-0.20594995159185525,-0.15733058730570992,0.1377502890035276,0.9718910676245853,3.0809758127042697,-0.39274865626068994,-1.477377733711274,-0.3795918884125399,-0.42695452291381064,-1.8331968729741446,2.311866435819194,5.252071656805839,-0.02490973000201469,-0.009951801621694865,0.41209392033217235,0.398072949777345,0.7811691054707508,0.2530129387666098,1.4270145703110153,1.4270145703110153,0.6060553293933552,0.14945317658669627,0.14945317658669627,1.7617664938305717,1.7617664938305717,0.09974607294312696,0.9537410439273327,0.9537410439273327
asian_male_auth_asian_m_0051_frame_0003_subdiv_head_var_0.glb,asian_male_loPoly_0051_grp.fbx,good,variation_long_faces_003,asian,male,0051,0003,0.053315239534132,0.14692274758446738,0.049283542139949336,0.04930684088231042,0.08155337240231694,0.08151605163275107,0.08464105422365409,0.08445476337682634,0.04279326322815195,0.037873758849224386,0.06644079830424046,0.01947059763927443,0.05701410862456876,0.1789377109101779,0.15531534412810222,0.05440923195874975,0.08345615526771258,0.0835327559231387,0.17575799897330344,2.7557364248623246,0.9243800191200191,0.9248170187952464,1.5296446778618917,1.5289446759507688,1.5875583597344158,1.584064220939288,0.8026459901911541,0.7103739790004676,1.246187748283595,0.3651976022129565,1.0693773323116886,3.356220706757275,2.9131510143299746,1.0205193193198987,1.5653339644902955,1.5667707142094276,3.296580874606866,0.00038030194806484147,6.722003439907365e-05,3.2436074668400205e-05,4.822394544840708e-05,-0.00047379698505306544,-0.0004429013991642944,0.0016002264068830652,0.0014368780096121608,-0.007850235410825038,0.00012643327785313851,0.001204664255149493,-0.0011135468327173395,0.003723443325648647,-0.0043102281856007285,0.007031159379285279,0.005703541511987931,9.249070881905963e-05,9.480514056200984e-05,0.00037733443992626903,0.7184327882629629,0.045772900428385936,0.06585857102459204,0.09789951169400242,-0.5776098195167241,-0.5403941641272866,1.9270357111732472,1.7308053599009399,-15.500973711921286,0.33494631987657814,1.8466211597440287,-5.409730942340156,6.987046051617035,-2.3521291463735867,4.741678548656806,11.71021591044323,0.11094846814671656,0.1136235246345561,0.21515167645773028,0.8767077107287249,2.249099900689884,0.30949578557965635,2.0324834026906045,2.0324834026906045,2.1429378435453144,0.32670570059771936,0.32670570059771936,1.3792833820445043,1.3792833820445043,0.1352209415579582,0.8419699344567154,0.8419699344567154
asian_male_auth_asian_m_0051_frame_0004_subdiv_head_var_0.glb,asian_male_loPoly_0051_grp.fbx,good,variation_long_faces_003,asian,male,0051,0004,0.05476192546696185,0.149227455968937,0.04997620021602693,0.050012336989804555,0.08224421379933462,0.08212672794133469,0.08393030699734898,0.0838878666433865,0.04907784862024369,0.038233695684830524,0.06546755475799922,0.02057626060337003,0.052189358370720675,0.178356200947313,0.15217664829078723,0.0517939394153963,0.08289531655699557,0.08297041521417553,0.1726820640670906,2.7250220786879873,0.9126085284597568,0.9132684171227189,1.5018502928454,1.4997048997278624,1.53263980916786,1.5318648116928701,0.8962038533479363,0.69818026592029,1.195494026182409,0.37574026895354135,0.9530227055695254,3.2569380902232195,2.7788768746379486,0.9458020143328205,1.5137399908811962,1.5151113571459793,3.153323455934189,0.0018269878808946857,0.002371928418868685,0.0007250941507459946,0.0007537200529425456,0.00021704441196461477,0.00016777490941932705,0.0008894791805779539,0.0008699812761723269,-0.0015656500187332945,0.00048637011345927655,0.00023142070890824762,-7.883868621740703e-06,-0.0011013069281994373,-0.004891738148465635,0.003892463541970287,0.00308824896863448,-0.00046834800189794745,-0.0004675355684011645,-0.0026986004662865604,3.4513838387438875,1.6151441205098729,1.472239323488295,1.5301283304576696,0.26460063608879547,0.20470601833334107,1.0711347706462937,1.0479443945411602,-3.091512357576963,1.2884889355662188,0.35474313780473377,-0.0383006863970861,-2.066603826433659,-2.6694642093130763,2.625002490025385,6.340632768588134,-0.5618131165132214,-0.5603392269537786,-1.538710366656743,0.6729687825069379,0.7409740915847776,0.41087962557938384,1.570072359251005,1.570072359251005,0.7187622360094815,1.2251841409004955,1.2251841409004955,0.7973926296042569,0.7973926296042569,0.07578063955730725,0.7844899082870823,0.7844899082870823
asian_male_auth_asian_m_0051_frame_0005_subdiv_head_var_0.glb,asian_male_loPoly_0051_grp.fbx,good,variation_long_faces_003,asian,male,0051,0005,0.051551283830181226,0.14467036852025592,0.049037011477182535,0.04905016213903362,0.08196587294555288,0.0819185645367488,0.08480621154937892,0.08448997667905571,0.044980260042252376,0.03780437766593485,0.060777718714474606,0.020455821201827245,0.058405250677094615,0.17826096451506251,0.15332760586295072,0.05152276806961,0.08185628982371868,0.081931701469766,0.1714438742982531,2.806338810044478,0.9512277451463452,0.9514828437757878,1.589987035348383,1.5890693393127242,1.6450843751776412,1.6389500008841718,0.8725342358189385,0.733335328572397,1.1789758508185137,0.3968052719930745,1.1329543386250385,3.457934531801084,2.9742732764529816,0.9994468467426503,1.5878613245281599,1.5893241716280642,3.3256955319099064,-0.0013836537558859358,-0.0021851590298123946,-0.00021409458809840132,-0.00020845479782839044,-6.12964418171269e-05,-4.038849516656284e-05,0.0017653837326079003,0.0014720913118415335,-0.005663238596724608,5.7052094563601885e-05,-0.004458415334616363,-0.0001283232701645258,0.0051145853781745035,-0.004986974580716119,0.005043421114133778,0.002817077622848184,-0.0015073747351748434,-0.0015062493128106952,-0.003936790235124055,-2.6138762393669523,-1.4879651220941585,-0.43470006097857994,-0.423184431052095,-0.07472699871875003,-0.049278930089352524,2.125922608217739,1.7732218850552643,-11.182557976683674,0.15114208410799831,-6.834272753289385,-0.6234083244952514,9.597525850888834,-2.7214355617443347,3.401186122901091,5.78387781182861,-1.8081915462220783,-1.8052328690761978,-2.244711665107663,0.6486833826769203,1.0255117117412622,0.26509163500211247,1.8625359487797457,1.9944456728703541,1.4415789059288695,0.2289549665902039,0.2289549665902039,1.296860091272551,1.296860091272551,0.09894401759175521,0.9325305640555377,0.9325305640555377
asian_male_auth_asian_m_0051_frame_0008_subdiv_head_var_0.glb,asian_male_loPoly_0051_grp.fbx,good,variation_long_faces_003,asian,male,0051,0008,0.052668364408235795,0.14609649503036706,0.049515409430952215,0.0495078748733306,0.08339328896904334,0.0832653458561941,0.08482064532246979,0.08421534098081951,0.04773026938482042,0.03826921803256294,0.06373496700305457,0.02038729879972009,0.05383042127403435,0.17955934528296819,0.14928101110921146,0.04842510770955662,0.08211551666798954,0.08219103900944937,0.1726411156207158,2.7738946646978433,0.9401356960158317,0.9399926394066836,1.5833658384121583,1.5809366171085015,1.6104666677138415,1.5989739177784432,0.9062417244412624,0.7266072995154327,1.2101185924256324,0.38708813210330323,1.0220636596342991,3.409244758223218,2.834358210787124,0.9194344319145848,1.559105121083826,1.5605390433692126,3.277890201460666,-0.0002665731778313668,-0.0007590325197012471,0.00026430336567127843,0.0002492579364685929,0.0013661195816733335,0.001306392824278746,0.0017798175056987636,0.0011974556136053333,-0.002913229254156567,0.000521892461191692,-0.0015011670460363946,-0.00019684567227168034,0.0005397559751142353,-0.003688593812810448,0.000996826360394526,-0.0002805827372052011,-0.0012481478909039806,-0.0012469117731273294,-0.0027395489126613715,-0.5035864591281405,-0.5168566225350052,0.5366445279847154,0.5060189505281545,1.665447670419893,1.593959873755376,2.1433041462759954,1.4424067877766473,-5.752424955716715,1.3825945369425365,-2.3011281522395985,-0.9562975645624833,1.01285276152327,-2.012897842677795,0.6722405103977072,-0.5760779379811781,-1.4972325143194822,-1.4944180213348508,-1.5620586909909904,0.37744174568140487,0.3973883600723425,0.49001151486914507,1.5377438320754735,1.6614880064310429,0.7474705967564456,0.3893060730110465,0.3893060730110465,1.3461239065905815,1.3461239065905815,0.15231777749264486,0.8029706162707516,0.8029706162707516
auth_asian_f_0022_frame_0004_subdiv_head.glb,asian_female_loPoly_0022_grp.fbx,good,variation_narrower_jaw_001,asian,female,0022,0004,0.05027191220910468,0.1575095246423394,0.059994837143211965,0.060004340811031585,0.08327761633507283,0.08288118730050056,0.08775639164088447,0.08749261985578784,0.03683698692701502,0.03072547142392585,0.04771267518905869,0.021305633538385202,0.04506543169038554,0.17799512400103365,0.16075160154017903,0.049752389371059254,0.08010585602246219,0.08026358026840433,0.1681524558654368,3.1331516491193474,1.1934067057896074,1.1935957510715949,1.6565436379002614,1.6486579415511085,1.7456346453634806,1.7403877435945665,0.7327548388012884,0.6111856516641753,0.9490921091403702,0.4238078999216299,0.8964336089492096,3.540647573950791,3.1976424702433643,0.9896657434496526,1.593451541872209,1.596588964719506,3.3448589575429546,0.0011065727503940734,0.003213109502278072,0.0007493117936952162,0.0007046786840833527,-0.0007771427037849693,-0.0007167913912043133,-0.00039372035173643183,-0.0004257164127957902,0.0015222502292030274,-0.0003549807486964429,0.00030174250025143817,-0.0003391822467777375,-0.003364623443877862,-0.0008306848683598544,0.0010232646293394099,0.0013894295765663756,-0.001672867414727608,-0.001670337141575301,-0.004809544264498339,2.2507171974748204,2.0824265420304147,1.2647567715446517,1.1883350744474435,-0.9245671662989394,-0.8574267014848745,-0.44664759106533003,-0.4842180037338968,4.310524080156434,-1.1421350845375837,0.6364407598390769,-1.5670368837707536,-6.947387184569713,-0.4645218011940044,0.6406281121618366,2.8729208933250416,-2.0456022598744217,-2.0386394235458005,-2.7806941761110764,1.5231622426871834,0.7975713912088486,0.20351290574295175,,,0.7002369551970427,0.7705761885073614,0.7705761885073614,1.370592151460786,1.370592151460786,0.10614192547846228,,
auth_middleeast_f_0009_frame_0002_subdiv_head.glb,middleEast_female_loPoly_0009_grp.fbx,good,variation_narrower_jaw_001,middleeast,female,0009,0002,0.046735332461856675,0.14393093211250138,0.05235345896406728,0.05240667951234703,0.08668479628897492,0.08686736896890912,0.08153947671241689,0.0815190005997417,0.03549418952642934,0.036972833556952356,0.06742867165007672,0.022593821171186912,0.057964511772533624,0.17321764601034825,0.16011204375078752,0.05683255941833244,0.08607703355795351,0.08613511978848028,0.17434950900196042,3.0797027544411177,1.120211544590934,1.1213503093215194,1.854802174772657,1.8587086983880226,1.744707321360468,1.744269192185033,0.7594722805363188,0.7911109563011659,1.4427771901507076,0.48344196951261653,1.2402717327375752,3.706353135536607,3.425931416695579,1.2160512491211373,1.8417978224121077,1.8430406985716852,3.7305717070539046,0.0007724776391737909,-0.00013949468532553633,-0.0005527145625671206,-0.0005625011601395266,-0.00032432582836802726,-0.00036293896544573045,-0.0009651466681291215,-0.0009506146381194625,-0.006696040984841431,-0.00014535097161334776,-0.0014777096364050057,-0.00035660034365914486,0.0007651123112278266,-0.003251903758596769,0.002840070264729294,0.003679970377503547,-0.00017858107712404037,-0.00018097490403874705,0.0007629987898040702,1.68065635207796,-0.09682395507947533,-1.0447071215401151,-1.0619404585801022,-0.37274922499577956,-0.4160697973448175,-1.1698091919981979,-1.1526847013626451,-15.871069922342896,-0.3915896573591508,-2.1445178353821164,-1.5537855957393591,1.3376229793206291,-1.842756307167185,1.8058336789301237,6.923407577901419,-0.2070370466659649,-0.2096653059703732,0.4395495876214908,0.7269701402883348,1.043760043818895,0.39716396580238045,,,1.2221314914047243,0.9986342442789446,0.9986342442789446,1.1050765834283587,1.1050765834283587,0.11512115761085047,,
caucasian_male_auth_caucasian_m_0025_frame_0001_subdiv_head_var_0.glb,caucasian_male_loPoly_0025_grp.fbx,good,variation_long_faces_002,caucasian,male,0025,0001,0.0438220345803619,0.13629983488685135,0.0483705657380583,0.04835189240304017,0.08547215758775044,0.08543939397773964,0.08850453298284769,0.08855513079116621,0.03998947932296009,0.03965495648609009,0.056881909668815914,0.021549596083733843,0.057323769101002106,0.16557742429767186,0.15507268367126928,0.053756675536805,0.07734210021643889,0.07720924407827741,0.16634320278882292,3.1103036678249487,1.1037955266398047,1.1033694091581099,1.9504379111154582,1.9496902596126346,2.019635414703212,2.020790034948553,0.9125427357697512,0.9049090683676468,1.2980207380491315,0.49175252336163616,1.3081037804367663,3.7784056784043654,3.538692010908194,1.2267042379838553,1.7649134951643355,1.7618817751761215,3.7958804145384613,-0.0027378285690656534,-0.0027298962649751346,0.0001249134204211952,9.350642247680369e-05,0.00032739285197212753,0.0003313622511696285,0.0007044102490400272,0.0007724184629301356,-0.004138713839805977,0.00020266521636423673,-0.0005055138534616893,1.7303032456592732e-05,0.0053440913053133185,-0.0026482460099966076,0.004937284668382502,0.003094880180906888,-0.0021323845845606926,-0.0021486804392533976,-0.006225244209557557,-5.880233282213405,-1.9635341609011454,0.25891124779243735,0.19376201788941821,0.3845131911375817,0.38934310246324255,0.8022884559918642,0.8799209348213322,-9.37884273788506,0.5136969484957497,-0.8808791585937824,0.0803585220365852,10.281116643929176,-1.57422229624838,3.288554665437409,6.108903482723847,-2.6831058922874234,-2.707581444848317,-3.6074058252468246,0.6607680161928371,0.742368397480255,0.1374346163241138,1.982097578458844,1.982097578458844,1.447653554287901,0.5361261431779261,0.5361261431779261,1.7317078333711793,1.7317078333711793,0.08917699485714893,0.631954423976212,0.631954423976212
caucasian_male_auth_caucasian_m_0025_frame_0003_subdiv_head_var_0.glb,caucasian_male_loPoly_0025_grp.fbx,good,variation_long_faces_001,caucasian,male,0025,0003,0.04700335108781206,0.13795654645637162,0.047867558169110445,0.04785902029904603,0.0857908288120477,0.08570261450348558,0.08904247060500184,0.08892760607394205,0.040976913914749793,0.039906645176706196,0.05767864074375973,0.02138440700830183,0.05816022616886602,0.16837675213128442,0.15548804589930346,0.05341883347611214,0.07794160550689518,0.07782051217779914,0.17010560981019118,2.9350364019501507,1.0183860737861832,1.018204429927462,1.8252066464744725,1.823329880105255,1.8943855819695055,1.8919418300156245,0.8717870740364101,0.849017022257674,1.2271176290389167,0.4549549449857585,1.2373633969248403,3.5822286759240107,3.308020434730693,1.1364898935889618,1.658213801847532,1.6556375317243701,3.619010259340838,0.00044348793838450834,-0.0010731846954548652,-0.0003780941485266587,-0.00039936568151733437,0.0006460640762693953,0.0005945827769155698,0.0012423478711941771,0.0011448937457059771,-0.003151279248016274,0.0004543539069803426,0.00029121722148212764,-0.00014788604297542168,0.006180548373177233,0.00015108182361595057,0.00535264689641668,0.0027570381202140296,-0.0015328792941044084,-0.0015374123397316614,-0.002462837188189293,0.9525112583797639,-0.7719102141418234,-0.7836854314610215,-0.8275570626796005,0.7587830893352807,0.6986212286354004,1.4149728183874257,1.3042360111009148,-7.1411925622987455,1.151654041774238,0.5074582610754047,-0.6868104693877431,11.89031682241372,0.08980901864717586,3.565213088962291,5.442045827325879,-1.9287690860062408,-1.9373141990275142,-1.4271654123493425,0.8421703732755577,0.7591888947356307,0.3348130089285663,1.2209177042996686,1.3278114532290848,0.931360714316475,0.6187185486758451,0.6187185486758451,1.0969734936628162,1.0969734936628162,0.1384813904392604,0.9284397126648917,0.9284397126648917
caucasian_male_auth_caucasian_m_0025_frame_0003_subdiv_head_var_0.glb,caucasian_male_loPoly_0025_grp.fbx,good,variation_long_faces_002,caucasian,male,0025,0003,0.04459820483235703,0.13838365761674626,0.04880474282488588,0.0486842068300983,0.08449288539933462,0.08451895585233732,0.08876530353188256,0.08884561125264806,0.04182750562324757,0.038928004863871525,0.05784693873512501,0.022018714061431258,0.054054417679314966,0.16769693598344598,0.15317541689869082,0.05152294186946126,0.07950894696169979,0.07938500679284909,0.174926180393874,3.1028974851549562,1.0943207917973619,1.0916180822322423,1.8945355696925512,1.8951201325264297,1.9903335541317857,1.99213424815226,0.9378741987592457,0.8728603541375808,1.2970687710989595,0.49371301253489397,1.2120312439144911,3.7601723345998437,3.434564630448051,1.1552694119221627,1.7827835730288004,1.7800045336186585,3.9222695409246833,-0.0019616583170705207,-0.0006460735350802271,0.0005590905072487759,0.0004258208495349358,-0.0006518793364436865,-0.0005890758742326946,0.0009651807980748939,0.001062898924411984,-0.002300687539518495,-0.0005242864058543281,0.000459515212847407,0.0004864210101540069,0.0020747398836261782,-0.0005287343242224851,0.003040017895804048,0.0008611465135631505,3.446216070020214e-05,2.708227531827978e-05,0.0023577333954935276,-4.2131960542384865,-0.4647017078488679,1.1588412227652478,0.8823768986108241,-0.7656129398755189,-0.6921507433343568,1.0992932219481382,1.210829440354503,-5.213645460244541,-1.3289124382406785,0.8007245919814203,2.2590302342422994,3.991444294405107,-0.31430061967087497,2.024850845299712,1.6997947023267006,0.04336254684317085,0.03412674346378236,1.3662598444289498,0.6584035514015721,0.7534501683981757,0.49567471790585343,1.7293801698376623,1.7293801698376623,1.2715533857610264,0.5895664653970603,0.5895664653970603,1.4432321731897448,1.4432321731897448,0.11472010543745088,0.9140384618772761,0.9140384618772761
caucasian_male_auth_caucasian_m_0025_frame_0005_subdiv_head_var_0.glb,caucasian_male_loPoly_0025_grp.fbx,good,variation_long_faces_002,caucasian,male,0025,0005,0.0494227265336767,0.13793935125606124,0.04653499417177268,0.046576276417472987,0.08576889815207804,0.08569561678187532,0.08859848183908975,0.0886549631642093,0.04392076673044274,0.03986716488064252,0.05735397305241015,0.022444398605336303,0.05381286758202684,0.16808713796972563,0.15137183198967052,0.05066802294502513,0.07871005527754468,0.07857880287488662,0.17238211274475013,2.7910105518373056,0.9415707597609713,0.9424060484752063,1.7354141336908036,1.7339313872835855,1.7926668165245527,1.793809637430661,0.8886755104560061,0.8066565257883332,1.1604777209798227,0.45413112912826986,1.0888283863772406,3.401009004535411,3.062798081091815,1.025196837541933,1.5925882847420723,1.5899325752767393,3.4879118339877255,0.0028628633842491466,-0.0010903798957652422,-0.0017106581458644216,-0.001682109563090381,0.0006241334162997297,0.0005875850553053036,0.0007983591052820871,0.0008722508359732262,-0.00020742643232332658,0.0004148736109166676,-3.345046986745481e-05,0.000912105554059052,0.0018331897863380492,-0.00013853233794283715,0.0012364329867837476,6.2275891270155426e-06,-0.0007644295234549014,-0.0007791216426441816,-0.00018633425363034917,6.148779636789686,-0.7842782164158112,-3.545724979738865,-3.485631624248416,0.7330261798673634,0.6903990650295635,0.9092915595375095,0.9936476247301589,-0.4700542158121857,1.0515830578261633,-0.05828885113559673,4.23598894872438,3.5267432659809494,-0.08234910741593415,0.8235452764607324,0.012292476181048959,-0.9618552738894722,-0.9817817784184456,-0.10797701252541138,0.6698629537015034,1.0190820626347878,0.19565248061213825,1.3656790892953947,1.3656790892953947,0.8964693889444999,0.7950862226052814,0.7950862226052814,1.553623584796804,1.553623584796804,0.10316117145327076,0.7563413234361401,0.7563413234361401
caucasian_male_auth_caucasian_m_0025_frame_0007_subdiv_head_var_0.glb,caucasian_male_loPoly_0025_grp.fbx,good,variation_long_faces_002,caucasian,male,0025,0007,0.046231064974341075,0.13821389572945955,0.04814319535514711,0.04811774794544645,0.08530574950314529,0.0852685918428816,0.09018165889559485,0.0902047388012764,0.042764019372638684,0.03947638041495929,0.0574953510276263,0.021814833220214776,0.060163689176091904,0.167105573888703,0.15628892020028481,0.05418449354336973,0.07754601819862211,0.07742348614435467,0.1663803880395997,2.9896325296890804,1.0413602927353567,1.0408098531182985,1.8452040754521066,1.844400337526443,1.9506723227260068,1.9511715521011979,0.9250061489254757,0.8538929491862076,1.2436518834151251,0.4718652540736912,1.3013693110786793,3.614573317345146,3.3806039356226703,1.1720364558645344,1.6773573838643194,1.6747069570498938,3.5988872013210873,-0.00032879817508647824,-0.000815835422366934,-0.00010245696248999125,-0.0001406380351169148,0.00016098476736697842,0.0001605601163115894,0.0023815361617871844,0.002422026473040323,-0.0013641737901273834,2.408914523343436e-05,0.00010792750534869416,0.00028254016893752495,0.008184011380403117,-0.0011200964189654605,0.0061535211973980375,0.0035226981874716193,-0.001928466602377471,-0.0019344383731761394,-0.006188058958780773,-0.706183723159248,-0.5868064446416906,-0.21236517192355628,-0.2914271421625216,0.18907183297358002,0.18865448190298575,2.7124519734528434,2.7591155579516733,-3.0913882766413123,0.06105892575095995,0.18806821900062665,1.312169439012745,15.744636610813892,-0.6658296661365133,4.098647779448548,6.953362317155825,-2.4265229365201444,-2.437612103563528,-3.585857708297535,0.7699426795026372,1.255478999411633,0.5924797126638275,1.2202754685122126,1.2202754685122126,0.747591219080285,0.4554733865270373,0.4554733865270373,1.2382765199880088,1.2382765199880088,0.0969606271287126,0.7984345082607887,0.7984345082607887
caucasian_male_auth_caucasian_m_0025_frame_0009_subdiv_head_var_0.glb,caucasian_male_loPoly_0025_grp.fbx,good,variation_long_faces_001,caucasian,male,0025,0009,0.04747637255720271,0.13845703144806687,0.04789470138310427,0.04788567612273276,0.0857352930808563,0.0856382584980279,0.0886184960091175,0.08917283396078825,0.042129038006794094,0.03988529253018955,0.06005886014123046,0.02102498728394614,0.061619946005498784,0.1678665097394086,0.15704732781624975,0.05578395507555385,0.07840794330829937,0.0782856220554514,0.17050879785410045,2.9163355157609097,1.008811305568839,1.0086212055277999,1.8058518050753916,1.8038079551011443,1.8665810220092955,1.8782571025902801,0.887368510642514,0.8401082555777208,1.2650263047975607,0.4428515944139125,1.2979076261830018,3.5357905563899554,3.3079049505525853,1.1749835143437213,1.6515150396932332,1.6489385738374946,3.59144535839717,0.0009165094077751568,-0.000572699703759616,-0.0003509509345328357,-0.00037270985783061095,0.0005905283450779869,0.0005302267714578923,0.0008183732753098416,0.0013901216325521715,-0.001999155155971974,0.0004330012604636946,0.0026714366189528604,-0.0005073057673311114,0.009640268209809996,-0.00035916056825988085,0.006911928813362972,0.005122159719655739,-0.0010665414927002181,-0.0010723024620793997,-0.002059649144280029,1.9684538264937428,-0.4119260671907673,-0.7274249961888047,-0.7723214323428145,0.6935580207550254,0.6230043871316083,0.9320867099365965,1.5835938485863197,-4.530335399408095,1.0975313385561534,4.655090706269149,-2.356022956417171,18.546225406979268,-0.21349926417473086,4.603796878862706,10.11049782912877,-1.341992332974273,-1.3512229164240799,-1.193525919775681,1.552240190157646,1.7203128072216798,0.30270444543454056,1.6257316412488299,1.609665969304622,1.6585865450885662,0.235099656689609,0.235099656689609,1.0721568502610104,1.0721568502610104,0.10345952358249087,0.885443630136768,0.885443630136768
caucasian_male_auth_caucasian_m_0025_frame_0009_subdiv_head_var_0.glb,caucasian_male_loPoly_0025_grp.fbx,good,variation_long_faces_002,caucasian,male,0025,0009,0.046641447028384526,0.1386874845498983,0.048121396706792836,0.04810439173920882,0.08465799445125682,0.08462914228421052,0.08882071076903805,0.0889676286658463,0.043311201582267096,0.039172336455017845,0.05976805120677055,0.021120087589381144,0.0576364171750205,0.16760414364558807,0.16356097633394764,0.061320738178001766,0.07844795952329531,0.07832570683067769,0.17151660791313647,2.9734816002920628,1.0317303551390173,1.0313657659449116,1.8150807885470752,1.814462193523024,1.9043300846773588,1.907480027617998,0.9285990110021513,0.839861088168615,1.2814364693787819,0.4528180177713637,1.2357338986490873,3.593459344080586,3.5067731975470133,1.3147263235783375,1.6819366576588914,1.6793155405965667,3.677343196679915,8.158387895697283e-05,-0.00034224660192819223,-0.00012425561084426773,-0.00015399424135454504,-0.0004867702845214872,-0.0004788894423594925,0.0010205880352303909,0.0011849163376102256,-0.0008169915804989714,-0.0002799548147080083,0.0023806276844929447,-0.000412205461896107,0.005656739379331713,-0.0006215266620804016,0.013425577331060867,0.010658942822103654,-0.0010265252777042766,-0.001032217686853118,-0.0010518390852440052,0.1752236227480748,-0.24616792328717385,-0.25754778902397335,-0.31910358837232566,-0.5716972570563033,-0.5626841940112536,1.1623993263934367,1.3498288059038326,-1.851405013310906,-0.7096034367028886,4.1483439025081745,-1.9143593342078158,10.882598006024741,-0.3694600597778505,8.942313018932147,21.039409968053423,-1.291641311390251,-1.3007115459844125,-0.6095199345763809,1.0173955605655411,2.5090296488655355,0.5821441014885749,1.5700257566235767,1.5700257566235767,1.5865670955138707,0.7662027473086186,0.7662027473086186,1.1404652497992882,1.1404652497992882,0.09909938415615616,0.6563079425669577,0.6563079425669577
latino_female_auth_latino_f_0014_frame_0006_subdiv_head_var_0.glb,latino_female_loPoly_0014_grp.fbx,good,variation_long_faces_003,latino,female,0014,0006,0.046492039555842295,0.14448348572208838,0.05169251402894641,0.051703169834679104,0.08012062178255522,0.08036802449752434,0.08729159282327204,0.08801388202140391,0.05082907520065608,0.036724975028963026,0.0740929539586371,0.028952148232759694,0.05604827240414536,0.1822301973800516,0.16567954552909647,0.058471075474628736,0.08683350079022922,0.08683397671602319,0.17389028534086637,3.1077037510592986,1.1118573098273683,1.1120865061765604,1.7233191434056387,1.7286405428824667,1.8775599792395594,1.893095739877987,1.0932855535323314,0.7899196374220602,1.5936696833797306,0.6227334509165774,1.2055455716634011,3.9195999814370834,3.5636110420601415,1.2576577847138377,1.867706850888574,1.8677170876043325,3.740216325248629,0.0013489257449308331,-0.0006425058570999342,-0.0008650222789644835,-0.0008301040976212981,4.7335511553101006e-05,7.521025082647681e-05,0.0006523329121976423,0.0013444993095266117,-0.0052388619500636155,0.00019596858791117583,0.000673888819225088,0.0006322605936757604,0.0013949336526143802,-0.00023251766152093678,0.004463230445244382,0.00315816318909129,-0.000542668091665241,-0.0005423797223690074,-0.0004611089797089407,2.988109660713716,-0.4427228025169767,-1.6458577394052647,-1.5801491806717638,0.05911523525198837,0.09366996478090182,0.7529299221475227,1.551296741083584,-9.343775099092207,0.5364739066402402,0.9178662489715338,2.232567451302968,2.5523301677069172,-0.1274329725215147,2.7684731802255618,5.709631004037819,-0.6210710524499652,-0.6207396880315461,-0.264471059440518,0.40743815610459494,0.8445999650184822,0.2430559773749613,1.1240921096063685,1.1240921096063685,0.8584920712561422,1.0342296072375459,1.0342296072375459,1.4130466315601062,1.4130466315601062,0.12211793509794001,0.8045331569067683,0.8045331569067683
latino_female_auth_latino_f_0014_frame_0007_subdiv_head_var_0.glb,latino_female_loPoly_0014_grp.fbx,good,variation_long_faces_003,latino,female,0014,0007,0.04630041196930267,0.14820274141635306,0.05296215603521593,0.052962994565776744,0.0799498354727244,0.08016461058862209,0.08850620506680879,0.08901311876122613,0.0498829033466302,0.036602151274291714,0.07500272857373357,0.02856992678096023,0.05769252251987563,0.1812650713516785,0.16653661412204904,0.05891456083337226,0.08538720780227561,0.08538842955313437,0.1679420696672655,3.2008946597410834,1.14388088102391,1.1438989916740132,1.7267629395118862,1.7314016696389547,1.9115640941918335,1.9225124566978393,1.077374935231737,0.7905361900140124,1.6199149291254822,0.6170555631319692,1.2460477146105302,3.914977505423879,3.596871108457164,1.2724413958224132,1.84419974187028,1.8442261293430215,3.627226249706194,0.001157298158391211,0.003076749837164744,0.00040461972730503754,0.0004297206334763423,-0.00012345079827771888,-0.00012820365807576783,0.0018669451557343925,0.0023437360493488296,-0.006185033804089496,7.31448332398632e-05,0.00158366343432155,0.00025003914187629595,0.0030391837683446526,-0.0011976436898940568,0.005320299038196946,0.003601648547834811,-0.0019889610796188506,-0.0019879268852578263,-0.006409324653309817,2.56362058505473,2.120054308456462,0.7698605294863007,0.8179970546479228,-0.15417226396817132,-0.15967015140590912,2.1548489191281237,2.7042260784760854,-11.031320427329302,0.20023767511415788,2.1570193400234747,0.882910077408711,5.560838253929212,-0.656377216365099,3.3000996427872353,6.5114064673404055,-2.2763198536517555,-2.2751313585151434,-3.6760960118994865,0.5324140662986879,1.2433584854432318,0.47901247697451993,2.068864807967158,2.068864807967158,1.6547635324897279,1.2014332367615368,1.2014332367615368,0.9020593370801284,0.9020593370801284,0.07091609058295842,0.8688718901115541,0.8688718901115541
latino_female_auth_latino_f_0014_frame_0008_subdiv_head_var_0.glb,latino_female_loPoly_0014_grp.fbx,good,variation_long_faces_003,latino,female,0014,0008,0.047133111327692996,0.1471020440580184,0.05198466520802833,0.051986619027569674,0.07973424691194012,0.07993492086551694,0.08923129927131769,0.08886956848943797,0.05708342509089362,0.03616005320811508,0.07174437934800668,0.028931840720859834,0.056773875737748836,0.18371225944759403,0.163489009678317,0.05610425286443194,0.08567663051135,0.08567693064667048,0.16976925003175497,3.1209915898674994,1.1029330282612768,1.1029744814878157,1.6916822307270933,1.69593983112571,1.8931765113263372,1.8855018475562164,1.2111109044769197,0.7671900324320259,1.5221651473250688,0.6138326095154463,1.2045433483698629,3.8977324915033593,3.468665765382207,1.1903362897977832,1.817758855673311,1.8177652234965256,3.6019105306126327,0.0019899975167815345,0.0019760524788300926,-0.0005728710998825631,-0.0005466549047307284,-0.00033903935906200167,-0.0003578933811809182,0.002592039360243298,0.002200185777560676,0.0010154879401739203,-0.0003689532329367723,-0.0016746857914053392,0.0006119530817759004,0.0021205369862178566,0.0012495444060214855,0.0022726945944649135,0.0007913405788944963,-0.0016995383705444705,-0.0016994257917217204,-0.004582144288820339,4.408197283680808,1.3616116984474522,-1.0899884966570157,-1.0405879242081928,-0.42341132086742145,-0.44573525606077136,2.99176073630331,2.5385963401573406,1.8111740716340683,-1.0100281088459526,-2.2809957988777945,2.1608598507691514,3.8799770236515605,0.6848217761841304,1.409717492477629,1.4306615692361702,-1.9450822716222775,-1.944949252856476,-2.628108772330935,0.5075348382729125,0.6733076808486894,0.2062825459175009,1.5269402692152592,1.5269402692152592,0.5229196939716958,0.5934482207534904,0.5934482207534904,1.155257150686294,1.155257150686294,0.09980231819946117,0.9194453247600247,0.9194453247600247
latino_female_auth_latino_f_0031_frame_0010_subdiv_head_var_0.glb,latino_female_loPoly_0031_grp.fbx,good,variation_long_faces_003,latino,female,0031,0010,0.04305102054646544,0.14353727448594117,0.05293201207367431,0.0529003541063613,0.07819240842761613,0.0783313365763211,0.0850456767742073,0.08555977665751303,0.04254216816653035,0.033220629914944524,0.06002830053810861,0.028854978381743248,0.05204512716867889,0.17909364446666967,0.15649057325231627,0.05320411344035763,0.08405282334231405,0.0841499177262215,0.1714757211963277,3.334120136153795,1.229518171736352,1.2287828124600524,1.8162730507914953,1.8195001089875962,1.9754625022748664,1.9874041444654589,0.9881802481456653,0.7716571986740508,1.3943525560170964,0.6702507400631712,1.208917384722762,4.160032496172116,3.6350026379377995,1.2358386111412585,1.9524002515014696,1.9546555844221527,3.9830814466117492,-0.0001480028571169134,-0.00014968103920481868,-4.602279791509484e-05,-2.791096914397939e-05,-0.000343761528368583,-0.00036205324809311656,1.8511093000897483e-05,0.0004935697084338109,0.0005229003661605947,-0.00022809630787554158,0.0002516903779965912,0.00010560797874298658,0.0006302378954663457,0.000709175859132577,0.003518903633634246,0.003171397911913322,-0.0008198783926956221,-0.0007936705889093204,-0.0020034795719716947,-0.342606951398443,-0.10417162689387185,-0.08687147046251717,-0.05273358026030658,-0.43771109357795623,-0.46008088976844586,0.02177079860606126,0.5802183101090455,1.2444299806575718,-0.6819282335478746,0.42105160751410453,0.36734014436700646,1.2257886856807902,0.39755471127524655,2.3003629642050343,6.338648379199681,-0.9660095365591801,-0.9343502018832722,-1.1548817167122891,0.42003707546873487,0.6277636075157959,0.37108959404039293,2.08482303530787,2.08482303530787,1.3238566179019324,0.2521486239847622,0.2521486239847622,1.3983304934521534,1.3983304934521534,0.11352558261778141,0.8605033984375805,0.8605033984375805
latino_male_auth_latino_m_0002_frame_0003_subdiv_head_var_0.glb,latino_male_loPoly_0002_grp.fbx,good,variation_long_faces_003,latino,male,0002,0003,0.0398058316729559,0.1458357594125192,0.056270464473587564,0.05622931181290896,0.08331693375184254,0.08330622374117957,0.08718137132926058,0.0871437883878986,0.054646306059442575,0.03579311078903567,0.06844351059666395,0.023550976298733237,0.05296287220325949,0.18052037830040651,0.15714944909831696,0.051780046167480165,0.08636654462208528,0.08638678035167391,0.17521805320488912,3.6636782421908314,1.4136236352478408,1.4125898002807258,2.093083607356158,2.092814551034186,2.190165803984235,2.1892216473171726,1.3728216133860933,0.8991926379810707,1.719434256743956,0.5916463821740416,1.3305304770015014,4.535023405202513,3.9479001566769014,1.3008155838296316,2.1696957705009527,2.1702041314304488,4.401818674320837,-0.000745743780827042,-0.00026238969644087895,-0.00022246301173727695,-0.00022879712184080414,-0.0002684374375160753,-0.000273498714714035,0.0006584640163807415,0.0006528387836107902,0.0012636576756360762,-0.0004787030939019665,0.000862060805845194,0.0008363859949400629,-0.0001061576024503838,-1.8269252584718343e-05,0.0019837572746864984,5.484253963751462e-05,6.636317350419696e-05,6.851825419504354e-05,0.0011393055223938298,-1.8390007600986407,-0.17959823450274418,-0.39378913722441833,-0.4052511254056197,-0.32115361060961645,-0.3272309439150922,0.7610285377947791,0.7548058919432022,2.367169321669331,-1.3197660735879266,1.2755879143070836,3.6821531172428514,-0.2000368253179597,-0.010119302892947617,1.278476737590512,0.1060267254472324,0.0768980694944855,0.07937863035016408,0.6544770901453321,0.26052231810819937,0.39459596628946,0.4575518875560188,1.374380923091467,1.374380923091467,0.5874026904919064,1.0550699068881078,1.0550699068881078,1.2224009434617524,1.2224009434617524,0.09756270187418327,0.7372748987128845,0.7372748987128845
latino_male_auth_latino_m_0002_frame_0010_subdiv_head_var_0.glb,latino_male_loPoly_0002_grp.fbx,good,variation_long_faces_003,latino,male,0002,0010,0.03961582428010187,0.14578954159540378,0.056649658770348305,0.056621881310189984,0.08365165759385146,0.0836586907052112,0.08768599951532585,0.08690915152309825,0.05582029228670183,0.036679176877471256,0.06597357457189364,0.022437068119521408,0.05306912693963214,0.17690379228043704,0.1560707742652423,0.051916765779606244,0.0863341982227122,0.08635460916799886,0.1751984656249013,3.680083508160918,1.429975516091991,1.4292743452678798,2.1115718053067947,2.1117493381863333,2.213408432331131,2.193798894820693,1.4090402838024272,0.9258718591372178,1.6653338854047437,0.5663663075866134,1.3395941622824583,4.4654830612546865,3.9396068894528367,1.3105057568039258,2.1792856716116824,2.179800893638677,4.4224364583750315,-0.0009357511736810681,-0.0003086075135562971,0.0001567312850234634,0.0001637723754402201,6.628640449284073e-05,7.896824931759305e-05,0.0011630922024460089,0.00041820191881043745,0.002437643902895331,0.0004073629945336166,-0.0016078752189251228,-0.0002775221842717668,9.713392226662343e-08,-0.003634855272554194,0.0009050824416118319,0.00019156215176359404,3.4016774131118144e-05,3.6347070519998637e-05,0.0011197179424060066,-2.3075581237221066,-0.2112330070151248,0.27743523304607903,0.2900776850841683,0.0793038345701332,0.09448254552324685,1.3442592702532434,0.48352101661941393,4.56636000029325,1.1230841552295272,-2.3791665078241038,-1.2217793962386483,0.00018303316006009304,-2.0133391502710247,0.5833006194697965,0.3703458629991356,0.03941680487819813,0.04210820472607759,0.6432249526796207,0.36623966893414905,0.5198726581374982,0.5770382279427905,1.5088416657390957,1.5088416657390957,0.5105053980750079,0.5928211133860296,0.5928211133860296,0.989865686408983,0.989865686408983,0.049920237738914144,1.0436823105313289,1.0436823105313289
middleeast_female_auth_middleeast_f_0009_frame_0002_subdiv_head_var_0.glb,middleEast_female_loPoly_0009_grp.fbx,good,variation_long_faces_001,middleeast,female,0009,0002,0.05068564558983961,0.1427507773828093,0.04846234676031464,0.04844877072692262,0.08758797302029041,0.08781628381714401,0.08532054156750424,0.08564476896812066,0.040735663155083965,0.03731049673142128,0.06957074231962922,0.02254417475133208,0.06087162859816104,0.17716600987575168,0.15778172707417804,0.05245688914006523,0.08701976549390363,0.08707855799315717,0.17717418802358945,2.8163945772336176,0.956135532976803,0.955867685280793,1.7280626891698938,1.7325671360245547,1.6833275096846652,1.6897243385470249,0.8036923014599975,0.7361156457066121,1.37259260506638,0.4447842084081348,1.2009638604734139,3.4953882467912414,3.1129469741982883,1.0349456641937433,1.7168522661837717,1.718012209962121,3.4955495971645587,0.004722790767156725,-0.0013196494150176097,-0.0044438267663197625,-0.004520409945563936,0.0005788509029474587,0.0005859758827891637,0.0028159181869582273,0.0031751537302595056,-0.001454567356186806,0.0001923122028555796,0.000664361033147487,-0.00040624676351397673,0.0036722291368552415,0.0006964601068066567,0.0005097535881198045,-0.0006956999007636661,0.0007641508588260709,0.0007624633006381443,0.0035876778114330987,10.275233741194869,-0.9159752243043363,-8.399448438815217,-8.534037884244533,0.6652761099770712,0.6717572099254077,3.4130428957538888,3.850089176603576,-3.447640220401807,0.5181077827434649,0.9641502292586991,-1.7701058921779966,6.420048412115634,0.39466304964145105,0.3241223320472881,-1.3088730263529922,0.8859143396739693,0.8833385052396567,2.0667952867122343,1.322553553043177,0.653639181063786,0.1435909090557181,1.6758182658967646,1.7431256169702545,0.4790596334450073,1.2639886823822455,1.2639886823822455,1.4561308213742907,1.4561308213742907,0.0894314935656039,1.11705123775394,1.11705123775394
middleeast_female_auth_middleeast_f_0009_frame_0002_subdiv_head_var_0.glb,middleEast_female_loPoly_0009_grp.fbx,good,variation_long_faces_002,middleeast,female,0009,0002,0.044676207790386814,0.1445061965285036,0.055012274877273754,0.05502610038298946,0.08746674945507665,0.08764637756303174,0.08493920861272629,0.08492353589364884,0.04206263890801105,0.036583550095995315,0.06896263547129607,0.024229267751904773,0.06003035498780464,0.17415006940367558,0.15765353025562337,0.051836717420532405,0.08485024064608987,0.0849082045786333,0.17049663508356303,3.2345224376809725,1.2313550679006153,1.2316645280450522,1.9577926100052134,1.9618132759667892,1.901217959484087,1.900867152648579,0.9414997599026715,0.8188597892560426,1.5436098738473294,0.5423304472390402,1.3436761524043597,3.8980494992045465,3.5288028696461207,1.1602756810457477,1.8992265647118662,1.9005239875552595,3.8162736614419983,-0.0012866470322960705,0.00043576973067668834,0.00210610135063935,0.002056919710502904,0.00045762733773370423,0.00041606962867689334,0.002434585232180278,0.0024539206557876864,-0.00012759160325972324,-0.0005346344325703883,5.6254184814336083e-05,0.0012788462370587166,0.0028309555264988406,-0.0023194803652694385,0.00038155676956513895,-0.001315871620296491,-0.0014053739889876848,-0.0014078901138857292,-0.0030898751285933224,-2.7993192269273584,0.30246993804509315,3.9808234280619095,3.8832386765070663,0.5259532869628717,0.4769782871682701,2.9508470342940023,2.9755451734678524,-0.302419782289737,-1.4403571709142728,0.08163857071590581,5.572212415495126,4.949274910506574,-1.3143799416422715,0.24260951338476275,-2.475649152829998,-1.6293130539193463,-1.631086437472652,-1.7800203050438057,0.67840591244235,0.8064890160331197,0.23116254456597307,1.6228045656433032,1.6228045656433032,0.1598269565937328,0.1931682102387499,0.1931682102387499,1.8358101525413553,1.8358101525413553,0.07430877697797703,1.060498693666914,1.060498693666914
middleeast_female_auth_middleeast_f_0009_frame_0004_subdiv_head_var_0.glb,middleEast_female_loPoly_0009_grp.fbx,good,variation_long_faces_001,middleeast,female,0009,0004,0.045995112212732094,0.1436603374833407,0.05318251969681666,0.05318945040154879,0.08793678719950515,0.08815350116964327,0.08641304579848712,0.08529278809743249,0.041170534240421136,0.037422429763301755,0.07352998130017945,0.022212938394037634,0.07044001584729265,0.1678248511189504,0.16965865565674543,0.06320245227031374,0.08667981955957806,0.08674275695164022,0.17638141632572746,3.1233826937718288,1.156264592873305,1.1564152763785454,1.9118724353315746,1.9165841092402236,1.8787441021736822,1.8543880859110558,0.8951067246015882,0.8136175337548737,1.598647720655529,0.4829412806147863,1.531467420309801,3.6487540315749927,3.688623584002944,1.3741123617221747,1.8845441480537113,1.8859124976246628,3.834786085746359,3.225739004920902e-05,-0.0004100893144862172,0.00027634617018225394,0.0002202697290622363,0.0009276650821622018,0.0009231932352884165,0.003908422417941107,0.0028231728595713296,-0.0010196962708496349,0.00030424523473605164,0.004623600013697715,-0.0007374831208084229,0.01324061638598685,-0.00864469864999462,0.012386682170687197,0.01004986322948484,0.0004242049245005014,0.00042666225912119105,0.0027949061135711106,0.07018143275401999,-0.2846450334055669,0.5223325592487497,0.4158450749393026,1.0661699136685077,1.0583399934609485,4.7372162404933595,3.4232885062318483,-2.4169013975338,0.8196662595443164,6.709973629981912,-3.213375058629592,23.148173775747157,-4.898691395378574,7.875962828040207,18.90757046992591,0.4917997817245744,0.4943020888990355,1.610094073643853,0.9943626561052696,2.511382176513307,0.44318336034687905,1.6065646812423093,1.5693966439485212,1.0335052168098584,0.5916749302512155,0.5916749302512155,0.9811584029086503,0.9811584029086503,0.04618702780159795,1.1691205770208106,1.1691205770208106
middleeast_female_auth_middleeast_f_0009_frame_0005_subdiv_head_var_0.glb,middleEast_female_loPoly_0009_grp.fbx,good,variation_long_faces_001,middleeast,female,0009,0005,0.04448792845822196,0.14669036585839326,0.055003212233549696,0.05500416305201333,0.08668189463236224,0.08685282886820833,0.08546921632325603,0.0855007543995274,0.041060308252095404,0.03676166952118353,0.07015404698104406,0.02310888748032517,0.06789519865060463,0.17562896439537834,0.16220278642721317,0.05502342854577955,0.0837959614408697,0.08385190491762004,0.1672297789843931,3.2973071784214065,1.2363626300380002,1.2363840025427804,1.9484362980345125,1.9522785591100449,1.921177705622303,1.921886618744679,0.9229539264938939,0.8263290918502968,1.5769232106845528,0.519441751531012,1.5261488004406438,3.947789220177092,3.645995487956597,1.2368170524606767,1.8835662694333228,1.8848237673364423,3.758992265540896,-0.0014749263644609212,0.0026199390605663453,0.0020970387069152926,0.0020349823795267757,-0.00032722748498070775,-0.0003774790661465188,0.002964592942710023,0.003031139161666238,-0.0011299222591753671,-0.00035651500738217295,0.0012476656945623332,0.00015846596547911332,0.010695799189298832,-0.0008405853735666824,0.004930812941154938,0.0018708395049506568,-0.0024596531942078503,-0.002464189774898984,-0.006356731227763257,-3.208952903710929,1.8185127363042304,3.9636937754713752,3.841823403139391,-0.37608411281221704,-0.4327384312693136,3.5932446222268952,3.6754617478494866,-2.678160904746699,-0.9604861118889134,1.8106678529164093,0.6904708280700014,18.699145952632453,-0.4763345147461854,3.1352140065769842,3.5197523558327157,-2.8515861890427985,-2.854843912571677,-3.6619960963522455,1.5335265424208304,1.4928244330987934,0.20230233445225324,1.468450202564828,1.7515819441876255,1.4381666221661153,0.7474526637827149,0.7474526637827149,1.1722615624603323,1.1722615624603323,0.1082726059748536,0.8999819654375572,0.8999819654375572
middleeast_female_auth_middleeast_f_0009_frame_0007_subdiv_head_var_0.glb,middleEast_female_loPoly_0009_grp.fbx,good,variation_long_faces_002,middleeast,female,0009,0007,0.04486179532425727,0.1448751882437381,0.05403990253202857,0.05405138457139834,0.0877328935806081,0.08801363359964073,0.08562130685981265,0.08476200515513097,0.03828969389758971,0.037380636920659564,0.06996417486494079,0.022487171679481437,0.06487163597362598,0.1770744673766775,0.16543760057454113,0.058748825223526695,0.08456618917645815,0.08462114229150303,0.16996245072643398,3.2293667071634666,1.2045862663639009,1.204842208848743,1.9556260053009948,1.9618838917053056,1.9085572978287888,1.8894028770466795,0.85350337900735,0.8332398792887239,1.5595491522183997,0.5012543862087119,1.4460329887544463,3.947110589239646,3.687716895384416,1.3095513632233204,1.8850380053945874,1.8862629477903983,3.788578889854045,-0.0011010594984256147,0.000804761445911184,0.0011337290053941643,0.0010822038989117821,0.0007237714632651465,0.0007833256652858833,0.0031166834792666354,0.0022923899172698076,-0.0039005366136810604,0.0002624523920938607,0.0010577935784590597,-0.00046324983536462014,0.007672236512320185,0.0006049176077324858,0.008165627088482896,0.005596236182697799,-0.0016894254586194007,-0.0016949524010159978,-0.003624059485722364,-2.3955420146840765,0.5585889233468437,2.14290493872783,2.043082194537142,0.8318340027486404,0.8979971340642003,3.7775864570536624,2.779678201065972,-9.245118043711717,0.7070722758325653,1.5351170076124445,-2.0184807284038566,13.41314171927678,0.342788661570518,5.192042108638485,10.528623880200977,-1.958626653774214,-1.9636574233969584,-2.0877541009915235,0.6819496246846471,1.7983233083430972,0.45564949391368326,2.181162327819447,2.181162327819447,1.289330640787289,0.9459911802967438,0.9459911802967438,1.2093284695601467,1.2093284695601467,0.11135866214781631,0.5365424577203779,0.5365424577203779
middleeast_female_auth_middleeast_f_0009_frame_0009_subdiv_head_var_0.glb,middleEast_female_loPoly_0009_grp.fbx,good,variation_long_faces_001,middleeast,female,0009,0009,0.049810356284048826,0.14392411337205324,0.05080825722399005,0.05084764415395907,0.08708488107826386,0.08728800539091291,0.08365257483055501,0.08364338961487458,0.0379216182055062,0.03696909936776207,0.06806167204078524,0.022797850854637085,0.061356558314461615,0.17553432199219854,0.15688749319672057,0.052355885819395556,0.08550412797068627,0.08556014644212537,0.17241411644883414,2.8894415561155746,1.0200340052628933,1.0208247430312485,1.7483288130213948,1.7524067664391685,1.6794213306469312,1.6792369269131364,0.7613199550160645,0.7421970474762691,1.3664160852947198,0.45769298907700895,1.2318032411687512,3.524052728938446,3.149696266014502,1.0511044233618925,1.7165933823699218,1.7177180173980202,3.4614110259646487,0.0038475014613659417,-0.00014631342577367534,-0.0020979163026443523,-0.002121536518527485,7.57589609209075e-05,5.7697456558064575e-05,0.0011479514500089966,0.001173774377013423,-0.004268612305764571,-0.0001490851608036345,-0.00084470924569649,-0.000152570660208972,0.004157158853155818,-0.0009352277767464834,-0.00038448028933765754,-0.0007967032214333397,-0.0007514866643912876,-0.0007559482503936565,-0.0011723937633222048,8.370893140143204,-0.10155687674820038,-3.9653525530214435,-4.005228118677436,0.08707013595509772,0.06614381850111636,1.3913783288412358,1.4232810152296578,-10.117537292488239,-0.40164992630202684,-1.2258795628587271,-0.6647836951939111,7.267836537284013,-0.5299655254807388,-0.2444684076986805,-1.4988982395972397,-0.871232171459921,-0.8757906078658286,-0.675394511871523,1.4708441777292474,0.3229156251984892,0.14801588634630924,1.8077235880612395,1.8077235880612395,0.9806545444431777,1.1139067819047832,1.1139067819047832,0.9173443625710086,0.9173443625710086,0.047378915689561825,0.9014163853024608,0.9014163853024608
middleeast_female_auth_middleeast_f_0009_frame_0009_subdiv_head_var_0.glb,middleEast_female_loPoly_0009_grp.fbx,good,variation_long_faces_002,middleeast,female,0009,0009,0.04798114165137326,0.14733367810519862,0.05320409554007611,0.053315827997929124,0.08645935878238688,0.08670810141597594,0.08292704714276185,0.08310576129681568,0.03750397101357381,0.03710948598474085,0.06965706217559059,0.02218318334914066,0.06415867250416223,0.17410934564262412,0.1693879496959222,0.06491945341097156,0.08498721596852973,0.08504474442536009,0.1708574145805794,3.0706580342692162,1.1088543062741685,1.1111829807076543,1.801944593369473,1.8071287683396398,1.7283258440431128,1.7320505189446056,0.7816398218715669,0.7734181536232526,1.4517591657512583,0.4623312948725087,1.3371643586626905,3.6287036875380596,3.530302611944503,1.353020190362926,1.771262897119859,1.7724618776953598,3.56092849607486,0.0020182868286903743,0.003263251307371706,0.00029792201344170516,0.00034664732544256727,-0.0005497633349560715,-0.0005222065183789065,0.0004224237622158372,0.0006361460589545259,-0.004686259497696958,-8.698543824854632e-06,0.0007506808891088596,-0.0007672381657053973,0.006959273042856429,-0.002360204126320903,0.01211597620986396,0.011766864370142668,-0.0012683986665478209,-0.0012713502671589383,-0.0027290956315769443,4.391125913472068,2.265038967331585,0.5631138931106463,0.6544321075795384,-0.6318456290303047,-0.598652613690064,0.5120001096998422,0.7713702278345009,-11.107451751051853,-0.02343472326390408,1.0894214368737,-3.3430242891577833,12.166689000929514,-1.3374568753709428,7.703836825661764,22.137895034810082,-1.470511423417533,-1.4729005890359468,-1.5721818638104197,1.0667129658528016,2.8681794140593047,0.1628238412670228,2.181230378117834,2.181230378117834,1.8963085787136758,0.24349670539094137,0.24349670539094137,1.4661429557089982,1.4661429557089982,0.09560394042099789,1.0471389576890457,1.0471389576890457
middleeast_female_auth_middleeast_f_0028_frame_0001_subdiv_head_var_0.glb,middleEast_female_loPoly_0028_grp.fbx,good,variation_long_faces_001,middleeast,female,0028,0001,0.04632684627184037,0.14967536396786668,0.055196029153155725,0.055233441256051674,0.08567919288587822,0.08573568823947071,0.08619251476686071,0.08651128855048719,0.03348293564867151,0.0423441041579903,0.05676221241022318,0.025281908788521983,0.060795688212986816,0.17735158067743212,0.16162906582711514,0.05462683156828867,0.08167714731424965,0.08171665183822982,0.17174064574921213,3.2308558862304078,1.191448017619677,1.192255586144338,1.8494501521455402,1.8506696470634758,1.8605305930192915,1.8674115661327202,0.7227544791673853,0.9140295005086292,1.2252552672622985,0.54572911439235,1.312320891783676,3.8282679472018093,3.488885577893544,1.1791614574353926,1.7630629729245535,1.7639157079401937,3.7071516748940487,-0.003937108543111641,-0.0008429723097064523,0.0023448589597619487,0.0023604759884101253,-0.0007286594713221128,-0.0008038865168722847,-0.0013323910200685185,-0.0010087151607088701,-0.012832188975985911,-0.00010093789849157514,-0.00027751680164042614,-0.004973570572123057,0.006205849259887625,-0.0013378932815917843,0.000496787306953933,0.0004034726492562618,-0.002423883484349451,-0.002415858499675766,-0.005520402824482823,-7.832866628991299,-0.56004625785387,4.43672098684212,4.464428988352475,-0.8432792291954169,-0.9289235810733669,-1.5222992908008302,-1.1525538367634112,-27.70626027670076,-0.2378084544179659,-0.4865324668874933,-16.438577993883822,11.36813989361532,-0.7487252897160482,0.30831023524052875,0.7440937951828781,-2.882109126764504,-2.87149223287506,-3.1142785563449698,0.9141766693496162,0.7704415748226779,0.4056025213037594,1.8145852657355765,1.8145852657355765,1.3367307146924492,0.3357062694445335,0.3357062694445335,1.1480839052581424,1.1480839052581424,0.07650381250659065,1.0671981579305045,1.0671981579305045
middleeast_female_auth_middleeast_f_0028_frame_0001_subdiv_head_var_0.glb,middleEast_female_loPoly_0028_grp.fbx,good,variation_long_faces_002,middleeast,female,0028,0001,0.053667909130846146,0.15022641480173612,0.051649524438477576,0.05172497457444005,0.0863981279664698,0.08646110890348997,0.09049557745119945,0.09070103067356229,0.04627962925928675,0.042137338850353326,0.06051508048479935,0.028961789054252663,0.06226002493025369,0.17776758373331533,0.17111729519073962,0.06204859150127373,0.08432796759689877,0.08435902980621021,0.17923736705969637,2.7991851598964574,0.9623912180471275,0.9637970886536853,1.6098657347694518,1.6110392654331231,1.6862139575917676,1.6900421898760167,0.8623333759184422,0.785149627268309,1.1275840900985972,0.5396481719390591,1.1600978301289764,3.3123627622590144,3.1884472110427033,1.1561581680030593,1.5712922109803316,1.5718709965118438,3.3397493951684054,0.003403954315894138,-0.0002919214758370092,-0.0012016457549162002,-0.0011479906932014977,-9.724390730533883e-06,-7.84658528530241e-05,0.0029706716642702163,0.003181026962366232,-3.549536537067466e-05,-0.0003077032061285512,0.003475351272935745,-0.0012936903063923769,0.007670185977154499,-0.0009218902257085715,0.009985016670578412,0.007825232582241326,0.0002269367982996734,0.00022651946830462566,0.0019763184860014105,6.772157758827135,-0.193944128706467,-2.2736407737409037,-2.1712243438407497,-0.011254059052798056,-0.09067048581409036,3.394087245865793,3.6346284591842366,-0.07663882081357393,-0.7249449905576454,6.09286074978931,-4.275887653180437,14.050574473656777,-0.5159174769969799,6.1967823966003595,14.431478864904232,0.2698383077409957,0.26924130445513184,1.1149197761739351,0.9778478794265592,2.4419506810439358,0.4627386837499949,1.5439837483684835,1.777567153114191,1.43586264382127,1.0466005985698792,1.0466005985698792,1.5819810469565556,1.5819810469565556,0.11362141795531175,0.5231881192078911,0.5231881192078911
middleeast_female_auth_middleeast_f_0028_frame_0003_subdiv_head_var_0.glb,middleEast_female_loPoly_0028_grp.fbx,good,variation_long_faces_001,middleeast,female,0028,0003,0.047517289149394036,0.14633745235060638,0.05261401936184423,0.05263331098270045,0.08387687568801562,0.08389174671887259,0.0876911309491367,0.08831854504739278,0.03346194190280727,0.04185637146644611,0.058364739580319173,0.02466767431795143,0.0674448384863303,0.17451345345754954,0.16757266138436291,0.06009277947804313,0.08318699623833387,0.08322343212132038,0.17601785876865406,3.0796675267084876,1.1072605425033004,1.1076665341160703,1.7651864655895517,1.7654994260113936,1.8454573591821786,1.8586612710527293,0.7042056165620717,0.8808661482108114,1.2282842861010195,0.5191305051177568,1.41937470957748,3.6726306694155135,3.526561897449907,1.2646508366483584,1.7506679721731286,1.7514347642952963,3.7042908364417655,-0.002746665665557972,-0.00418088392696675,-0.00023715083154954297,-0.00023965428494109736,-0.002530976669184712,-0.0026478280374704066,0.00016622516220747563,0.0007985413361967231,-0.012853182721850154,-0.0005886705900357697,0.0013250103684555661,-0.00558780504269361,0.012854999533231111,-0.0041760205014743645,0.006440382864201705,0.005869420559010727,-0.0009140345602652311,-0.0009090782165852018,-0.0012431898050409007,-5.464483794937922,-2.777657546823211,-0.4487144384537886,-0.4532643170814682,-2.929104936808219,-3.0596730396763725,0.1899175562806482,0.9124100803649406,-27.751588333214432,-1.3869007109297293,2.3229604816917315,-18.468737434588377,23.548337529032594,-2.3370265796585126,3.996953883697406,10.824524109203718,-1.086829200053582,-1.0805314294486468,-0.701332760380267,0.893009529809322,1.9119363774212768,0.401747372862145,1.7409156748157009,1.7409156748157009,1.7547244006323057,1.2035065433858507,1.2035065433858507,1.2004252828777615,1.2004252828777615,0.07131663941425573,0.9471936831619973,0.9471936831619973
middleeast_female_auth_middleeast_f_0028_frame_0003_subdiv_head_var_0.glb,middleEast_female_loPoly_0028_grp.fbx,good,variation_long_faces_002,middleeast,female,0028,0003,0.051051094964975945,0.15217027518064627,0.05378843955193051,0.05383898557325479,0.08519839353342153,0.08531385463758437,0.08811899860146033,0.08829749638400905,0.0455732995586632,0.04228238752682364,0.055728467749138075,0.03063657082479273,0.05583875768362671,0.18106265515381667,0.16312134000629624,0.05496313652743299,0.08455604091299361,0.08458552309237556,0.17946423732547873,2.9807445909836807,1.0536197037268749,1.0546098102340704,1.6688847436450216,1.6711464209751954,1.726094193707601,1.7295906472640072,0.8926997469873891,0.8282366432263959,1.0916213998420814,0.6001158417035172,1.093781783171064,3.5466948412768877,3.19525644098735,1.076629924688999,1.6563022001977437,1.6568797035676945,3.5153846836899727,0.0007871401500239364,0.0016519389030731357,0.0009372693585367325,0.000966020305613241,-0.0012094588237788056,-0.0012257201187586275,0.0005940928145310997,0.0007774926728129905,-0.0007418250659942255,-0.00016265452965823907,-0.0013112614627255326,0.0003810914641476891,0.0012489187305275151,0.0023731811947927672,0.0019890614861350353,0.0007397776084005839,0.00045501011439451344,0.00045301275446997524,0.002203188751783769,1.5660131657403646,1.0975001079116171,1.7734126890796607,1.827059066430778,-1.3997093907380536,-1.4163694728217824,0.6787700131632934,0.8883599632589244,-1.6016907479059008,-0.38321208267809864,-2.298856395084017,1.2595783382080392,2.287822705614725,1.3281035207126817,1.2344277039973464,1.364315348861433,0.541027987497738,0.5384514887889564,1.2429063065526265,0.4841172084827053,0.6747243005110635,0.3546823668713375,2.0630461954339747,2.0630461954339747,0.8521246793358155,0.4865200514601325,0.4865200514601325,1.7899952270545072,1.7899952270545072,0.11511086112018609,1.0265460663387844,1.0265460663387844
middleeast_female_auth_middleeast_f_0028_frame_0004_subdiv_head_var_0.glb,middleEast_female_loPoly_0028_grp.fbx,good,variation_long_faces_002,middleeast,female,0028,0004,0.050297705438935754,0.1501190652796075,0.05240535177734679,0.052392880973227265,0.08534733777190558,0.08543153104905048,0.08821791668204244,0.0880337721921118,0.04588119019345626,0.04207165432421172,0.05718475335102434,0.028821185612486224,0.06241049664835819,0.17705985559425183,0.16896057374478884,0.06141561889738878,0.08390028358262852,0.0839287295128158,0.1777469307821769,2.9846106093619023,1.0419034291926066,1.0416554893708854,1.6968435642759498,1.6985174632423177,1.753915330971588,1.7502542397086036,0.9121925104348668,0.8364527557880166,1.1369256878019982,0.5730119368462397,1.2408219441367567,3.5202372364523162,3.3592103709366326,1.2210421601031243,1.6680737789219469,1.6686393301720295,3.533897406074949,3.3750623983745676e-05,-0.0003992709979656339,-0.00044581841604698913,-0.0004800842944142833,-0.0010605145852947556,-0.0011080437072925192,0.0006930108951132136,0.0005137684809157356,-0.000433934431201162,-0.00037338773227015704,0.0001450241391607321,-0.0014342937481588158,0.007820657695258998,-0.001629618364772073,0.007828295224627635,0.0071922599783563745,-0.00020074721597057588,-0.00020378082508978879,0.00048588220848194696,0.06714677368304868,-0.2652640255266523,-0.8435355630076758,-0.9079957819352656,-1.2273358917783395,-1.280389591019228,0.7917870792118078,0.5870297750570267,-0.9369173347104465,-0.8796969308530492,0.25425110035509907,-4.74060824177349,14.326214997589767,-0.9119834138331888,4.858303560604179,13.264135829534327,-0.2386976878456046,-0.24221412658594604,0.27410545768036854,0.7908729458734496,2.2874384395839,0.2190687553856576,1.6084653836924416,1.5813708897910579,1.8886800646929762,0.9663439354168485,0.9663439354168485,1.618979368816022,1.618979368816022,0.12503185219036747,0.979424261996018,0.979424261996018
middleeast_female_auth_middleeast_f_0028_frame_0005_subdiv_head_var_0.glb,middleEast_female_loPoly_0028_grp.fbx,good,variation_long_faces_001,middleeast,female,0028,0005,0.048947401390588646,0.14817823390872556,0.052851769425319786,0.05293075990399319,0.08641196703148192,0.08649337896450991,0.08831852767891245,0.0883142013646245,0.03181171251632637,0.043314930436630414,0.05726629429262219,0.02391698087809748,0.06500646811933469,0.17355830618504384,0.16634110674856817,0.05801846206037885,0.08156202801888494,0.08159463852239122,0.1724578019090591,3.0272952127999284,1.0797666050455919,1.0813803879314916,1.7654045889369065,1.7670678423623203,1.8043558017340198,1.8042674147274569,0.6499162695579374,0.8849280902777157,1.1699557620158576,0.48862616193341196,1.3280882390588726,3.5458124691868673,3.398364407973482,1.1853226200387084,1.6663198801513346,1.6669861157957166,3.52332906363888,-0.001316553424363362,-0.002340102368847574,5.992319260100798e-07,5.779463635163795e-05,4.114674281588404e-06,-4.619579183308409e-05,0.0007936218919832178,0.0007941976534284467,-0.014503412108331053,0.0008698883801485369,0.00022656508075858534,-0.006338498482547559,0.010416629166235501,-0.0051311677739800665,0.005208828228406959,0.0037951031413464426,-0.002539002779714153,-0.0025378718155143615,-0.004803246664635857,-2.6192794204321683,-1.5546958774060298,0.0011338101385785055,0.10930848319000654,0.004761921711210694,-0.053381117209266304,0.9067383561831099,0.9074470061143843,-31.314634745924163,2.0494463852597224,0.39720574394217567,-20.949919209650307,19.081626482146135,-2.871555699557724,3.232641079890904,6.9990189044049815,-3.0189912722882415,-3.0165174025134642,-2.7097022742923373,0.9466096973221655,1.5629419183610562,0.39914765821586473,1.6808527507833377,1.6681436209584635,2.008794546783767,0.7630655012627525,0.7630655012627525,1.671552397199418,1.671552397199418,0.14698813276360662,0.8739638116152553,0.8739638116152553
middleeast_female_auth_middleeast_f_0028_frame_0006_subdiv_head_var_0.glb,middleEast_female_loPoly_0028_grp.fbx,good,variation_long_faces_001,middleeast,female,0028,0006,0.04767774634940705,0.1454947033012596,0.05281240926792212,0.05280370953544524,0.08672926132798,0.08679518274970582,0.0888124021374821,0.0890069784901054,0.031123582317499374,0.043126031420776874,0.05709831569375621,0.02391022373905943,0.06512806176461827,0.17694250661731314,0.16605153358506908,0.058078289679598896,0.0826218185360132,0.08265842175710479,0.17507766995428992,3.051627109951875,1.107695168326238,1.1075126988694577,1.8190721661293168,1.8204548116353083,1.8627642650434675,1.866845337818958,0.6527905511600686,0.9045316677664907,1.1975883942858871,0.5014965171347029,1.366005458549285,3.7112179195842736,3.4827890640668713,1.218142511476346,1.7329220624338662,1.7336897837272205,3.672104563651786,-0.0025862084655449563,-0.00502363297631353,-3.876092547165644e-05,-6.925573219630776e-05,0.0003214089707796741,0.00025560799336282747,0.0012874963505528636,0.0014869747789093418,-0.015191542307158048,0.0006809893642949968,5.858648189260157e-05,-0.00634525562158561,0.010538222811519081,-0.001746967341710759,0.004919255064907868,0.003854930760566491,-0.0014792122625858911,-0.0014740885808007947,-0.002183378619405041,-5.145254636381372,-3.337555476994758,-0.07333976774747256,-0.13098514873477796,0.37196731779769926,0.2953654372378256,1.4710056971522447,1.699011329816842,-32.80039173007065,1.6044026140645595,0.10271171112154623,-20.9722528139456,19.30436691812369,-0.9776554281598949,3.0529296240866852,7.109354413699758,-1.7588515248145222,-1.752103407922026,-1.2317306238303773,0.8478439568759872,1.2745116712316664,0.4174567677956216,1.2348094886409484,1.2348094886409484,2.023779979177084,0.14088148698900613,0.14088148698900613,0.7991533825113524,0.7991533825113524,0.1066450081112179,0.8500127195919343,0.8500127195919343
middleeast_female_auth_middleeast_f_0028_frame_0006_subdiv_head_var_0.glb,middleEast_female_loPoly_0028_grp.fbx,good,variation_long_faces_002,middleeast,female,0028,0006,0.051949264807875144,0.15025464397215166,0.05225307893524402,0.05226162037625588,0.0861073662122564,0.08623331655629857,0.08787233207996108,0.08787273090649532,0.03939705858279551,0.04289711325095593,0.05722901068552909,0.029713874872995556,0.058925812155246934,0.1771810294712776,0.1637132237070967,0.05634324864389205,0.0816303155262528,0.08165852013519523,0.17136539678173707,2.892334367538039,1.0058482854087056,1.0060127043094051,1.6575281003630897,1.659952587880054,1.6915029000880153,1.691510577319555,0.7583756715036937,0.8257501508366492,1.1016327352693078,0.5719787370020902,1.1342954009681037,3.41065518687414,3.1514059787479214,1.0845822140557186,1.5713468867778513,1.571889812823999,3.2987068713195584,0.0016853099929231355,-0.0002636923054214757,-0.0005980912581497536,-0.0006113448913856664,-0.00030048614494393444,-0.00030625820004442916,0.0003474262930318467,0.00035272719529926,-0.00691806604186191,0.00045207119447405325,0.00018928147366548131,-0.0005416044876494844,0.004335973202147743,-0.0015084444877463132,0.002580945186935496,0.0021198897248596443,-0.0024707152723462966,-0.0024739902027103577,-0.00589565179195789,3.3529196003928576,-0.17518948982746976,-1.13165187442626,-1.1562523272357712,-0.347753284853972,-0.35389381205849024,0.3969456349688874,0.4030246576122313,-14.936947914804582,1.0650742055396702,0.33184146608135184,-1.7901038063008812,7.942821018162355,-0.8441708704633724,1.6017555331798792,3.9095507307563033,-2.9377942801474584,-2.9405876429622126,-3.325971407365796,0.6637400651695533,1.112215071051705,0.4228623619168187,1.858037950856549,1.858037950856549,1.7251839101134503,0.6660123443565095,0.6660123443565095,1.5511012877736532,1.5511012877736532,0.09807696775454305,0.9966231614349544,0.9966231614349544
middleeast_female_auth_middleeast_f_0028_frame_0007_subdiv_head_var_0.glb,middleEast_female_loPoly_0028_grp.fbx,good,variation_long_faces_001,middleeast,female,0028,0007,0.04328819541734915,0.14533333736214699,0.05428468006143235,0.05433257250278519,0.08672910165987323,0.08679023261823658,0.08720089062946218,0.08718495023661489,0.03521281816134316,0.04186244221735992,0.0563582987445788,0.02419952183296823,0.05855972372029309,0.17574541421085169,0.16053567251271417,0.05216193501426126,0.08128688987931407,0.0813270631396821,0.17106810401159633,3.3573434041535473,1.2540296387517231,1.2551360013730128,2.003527770647462,2.0049399560660035,2.0144265610692007,2.014058322275839,0.8134508223743252,0.967063695165777,1.3019322750975981,0.559032817137706,1.3527873628297145,4.059892368264814,3.7085323369329988,1.2049921349540866,1.8778073120307461,1.8787353539595149,3.951841890434528,-0.006975759397602858,-0.005184998915426148,0.001433509868038571,0.0014596072351436423,0.0003212493026728963,0.00025065786189358563,-0.00032401515746705023,-0.00033505347458116785,-0.011102306463314261,-0.0005825998391219556,-0.0006814304672848048,-0.006055957527676809,0.003969884767193899,-0.0029440597481722175,-0.0005966060074470425,-0.0020614239047711466,-0.0028141409192850297,-0.002805447198223482,-0.006192944562098623,-13.878254155058608,-3.444762308470121,2.7123521821618155,2.7605927296779162,0.3717825335420766,0.2896453589000487,-0.3701976649433171,-0.3828307362586479,-23.97123305461986,-1.3725980960195219,-1.1946593658496456,-20.0160686779735,7.272204577494031,-1.647584316492718,-0.3702585310195275,-3.8017266836038566,-3.3461431953482146,-3.334557814756537,-3.4936860703066146,0.8010070958694663,0.7955405291827181,0.33573903408890576,1.9436348868304567,1.9436348868304567,0.7503824856795357,1.1082849656455518,1.1082849656455518,1.1652671230586822,1.1652671230586822,0.11776127604679987,0.9405605841431838,0.9405605841431838
middleeast_female_auth_middleeast_f_0028_frame_0007_subdiv_head_var_0.glb,middleEast_female_loPoly_0028_grp.fbx,good,variation_long_faces_002,middleeast,female,0028,0007,0.05275045680543784,0.15158106060189802,0.05267636524612162,0.05269179043497476,0.08722387430883723,0.0874283158856642,0.09040052800210595,0.0903985935928092,0.046300057104692274,0.042975577899865794,0.0543998660593699,0.03039604501137096,0.05677346277707507,0.17740658814924984,0.1645494831165873,0.057210653585762467,0.08348458276239992,0.08351362384316768,0.17555698144717413,2.8735497241470735,0.9985954328397667,0.9988878509492446,1.653518843079396,1.6573944792199704,1.713739244676776,1.713702573728051,0.8777186001528499,0.814695843457333,1.031268151098969,0.5762233514580208,1.07626485561017,3.363128945093072,3.1193944674925453,1.0845527612542842,1.5826324134086704,1.5831829504566222,3.3280656145725858,0.0024865019904858343,0.0010627243243248874,-0.00017480494727215717,-0.0001811748326667889,0.0008160219516368944,0.000888741129321205,0.002875622215176718,0.0028785898816131444,-1.506751996514788e-05,0.0005305358433839169,-0.0026398631524937044,0.0001405656507259198,0.0021836238239758762,-0.0012828858097740647,0.003417204596426082,0.0029872946667300615,-0.0006164480361991742,-0.0006188864947379025,-0.0017040671265208251,4.9468888782029845,0.7060430978755315,-0.3307494358828922,-0.34266062391183605,0.9443840222570878,1.0269765385645877,3.285490214839119,3.2890650817521605,-0.03253261237502139,1.2499359587815455,-4.628113052024523,0.4645956821585225,4.000055442280997,-0.7179414552802641,2.1207449108333156,5.509239424268718,-0.7329851136728786,-0.7356092101046764,-0.9613319678701844,0.5468232781311858,0.9294290334791311,0.5659082489935366,1.809769564254716,1.809769564254716,1.098822980085736,0.8926664302336973,0.8926664302336973,1.2167186932266745,1.2167186932266745,0.12778205136544593,0.6835646213804627,0.6835646213804627
middleeast_female_auth_middleeast_f_0028_frame_0008_subdiv_head_var_0.glb,middleEast_female_loPoly_0028_grp.fbx,good,variation_long_faces_001,middleeast,female,0028,0008,0.04728109295106553,0.14837765236758466,0.053826945833540925,0.053847050733014296,0.08421268251915355,0.08424092201139619,0.08486278086951798,0.0848427838236575,0.0373608191677815,0.04039267410064621,0.056872132580559946,0.0253581805269885,0.06140204448795066,0.17629219002673308,0.163327974961564,0.05586194449080734,0.08364419024585784,0.08368041292600062,0.17800770722862916,3.1382026748229137,1.138445464643767,1.1388706853444426,1.781106934357695,1.7817042025357352,1.7948565816223483,1.7944336420367262,0.7901851847301583,0.854309229747531,1.202851478907665,0.5363281376179995,1.2986595836839026,3.7285980298549792,3.454403542037478,1.1814858964580774,1.7690832640528635,1.7698493774796462,3.764881395886124,-0.0029828618638864796,-0.002140683909988478,0.0009757756401471487,0.0009740854653727468,-0.0021951698380467816,-0.002298652744946811,-0.002662124917411246,-0.002677219887538565,-0.008954305456875922,-0.002052367955835667,-0.00016759663130366115,-0.004897298833656541,0.00681220553485147,-0.002397283932290828,0.0021956964414028,0.0016385855717749379,-0.00045684055274125557,-0.000452097411904967,0.0007466586549342014,-5.93439548254402,-1.4222080597813747,1.846270643727615,1.8423129106566123,-2.540474943147755,-2.6561867809251383,-3.0415627340313023,-3.058980546176645,-19.33343703475386,-4.835353804349088,-0.29382438104001896,-16.186485678447802,12.478889231939611,-1.3415921370055408,1.3626670345433425,3.021918236791108,-0.5432044630169566,-0.5373635115476594,0.42121981165184386,0.68977282764765,0.8689500587426071,0.06738457135553995,1.4588074911338962,1.4588074911338962,0.30601938677759993,1.2067058396779722,1.2067058396779722,1.24409586649874,1.24409586649874,0.09685667577877001,0.9643537315274978,0.9643537315274978
middleeast_female_auth_middleeast_f_0028_frame_0008_subdiv_head_var_0.glb,middleEast_female_loPoly_0028_grp.fbx,good,variation_long_faces_002,middleeast,female,0028,0008,0.049291611209384266,0.14940927310690058,0.05296104159156842,0.05297938402631165,0.08580816032631608,0.08591756014476311,0.08863008925671886,0.08887551906286718,0.047209100597068426,0.04209013817705345,0.056237677046135866,0.030673982046522396,0.060418521927767345,0.17909903990517326,0.16732212277809874,0.059360926062587714,0.08335788101322943,0.08338649334261876,0.17527949201211765,3.031129830027866,1.074443303680963,1.0748154245001693,1.7408268510804876,1.7430462919906724,1.7980765303091824,1.8030556697636784,0.9577512164601476,0.8539006363224787,1.1409178086560334,0.6222961938944005,1.225736397033512,3.6334588282047457,3.394535473132262,1.2042804973534,1.6911169866031794,1.6916974571677912,3.555970026371292,-0.0009723436055677423,-0.0011090631706725529,0.00010987139817464353,0.00010641875867010292,-0.0005996920308842524,-0.000622014611579888,0.0011051834697896334,0.0013555153516711244,0.0008939759724110041,-0.00035490387942842955,-0.0008020521657277416,0.00041850268587735606,0.0058286829746681534,0.00040956594614935393,0.006189844257937532,0.005137567143555309,-0.0007431497853696706,-0.0007460169952868273,-0.001981556561577308,-1.9344749316830507,-0.7368292781467586,0.20788829797448288,0.20127253716793447,-0.6940249231113778,-0.7187631939851853,1.2627074086547363,1.54880632334539,1.9302031024549284,-0.8361491996077111,-1.406128985550871,1.3832294008262367,10.67723057339638,0.22920541264969718,3.8414675909662916,9.474822744247263,-0.8836393303541406,-0.8867166714633405,-1.117874782712622,0.7095444916658725,1.1944933468702519,0.25138172501359984,1.6451710704388502,1.6451710704388502,1.4793450161874526,1.022717320449204,1.022717320449204,1.551197659371884,1.551197659371884,0.05242345613014483,1.1628973455809037,1.1628973455809037
middleeast_female_auth_middleeast_f_0028_frame_0009_subdiv_head_var_0.glb,middleEast_female_loPoly_0028_grp.fbx,good,variation_long_faces_001,middleeast,female,0028,0009,0.049523855218928464,0.1433973317275301,0.05097553076118139,0.050977075506918844,0.08511992909296776,0.08513450698398363,0.08750804185760094,0.08762054455530076,0.033971994188482235,0.04138810084522605,0.057119568836836714,0.023904329600358484,0.06503534237902275,0.1739508821327071,0.16559803724597297,0.05776914738571755,0.0827491418041402,0.08278731007644778,0.17544315712004138,2.895520372830796,1.0293126521720806,1.029343844124537,1.71876621310439,1.7190605740936835,1.7669876763583336,1.7692593633504403,0.6859723266353834,0.8357204959562022,1.1533748449980343,0.48268313310192446,1.3132124325039554,3.5124664944546056,3.343803436019252,1.1664913228249172,1.6708945908660344,1.6716652956534315,3.542598942357489,-0.000740099596023544,-0.007121004550043025,-0.0018756394322123893,-0.0018958897607227049,-0.0012879232642325766,-0.0014050677723593669,-1.6863929328286842e-05,0.00010054084410469899,-0.012343130436175187,-0.001056941211255824,7.98396249731062e-05,-0.006351149760286556,0.010445503425923562,-0.004738591826316807,0.004465758725811758,0.003545788466685143,-0.0013518889944588997,-0.0013452002614578046,-0.001817891453653575,-1.4724261128043723,-4.730988081685326,-3.5489080475399537,-3.5857450988908246,-1.4905164624488603,-1.6236129843663012,-0.019267577813040348,0.11487755923373805,-26.650323271728617,-2.49014056777078,0.13997195652271868,-20.991734041232363,19.134519585041836,-2.651858400681976,2.771486114902169,6.539226889244906,-1.6074582934617474,-1.5989066010927404,-1.0255447929937074,0.7783098096403581,1.2491743376094828,0.5242272045655937,1.5961885108299485,1.7668675244059635,0.677057324009362,0.270900938128738,0.270900938128738,1.1494580295667425,1.1494580295667425,0.10279950557236685,1.0543401584774592,1.0543401584774592
middleeast_female_auth_middleeast_f_0028_frame_0009_subdiv_head_var_0.glb,middleEast_female_loPoly_0028_grp.fbx,good,variation_long_faces_002,middleeast,female,0028,0009,0.05087809894382739,0.15068658258538573,0.05260872166244472,0.052631814871793074,0.0855736464122825,0.08566232406614022,0.08897493214109069,0.089072275774436,0.04079173907926965,0.04194371738899234,0.0559325002228252,0.03148901245081854,0.06009159805516886,0.17812254457959575,0.16397649403409773,0.05547087701498947,0.08459166784507809,0.08462376505324054,0.1800290954597908,2.9617180223607247,1.0340150822169683,1.034468975145905,1.6819348243880177,1.6836777679275476,1.7487864914002504,1.7506997632277372,0.8017543879598623,0.8243963170734981,1.099343359597185,0.618910948020766,1.1810896889349924,3.5009669833822645,3.222928871912806,1.0902702374204822,1.6626342100256652,1.6632650749523972,3.538439902374383,0.0006141441288753796,0.00016824630781259176,-0.00024244853094905483,-0.00024115039584847453,-0.0008342059449178291,-0.0008772506902027799,0.0014500263541614572,0.0015522720632399345,-0.005523385545387775,-0.0005013246674895402,-0.0011072289890384085,0.001233533090173499,0.005501759102069667,-0.0005669293794281494,0.0028442155139365155,0.0012475180959570648,0.0004906370464789894,0.0004912547153349545,0.002768046886095832,1.2218380569860976,0.11177794810482504,-0.4587382456469434,-0.4560939501459349,-0.9654283981845951,-1.0136988686074875,1.6567014167274896,1.773619741107665,-11.925662707700486,-1.1811147856148296,-1.941154006755203,4.077056838101277,10.078357451826333,-0.3172707193475507,1.7651432351467937,2.3007023556395465,0.5833900510136936,0.5839059281149507,1.5615652216708156,0.7480231318586508,0.841048645622678,0.42795948808945794,1.4419239618735415,1.4419239618735415,0.8849494639236756,1.2115480769006939,1.2115480769006939,1.3128491343466153,1.3128491343466153,0.1210893460105403,0.909543805530005,0.909543805530005
middleeast_female_auth_middleeast_f_0028_frame_0010_subdiv_head_var_0.glb,middleEast_female_loPoly_0028_grp.fbx,good,variation_long_faces_001,middleeast,female,0028,0010,0.046906999274972626,0.14499839890684738,0.05304269949922996,0.053035052385646715,0.0861973533404905,0.08618768789179794,0.08906185031649301,0.08962929780496481,0.032695209607702676,0.0418921047770187,0.056948707411707176,0.02369845169894842,0.05949717353028809,0.1746983463214275,0.16116733238598238,0.053422198699852715,0.0821797079519497,0.08221568631632661,0.17421325382042005,3.0911889728194937,1.1308056434880722,1.1306426163556305,1.837622416117361,1.8374163605426717,1.8986899970813573,1.910787285273795,0.6970219820722428,0.8930885672614398,1.214076967018701,0.5052220791192841,1.2684071556466625,3.7243556190267397,3.435890909184074,1.138896103472479,1.7519711177900255,1.7527381326264682,3.714014038697463,-0.0033569555399793824,-0.005519937370725758,0.00019152930583618555,0.0001620871180051664,-0.00021049901670983084,-0.00035188686454505624,0.0015369445295637801,0.0021092940937687543,-0.013619915016954746,-0.0005529372794631782,-9.102180015643085e-05,-0.006557027661696621,0.0049073345771889,-0.003991127637596403,3.505386582117187e-05,-0.0008011602191796904,-0.0019213228466493926,-0.0019168240215789722,-0.0030477947532749072,-6.678653823277729,-3.6672856658117445,0.3623936899321977,0.3065595379125905,-0.24361098090906322,-0.40661959055820807,1.7560082078869304,2.410070845893853,-29.407056825026277,-1.3027134682241124,-0.15957614353032265,-21.672198888462187,8.989465203231378,-2.233554976221838,0.0217547136694811,-1.4775186103391376,-2.284541376490949,-2.2783392696596554,-1.7193821078000728,0.8300469531789673,0.5030406372975326,0.49748768089492024,1.677042834564703,1.6739066635061723,1.3921042861391508,0.7592880083206446,0.7592880083206446,1.3014852404433794,1.3014852404433794,0.0532983836492357,1.137789775093204,1.137789775093204
middleeast_female_auth_middleeast_f_0028_frame_0010_subdiv_head_var_0.glb,middleEast_female_loPoly_0028_grp.fbx,good,variation_long_faces_002,middleeast,female,0028,0010,0.05270780672815354,0.1496754819928893,0.05083804063149244,0.05084392370063693,0.086604931889736,0.08672827791507129,0.09050581711990772,0.09051561537862511,0.03928415465194565,0.042425537405415395,0.05522445157293322,0.02979184408435354,0.0588483483969663,0.17653909480889202,0.1661064524734904,0.05650383984152059,0.08274256706541597,0.08276517400026356,0.17411339928406352,2.8397213104475676,0.9645258224022747,0.96463743905851,1.6431139382522728,1.6454541233783861,1.7171235674195606,1.717309465094414,0.7453194714505598,0.8049194234969763,1.0477470985988766,0.5652264044680959,1.1165015592563603,3.3493917840181116,3.151458252288948,1.072020320119665,1.5698351383158493,1.5702640488748523,3.303370223353687,0.002443851913201532,-0.000842854284683836,-0.0020131295619013334,-0.002029041567004619,0.00019707953253567112,0.0001887031587282928,0.0029809113329784948,0.0029956116674290517,-0.00703096997271177,-1.9504651066482026e-05,-0.0018152776389303849,-0.00046363527629150053,0.00425850944386711,-0.002150379150131887,0.004974173953329192,0.0022804809224881845,-0.0013584637331831295,-0.0013673363376420222,-0.0031476492896314323,4.862036666630458,-0.5599678454653629,-3.809053904643663,-3.837578537034313,0.2280805819834134,0.21805417840288338,3.4057863943723974,3.42277369790129,-15.180721264795205,-0.0459527193789255,-3.1824794121793056,-1.5324010264883667,7.800919595175587,-1.2034168003790755,3.087012732031101,4.205716812736466,-1.615275960691029,-1.6252175670859232,-1.7757140189333929,0.5997622938181536,1.389964753506633,0.3579508412100001,1.9046234330536407,1.9046234330536407,1.2251871876519635,0.3048553720715104,0.3048553720715104,0.9969640862742631,0.9969640862742631,0.11559115126438213,0.9131118184545053,0.9131118184545053
middleeast_male_auth_middleeast_m_0011_frame_0004_subdiv_head_var_0.glb,middleEast_male_loPoly_0011_grp.fbx,good,variation_long_faces_002,middleeast,male,0011,0004,0.04078015921760144,0.14694603969819375,0.055248325952584214,0.055458133219897954,0.07993216834125631,0.08003938883766239,0.08213262826975129,0.08211076240105303,0.04163129491810675,0.0387188145888957,0.061055783255147045,0.01828452450553532,0.05858672078055356,0.17239408350322113,0.1581049962015434,0.05718517145553116,0.08178690461964223,0.08160865317245519,0.16813211228900798,3.6033709165796792,1.3547844592214848,1.3599292961063585,1.9600749451403852,1.9627041770625546,2.0140340264856396,2.0134978375859935,1.0208713187205494,0.9494522662918877,1.4971933515353781,0.4483681490297712,1.436647671431025,4.227400942289916,3.8770078203447147,1.402279259146419,2.0055562849382293,2.0011852513128847,4.122890040518508,0.0001530064411081264,-0.00024379001545626888,-5.5009526903800066e-05,-0.00010325034688316026,-0.0009484961419156251,-0.0009311580228063693,0.0005372547698661995,0.0005128783272312226,0.0014501711050140947,-0.0004833719445017856,0.0010867745998312597,2.2901913130653206e-05,0.008082989567663838,-0.004272501570347531,0.007790774239840564,0.007176869107838511,-0.0009826476544601698,-0.0009763603759096323,-0.0024986788678271754,0.3766112824836084,-0.1656296606433674,-0.0994687326304271,-0.18583112992328596,-1.172710619993694,-1.1499959663246107,0.6584377849155334,0.6285436602341555,3.6090854794398997,-1.2330229184792714,1.8122270556075393,0.12541006701221893,16.004737419481735,-2.418398232222776,5.182992093606089,14.351355216859602,-1.1872090973816085,-1.1822488535862983,-1.4643774730731434,0.9461784250640802,2.1168117299176363,0.3899220034486772,1.6032050244417584,1.5904252058090336,1.0181688622775773,0.23760021993434824,0.23760021993434824,1.1339882529305478,1.1339882529305478,0.09003595294041515,0.8807861903686021,0.8807861903686021
middleeast_male_auth_middleeast_m_0011_frame_0007_subdiv_head_var_0.glb,middleEast_male_loPoly_0011_grp.fbx,good,variation_long_faces_002,middleeast,male,0011,0007,0.03985118287050047,0.14637840421340034,0.055481126377921484,0.055585886496706774,0.08120592546843723,0.08123437859661667,0.08435864652957692,0.08423693592094915,0.041380092984208625,0.0389111874471394,0.05981794901873775,0.018152143456058013,0.05606037384965349,0.17528456196222103,0.15513149923055145,0.052504434128628555,0.08418831490659645,0.08400590869674301,0.17519395122808634,3.673125705931199,1.3922077685425733,1.394836551711337,2.037729362571802,2.0384433471045043,2.1168417209523476,2.11378759307305,1.0383654888909186,0.9764123582876911,1.5010332118150882,0.455498234896686,1.406743032743245,4.398478271819983,3.8927702531356063,1.3175125641626702,2.112567528551736,2.1079903442195627,4.396204544226272,-0.0007759699059928446,-0.0008114255002496795,0.00017779089843347057,2.4502929925659944e-05,0.0003252609852652938,0.00026383173614791255,0.002763273029691829,0.002639051847127344,0.0011989691711159697,-0.00029099908625808413,-0.00015105963657803534,-0.00010947913634665185,0.005556642636763767,-0.0013820231113476356,0.004817277268848619,0.002496131780935905,0.0014187626324940472,0.00142089514837819,0.004563160071251182,-1.9099785561192888,-0.5512782383322711,0.32148313820856816,0.04410064752294918,0.40214924956874915,0.3258366731826037,3.386556015575712,3.2342160303320946,2.9839114921053964,-0.7423032029353095,-0.2518961709810507,-0.5995038819397471,11.002439826357985,-0.7822775941314111,3.2048047124083627,4.991434749336326,1.7141117639438541,1.7205242056975163,2.6742887613156276,0.819890840141206,1.4364109015589213,0.540017419199448,1.6225470779782845,1.7217068314773383,1.6269753148506072,0.799047155910781,0.799047155910781,0.8342661864145252,0.8342661864145252,0.0691823154842264,1.028661581323997,1.028661581323997
middleeast_male_auth_middleeast_m_0011_frame_0008_subdiv_head_var_0.glb,middleEast_male_loPoly_0011_grp.fbx,good,variation_long_faces_002,middleeast,male,0011,0008,0.039056661292365354,0.14553654464572147,0.055343603013935615,0.05560490452858196,0.08135910613364893,0.08132645213006942,0.08166869554199578,0.08522874138935271,0.04117070926309415,0.03944151219165028,0.06279091991671291,0.017923007291464538,0.05605816816172755,0.1740521178203412,0.15830501652872958,0.055937844808346404,0.08219353233957122,0.08202060262966394,0.16892416119331485,3.7262925152839523,1.4170080386454837,1.4236983574285034,2.0831044805550927,2.0822684130956888,2.0910311542159405,2.182181952301512,1.0541277185703029,1.0098536558566555,1.6076878524429081,0.45889757850264734,1.4353036410894033,4.4564003184359295,4.053214260781539,1.4322229027620679,2.104468984798711,2.100041322418335,4.3251050039532055,-0.0015704914841279602,-0.001653285067928556,4.026753444760084e-05,4.352096180084558e-05,0.00047844165047698783,0.0003559052696006648,7.33220421106906e-05,0.003630857315530908,0.0009895854500014956,0.00023932565825279112,0.0028219112613971295,-0.00033861530094012743,0.005554436948837831,-0.002614467253227476,0.007990794567026754,0.005929542460653754,-0.0005760199345311856,-0.0005644109187008806,-0.0017066299635203064,-3.865620346982916,-1.123233222801422,0.07281212624604903,0.07832951414634277,0.591540207457782,0.4395490501181536,0.08986053861349609,4.449695426227061,2.462811778497465,0.6104905858985763,4.705615991781096,-1.8542454222056015,10.998072450180096,-1.4798878079511992,5.316060225533852,11.857116083300395,-0.6959321618940486,-0.6834301944751038,-1.0001887419906872,0.9224464157465795,2.2056612918063094,0.11754013667553709,1.1291463718528363,1.455362513911059,1.0946913661153232,0.582759813577027,0.582759813577027,1.100280040822789,1.100280040822789,0.06168280543632005,0.8966166086467136,0.8966166086467136
middleeast_male_auth_middleeast_m_0011_frame_0009_subdiv_head_var_0.glb,middleEast_male_loPoly_0011_grp.fbx,good,variation_long_faces_002,middleeast,male,0011,0009,0.04100782859344954,0.14687254858146745,0.055002765021892885,0.05533073987435081,0.08098822746365797,0.08105867771782295,0.08489124436217538,0.08518344102211171,0.03965070310446126,0.03916889149557282,0.060331065879302696,0.01796684799410851,0.05887911085198739,0.1776818345484776,0.1603080928383299,0.05595745654365461,0.08300520714225815,0.08281474553600318,0.1726368600173094,3.5815734121783858,1.3412747494433013,1.3492726089668927,1.9749455223921504,1.9766634932426292,2.0701228832129783,2.0772482704855686,0.9669056973866433,0.9551564381497033,1.471208497221913,0.4381321472109956,1.4358017205864089,4.332875956686474,3.909207054770439,1.3645554632608143,2.024130757206616,2.0194862390063673,4.209851287880331,0.0003806758169562288,-0.00031728113218257303,-0.00030057045759512846,-0.0002306436924303032,0.00010756298048603119,8.813085735419335e-05,0.003295870862290287,0.0035855569482899086,-0.0005304207086313933,-3.32950378246627e-05,0.0003620572239869113,-0.0002947745982961568,0.008375379639097666,0.0010152494749089414,0.009993870876627065,0.00594915419596196,0.00023565486815574355,0.0002297319876383569,0.002006068860474247,0.9369985119323601,-0.21555914073671162,-0.5434942666461953,-0.4151150990563162,0.13298973391645513,0.10884310501948752,4.039286445934252,4.394178830723168,-1.320074349086674,-0.0849315835898533,0.6037405521707215,-1.6141752837382524,16.583684884177575,0.5746697795093308,6.648652899373228,11.896333042060265,0.2847120247495613,0.2781763636859094,1.1756781099551783,0.9755618735707972,2.1435057857352233,0.051877747523227456,1.349435546190909,1.349435546190909,1.9159046451714141,1.2287566065542408,1.2287566065542408,0.9966467260069576,0.9966467260069576,0.1216216579541045,1.0819827947955305,1.0819827947955305
middleeast_male_auth_middleeast_m_0011_frame_0010_subdiv_head_var_0.glb,middleEast_male_loPoly_0011_grp.fbx,good,variation_long_faces_001,middleeast,male,0011,0010,0.03769555252942531,0.1464515094346053,0.0563468707719512,0.05647612315062225,0.08107112826047251,0.08112819013232377,0.08205138594959356,0.08231324264094714,0.0387796816528346,0.039335605705366594,0.06005741476290552,0.018588149938856748,0.05682286579962942,0.1767778148537004,0.1562128614260763,0.055340930297220946,0.08245416308935014,0.08227610417196832,0.1706710690094289,3.885113749699905,1.494788297053521,1.498217146612634,2.1506815213064736,2.1521952773870274,2.176686119285396,2.1836327396101454,1.0287601335081378,1.0435078693875373,1.5932228269110644,0.49311254754381856,1.507415649505953,4.689619941655103,4.1440661018069935,1.468102377701496,2.1873711235559172,2.1826475181055707,4.527618181911576,-0.0029316002470680044,-0.0007383202790447185,0.0010435352924631838,0.0009147395838411329,0.00019046377730057296,0.0001576432718550097,0.00045601244970847055,0.0007153585671253321,-0.0014014421602580526,0.0001334191719691083,8.840610758973494e-05,0.00032652734645208237,0.006319134586739696,0.00011122978013172746,0.005898639464373467,0.005332627949528296,-0.0003153891847522683,-0.0003089093763965073,4.027785259375083e-05,-7.2158643831034475,-0.5016109336365707,1.8869301162679974,1.6463585409849923,0.23548740421167152,0.1946921170319697,0.5588704728572788,0.8766876436135838,-3.487812254273997,0.340336046958617,0.14741965820690353,1.7880522105844576,12.512213325590697,0.06296028198281436,3.9242058318848416,10.663485259811743,-0.38104493269193357,-0.3740501613111665,0.02360526627150751,0.7413284235830744,0.9252743503732562,0.27225554030338134,1.0833823504236855,1.0833823504236855,1.6459091247507878,0.21256946544764815,0.21256946544764815,1.5216256154916807,1.5216256154916807,0.12338595261744295,0.8238538220872295,0.8238538220872295
middleeast_male_auth_middleeast_m_0011_frame_0010_subdiv_head_var_0.glb,middleEast_male_loPoly_0011_grp.fbx,good,variation_long_faces_002,middleeast,male,0011,0010,0.04043963887337888,0.14688339922772006,0.055234414912630564,0.05541765342534241,0.08056209981029903,0.08065833207767983,0.08237504117306586,0.08212243397816811,0.038495199867728376,0.039080387216257124,0.06098800119856957,0.0178534738061896,0.0603227386145897,0.17329055752504552,0.16312601601559382,0.06182166760322171,0.08182664846279163,0.08164175724731555,0.16920769299398034,3.632163968813587,1.365848371830812,1.3703795327861705,1.9921567564573994,1.9945364084538504,2.0369875564663547,2.0307410319687276,0.9519174982808634,0.9663881356265883,1.5081242784964017,0.4414845014341216,1.4916735236797507,4.285165801495854,4.033814854933793,1.528739358845226,2.023426784769275,2.0188547554280887,4.184203858095492,-0.00018751390311443072,-0.00030643048592995936,-6.892056685744996e-05,-0.00014373014143870266,-0.0003185646728729036,-0.0003122147827889221,0.0007796676731807728,0.0005245499043463053,-0.0016859239453642788,-0.00012179931714036141,0.0010189925432537855,-0.0004081487862150658,0.009819007401699976,-0.0033760275485231472,0.01281179405389099,0.011813365255529062,-0.0009429038113107774,-0.0009432563010492723,-0.0014230981628548245,-0.46154822649281346,-0.20818726845876753,-0.12462280305500302,-0.2586871172240492,-0.393869999595743,-0.3855905571774653,0.9555292656168437,0.6428474344650209,-4.1958108319880685,-0.3106952134840668,1.6991985795707494,-2.235008330447165,19.44214252271709,-1.910959872302552,8.523341229251873,23.622808015745655,-1.139191629535733,-1.14216400836075,-0.8340218979274292,1.0122559616413227,2.8937330636237446,0.29169427726031344,1.8248498766377526,2.0534986740095587,1.083674170110515,1.0993270087932194,1.0993270087932194,1.421884492553108,1.421884492553108,0.10929283377536542,0.8568564550039681,0.8568564550039681
middleeast_male_auth_middleeast_m_0025_frame_0003_subdiv_head_var_0.glb,middleEast_male_loPoly_0025_grp.fbx,good,variation_long_faces_002,middleeast,male,0025,0003,0.04373471432126258,0.1402996705305103,0.049050672551502056,0.04899975587745369,0.07940858084651505,0.07944000811825361,0.08351152543719098,0.0839958119723077,0.040335340890230525,0.03890365096926518,0.07007159036491996,0.02555564864922224,0.05809248583727234,0.16816008635232518,0.1688634016503585,0.06361596398493662,0.08056280960190666,0.08056239505187221,0.16996921598926085,3.2079704351081255,1.1215500847036517,1.1203858682490901,1.8156876540498823,1.8164062427551315,1.9095020222091639,1.920575297583945,0.9222728790209709,0.8895371005167702,1.6021961376080862,0.5843332703970083,1.3282923357070935,3.8450025102958203,3.861083907166667,1.4545873906396671,1.8420792464794793,1.842069767738372,3.886368497590177,0.0041986069897482214,-0.0003105102646824287,-0.002555828547962706,-0.0026067379258316384,-0.0008814335969714732,-0.0008520515962938124,0.002110721685518596,0.0025992430475200307,-0.0042264957515316046,-3.9509803645552954e-05,0.0003225582288116924,-9.616614885629357e-05,0.004404790228353737,-0.003972934794845839,0.0039366551559164575,0.0024209089295617534,0.0010489595760408282,0.0010485450260063756,0.0032684504987289253,10.619677234641404,-0.22083057067873754,-4.9525321296956015,-5.05118200001739,-1.0978122286824161,-1.0611903584526385,2.5929985801586524,3.1933078775369412,-9.484563631227553,-0.10145505105747961,0.46245549068301367,-0.3748902353041195,8.20446878636753,-2.308060805746878,2.386911304316017,3.956053193139698,1.319216181457195,1.3186948257005342,1.9606691601632524,0.6617343640375865,0.9261868314140776,0.525399977356083,1.5937785191456622,1.6809427025012411,1.0045090011294082,0.7587377743243804,0.7587377743243804,1.1882675904331932,1.1882675904331932,0.11556396830197158,0.8117099815687108,0.8117099815687108
middleeast_male_auth_middleeast_m_0025_frame_0004_subdiv_head_var_0.glb,middleEast_male_loPoly_0025_grp.fbx,good,variation_long_faces_002,middleeast,male,0025,0004,0.04091553244250849,0.14447131829654256,0.05311333160606115,0.053108921255153624,0.08013389646168599,0.08008518391515002,0.08150624870545972,0.08201946679079501,0.04352549726568297,0.03927524861591984,0.07031542181748071,0.0256170352940857,0.055363455336721226,0.16962759056690901,0.16747637147065114,0.06330486782048754,0.07992718936568045,0.07992697329229412,0.16895137727266277,3.530965129185183,1.2981214818771358,1.2980136902722306,1.9585201921613575,1.957329628489617,1.9920612989696842,2.004604654871417,1.06378909590977,0.9599104856109728,1.7185508196986752,0.6260956112469239,1.35311584700783,4.145799417501343,4.093222340586101,1.5472087014739182,1.953468147530239,1.9534628665678895,4.129272361542914,0.0013794251109941341,0.0038611375013498372,0.0015068305065963905,0.0015024274518682934,-0.00015611798180052705,-0.00020687579939740464,0.00010544495378733698,0.0006228978660073464,-0.001036339376079158,0.0003320878430091087,0.000566389681372445,-3.477950399283225e-05,0.0016757597278026226,-0.002505430580262008,0.002549624976209086,0.002109812765112677,0.00041333933981461957,0.00041312326642828356,0.002250611782130846,3.4890261183973212,2.74598715364275,2.919846287761638,2.911314722513947,-0.19444258776465076,-0.2576541193897441,0.1295379761961756,0.7652630500714577,-2.325620876918545,0.8527501014763867,0.8120394850314082,-0.1355830153406434,3.121310588574126,-1.4555200179284045,1.545913583091877,3.4476850510282673,0.5198331355860147,0.5195613925044438,1.3500908502178854,0.5386941648736631,0.6414923074013302,0.49603154740938393,1.2957282069749165,1.2337723041078408,0.5488911074054154,0.2827942438692368,0.2827942438692368,1.5557978133396364,1.5557978133396364,0.09978607983058538,1.1440374375348483,1.1440374375348483
middleeast_male_auth_middleeast_m_0025_frame_0008_subdiv_head_var_0.glb,middleEast_male_loPoly_0025_grp.fbx,good,variation_long_faces_001,middleeast,male,0025,0008,0.04079023869485113,0.1429077185103086,0.05195088233341888,0.05190609313124051,0.0794724874993083,0.07945837441080376,0.08236743194806476,0.08291928611325146,0.04408528779335426,0.0386130905399462,0.07083056683508351,0.0253985112987743,0.06119089059541086,0.1706072464721291,0.17131753795390636,0.06682383230250016,0.07970418481671936,0.0797029025049539,0.1688074842100847,3.503478358618861,1.2736106479312301,1.2725126106651716,1.9483212170891258,1.9479752252794158,2.019292717658498,2.0328217918400706,1.0807803338233237,0.9466257559512702,1.7364587485001484,0.6226615021495401,1.5001356342426813,4.182550824191782,4.199964095221915,1.6382309699730981,1.9540014318862091,1.9539699951551066,4.138428447867675,0.001254131363336769,0.0022975377151158716,0.00034438123395411774,0.00029959932795518146,-0.0008175269441782207,-0.0008336853037436559,0.0009666281963923717,0.001522717188463793,-0.000476548848407872,-0.00033007023296453136,0.0010815346989752478,-0.00025330349930423324,0.007503194986492254,-0.0015257746750419188,0.006390791459464307,0.005628777247125301,0.0001903347908535219,0.00018905247908806988,0.002106718719552786,3.1721164474305668,1.633976787543126,0.6673214161339248,0.5805457915765412,-1.0182174581045205,-1.0383160012429071,1.1874922013561964,1.8707387898264107,-1.0694102494897246,-0.8475691916464358,1.5506088985790383,-0.9874681432800892,13.975632407746371,-0.886392782089966,3.874927260315338,9.19809164650946,0.2393731290732445,0.23776043925249646,1.2637726727610263,0.9024559432309941,1.354080991422633,0.5364138506469225,1.6503600408752868,1.901150549079123,1.6941396819614802,0.5984884048179977,0.5984884048179977,1.0691610823093987,1.0691610823093987,0.0810067428946968,0.9020173283919604,0.9020173283919604
middleeast_male_auth_middleeast_m_0043_frame_0010_subdiv_head_var_0.glb,middleEast_male_loPoly_0043_grp.fbx,good,variation_long_faces_003,middleeast,male,0043,0010,0.046054338800577715,0.1409016933050137,0.04948107687683958,0.049509329217269415,0.08072963443118443,0.0808208612850517,0.08331293952781359,0.0834363024523929,0.04382175521662669,0.04049177613243752,0.06958869509234335,0.024056260526725326,0.06022143615279806,0.17180244516167945,0.1681436671399079,0.06438243474240919,0.0839107999418165,0.08395009312442371,0.16986717581872168,3.059466208279299,1.0744064113285865,1.0750198679792653,1.7529213649284168,1.754902217465727,1.8090139104715253,1.8116925489623197,0.9515228392786519,0.8792174024639255,1.5110127928157424,0.522345150386212,1.3076169959483304,3.730429089550284,3.650984283326605,1.3979667588149494,1.8219955410751418,1.8228487328401428,3.6884076558838976,0.001004480869126835,-1.0960403499238325e-06,-0.00043423397142285797,-0.00042787917811198256,7.163425198841722e-05,6.48770348514599e-05,0.0008515060023854687,0.000823208206396614,-0.004528642272490231,7.492346863290783e-05,-0.0011056881900831789,0.00022264600697441753,0.0003296624783724958,-0.0014223637264176303,0.00047692081381570106,-0.0002870498930511445,0.0005718386018491728,0.000590516922156531,0.0021067134685963107,2.2297092937679874,-0.0007778698739862082,-0.8699414348893587,-0.8568343963567583,0.08881233334482513,0.08033712356282628,1.032611204997904,0.9964621394586118,-9.36629791618481,0.18537680124708394,-1.56403965738822,0.9341680288984738,0.5504303147950772,-0.8211085557245295,0.28444567826714184,-0.4438722446440309,0.6861599816638619,0.7083972220824106,1.2557866371394966,0.4463025669078772,0.4024123987849023,0.5978073037216934,1.908247980252562,1.908247980252562,0.9872557472352408,0.44633065059756716,0.44633065059756716,1.6069811405817058,1.6069811405817058,0.09076605590111217,0.7799714598981262,0.7799714598981262
african_female_auth_african_f_0022_frame_0001_subdiv_head_var_0.glb,african_female_loPoly_0022_grp.fbx,bad,variation_long_faces_001,african,female,0022,0001,0.05144977661438624,0.15114216159886815,0.05357618489377332,0.053671570740624286,0.0861650997924861,0.0862704917972596,0.08830516184481,0.08731901530552207,0.0474795260222863,0.03346699485298626,0.07102989463097462,0.027340095931814832,0.06515232694546634,0.16976786703313815,0.17275350909273127,0.06679168873651434,0.08343775184096915,0.08335748332918683,0.17210687726723964,2.9376640977797015,1.0413297864308413,1.0431837468001133,1.6747419612390089,1.6767904055998737,1.7163371282766342,1.6971699597449015,0.9228325008705716,0.65047891468645,1.3805676001927176,0.5313938705065256,1.2663286652103487,3.2996813242852476,3.3577115482446316,1.2981920064904273,1.6217320527226258,1.6201719193835848,3.3451433338024565,0.0024402785446853287,0.00037460710309503154,-0.0006511683537580373,-0.0006727774581425233,2.2581149451014748e-05,5.957839654111008e-06,0.0026887461834214643,0.00171151964996423,-0.007041233411110105,5.0828852094148e-05,-0.0005491040985336759,-0.00027343581811149417,0.014767364236735518,-0.003560791005046998,0.0113135988779067,0.010209454460224983,-0.000603692499677233,-0.0005993872416666796,-0.0016117989398525545,4.979195137266626,0.24846665739712182,-1.2008116103060609,-1.237989745836698,0.02621370933509443,0.006906476370740001,3.140456374692687,1.9992637757452187,-12.914775003660411,0.15210856952527416,-0.7671301754425197,-0.9902239981027553,29.309070490145654,-2.0543579148132207,7.007931844642344,18.043568959070303,-0.7183271353955766,-0.7139228005894291,-0.9278213344954971,1.4243815237293704,2.410811585897851,0.504886778435802,1.5214509920698693,1.506874456581503,2.2379111064422967,0.19489340611011657,0.19489340611011657,1.313025862649604,1.313025862649604,0.09849088712016846,0.7167371137285848,0.7167371137285848
african_female_auth_african_f_0022_frame_0004_subdiv_head_var_0.glb,african_female_loPoly_0022_grp.fbx,bad,variation_long_faces_001,african,female,0022,0004,0.05016478104047589,0.14882159552147706,0.05355454046947534,0.053697570860469904,0.08628276565066985,0.08642430458213415,0.08787851678409449,0.0872359375973644,0.05793377040119335,0.03338788122172342,0.072579921690376,0.02723248570466446,0.05280108182567148,0.1699413334816316,0.16219726667476841,0.05579747040317155,0.08178195867194847,0.08169748829918036,0.16755914713113687,2.9666549406724023,1.067572495258464,1.0704237065670346,1.7199868884317833,1.7228083685325357,1.7517970767815958,1.7389877078697367,1.1548693964087868,0.665564177281749,1.4468302299937132,0.5428606512344126,1.052552821531673,3.3876622195263435,3.233289636884852,1.11228374261518,1.630266433455814,1.6285825753582384,3.340174992410319,0.0011552829707749818,-0.0019459589742960581,-0.0006728127780560172,-0.0006467773382969055,0.00014024700763476394,0.00015977062452866841,0.002262101122705945,0.0016284419418065577,0.003413010967796948,-2.828477916869132e-05,0.0010009229608677062,-0.00038104604526186664,0.00241611911694066,-0.0033873245565535504,0.0007573564599438476,-0.000784763873117808,-0.002259485668697908,-0.0022593822716731465,-0.006159529075955322,2.3572634209229153,-1.290701424987705,-1.2407258288724359,-1.190146463678779,0.16280811130671924,0.18521009411259015,2.642134811684381,1.9022188762051881,6.260020959477548,-0.08464399885952267,1.3983472507768928,-1.3799250625117279,4.795317862807487,-1.9542784181755486,0.46912591746120885,-1.38694394655013,-2.688537407257665,-2.691122544600316,-3.5456919258424877,0.620376762296094,0.6131649609371671,0.35986020306649386,1.6870111289036158,1.7959918209553707,0.7623650537559092,0.5618483622565147,0.5618483622565147,1.6541415318022699,1.6541415318022699,0.07515314948630114,0.6106060829870115,0.6106060829870115
african_female_auth_african_f_0022_frame_0005_subdiv_head_var_0.glb,african_female_loPoly_0022_grp.fbx,bad,variation_long_faces_001,african,female,0022,0005,0.04773828469114773,0.14834538055850113,0.05400146521089343,0.05408350464742101,0.08636204240792443,0.08652223910797252,0.08610139531898817,0.08668791731619106,0.04801867715607646,0.03353158963776876,0.07451598082871533,0.02740761173099192,0.06206496985687149,0.17473575519824103,0.17049986401471257,0.0642034865843999,0.08266733325135435,0.08258477203300946,0.1697637217657956,3.107471948735714,1.131198273257336,1.1329167982746957,1.8090730106173847,1.812428738647508,1.8036130932654613,1.8158992908319953,1.0058735345591654,0.7024045764255673,1.560927069558766,0.5741222565559463,1.300108922187152,3.660285582708481,3.5715540497065437,1.3449056035376437,1.7316779139884688,1.7299484589215546,3.5561336747668157,-0.001271213378553182,-0.002422173937271982,-0.00022588803663792234,-0.00026084355134579906,0.00021952376488934555,0.00025770515036703523,0.000484979657599624,0.0010804216606332268,-0.006502082277319944,0.00011542363687665202,0.002936982099207036,-0.00020592001893440445,0.011680007148140666,0.0014070971600558813,0.009059953799887999,0.007621252308110539,-0.0013741110892920294,-0.0013720985378440492,-0.003954954441296593,-2.5938102380589014,-1.6065617999659796,-0.41655737023861783,-0.47998285008728503,0.2548378760540162,0.29873823985843806,0.5664563902297781,1.262064323175985,-11.925883543979264,0.3454125672992245,4.103133812063609,-0.7457214122382366,23.181533775585642,0.8118087199093706,5.611966574951706,13.469337868307202,-1.6350398307319964,-1.6342897591521084,-2.276643207079153,1.519880201332849,1.894837538210245,0.3323280195493897,1.5355177739063717,1.5432530921664278,1.4624211184119562,0.5417238597912862,0.5417238597912862,1.5531542679974344,1.5531542679974344,0.11155618487750893,0.6745981463790299,0.6745981463790299
african_female_auth_african_f_0022_frame_0006_subdiv_head_var_0.glb,african_female_loPoly_0022_grp.fbx,bad,variation_long_faces_001,african,female,0022,0006,0.05100348349017226,0.1508070754124674,0.0525683244533291,0.05274204987071843,0.08688727879497832,0.08704047576263484,0.08731149035572673,0.0879153190385315,0.04984419256077648,0.03393921532901251,0.0741356416513165,0.02749648510450291,0.05295915150146977,0.17633698710366086,0.16521815244025204,0.058705102175030215,0.08581638202762101,0.08575728469901787,0.18018595154150266,2.956799518243221,1.0306810605094918,1.0340872085900008,1.7035557740231688,1.7065594309731111,1.7118730796603447,1.7237120491087967,0.9772703578252815,0.665429359066272,1.45354075012546,0.5391099435355459,1.0383438125686915,3.4573518324025616,3.2393503567670536,1.1510018170884733,1.682559232334724,1.6814005403286276,3.532816568817741,0.001993985420471349,3.952091669429114e-05,-0.0016590287942022525,-0.0016022983280483821,0.0007447601519432329,0.000775941805029351,0.001695074694338189,0.002307823382973667,-0.004676566872619921,0.0005230493281204035,0.002556642921808211,-0.00011704664542341522,0.002574188792738949,0.003008329065475712,0.0037782422254274695,0.00212286789874086,0.0017749376869746342,0.0018004141281643682,0.006467275334410466,4.068569356975496,0.0262131443508949,-3.0593947424084873,-2.948417602117347,0.8645674211470821,0.899491099564377,1.9798477677951158,2.6958192916414765,-8.577589382871498,1.565258348628145,3.571777989616164,-0.4238742312407304,5.109041774269067,1.735621275515191,2.3403396473646727,3.7518276291016712,2.111979037128698,2.1444512115836303,3.7228440117173967,0.7710137193621985,0.9696514848227484,0.5535554341207222,1.5977183476090948,1.87320396835235,1.6620260176797887,1.1307832682670715,1.1307832682670715,1.1490041398634057,1.1490041398634057,0.12178094468300003,0.9135312858837625,0.9135312858837625
african_female_auth_african_f_0022_frame_0008_subdiv_head_var_0.glb,african_female_loPoly_0022_grp.fbx,bad,variation_long_faces_001,african,female,0022,0008,0.049763411593522794,0.150909700645069,0.054855576301813175,0.0549274908502861,0.0856751160538727,0.08575696962609387,0.08831358499993408,0.08794742205751885,0.05675649527775795,0.032919026095259846,0.0722890730749362,0.027861716828588484,0.060926019885936954,0.17322821495106988,0.16961309187379386,0.06428526930772609,0.08229797633008394,0.08221375391091135,0.16927510525123854,3.0325433046618415,1.102327484093819,1.1037726130785508,1.7216487638284061,1.7232936183429997,1.7746690223189798,1.767310946763266,1.1405266130336085,0.6615106368540172,1.4526550885499447,0.5598835758321474,1.2243135656291517,3.4810357530555094,3.4083895465051013,1.291817969250594,1.653784853062523,1.6520923963664158,3.4015976764999647,0.0007539135238218836,0.00014214614929589087,0.0006282230542818193,0.0005831426515192917,-0.0004674025891623912,-0.0005075643315116118,0.002697169338545538,0.002339926401961012,0.0022357358443615485,-0.0004971399056322642,0.0007100743454279135,0.0002481850786621581,0.010541057177206131,-0.00010044308711526506,0.008173181658969297,0.007703035031436732,-0.0017434680105624378,-0.0017431166599421594,-0.004443570955853654,1.5383008468066208,0.09428165746355993,1.1584984637073699,1.0730511467106427,-0.5425922024630543,-0.5883812364430708,3.1502946224854784,2.733319534746954,4.1007056167160805,-1.4877227555638552,0.9920149178269894,0.8987806446121122,20.92103796551893,-0.0579494979376907,5.062677282273896,13.613875680170286,-2.0745336116495263,-2.0762048991226933,-2.557912052332484,1.1856916346762523,1.7808845052994153,0.16221851526287784,1.9244532502168887,1.9244532502168887,1.1408381473335878,0.5482320103716606,0.5482320103716606,1.3449669600484047,1.3449669600484047,0.06282908568043799,0.9128879520211448,0.9128879520211448
african_female_auth_african_f_0022_frame_0008_subdiv_head_var_0.glb,african_female_loPoly_0022_grp.fbx,bad,variation_long_faces_002,african,female,0022,0008,0.048041085557016625,0.1504405039051186,0.054380081903198894,0.0544593340534894,0.08683078502507824,0.08705089243371812,0.08692127676401029,0.08744123269612511,0.0456092652066642,0.034065902536798365,0.07170267399727254,0.028502122006380675,0.052544616906920645,0.17673064219964543,0.1638446912344441,0.05683038716892488,0.08506720751780104,0.08499173763663023,0.17769184733104526,3.1314967628400323,1.1319494818379772,1.133599156265014,1.8074276219679677,1.8120092713226363,1.8093112542356993,1.8201344054215258,0.949380403832335,0.7090993498964113,1.4925281801172794,0.593286385515862,1.0937433302700683,3.6787395653226054,3.4105118428264536,1.182953851063104,1.770717845599902,1.7691469010574177,3.6987475464132706,-0.0009684125126842857,-0.0003270505906545207,0.0001527286556675389,0.00011498585472258932,0.0006882663820431539,0.0007863584761126363,0.0013048611026217488,0.0018337370405672737,-0.008911494226732201,0.0006497365359062549,0.00012367526776424498,0.0008885902564543489,0.0021596541981898226,0.0034019841614602864,0.002404781019619523,0.00024815289263552254,0.001025763177154665,0.0010348670657767262,0.003973171123953068,-1.9759690485036538,-0.21692372191636883,0.2816450490776843,0.21158751283946506,0.7989856726795422,0.9115663645723635,1.5240781718571963,2.14202859986154,-16.345139574988224,1.9443778675534138,0.1727815001039685,3.21795221452149,4.286307029092219,1.9627361106729464,1.4895827285951369,0.4385703318532799,1.2205444411413546,1.232617484120461,2.287129519232924,0.54469970365984,0.8977079239993145,0.3780270359141206,1.541520114723014,1.541520114723014,1.630642932733915,0.7254034245636166,0.7254034245636166,1.4839878644310678,1.4839878644310678,0.14836945006186184,1.2222440699344312,1.2222440699344312
african_female_auth_african_f_0022_frame_0009_subdiv_head_var_0.glb,african_female_loPoly_0022_grp.fbx,bad,variation_long_faces_001,african,female,0022,0009,0.049324675044016233,0.14823246984479593,0.05342082168730677,0.05346793411195158,0.08579566775795486,0.08584850704821176,0.0864227365032677,0.08629574132979262,0.053937654335652965,0.03297936793854397,0.07212263703371362,0.027531763698424496,0.05966085598333967,0.17272889080387657,0.16990107175714578,0.0645529302598638,0.08351093829402008,0.08342963127130898,0.17237960574350122,3.0052396637690286,1.0830445743359733,1.0839997235509002,1.7394066495398648,1.7404779042457448,1.7521197337062229,1.7495450553457115,1.0935227507838665,0.6686180478455037,1.462201970298902,0.5581742540392971,1.2095539591512698,3.501875899835877,3.4445451816059585,1.308735033778899,1.6930864363423943,1.6914380317124897,3.4947945544430556,0.0003151769743153232,-0.002535084650977182,-0.0008065315602245882,-0.0008764140868152276,-0.0003468508850802271,-0.0004160269093937269,0.0008063208418791629,0.0006882456742347831,-0.0005831050977434388,-0.00043679806234814267,0.0005436383042053267,-8.176805150183e-05,0.00927589327460885,-0.0005997672343085736,0.00846116154232121,0.007970695983574451,-0.0005305060466263001,-0.0005272392995445269,-0.001339070463590969,0.6430936588395194,-1.681452391700268,-1.4873150023439594,-1.6127051218089967,-0.4026477174617312,-0.48226877293301373,0.941782992957972,0.8039549211951519,-1.0695102265693328,-1.3071459554530627,0.7594941447276949,-0.2961158762390043,18.41004294918631,-0.3460288916426284,5.241059370673662,14.086923370070156,-0.6312433713966081,-0.6279882705961214,-0.7708270019250241,1.08087087688688,1.6121755867206828,0.5006384205064982,1.392104260833852,1.392104260833852,1.643769952170085,0.4896432467254235,0.4896432467254235,1.6190311705696687,1.6190311705696687,0.09899463046494096,1.0637741223792943,1.0637741223792943
african_female_auth_african_f_0022_frame_0009_subdiv_head_var_0.glb,african_female_loPoly_0022_grp.fbx,bad,variation_long_faces_002,african,female,0022,0009,0.052700311040305474,0.15174183860697035,0.05269824678306822,0.05284633360255176,0.0858326007108793,0.08598181302763415,0.0867203296795724,0.08754931455169446,0.053251990433189775,0.03322724775668862,0.07472370667089424,0.027186199013175177,0.05793603140046798,0.17252140702188146,0.17005888880647277,0.06386999293518779,0.0827220466197007,0.08263828341036472,0.17018024649581817,2.879334782121445,0.9999608302646321,1.002770810254509,1.62869248808103,1.6315238246293235,1.6455373406287532,1.661267511015946,1.0104682378907095,0.6304943386629398,1.4178987788847235,0.515864109272202,1.0993489460841739,3.273631665853664,3.2269048407780905,1.2119471721208568,1.5696690396463588,1.5680796143150375,3.2292076296411882,0.0036908129706045636,0.0009742841111972378,-0.001529106464463137,-0.0014980145962150485,-0.0003099179321557899,-0.00028272092997133624,0.0011039140181838547,0.0019418188961366212,-0.0012687690002066293,-0.00018891824420348702,0.003144707941385952,-0.0004273327367511487,0.007551068691737155,-0.0008072510163036895,0.008618978591648202,0.007287758658898434,-0.001319397720945678,-0.001318587160488785,-0.0035384297112740215,7.530811609936341,0.6462160339839913,-2.819806560506893,-2.7565232556217163,-0.35977347428167844,-0.3277371557009498,1.2893719150189793,2.2682813943647395,-2.327130093916945,-0.5653498495262547,4.393338824519702,-1.5475482840121992,14.986750581495793,-0.465734302359768,5.338815278191815,12.879941472994027,-1.569936989180891,-1.5705530131402325,-2.0368735178800326,0.924229000556356,1.7364535363021765,0.47221857980442966,1.5484923749207313,1.5484923749207313,1.3920750412541052,0.32428112373206397,0.32428112373206397,1.4658351189945924,1.4658351189945924,0.1037835657309182,0.949539513320941,0.949539513320941
african_female_auth_african_f_0022_frame_0010_subdiv_head_var_0.glb,african_female_loPoly_0022_grp.fbx,bad,variation_long_faces_002,african,female,0022,0010,0.04950428108155044,0.15083129138895054,0.05416327495819644,0.054263321453201514,0.08596275355748519,0.08606093637998136,0.08739031193801651,0.08843678660446776,0.05576777799459352,0.03331325482314007,0.07398222556205913,0.027368861389748693,0.05919450726903729,0.17135015938710008,0.1708218208754277,0.06397153786940965,0.08538564381885087,0.08531260528017867,0.17758735290097907,3.0468332858016858,1.0941129489179138,1.0961339154448342,1.7364711026885777,1.738454422521754,1.7653081719145634,1.7864472460226664,1.126524348525029,0.6729368469822191,1.4944611646856394,0.5528584759096459,1.1957452158839303,3.461320024117266,3.450647441865197,1.2922425388629866,1.7248133283299598,1.7233379298982185,3.587313036794376,0.0004947830118495269,6.373689317742959e-05,-6.407828933491233e-05,-8.102674556529493e-05,-0.0001797650855498989,-0.0002035975776241289,0.0017738962766279676,0.002829290948909921,0.001247018561197119,-0.00010291117775203945,0.002403226832550842,-0.00024467036017763316,0.00880954456030647,-0.00197849865108507,0.009381910660603121,0.007389303593120296,0.0013441994782044941,0.0013557347093251654,0.00386867669388688,1.0095655563455284,0.042274939983334744,-0.11816599095739459,-0.14909875313792725,-0.20868334056358995,-0.2360153915909248,2.071911400313343,3.3049570335448037,2.287236227368587,-0.30796823833497844,3.357446842239939,-0.886052397764317,17.484471728665053,-1.141472318241336,5.811394870152502,13.059405814621156,1.5994483302262528,1.6147990034728887,2.226977995892038,1.0117538877459133,2.254087213235438,0.347106834267999,1.9606165329892973,1.9106011737210178,1.34334364575294,1.1426700868982735,1.1426700868982735,1.3223504329713014,1.3223504329713014,0.0715607171950664,0.9827463669089116,0.9827463669089116
african_female_auth_african_f_0023_frame_0001_subdiv_head_var_0.glb,african_female_loPoly_0023_grp.fbx,bad,variation_long_faces_001,african,female,0023,0001,0.041820834295165366,0.1525508367515707,0.05840722498591704,0.058657854536685254,0.08057910883947313,0.08048823753601417,0.08560436953261676,0.08442759543579029,0.045052483508976705,0.028543150776976507,0.07641473800520268,0.0324130916456363,0.05949705342480789,0.17351026116390883,0.16990770345847744,0.06805458155230494,0.08330609178019982,0.08322559206760731,0.1739124810341516,3.647723421175414,1.396605925498457,1.4025988607182402,1.926769520444224,1.9245966488363166,2.0469311761796423,2.0187927108271584,1.077273666780601,0.6825103147278961,1.8271930556401283,0.7750465095189019,1.4226653874211677,4.1488952596999535,4.062752604582051,1.6272889505739079,1.991975846111475,1.9900509750765178,4.158512950906302,-0.0004424685281384927,0.0001341609326031834,1.886996376018052e-05,7.176245031889628e-05,-0.000982711687255014,-0.0010442453821492559,0.0016141829568843136,0.0005749499187065604,-0.0029432451228309994,-0.0005701294790511416,0.0057812655762223275,-0.0010891567143249473,0.011223336985807929,-0.0002151923312194437,0.014556466971425874,0.01347271479408222,-0.0006753267743907915,-0.000671539728987966,-0.0007738618788104834,-1.046933151411245,0.08802247646611365,0.03231802600539073,0.12249059079261612,-1.204867278474952,-1.2807722085409763,1.9218709026546024,0.6856669997244428,-6.132306367113789,-1.9583141234423465,8.184880875048584,-3.2509958812991355,23.249374222078085,-0.1238692010238317,9.370036119821387,24.683499473847814,-0.8041383272798701,-0.8004322848796345,-0.44300078981907703,1.4416677771320217,2.9068993909254606,0.33836310870293906,1.4937366403360646,1.7812275036882566,1.2513427491960885,0.1825944724786515,0.1825944724786515,1.2800427463691142,1.2800427463691142,0.09128012712821115,0.772815068115139,0.772815068115139
african_female_auth_african_f_0023_frame_0001_subdiv_head_var_0.glb,african_female_loPoly_0023_grp.fbx,bad,variation_long_faces_002,african,female,0023,0001,0.04508238356389321,0.1540513827274613,0.059143533522357995,0.059285209937188145,0.08024454413559584,0.08020425570293095,0.08478634421013993,0.08477361287096082,0.04244443581677984,0.02889649750777664,0.07304516256712784,0.03283246975347168,0.05504045332141422,0.16870370719633881,0.15993114232057104,0.057618418458682395,0.0816594574557401,0.08157634473486884,0.1681860618267543,3.4171082038981213,1.3118989912886163,1.3150416027397025,1.7799534494858487,1.7790597870509912,1.8806979025404926,1.8804155008977075,0.9414860631010177,0.6409709341748302,1.6202595513523428,0.7282771485881999,1.220886052828327,3.7421203995845236,3.5475307576385777,1.278069478669477,1.8113385096421948,1.8094949354054097,3.730638190156735,0.0028190807405893484,0.0016347069084937937,0.0007551785002011327,0.0006991178508217871,-0.0013172763911322993,-0.001328227215232472,0.0007961576344074905,0.0009209673538770891,-0.005551292815027864,-0.00021678274825100846,0.0024116901381474876,-0.0006697786064895697,0.006766736882414255,-0.005021746298789459,0.004579905833519471,0.003036551700459675,-0.0023219610988505085,-0.0023207870617264342,-0.0065002810862077876,6.67028024850655,1.0725249712409504,1.2933717689333122,1.1933170927174366,-1.6150649686646246,-1.6290773538267602,0.9479174494863272,1.0983163956221937,-11.566222606211074,-0.7446180792565464,3.4143728960407023,-1.9992049467641893,14.017435121169708,-2.8906220693390114,2.9480974449155437,5.563297631263629,-2.7648510096803847,-2.7662293239691143,-3.721115788339887,0.867620731107296,1.1117279829237217,0.4637805704118461,2.177770146106787,2.2110645828190183,1.4418865305061412,0.4101243275692223,0.4101243275692223,1.5417139141893472,1.5417139141893472,0.0858083689356061,1.0019731032009185,1.0019731032009185
african_female_auth_african_f_0023_frame_0002_subdiv_head_var_0.glb,african_female_loPoly_0023_grp.fbx,bad,variation_long_faces_001,african,female,0023,0002,0.04332370477148271,0.15244801518522005,0.05763395901196342,0.057832487625187334,0.08084179370795279,0.0808390146567965,0.08454486604597188,0.08465267661434059,0.04064998896685374,0.02874999092610407,0.07129216566644633,0.03221020536305331,0.06098640409015645,0.17228726165352173,0.16715595628693178,0.06560835894956063,0.08200599057519743,0.08192075837628691,0.17009422244273134,3.5188129913941957,1.330310030408578,1.3348924781533194,1.8659944742575638,1.8659303280546724,1.9514689819791793,1.9539574711085688,0.9382851531573332,0.6636087813299937,1.6455694646265229,0.7434776303862008,1.4076913415378085,3.9767435071002444,3.85830245055497,1.5143755432648622,1.8928665267144202,1.8908991926796215,3.926123662321089,0.0010604019481788504,3.133936625254741e-05,-0.0007543960101934408,-0.0007536044611790235,-0.0007200268187753517,-0.0006934682613669169,0.0005546794702394331,0.0008000310972568619,-0.007345739664953964,-0.0003632893299235773,0.0006586932374659793,-0.0012920429969079383,0.01271268765115649,-0.0014381918416065398,0.011804719799880209,0.01102649219133791,-0.0019754279793931795,-0.001976373420308361,-0.004592120470230748,2.5090371015540884,0.020561638734183294,-1.2920316215573586,-1.2863197293789046,-0.88279885628521,-0.8505423072457777,0.6604098560244162,0.954091659629114,-15.30498624430883,-1.2478474659287542,0.9325511189164227,-3.856585931265638,26.33459486638159,-0.8278532665605449,7.59872921955412,20.201749859859415,-2.35222030467262,-2.3557103538414013,-2.628780472276979,1.3368584293572359,2.3857976996292614,0.07563504183957073,1.8968011562288392,1.8968011562288392,1.7762425653854816,0.5483560236328583,0.5483560236328583,0.8724560576399241,0.8724560576399241,0.11589599935419288,0.9255271840993976,0.9255271840993976
african_female_auth_african_f_0023_frame_0002_subdiv_head_var_0.glb,african_female_loPoly_0023_grp.fbx,bad,variation_long_faces_002,african,female,0023,0002,0.042011455294788405,0.1514636237340399,0.05831139625549486,0.05847372774669109,0.08223570833054164,0.08224403369903324,0.08572910168472107,0.08529308262943557,0.04363473704202626,0.029271059936386908,0.07232478076056004,0.032611280026442216,0.054675285927362115,0.16956472716206217,0.1628447133504902,0.06079854646276579,0.0813442358837361,0.08126198360112061,0.16730178970322626,3.6052934294049375,1.3879880105635973,1.3918519921861612,1.9574591680651234,1.9576573370748183,2.0406125206368637,2.0302339452643605,1.038639026804654,0.6967399660639234,1.7215490454464701,0.776247330581945,1.3014375613440052,4.036154567182941,3.8761978657447598,1.4471897256629422,1.9362394211996505,1.9342815675133562,3.9822897952306913,-0.0002518475285154531,-0.0009530520849276025,-7.695876666199974e-05,-0.00011236433967527076,0.0006738878038134999,0.0007115507808698185,0.0017389151089886312,0.001440437112351839,-0.0043609915897814475,0.00015777968035925877,0.0016913083315796829,-0.0008909683335190308,0.006401569488362152,-0.004160726333066106,0.007493476863438625,0.0062166797045430724,-0.0026371826708545126,-0.002635148195474668,-0.007384553209735828,-0.5959011996019041,-0.6252938399336222,-0.13180499199334508,-0.19179353951382466,0.8262294777893833,0.8727206082807795,2.070378909589256,1.7178195195503656,-9.086207698264493,0.5419508862337554,2.394485607769373,-2.6594284775938584,13.260983327130733,-2.3950009911373082,4.823570788934918,11.38964288649313,-3.1401978154730252,-3.1409276325005524,-4.22732143028216,0.8610920366009273,1.773306042223803,0.3002758542451468,1.5969873870455338,1.6421612776009662,1.1153785365096462,0.6082201438364306,0.6082201438364306,0.7162797848052597,0.7162797848052597,0.07054872207600188,0.9114716768665023,0.9114716768665023
african_female_auth_african_f_0023_frame_0003_subdiv_head_var_0.glb,african_female_loPoly_0023_grp.fbx,bad,variation_long_faces_001,african,female,0023,0003,0.04210593870317021,0.1521121292960251,0.0585781974763391,0.058696849452140556,0.08200539691655231,0.08196107093042235,0.08591981793387855,0.08543976040341941,0.05040592583212596,0.02923616846656249,0.07028798675095639,0.0322081533377933,0.05532006940527298,0.172482258037682,0.16346657005457202,0.06198373463565981,0.08492515319879428,0.0848524539456713,0.1776266101651528,3.612605109420643,1.391209869213263,1.3940278084269664,1.9475969291328974,1.9465442038524459,2.0405629367291493,2.0291617533036153,1.1971215316553632,0.6943478608247073,1.669312902544655,0.7649313690604955,1.3138305690144336,4.096387905126922,3.8822687508986564,1.472090079088843,2.016940028281572,2.01521344872149,4.2185643079316755,-0.0001573641201336462,-0.0003045465229424005,0.00018984245418223605,0.00011075736577419865,0.000443576389824174,0.0004285880122589236,0.001929631358146111,0.001587114886335686,0.002410197200318258,0.00012288821053484111,-0.0003454856780239629,-0.00129409502216795,0.007046352966273019,-0.0012431954574462778,0.00811533356752045,0.007401867877437088,0.0009437346442036643,0.0009553221490760239,0.002940267252190709,-0.37234222036919484,-0.19981181278623658,0.325137528039959,0.18905061223561817,0.5438529779736981,0.5256653506910983,2.2974485910996245,1.8927427710224538,5.021691031732714,0.42210362231304455,-0.48912458377483486,-3.862710968719733,14.596665610316103,-0.7156092745391166,5.223861586835105,13.561038339389523,1.12374220446182,1.138682728024789,1.6831695043588522,0.9932458174926058,2.1663068413790896,0.48396357829135506,1.9572946840429328,2.13191083524278,0.8561284770247961,0.6852144492713921,0.6852144492713921,1.5937582299555617,1.5937582299555617,0.05718495729920741,0.8471544229452322,0.8471544229452322
african_female_auth_african_f_0023_frame_0003_subdiv_head_var_0.glb,african_female_loPoly_0023_grp.fbx,bad,variation_long_faces_002,african,female,0023,0003,0.044166003252975275,0.1543518141166716,0.05800310904502408,0.05954535336668983,0.08216309861970135,0.08090480792507472,0.08798475774743088,0.08808576935217652,0.041107982964577516,0.029096707187776308,0.07451200433662689,0.0326971972848551,0.05834353887009676,0.1767471988977051,0.16964757277268808,0.06645721295986745,0.08281618421546469,0.08273161949600284,0.17191095704870332,3.4948105499284354,1.3132976672757153,1.34821693114553,1.8603245158744668,1.831834487301599,1.9921376458600817,1.9944247354155271,0.9307607647700893,0.6588032659671597,1.6870895903764471,0.7403250209798513,1.3210056281505709,4.0018834823094025,3.8411348158667638,1.5047142160274716,1.8751115816640194,1.8731968800104086,3.892382022073107,0.0019027004296714167,0.0019351382977040865,-0.00038524597713278375,0.0009592612803234687,0.0006012780929732092,-0.0006276749930887032,0.0039945711716984356,0.004233123835092792,-0.0068877456672301884,-1.6573068251340972e-05,0.003878531907646532,-0.0008050510751061446,0.010069822431096796,0.0030217454025768253,0.014296336285636507,0.01187534620164473,-0.0011652343391259229,-0.0011655123005924334,-0.002775385864258767,4.502015466293073,1.2696368604722372,-0.6597993332516268,1.637353245731677,0.7372053358914027,-0.769846533091258,4.75599749751312,5.048288946626444,-14.350747167666803,-0.0569261454071623,5.491067866649582,-2.4029762613433023,20.859845012805902,1.7393797752622149,9.202589312398617,21.756944030969255,-1.387490660649514,-1.3892159071875834,-1.5887823959092269,1.0716781040500902,2.985166717499697,0.3475568070059273,2.2961493264906823,2.2961493264906823,1.8650262261652502,0.3271711012477933,0.3271711012477933,1.270856972722321,1.270856972722321,0.0477206933712376,0.9713528115126717,0.9713528115126717
african_female_auth_african_f_0023_frame_0004_subdiv_head_var_0.glb,african_female_loPoly_0023_grp.fbx,bad,variation_long_faces_002,african,female,0023,0004,0.04335234173743217,0.1521485906284006,0.05807569334424197,0.058200619529231674,0.08145237737396098,0.08142057946253174,0.08628650669540192,0.08626312203511888,0.0461141389280338,0.02906499956953259,0.07518061504571558,0.031504335816593634,0.05996412232585707,0.17241318992257326,0.1671778854467815,0.06377316834570876,0.08272549668350898,0.0826465646633256,0.17231473391760233,3.5095818248966544,1.3396206759944655,1.3425023239051213,1.8788460809634115,1.878112604750712,1.9903539978994638,1.9898145885078173,1.0637058364073786,0.6704366685787745,1.7341765642339357,0.7267043613792035,1.3831806984968844,3.977021379071311,3.8562596332006978,1.471043219117375,1.9082128754322958,1.9063921659384133,3.9747503136334337,0.0010890389141283152,-0.00026808519056689684,-0.0003126616779148897,-0.0003854725571346834,-0.00010944315276716077,-0.00011190345563168169,0.0022963201196694732,0.002410476518035151,-0.0018815897037739032,-4.8280686495059955e-05,0.0045471426167352225,-0.0019979125433676123,0.01169040588685711,-0.0013122635725550114,0.01182664895972993,0.009191301587486038,-0.0012559218710816306,-0.001250567133269681,-0.002371608995359764,2.576795568205858,-0.17588967160346305,-0.5354863616148163,-0.6579591561874926,-0.13418429365648576,-0.1372501506473224,2.7340338357254663,2.874657684525949,-3.920327407066255,-0.16583732946088706,6.437659738882617,-5.963517797078152,24.216917091165826,-0.7553663243664008,7.612845077493589,16.839478261526068,-1.4954758953794536,-1.490595812383221,-1.3576384712234912,0.8546895351900162,2.2004825783636615,0.20888641623554546,1.7878209382589412,1.7878209382589412,0.997377172573511,1.006815663400865,1.006815663400865,1.1688023809782968,1.1688023809782968,0.09879098453661342,0.9623164484094106,0.9623164484094106
african_female_auth_african_f_0023_frame_0008_subdiv_head_var_0.glb,african_female_loPoly_0023_grp.fbx,bad,variation_long_faces_001,african,female,0023,0008,0.042128574756687916,0.15183713667974577,0.0581363004357884,0.058253067720477135,0.08090885522182636,0.08081979207448825,0.08440627750759558,0.08450070966453165,0.043624765762176054,0.028715836957221116,0.06909903239822325,0.032653108203267237,0.05049424025625562,0.1717350953266102,0.15600820053463668,0.05505283783022641,0.08221667259927845,0.08213794257317378,0.16928128963306915,3.604136564236406,1.3799731125857577,1.3827448010504901,1.9205220136003314,1.9184079343120455,2.003539830034152,2.0057813527412804,1.0355148735538606,0.6816237464255178,1.6401939253179643,0.775082195204896,1.1985746146857164,4.076451584665755,3.7031445149914632,1.3067813983307557,1.9515654890799872,1.9496966856239155,4.018205947168809,-0.00013472806661594255,-0.0005795391392217353,-0.0002520545863684623,-0.0003330243658892229,-0.0006529653049017758,-0.0007126908436751733,0.00041609093186313617,0.0006480641474479187,-0.0043709628696316505,-0.0003974432988065324,-0.0015344400307571032,-0.0008491401566940102,0.002220523817255654,-0.001990358168518086,0.0006569640475851124,0.0004709710720036883,-0.0017647459553121608,-0.0017591892234214979,-0.005405053279892935,-0.3187826260981522,-0.38023342006886524,-0.43168639752364,-0.5684358762115171,-0.8005771581420212,-0.8741189010403648,0.4954042237874474,0.7728607051710555,-9.106983046684967,-1.3651615184250674,-2.1723978419720655,-2.53457662772515,4.599860920303435,-1.1456917385879215,0.4228894873584543,0.8628709495956125,-2.101352877440406,-2.0968407211900533,-3.0941475960636584,1.0597086448954236,0.5185029703129734,0.3472312298804241,1.8542961470658592,1.8292191806807558,0.7080613144373082,1.052393552056009,1.052393552056009,1.6090393648142167,1.6090393648142167,0.1198204838847926,1.159157996646081,1.159157996646081
african_female_auth_african_f_0023_frame_0008_subdiv_head_var_0.glb,african_female_loPoly_0023_grp.fbx,bad,variation_long_faces_002,african,female,0023,0008,0.04118453385219055,0.15101088086509723,0.05783044001976252,0.057989623335548614,0.08189843744050139,0.08181957803479974,0.0845454937943546,0.08446613662934911,0.04861296120309017,0.029301468744420474,0.07267670833576108,0.03173520502754065,0.06074046871855243,0.16977331152278496,0.16898491074416686,0.0665581374803404,0.08150869023128214,0.08143178316665702,0.1688182956874374,3.666689087876253,1.4041785741053519,1.4080436977548605,1.9885726456060233,1.9866578635670988,2.052845713825112,2.050918845712672,1.180369343927988,0.7114677769470971,1.7646602143560624,0.770561229160366,1.4748368631911013,4.122258907484392,4.103115780080118,1.61609544299359,1.9791092093894564,1.9772418320652128,4.099070206629476,-0.0010787689711133086,-0.0014057949538702763,-0.0005579150023943408,-0.0005964687508177441,0.0003366169137732494,0.0002870951166363128,0.000555307218622153,0.0006134911122653852,0.0006172325712824681,0.00018818848839282504,0.0020432359067807243,-0.001767043332420594,0.012466752279552469,-0.003952141972343309,0.013633674257115286,0.011976270722117675,-0.0024727283233084707,-0.0024653486299382604,-0.005868047225524697,-2.552495661835683,-0.922336710413502,-0.955524440074783,-1.018106396204824,0.4127138305635768,0.35212360320791253,0.6611572628445617,0.7316300022286065,1.28601562863537,0.6464008409147309,2.8927303677942935,-5.274402223500912,25.825134667859707,-2.274935475965897,8.776032019707577,21.941848883930774,-2.944375512901247,-2.9385374412028584,-3.359190608534559,1.1504569484647407,2.776073472125153,0.15276789122373335,1.8251625133847198,1.8250365976093739,1.8826722953244117,0.39279637333407963,0.39279637333407963,1.62552762340295,1.62552762340295,0.11629110353398059,0.7055587402817081,0.7055587402817081
african_female_auth_african_f_0023_frame_0009_subdiv_head_var_0.glb,african_female_loPoly_0023_grp.fbx,bad,variation_long_faces_001,african,female,0023,0009,0.04331174143146743,0.15244084400306385,0.05774221923893401,0.05784955717696288,0.08209302182249746,0.08208814296603562,0.08800099350333461,0.0876933514266112,0.04762626156970817,0.02905997174301399,0.07535324335451997,0.031630569484208365,0.06521467408655289,0.17303998195438786,0.17029350399108986,0.06729664825786506,0.08276915418676022,0.08270074463511756,0.17089700012333042,3.519619367978367,1.33317704000196,1.3356553041973334,1.8953987789291273,1.8952861338056435,2.0318045544896735,2.0247015827190693,1.0996154852158888,0.6709490494395348,1.7397878927069257,0.7303001089036724,1.5057042716636704,3.9952210702077315,3.9318092129947453,1.5537737812816685,1.9110096119715392,1.9094301430011933,3.9457429896634917,0.0010484386081635738,2.416818409634036e-05,-0.0006461357832228537,-0.0007365349094034801,0.0005312012957693207,0.0005556600478721918,0.004010806927602167,0.003840705909527467,-0.0003694670620995322,-5.330851301365777e-05,0.004719770925539615,-0.0018716788757528816,0.016940957647552927,-0.0006854715407404177,0.014942267504038292,0.012714781499642343,-0.0012122643678303957,-0.0011963871614777133,-0.0037893427896316667,2.4807304165198087,0.015856653457687303,-1.1066175489575996,-1.2571838864379214,0.6512867078478759,0.6815198409079781,4.77532803666973,4.580303800605766,-0.7697915473559019,-0.18310720243425924,6.682059883556186,-5.586726167279378,35.09354343778359,-0.39457173773308934,9.618376938559946,23.294882082293146,-1.4434911778042725,-1.426016761071521,-2.1692266988036475,1.6725206389555822,2.879475135805449,0.2513086854565584,1.5444481667088326,1.5444481667088326,1.9909333409551633,0.8805183821975889,0.8805183821975889,1.3189705343212377,1.3189705343212377,0.020054145435841483,0.6179610190600108,0.6179610190600108
african_female_auth_african_f_0023_frame_0009_subdiv_head_var_0.glb,african_female_loPoly_0023_grp.fbx,bad,variation_long_faces_002,african,female,0023,0009,0.03846549618194657,0.15024609313410098,0.05975160958241093,0.05987433143962044,0.08231110431704082,0.08227529511508531,0.0863894231196156,0.0864200673102407,0.04411136732368415,0.029377828724413625,0.07563280215197006,0.031336353652662394,0.05726650945231821,0.17177340160163923,0.165366887373017,0.06338959369623183,0.0813252646580142,0.0812468553352778,0.16660847591497038,3.905996491593877,1.553382004999452,1.5565724449882934,2.1398685182091266,2.138937574753045,2.2458938969871314,2.2466905639657697,1.146777546168439,0.7637449569206868,1.9662505273353947,0.8146613657194893,1.488776049617052,4.465648923105781,4.299096691507919,1.647959859828434,2.114239324337209,2.11220089170227,4.331374672170914,-0.0037978066413572875,-0.002170582684866529,0.0013632545602540666,0.0012882393532540823,0.0007492837903126798,0.0007428121969218909,0.0023992365438831598,0.002567421793156971,-0.0038843613081235573,0.0002645484683859757,0.004999329722989707,-0.002165894707298853,0.008992793013318248,-0.001952051893489043,0.010015650885965427,0.00880772693800911,-0.0026561538965764048,-0.0026502764613174773,-0.008077866997991706,-8.986062109805552,-1.4241110253871647,2.334805561377345,2.198882545971811,0.9186697715595209,0.911062892157318,2.8565677035611907,3.0618256315287002,-8.093139574818988,0.9086865721055368,7.077847868822207,-6.46492344044386,18.628756343385735,-1.1236418464976312,6.447100848663167,16.136727197375002,-3.162787605034106,-3.1589595550691176,-4.624212095399194,0.8459097909073281,2.334859867897707,0.460380691470527,1.2132169485067779,1.2132169485067779,0.8746468997640805,1.3262400094052131,1.3262400094052131,1.019099665252327,1.019099665252327,0.08880352621265795,1.131768534209848,1.131768534209848
african_female_auth_african_f_0023_frame_0010_subdiv_head_var_0.glb,african_female_loPoly_0023_grp.fbx,bad,variation_long_faces_001,african,female,0023,0010,0.04011311479206578,0.14982992763717573,0.05853463827284122,0.05868518325362382,0.08068774356564537,0.08064310192553273,0.08518992328395089,0.08556314372986912,0.03862486732659071,0.029245254277559137,0.07304820891245409,0.032710554767681144,0.06097247449600359,0.17375476775484586,0.16569129640856298,0.06326762621373243,0.08427871967599006,0.08420249511289161,0.1759902914137678,3.7351855724455363,1.4592394177382393,1.4629924292299417,2.0115053140078043,2.0103924201239947,2.123742415056762,2.1330466151382783,0.962898730921553,0.7290696429124904,1.8210555149136098,0.8154578605337117,1.5200134622321504,4.331619936660064,4.130601606667954,1.5772304529751084,2.101026562331681,2.0991263218867897,4.387350429555224,-0.002150188031238079,-0.002586748181791776,0.0001462832506843592,9.909116725746042e-05,-0.0008740769610827703,-0.000889380992630695,0.001199736708218449,0.0017104982127853913,-0.009370861305216992,0.00013197402153148838,0.002414736483473734,-0.000791693592280103,0.012698758057003628,2.931425971758328e-05,0.010340059921511408,0.008685759455509708,0.00029730112139944587,0.0003053633162963393,0.0013039485008057017,-5.087600560296181,-1.6971556215175425,0.2505349750457065,0.16913769758082234,-1.0716741674449648,-1.090830256602627,1.4284248638222372,2.039885804720261,-19.52436513070611,0.4533120980215354,3.4186857879621764,-2.3631058541917476,26.305739424579293,0.01687390024191552,6.655923799083019,15.913269317050618,0.3540082157652417,0.3639734872423035,0.7464513132863496,1.3311195493449235,2.3590694016527767,0.3772062974759088,1.52895182244975,1.52895182244975,2.3375043737571786,0.4312411560585556,0.4312411560585556,1.308401848277296,1.308401848277296,0.12744729948422287,0.7673467748440224,0.7673467748440224
african_female_auth_african_f_0023_frame_0010_subdiv_head_var_0.glb,african_female_loPoly_0023_grp.fbx,bad,variation_long_faces_002,african,female,0023,0010,0.04522039645079077,0.15211607086928908,0.05775501359302318,0.05786343084955991,0.08116412470517798,0.08115029110106739,0.08534123330376192,0.08502565613861313,0.04533876387190736,0.029024516411166382,0.07126925478142268,0.03274240378412052,0.05637764628088973,0.17178693322200905,0.1621744456187087,0.06062097982940837,0.08350705512936678,0.08342838478432764,0.1732332042108428,3.3638818499705794,1.2771894571042226,1.2795869870917076,1.7948565487147263,1.7945506335703147,1.8872287728974468,1.880250126314987,1.0026175670804967,0.6418456866637849,1.5760422370241383,0.7240627317310473,1.2467304735428488,3.7988816265454264,3.5863118934657803,1.3405671906343557,1.8466679127910761,1.8449282034737386,3.830864340151389,0.0029570936274869106,-0.0003006049496784291,-0.0006333414291336825,-0.0007226612368064489,-0.0003976958215501647,-0.00038219181709603367,0.0013510467280294786,0.0011730106215293995,-0.002656964759900342,-8.87638448612664e-05,0.0006357823524423267,-0.0007598445758407249,0.008103929841889769,-0.0019385202731192208,0.006823209131657126,0.006039113071185646,-0.0004743634252238338,-0.0004687470122676368,-0.0014531387021192999,6.996835149988273,-0.19722576159282718,-1.0847050390327762,-1.2335030569049004,-0.4876004716199759,-0.46876018418285015,1.6085768863142886,1.398895186068299,-5.535835866318153,-0.30489125265397954,0.9001148189076859,-2.2680405436574222,16.78745793713671,-1.1158527631494035,4.392117685027784,11.064321229496715,-0.564843311042052,-0.5587163735276341,-0.8318559298269412,0.8073176045437362,1.7991494669570374,0.41436666017552304,1.8089276349856034,1.8089276349856034,0.9113706500929063,0.5227935527151228,0.5227935527151228,1.399817118205935,1.399817118205935,0.08904810663041289,0.6864927879598834,0.6864927879598834
african_male_auth_african_m_0001_frame_0001_subdiv_head_var_0.glb,african_male_loPoly_0001_grp.fbx,bad,variation_long_faces_003,african,male,0001,0001,0.04621074483323447,0.14298389573918313,0.050703871777869336,0.05098535454040688,0.07733238435611979,0.07721587151729052,0.0851849591495397,0.08469459509026495,0.06438486424010567,0.029800976685886348,0.08036243637625815,0.03028594277017971,0.056024240413593177,0.17876447168045756,0.16171736246388121,0.059697418787542325,0.08437269586547892,0.0841394666056901,0.16894956451835466,3.094169900424328,1.0972312166975382,1.103322500522401,1.6734719302880146,1.6709505937622837,1.8434015607615835,1.8327900880176493,1.3932877401664492,0.6448928013048099,1.7390422220258608,0.6553874619306775,1.2123639343138417,3.868461162562593,3.499561910276225,1.2918514731363586,1.8258241924029457,1.8207771138364672,3.656066681635636,0.0003549607362919663,-0.0003674641506757337,-0.00029188770912206424,-0.00024549778683865403,-0.0013583830232608701,-0.001463279352330621,0.0007482709315550923,0.00039101051636171447,-0.0002516612065349283,-3.252096703460633e-05,0.002075614194905845,-0.0003440513275251335,0.0011314714024272185,0.0008874606855707179,0.0007790574719543641,9.639587604961392e-05,-0.0007875804966167577,-0.0007811351269022132,-0.0026815981905250474,0.7740806166165497,-0.2563380988907726,-0.5723764329787507,-0.4791991069570663,-1.7262292242136748,-1.8598057250966198,0.8861917104367366,0.46381244443875586,-0.38934828998919846,-0.10900822764045653,2.651294479801034,-1.1232497349743655,2.061239436103253,0.4989181460870334,0.48407212440409636,0.16173527120962575,-0.9248214428849657,-0.919841723875133,-1.5624191715542746,0.5544598587883979,0.7009956301264862,0.3907845777645362,1.7419126510609944,1.7419126510609944,0.8260987796952023,0.9179716895446932,0.9179716895446932,1.0568732824653564,1.0568732824653564,0.09879553761494793,0.9206498449844581,0.9206498449844581
african_male_auth_african_m_0001_frame_0002_subdiv_head_var_0.glb,african_male_loPoly_0001_grp.fbx,bad,variation_long_faces_003,african,male,0001,0002,0.046178910752338244,0.1432415013488332,0.050966447161718616,0.051207301117297745,0.07839913488767526,0.07839224622814242,0.0846527447667701,0.08466888825447265,0.060986049869185856,0.029740376675831563,0.07882571454786946,0.030014753389554213,0.05695598051176867,0.17678613723895678,0.167143332303668,0.06498215467631704,0.08562537781564569,0.085424795935133,0.17405190847087,3.1018813353361794,1.103673653868892,1.1088893237852062,1.6977259448179072,1.6975767715390098,1.8331472827665982,1.833496868485264,1.3206472148349202,0.6440250796588067,1.7069634875239703,0.649966681772251,1.2333764392414721,3.828287293025969,3.619473252629823,1.4071824912636492,1.8542095606122564,1.849865978720764,3.769077824384521,0.00032312665539573765,-0.00010985854102565917,-2.931232527278449e-05,-2.3551209947791918e-05,-0.0002916324917053986,-0.00028690464147872186,0.00021605654878548153,0.00036530368056941764,-0.003650475577454744,-9.312097708939066e-05,0.000538892366517163,-0.0006152407081506314,0.0020632115006027144,-0.0010908737559300608,0.0062050273117411625,0.005381131764824333,0.00046510145355001253,0.0005041942025406781,0.0024207457619902784,0.7046584455139271,-0.0766358555022197,-0.05747992689521924,-0.045970755663705676,-0.37060572849593926,-0.36465142074823637,0.25587994193673563,0.43331927392622394,-5.647697725442129,-0.31213563415442613,0.6883564200227885,-2.0086216999850235,3.7586216504819205,-0.6132741661379831,3.8555316660334062,9.028589614670361,0.5461483609710622,0.5937242462416157,1.4104348672952478,0.6321389485492754,1.4093285607164467,0.32312148737188223,1.3601683591047904,1.3560619080925436,1.1131405140987145,1.2589979728413248,1.2589979728413248,1.281385126326044,1.281385126326044,0.1266485343196358,0.7676615583473676,0.7676615583473676
african_male_auth_african_m_0001_frame_0003_subdiv_head_var_0.glb,african_male_loPoly_0001_grp.fbx,bad,variation_long_faces_003,african,male,0001,0003,0.04649683578996857,0.14210964306070525,0.050592709875550715,0.0508178530070233,0.07586936512100118,0.07589112447175093,0.08429995671625447,0.0841803659636736,0.05185803779890197,0.029906229805933732,0.07901681702074344,0.029884082043364794,0.059825142556981466,0.17662922930105235,0.16799045728610532,0.0666385247915842,0.08593478487368923,0.08569486282330797,0.17444252010900263,3.0563293317986298,1.088089307928042,1.0929314251957543,1.6317102837645043,1.6321782586359137,1.8130256668872446,1.810453647726176,1.1153025129097074,0.6431884943961248,1.6994020276491777,0.6427121660139316,1.2866497588614063,3.7987365441146665,3.6129438580495474,1.4331840792908555,1.848185654220995,1.8430256891114332,3.751707339763486,0.0006410516930260637,-0.0012417168291536107,-0.00040304961144068535,-0.00041299932022223484,-0.002821402258379485,-0.002788026397870208,-0.0001367315017301446,-0.0001232186102296251,-0.012778487647738632,7.27321530127785e-05,0.0007299948393911376,-0.0007459120543400512,0.004932373545815508,-0.0012477816938344932,0.007052152294178465,0.007037501880091494,0.0007745085115935524,0.0007742610907156555,0.0028113574001229213,1.3979734632185836,-0.8662051271140078,-0.7903590719998983,-0.8061535216789552,-3.585429844364152,-3.543539002461063,-0.16193375725153256,-0.14616058243835137,-19.76976262173569,0.24379358350447183,0.9324619636496376,-2.435234077945655,8.98547046298975,-0.7014856427233092,4.38189795433239,11.807686405889639,0.9094715807407613,0.9117470612769999,1.6380226968988947,0.7275524538930017,1.2289629816630807,0.48957305781038407,1.6996262153355632,1.7014220651071752,1.6174767595152737,0.4139342849866025,0.4139342849866025,1.5156411027330001,1.5156411027330001,0.13993784672538548,0.9603878920403711,0.9603878920403711
african_male_auth_african_m_0001_frame_0004_subdiv_head_var_0.glb,african_male_loPoly_0001_grp.fbx,bad,variation_long_faces_003,african,male,0001,0004,0.04532274111169609,0.14290288410827795,0.05078088631972664,0.0509984071863413,0.07832068849245169,0.07831865408534412,0.08490776652862818,0.08483011874460258,0.05983010843232213,0.02950708566436876,0.07939527802749055,0.030794618975377,0.05637052061809429,0.17908612039760133,0.17156205073138014,0.06969744759463062,0.08357347981069424,0.08333774283070604,0.16735607905426908,3.153006208430763,1.120428400272154,1.1252277760662746,1.7280660121468265,1.7280211250314919,1.8734031624295708,1.8716899433673293,1.3200902453113594,0.6510437131692834,1.7517757328892365,0.6794518208747544,1.243757973048704,3.9513523675951268,3.7853414538315833,1.5378030076085654,1.8439634885438798,1.838762192810084,3.6925409838259053,-0.0005330429852464166,-0.00044847578158091483,-0.0002148731672647619,-0.00023244514090423746,-0.0003700788869289706,-0.00036049678427702014,0.0004710783106435662,0.0005265341706993526,-0.00480641701431847,-0.00032641198855219364,0.001108455846138251,0.0001646248776721558,0.0014777516069283333,0.0012091094027144866,0.010623745739453294,0.010096424683137907,-0.0015867965514014398,-0.0015828589018862804,-0.0042750836546106286,-1.1624334764825404,-0.3128507339766377,-0.42135497034723896,-0.45372101057280034,-0.470295181065857,-0.4581859111245337,0.5579071379817911,0.6245691370783598,-7.436069592395267,-1.0941123710991867,1.4158907147495408,0.5374629754972476,2.692069708904169,0.6797446145242698,6.60112938308019,16.940019130428446,-1.8633060144784985,-1.8639280334712738,-2.4908551495756126,0.982685877898314,2.301760841341759,0.22148059956800303,1.97486868382882,1.97486868382882,0.9415940420006099,0.37776025635581484,0.37776025635581484,1.3170924168922566,1.3170924168922566,0.09088975536707931,0.9210930819728856,0.9210930819728856
african_male_auth_african_m_0001_frame_0005_subdiv_head_var_0.glb,african_male_loPoly_0001_grp.fbx,bad,variation_long_faces_003,african,male,0001,0005,0.045768832771946516,0.14338733937510656,0.051221874328253335,0.05142006242445321,0.0780724478942079,0.07806008284013237,0.08530499053016374,0.0851390173612691,0.06615504393463892,0.029095399805726556,0.07962314950934511,0.02986139952174823,0.06251676422137878,0.1752891132842883,0.1706667223118679,0.06886872099884209,0.08453547091427997,0.0842990692587228,0.17039200443438507,3.132859867534009,1.1191431204609876,1.123473318200296,1.705799409026256,1.7055292458316396,1.863822723101002,1.860196387036859,1.4454168902290185,0.6357033387917257,1.7396805792729155,0.6524396125752072,1.3659243733149715,3.8298794762301602,3.728885181805994,1.5047078290590443,1.8470095432736275,1.8418444201704212,3.722882890271672,-8.695132499599023e-05,3.5979485247694676e-05,0.0002261148412619346,0.00018921009720767462,-0.0006183194851727553,-0.0006190680294887729,0.0008683023121791311,0.000835432787365864,0.0015185184879983188,-0.000738097847194398,0.0013363273279928117,-0.0007685945759566132,0.007623995210212821,-0.00258789771059853,0.009728417319941063,0.009267698087349376,-0.0006248054478157072,-0.000621532473869521,-0.0012391582744946394,-0.18961909976758598,0.025098809858057007,0.44339930130781685,0.36932841952162704,-0.7857586166261907,-0.7868260176252128,1.0283471918480418,0.9909813344099226,2.349319486939163,-2.474057369274407,1.7069633059024858,-2.5092873785901424,13.88888800392269,-1.4548803671278918,6.044811594374049,15.5495621293478,-0.7336817991983459,-0.7318983393766726,-0.721989092736321,0.7422428677609929,2.002944944171479,0.06615982772511178,1.815782160879094,2.021713484802042,1.0145560794395585,0.1150550281992222,0.1150550281992222,1.2556375684911132,1.2556375684911132,0.15227470146186733,0.7859103618322275,0.7859103618322275
african_male_auth_african_m_0001_frame_0007_subdiv_head_var_0.glb,african_male_loPoly_0001_grp.fbx,bad,variation_long_faces_003,african,male,0001,0007,0.045455051300706956,0.14270864730554741,0.050751186974803186,0.051391233263407554,0.07934562803877404,0.08004923952807118,0.08475308609920221,0.08597369047186972,0.05703198325476335,0.030133409890860764,0.07939880969539445,0.028925538872426538,0.06390298035500899,0.17635407469398334,0.17290039315828923,0.07035157905544655,0.08503137964519306,0.0847961629517602,0.1724682577677412,3.1395553018180817,1.1165136881940745,1.1305945498428747,1.745584390915427,1.7610636714170023,1.8645471443540986,1.8914001417160997,1.254689668645833,0.6629276401320903,1.7467543743407803,0.6363547734457549,1.4058499226468835,3.8797464670607584,3.8037663188293473,1.547717515266612,1.870669534232174,1.8654948245640057,3.794259446035623,-0.0004007327962355506,-0.0006427125843114501,-0.0002445725121882139,0.0001603809361620176,0.0006548606593933803,0.001370088658450036,0.00031639788121759493,0.001670105897966484,-0.007604542191877249,0.0002999122379398096,0.001111987514042151,-0.001704455225278307,0.009010211343843035,-0.001522936300903499,0.011962088166362378,0.010750556143953836,-0.00012889671690262394,-0.0001244387808321118,0.0008370950588614812,-0.873898035171249,-0.44834774138540806,-0.47959382240517934,0.3130553736204853,0.8321950353288504,1.7413617753963864,0.3747161191362355,1.981061548459325,-11.765085049559213,1.0052868806364903,1.4204019055291572,-5.5646606389846625,16.41420446837038,-0.8561737643248776,7.43271663446588,18.037536301882554,-0.1513577954521471,-0.14653544404214047,0.48772906134846816,0.7716264144154003,2.231988206854659,0.3423343092077364,1.619898225993353,1.619898225993353,1.4684609733208394,1.1774988834738591,1.1774988834738591,1.3509258371053563,1.3509258371053563,0.11427165243250528,0.9068564518261255,0.9068564518261255
african_male_auth_african_m_0001_frame_0008_subdiv_head_var_0.glb,african_male_loPoly_0001_grp.fbx,bad,variation_long_faces_003,african,male,0001,0008,0.045803331290990075,0.14391316237284077,0.051705590911848905,0.05191378973369499,0.07696797040683406,0.077042066611704,0.08489622779660165,0.08482028695270474,0.0596251987143866,0.029507857999238402,0.07891403164279846,0.030029147596441808,0.06259140780651364,0.17842800606599107,0.17191445536467298,0.0707750641808314,0.08534517625722053,0.08511058697655209,0.17185307037162753,3.1419802515794255,1.1288609246205605,1.13340641980569,1.6804011463239215,1.682018849726305,1.8534946128099965,1.8518366363756091,1.301765549225792,0.6442295171015838,1.722888475981256,0.6556105582291742,1.3665252295486623,3.8955246493411595,3.7533177286275263,1.5451946875041704,1.8632962680163985,1.8581746038479543,3.751977542415841,-5.2452805952431236e-05,0.0005618024829819046,0.0007098314248575044,0.000682937406449452,-0.0017227969725465975,-0.001637084257917143,0.0004595395786170381,0.0005167023788015118,-0.005011326732253997,-0.00032563965368255163,0.0006272094614461626,-0.0006008465012630367,0.007698638795347677,0.0005509950711042322,0.01097615037274613,0.011174041269338693,0.0001848998951248515,0.00018998524395977268,0.00022190766274782225,-0.11438645524312079,0.39190593197968565,1.3919420594933518,1.3330588413541833,-2.189325418877567,-2.0807091075880417,0.5442415948748193,0.6129067718924264,-7.753088052963178,-1.0915235533929046,0.8011686309009005,-1.9616278715119277,14.024868728669283,0.30976182252133233,6.820098157052621,18.74806961942935,0.21711988619984016,0.22372102891830642,0.12929334000039458,0.8569206179725957,2.1666081767514545,0.34719743021007454,2.088771549530517,2.1516936318239046,1.14155724456688,0.997385240997557,0.997385240997557,1.5545331139303573,1.5545331139303573,0.10980726660535582,1.087716639067252,1.087716639067252
african_male_auth_african_m_0001_frame_0010_subdiv_head_var_0.glb,african_male_loPoly_0001_grp.fbx,bad,variation_long_faces_003,african,male,0001,0010,0.04593143122760394,0.14349706104452695,0.051219105238420125,0.05152992844505488,0.07818447352287368,0.07827260947448125,0.0846567366749659,0.08461989479629121,0.06137846878598083,0.029637924279339846,0.08040492184256746,0.029042928757602345,0.061758990598822394,0.17761367015713775,0.17290394536539785,0.07092476530316055,0.08637498523850418,0.08615760585662116,0.1763103287240875,3.12415827700766,1.1151210373701221,1.1218881508331129,1.7021998103095526,1.7041186695580448,1.843111229333711,1.8423091232880249,1.3363064713100754,0.6452645495080502,1.750542486780721,0.6323105546980666,1.3445910338127323,3.866930888284518,3.764392720719005,1.5441444650768053,1.8805202217734163,1.8757875283634105,3.8385550811690856,7.56471306614312e-05,0.00014570115466808198,0.0002233457514287246,0.00029907611780934096,-0.0005062938565069813,-0.0004065413951398894,0.0002200484569812866,0.00031631022238798323,-0.003258056660659772,-0.000195573373581108,0.0021180996612151642,-0.0015870653401025003,0.006866221587656436,-0.0002633408377490931,0.011965640373471004,0.011323742391667842,0.0012147088764084962,0.0012370041240288426,0.004679166015207792,0.16496747826077424,0.10163918555082319,0.43796926190637137,0.5837812650450217,-0.6433967711435046,-0.5167079088252583,0.2606076358812203,0.37520376385739035,-5.040581371208445,-0.6555495968202699,2.705563468023472,-5.181409226002501,12.508426358050457,-0.14804658357828093,7.434923820075796,18.999241688323966,1.4263796787643537,1.4566596312212463,2.7262916252245986,1.1292463334317615,3.269749538348195,0.24950154868092514,2.0244920269846456,2.1494724548646045,1.8115414066622049,0.6467803556133452,0.6467803556133452,1.2973244541578173,1.2973244541578173,0.03565443032815072,0.9365904477144298,0.9365904477144298
african_male_auth_african_m_0005_frame_0001_subdiv_head_var_0.glb,african_male_loPoly_0005_grp.fbx,bad,variation_long_faces_003,african,male,0005,0001,0.050932825234398925,0.14559986009055845,0.0504006976997011,0.05050365648201751,0.08390173930852891,0.08392805634467664,0.08642876886307296,0.08653093119790181,0.05127662819942203,0.03351630385055768,0.07671231650832733,0.029379382643523053,0.06265167292839156,0.174951326647665,0.1710151582411196,0.06545939177887429,0.08264960789793549,0.08245602693033015,0.17123322072775835,2.8586645139061218,0.9895523656453591,0.9915738278721762,1.6473018907237744,1.6478185916141452,1.696916840275745,1.6989226652885672,1.0067501255514668,0.6580491794105601,1.5061468935855828,0.5768260941409717,1.230084383500446,3.4349425118775203,3.3576609476126147,1.2852103035247382,1.6227179135964314,1.6189172022336813,3.3619423218665503,-0.001260206243520967,-0.0010776265333277135,2.5962233152196368e-05,-1.8851845128335654e-05,-0.0004833124836294417,-0.00048685001293632957,0.00041623829156221814,0.0005171528785098967,-0.0085645366597231,-0.0001567452690288476,0.0006497634576528716,-0.0008531937532533472,0.003799903347425658,-0.003325785625240524,0.007126416804495439,0.006426412110343109,-0.00044956024400984174,-0.0004441844852588056,-3.491320199974779e-05,-2.414510534905591,-0.734691163675983,0.05153820245753243,-0.037313755299450406,-0.5727465627678319,-0.5767346478758759,0.48392750311672084,0.6012442292554238,-14.312115547687634,-0.4654917601081571,0.8542488144198704,-2.8221007103593077,6.456735922269768,-1.865514637767652,4.348326030224124,10.88613880991145,-0.5409924720809818,-0.5358062152966705,-0.020385112629338672,0.7350579431281,1.6964052851932012,0.43096981588529626,1.7144322791623512,1.7151895743572183,1.3954551351430944,0.07884752383038786,0.07884752383038786,1.5550100504577113,1.5550100504577113,0.10167057124322192,0.816581637157549,0.816581637157549
african_male_auth_african_m_0005_frame_0002_subdiv_head_var_0.glb,african_male_loPoly_0005_grp.fbx,bad,variation_long_faces_003,african,male,0005,0002,0.05185982547218848,0.14637458142920232,0.05036840114369001,0.050510237400441804,0.08375857138665944,0.08381159240146005,0.0884182598932679,0.08765391126875063,0.055454309067083866,0.03312417318831853,0.07495903821175622,0.030492991315474605,0.06226092401866666,0.17512228116534845,0.17055119508750652,0.06452726016619591,0.08255845480990974,0.08236744842174715,0.17043173961926047,2.822504319990441,0.9712412389567664,0.9739762319009261,1.6150955122588622,1.6161179031812736,1.7049471163508847,1.6902083736428672,1.0693115250999647,0.6387251188510544,1.4454163223506302,0.5879886991102093,1.2005617730444562,3.3768389995693964,3.2886958938758895,1.2442629642246048,1.5919539654869144,1.588270837238343,3.286392464059873,-0.00033320600573141096,-0.0003029051946838446,-6.33432285888913e-06,-1.2270926704041618e-05,-0.0006264804054989109,-0.0006033139561529149,0.002405729321757158,0.0016401329493587191,-0.004386855792061266,-0.0005488759312679975,-0.0011035148389182403,0.0002604149186982048,0.003409154437700755,-0.003154831107557071,0.006662453650882361,0.005494280497664726,-0.0005407133320355917,-0.0005327629938418066,-0.0008363943104976179,-0.6384109071579274,-0.20651103428064674,-0.012574404213190173,-0.024288039351855428,-0.7424068507322145,-0.7147007349591226,2.79695214845125,1.906825838144758,-7.330832884665766,-1.6300155335464825,-1.4507991050248545,0.8613719032095855,5.792781528872427,-1.7696220604738508,4.065229613993182,9.307137346810181,-0.6506844101158457,-0.6426557722163098,-0.48835372424892937,0.7009379625049789,1.1822183302915403,0.11959086525702242,1.8694986657925614,1.8694986657925614,0.6178785711530744,0.20245338717404462,0.20245338717404462,1.7832819155994866,1.7832819155994866,0.0960475098251482,0.9537859314364976,0.9537859314364976
african_male_auth_african_m_0005_frame_0003_subdiv_head_var_0.glb,african_male_loPoly_0005_grp.fbx,bad,variation_long_faces_003,african,male,0005,0003,0.05174527157501698,0.14415779265386966,0.04973676964230217,0.049814152196388725,0.08564715297977064,0.08567204069411784,0.0881714827467824,0.08811409411091681,0.062166468548553455,0.033843959567209814,0.0808716576853799,0.029519197393138116,0.06618501622527688,0.1721503152909435,0.17641167514458353,0.07015712925913385,0.08107529769027635,0.08088108042125668,0.16647377549234563,2.785912379353907,0.9611848218865174,0.9626802735815456,1.6551686825259944,1.6556496484884806,1.7039524590948765,1.70284339861227,1.2013941884221921,0.6540493176878008,1.562880147766494,0.5704713975719129,1.2790543794774771,3.3268801196911486,3.4092327622405687,1.35581720075475,1.5668155799074044,1.5630622462576211,3.217178505885366,-0.0004477599029029111,-0.002519693970016501,-0.0006379658242467307,-0.0007083561307571207,0.0012621011876122884,0.0012571343365048726,0.00215895217527165,0.0021003157915248927,0.002325303689408323,0.00017091044762328894,0.0048091046347054495,-0.0007133790036382842,0.007333246644310974,-0.006126796981962029,0.012522933707959372,0.01112414959060267,-0.002023870451668977,-0.002019130994332277,-0.004794358437412466,-0.8578921174416448,-1.7178464316596582,-1.2664400484452543,-1.4020604958295775,1.4956454500032335,1.4892326376329599,2.5100437819076826,2.4418364505810506,3.885792823187268,0.5075585730781828,6.3225653647222755,-2.359636817834518,12.46053720478564,-3.4366705315392174,7.6411189677736315,18.843957484552725,-2.435488220786898,-2.4356162184076044,-2.7993289396022543,0.8231674230727866,2.370258810294468,0.5103968181712271,1.7686918136915668,1.7388470670463012,0.9446175208893939,1.0433870812171593,1.0433870812171593,1.2846784234651176,1.2846784234651176,0.08618846672149423,0.8999508353058419,0.8999508353058419
african_male_auth_african_m_0005_frame_0005_subdiv_head_var_0.glb,african_male_loPoly_0005_grp.fbx,bad,variation_long_faces_003,african,male,0005,0005,0.053693205612368754,0.14564556199176198,0.04935337951331092,0.04927001996022523,0.08365490547407335,0.08359053668465179,0.08726118606241319,0.08814166233909934,0.05647333651680733,0.03343870502669447,0.07802337640191193,0.031076842712383326,0.06681455047931346,0.17530640132898898,0.1749278846889632,0.0689531246355585,0.08321185568351423,0.08302652581485058,0.17193280781462733,2.712551063596976,0.9191736449786839,0.9176211291224415,1.5580165966995763,1.556817771099811,1.6251811577871544,1.6415794388479397,1.0517780764387468,0.6227734895938405,1.453133138766043,0.5787853855614177,1.2443762617131222,3.2649643344931047,3.257914715538363,1.2842057733218013,1.5497650910294238,1.5463134463278276,3.2021334143443454,0.0015001741344488617,-0.001031924632124176,-0.0010213559532379832,-0.001252488366920615,-0.0007301463180850037,-0.0008243696729611782,0.001248655490902445,0.0021278840197074267,-0.0033678283423378003,-0.0002343440928920526,0.00196082335123747,0.0008442663156069258,0.007962780898347559,-0.0029707109439165436,0.01103914325233904,0.009920144967027318,0.00011268754156890104,0.00012631439926162613,0.000664673884869238,2.87428051594111,-0.7035330750998353,-2.027516261432697,-2.4790700390614817,-0.8652555192871897,-0.9765688413712639,1.4517134684978414,2.4738873948846085,-5.627945830040301,-0.6959396283354162,2.5779089349408624,2.7925715113613245,13.530231894544281,-1.6663445498090619,6.735754485373165,16.80441174192579,0.13560610062475537,0.15236921246002197,0.38808964027239273,0.8564939209993785,2.4642008371974744,0.5388307815881559,1.9200188664682316,1.9200188664682316,1.385237089762829,1.1757489547307955,1.1757489547307955,0.7935193821052453,0.7935193821052453,0.09575754021617922,0.9649209159924445,0.9649209159924445
african_male_auth_african_m_0005_frame_0006_subdiv_head_var_0.glb,african_male_loPoly_0005_grp.fbx,bad,variation_long_faces_003,african,male,0005,0006,0.052942718582396776,0.14699561209519615,0.050466785859324,0.05070447662635542,0.0843755553867907,0.08448315782314947,0.08861224976375318,0.08868228478311754,0.05374380187186642,0.03360339133647834,0.072549558277715,0.03082647447779997,0.06361098953303873,0.17674305902880585,0.16937598364376197,0.06187429291633232,0.08230343514399506,0.08210978133898547,0.169882989550366,2.77650290788187,0.9532337441414274,0.9577233278537086,1.5937140676951411,1.5957464989574552,1.6737381860329394,1.6750610311991803,1.0151311324941292,0.6347122368523652,1.3703406288969342,0.5822608906987568,1.201505915002051,3.3383827608651013,3.1992309458033525,1.1687026010958428,1.5545751587331709,1.5509173600746415,3.2088074450874786,0.0007496871044768844,0.00031812547130999347,9.205039277510041e-05,0.00018196829920957142,-9.496405367653837e-06,6.825146553650352e-05,0.0025997191922424306,0.0026685064637256284,-0.006097362987278712,-6.965778310818321e-05,-0.003512994772959452,0.0005938980810235688,0.004759219952072825,-0.0015340532440996646,0.00548724220713781,0.002841313247801139,-0.0007957329979502714,-0.0007904300766034822,-0.0013851443793921059,1.4363739435101357,0.21688773010253323,0.18273126781226678,0.3601727333711962,-0.011253658279482515,0.0808523855340962,3.0224889036150686,3.102417445047883,-10.189245148604243,-0.20686508923145167,-4.618560161422693,1.9644309278480616,8.086791588357052,-0.860488048376813,3.3481507997666387,4.8130947544153235,-0.9575703532808476,-0.9534717259536999,-0.808757792596837,0.3948419239339196,1.0682587474171317,0.430042645512225,1.8627620526442614,2.0947580024671386,1.3309789473659224,0.2941025445117718,0.2941025445117718,1.4245750982604455,1.4245750982604455,0.11546469006949195,0.9258946646140388,0.9258946646140388
african_male_auth_african_m_0005_frame_0007_subdiv_head_var_0.glb,african_male_loPoly_0005_grp.fbx,bad,variation_long_faces_003,african,male,0005,0007,0.05286472982853065,0.14645161379324603,0.05056494554136995,0.05068950778730418,0.08207425773797022,0.0821766678480907,0.08831370455078585,0.08773484777522372,0.060049549062525395,0.032810513795939855,0.07862875999256637,0.03008222400597305,0.0660684497010168,0.17137419537186466,0.17288872635692978,0.06664328905708387,0.08233521629538887,0.08214818485340268,0.16963176971993987,2.7703085642973875,0.9564968118702173,0.9588530566923937,1.552533381030833,1.554470591538721,1.6705600281555526,1.659610255453797,1.1359095044521945,0.6206503637181608,1.4873576436993552,0.5690414781943693,1.2497642552097223,3.241749195119795,3.270398371801064,1.2606380335858076,1.557469726270184,1.553931801408129,3.208789116489365,0.000671698350610761,-0.00022587283064012809,0.00019021007482104835,0.00016699946015833605,-0.002310794054188131,-0.0022382385095222612,0.002301173979275109,0.0017210694558318085,0.00020838420338026298,-0.0008625353236466696,0.002566206941891913,-0.00015035239080335092,0.007216680120050896,-0.006902916901040862,0.008999984920305626,0.007610309388552693,-0.0007639518465564626,-0.0007520265621862726,-0.0016363642098182196,1.2869502529181909,-0.15399284228214005,0.3775902206917919,0.3305446734294602,-2.738392647882295,-2.651473070455412,2.6753938803857364,2.000922979387119,0.3482288552884294,-2.561500506186595,3.3738112105995874,-0.4973191461756547,12.262469202599723,-3.872015208813748,5.491521163328918,12.891623345601738,-0.9193255042595889,-0.9071467362323974,-0.9554399713897384,0.718930696058313,1.8244545228695905,0.44670518498831974,1.767081859721127,1.7532618844853438,1.333144040384956,0.16341404343948088,0.16341404343948088,1.559859613745192,1.559859613745192,0.05404947287263955,0.9243206311416423,0.9243206311416423
african_male_auth_african_m_0005_frame_0008_subdiv_head_var_0.glb,african_male_loPoly_0005_grp.fbx,bad,variation_long_faces_003,african,male,0005,0008,0.05508387422515364,0.1469866848695167,0.048831215642965844,0.04898653176891745,0.08399718102244891,0.08404825604940794,0.08854069432657231,0.08826013626591327,0.05522297681576286,0.03344142088598719,0.07755391236300795,0.030498237879370185,0.06439842576746538,0.17670037534629562,0.16887420275590215,0.06264736053303582,0.08282843367645451,0.08264441089825417,0.17040997659273632,2.668415882817413,0.8864884020933197,0.8893080317605568,1.524896028175379,1.525823251027393,1.6073795747311628,1.602286286275956,1.0025252869840027,0.6071000153202082,1.4079240695018787,0.5536690784440756,1.169097611112806,3.207842183068647,3.065764801975149,1.137308539282598,1.503678432963808,1.5003376589026343,3.0936454450569473,0.0028908427472337447,0.00030919824563052645,-0.001543519823583056,-0.0015359765582283955,-0.00038787076970944745,-0.0003666503082050271,0.0025281637550615688,0.002246357946521352,-0.004618188043382272,-0.00023162823359933193,0.00149135931233349,0.00026566148259378475,0.005546656186499473,-0.0015767369266098952,0.0049854613192779895,0.003614380864504642,-0.00027073446549082114,-0.0002558005173347866,-0.0008581573370217699,5.5387523302928034,0.21080143432194187,-3.0640752934732984,-3.0401827009113718,-0.45964393156358896,-0.43434308468193983,2.939297028308748,2.6116257074303033,-7.717410004054266,-0.687874248562187,1.9607010973453858,0.8787259117688406,9.424790836354726,-0.8844303716319097,3.0419791350987153,6.12264684045987,-0.3257968419471633,-0.3085643727160443,-0.5010607153422507,0.5339609353348892,0.9502925439742835,0.4272259045581712,1.9156871770803823,1.9156871770803823,0.6229588104014032,1.0752231589628318,1.0752231589628318,1.5638750898463576,1.5638750898463576,0.10342214377742287,0.9646933353400573,0.9646933353400573
african_male_auth_african_m_0005_frame_0009_subdiv_head_var_0.glb,african_male_loPoly_0005_grp.fbx,bad,variation_long_faces_003,african,male,0005,0009,0.05274699438639376,0.14756613144177322,0.05095567152322486,0.05094923881094401,0.08389707667811025,0.08384391562920934,0.08670104772543342,0.08682030355296161,0.06062093417540041,0.0330931088599859,0.07606915775886035,0.03058795259958026,0.058105414223132576,0.1771350336832707,0.16566623414924964,0.05952960106248081,0.08441054046035185,0.08422951926525439,0.17698875594395372,2.7976216115896513,0.966039337709999,0.9659173836089987,1.5905565360469476,1.5895486862249941,1.6437154141961539,1.645976317000484,1.1492775063414373,0.6273932618333673,1.4421515129681513,0.5798994417674442,1.1015872069882533,3.3582014623559893,3.140771072862944,1.1285875480676988,1.600291001265577,1.5968591242988746,3.3554282666314057,0.0005539629084738706,0.0008886448178870576,0.0005809360566759597,0.0004267304837981614,-0.0004879751140481059,-0.0005709907284036225,0.0006885171539226798,0.0008065252335696937,0.0007797693162552785,-0.0005799402596006267,6.604708185892205e-06,0.00035537620280385804,-0.0007463553578333296,-0.0011420785896348318,0.001777492712625478,0.0004966213939496256,0.0013113723184065146,0.001329307849665437,0.0057206220141956254,1.0613733151488298,0.6058494990207607,1.1532289972256577,0.8446343974748345,-0.578271985007482,-0.6764098345198575,0.8004847076906395,0.9376698121257413,1.3030650691555037,-1.722268326640174,0.008683258608861067,1.1754744224900087,-1.2681952694838237,-0.6406198614472421,1.084572800452455,0.8412609303107234,1.5780811622163315,1.6035035700951994,3.340155511089888,0.6150531206586817,0.5602031184596347,0.2396482057959497,1.8467951388968031,1.8326659463298731,0.969425502272368,1.0984857133190795,1.0984857133190795,1.6811431435274231,1.6811431435274231,0.05866025469180579,0.942775146666985,0.942775146666985
african_male_auth_african_m_0026_frame_0003_subdiv_head_var_0.glb,african_male_loPoly_0026_grp.fbx,bad,variation_long_faces_003,african,male,0026,0003,0.04777290049252684,0.1364218588396363,0.04644174032300749,0.046659133875435604,0.07800723947849586,0.07815953282078719,0.09014942909430722,0.08969430237767907,0.04895808071312546,0.03165918447464829,0.06036733089784069,0.026919256793866,0.05384446707307744,0.16991876174132525,0.16873118721513078,0.06077921564309154,0.08333616345333589,0.0832119306826668,0.1773277496112654,2.8556327422693735,0.97213566361273,0.9766862257554267,1.632876351953941,1.6360642124506082,1.88704115021045,1.8775142696581724,1.0248086301727488,0.6627017440484019,1.263631269516156,0.5634838269465553,1.1270922744475267,3.5568022872696585,3.531943538607742,1.2722529931503592,1.7444233570530692,1.7418228708069279,3.711889958178381,0.0013541941693832396,-0.00011479276130899052,-0.0002617528577674999,-0.0002859438934170386,-0.0006981703392429373,-0.0007219278291611397,0.0032499684842442617,0.002791984525810448,-0.008281551637241258,-1.795504150462618e-05,-0.0014773754671125322,0.00017733378416118564,0.0026208024090248402,-0.004908894047345097,0.007459525809443979,0.0053956440350556925,0.0010861523310529975,0.0010880597820012577,0.003580622068018624,2.917345778566131,-0.08407468614690691,-0.5604567023591455,-0.6091030348803854,-0.8870677896979605,-0.9152059599464486,3.7399179021692515,3.212784877118687,-14.46821249051611,-0.05668138531091319,-2.3888470880504435,0.6631302621611396,5.116389907307919,-2.807847548604616,4.625441162089336,9.742318666701543,1.3205497679972238,1.3249007506201707,2.0608237492314134,0.6944572978471261,1.4347293706367108,0.5340455002626652,1.8586311926823549,1.9436856572827839,1.4549946111200052,0.6298128678736548,0.6298128678736548,1.648507879955895,1.648507879955895,0.10454177098840675,0.9225296122847071,0.9225296122847071
african_male_auth_african_m_0026_frame_0004_subdiv_head_var_0.glb,african_male_loPoly_0026_grp.fbx,bad,variation_long_faces_003,african,male,0026,0004,0.04653752267098295,0.13516470466438885,0.04636806351642639,0.04658364330930653,0.07892967677319233,0.07912310692911281,0.08818782394776138,0.08805489832719127,0.05373595261444176,0.031851622484961484,0.06439412407525617,0.025679910611255092,0.059591622053380824,0.17266655002252976,0.17409743631525562,0.06682665545387922,0.0827244713772049,0.08260272066014232,0.17580973148713944,2.904424148659436,0.9963586554498265,1.0009910419737993,1.6960437995640565,1.7002002338738071,1.8949832068037478,1.8921268961765172,1.154680127568268,0.684428836277991,1.3837033081996684,0.5518108643816362,1.2805069679941807,3.7102651819966925,3.741012119319552,1.4359736319945313,1.7775864856851356,1.774970301795775,3.777805980995207,0.00011881634783934836,-0.0013719469365564563,-0.0003354296643486021,-0.00036143445954611025,0.00022426695545353648,0.00024164627916448134,0.0012883633376984255,0.0011525804753226426,-0.0035036797359249625,0.00017448296880856473,0.0025494177103029536,-0.0010620123984497222,0.008367957389328225,-0.002161105766140592,0.012825774909568821,0.011443083845843374,0.00047446025492201005,0.00047884975947677655,0.0020626039438926547,0.25596652136793496,-1.0048195268229045,-0.7182110833771173,-0.7699091720025153,0.28494477822157366,0.30634103016529224,1.4825907188073306,1.3262942851389772,-6.12107309578573,0.5508166819153344,4.122289295479109,-3.9713389275120985,16.336116215442576,-1.236134956103805,7.952900588842421,20.66151299672238,0.5768512957604585,0.5830823050900489,1.1871298093139753,1.0004269913433221,2.959532991290291,0.4707916194522629,1.4481578591268671,1.6125120511295048,2.0068340103716436,1.054346692426568,1.054346692426568,1.7304736380390304,1.7304736380390304,0.10260071037198502,1.0665367233472376,1.0665367233472376
african_male_auth_african_m_0026_frame_0006_subdiv_head_var_0.glb,african_male_loPoly_0026_grp.fbx,bad,variation_long_faces_003,african,male,0026,0006,0.053423387484558424,0.14035062811047552,0.045277624690425636,0.0454363420825509,0.07887133663671606,0.07906562579790193,0.08927133795167337,0.08895351411982767,0.057281093035854054,0.03139823197671296,0.06460915433704452,0.025296667697757125,0.06526764557503548,0.1728480581329732,0.1785533401207644,0.07138312818497806,0.0835506873412848,0.0834257750192236,0.17784695063193404,2.6271383137402635,0.8475244049904688,0.8504953396241279,1.4763447312193212,1.4799815122310462,1.6710160503670137,1.6650668987536392,1.0722100513077848,0.5877244677864794,1.2093795878391134,0.4735129853955613,1.2217054860832353,3.2354380033076984,3.342231717754209,1.3361774972732823,1.5639346599920199,1.5615965019690508,3.3290092411930856,0.007004681161414825,0.0038139765095302203,-0.0014258684903493551,-0.0015087356863017418,0.0001659268189772578,0.00018416514795359384,0.002371877341610415,0.002051196267959049,4.146068548733367e-05,-0.00027890753943995983,0.0027644479720912996,-0.0014452553119476894,0.014043980910982877,-0.001979597655697163,0.017281678715077603,0.015999556576942214,0.0013006762190019144,0.0013019041185580588,0.004099823088687254,15.090211934498498,2.7933719369926413,-3.053023217835661,-3.2138314771368117,0.21082009402085708,0.23347076288414859,2.7294500160979727,2.3603470179650023,0.07243352863196376,-0.8804694606270819,4.469983179769586,-5.404455436593684,27.416978076616545,-1.1323137902678726,10.715880623071582,28.88863269811362,1.58136904938307,1.5852931727156423,2.359649420774903,1.1535148905425356,3.096434573578532,0.49226051622073663,2.0068439081478924,2.0068439081478924,1.4087663806665673,0.5679132303334589,0.5679132303334589,1.2229071821960344,1.2229071821960344,0.09992200129633502,1.062988429088385,1.062988429088385
african_male_auth_african_m_0026_frame_0007_subdiv_head_var_0.glb,african_male_loPoly_0026_grp.fbx,bad,variation_long_faces_003,african,male,0026,0007,0.04658549766636544,0.1363108362856229,0.04663835991149688,0.04684921674196258,0.07885571543190908,0.07905444567832805,0.08884346896416748,0.08837530067836134,0.05128675887253746,0.03173030146047814,0.0625510983092817,0.026812216518040992,0.05573379674256542,0.17371976782201196,0.17067112936944082,0.06367222378614985,0.08138935276229443,0.08126229101517299,0.17120073513138642,2.9260358505097357,1.0011347360826761,1.0056609693747578,1.6927095208181628,1.6969754459745758,1.9071057177588582,1.8970560604779798,1.1009168398251612,0.6811197271675237,1.3427161121527176,0.5755485690002474,1.1963765449436214,3.729052527594591,3.663610735507174,1.366782088326191,1.7470963462746745,1.744368850519849,3.6749792039893294,0.0001667913432218393,-0.0002258153153223974,-6.51332692781087e-05,-9.586102689006226e-05,0.00015030561417028743,0.00017298502837971574,0.0019440083541045206,0.0014729828264927192,-0.00595287347782926,5.31619443252182e-05,0.0007063919443284772,7.029350833617776e-05,0.004510132078512821,-0.001107887966658394,0.009399467963754016,0.008288652178114003,-0.000860658359988456,-0.0008615798854925555,-0.00254639241186036,0.35931924095583834,-0.165388057107469,-0.13946123692717727,-0.20419824920103682,0.19097240522393064,0.2192974457551821,2.2370775842070123,1.6949868115181077,-10.399915641301497,0.16782432106317452,1.1422027621248154,0.26285883894986833,8.80478214140331,-0.633702923979943,5.828344472814223,14.96590403518029,-1.046393001344275,-1.0491223514472368,-1.465573818609776,0.7245055369727276,1.8760629185035118,0.17073868075066487,2.0718378761016334,2.0718378761016334,1.2385940401728779,0.49086772802645834,0.49086772802645834,1.6913004962066156,1.6913004962066156,0.13590225455764926,0.9630315574934998,0.9630315574934998
african_male_auth_african_m_0026_frame_0008_subdiv_head_var_0.glb,african_male_loPoly_0026_grp.fbx,bad,variation_long_faces_003,african,male,0026,0008,0.04799400854747731,0.1419076463664116,0.04918107178894918,0.049420574683188265,0.07805492509243003,0.07831711814598681,0.08849331274152814,0.08888471245458889,0.04886380243962484,0.03214777358384395,0.06452618531475304,0.026611781405409592,0.05629387053535131,0.17172024808540315,0.16775348919870578,0.060312503441901644,0.08148426063627216,0.0813562823209247,0.1715637423653288,2.9567783700757504,1.0247335714893993,1.0297238380140668,1.6263472765608948,1.63181031375016,1.8438408338821612,1.8519960125160435,1.0181229682302344,0.6698288923302224,1.3444633458970516,0.5544813240403603,1.172935377541209,3.5779517752831924,3.4953006484707,1.2566673480136268,1.6978006860099037,1.6951341382632021,3.5746908324111346,0.001575302224333712,0.0053709947654662915,0.0024775786081741857,0.0024754969143356217,-0.0006504847253087642,-0.0005643425039615207,0.0015938521314651788,0.001982394602720261,-0.008375829910741879,0.0004706340676910309,0.002681478949799823,-0.00013014160429522179,0.005070205871298708,-0.003107407703267201,0.006481827793018979,0.004928931833865793,-0.0007657504860107273,-0.0007675885797408383,-0.002183385177917996,3.3936797233581935,3.933738452268523,5.3049107024698,5.273176724777048,-0.8264803230363925,-0.715431102963343,1.8341335150711058,2.2811757519510563,-14.632920525193096,1.485721485208737,4.335826148120239,-0.4866576133959872,9.898170903138922,-1.7774119828177524,4.019198250034532,8.899627977677468,-0.9310035045129286,-0.9346716993762865,-1.2566453378485565,0.6937239527719546,1.4151965171390655,0.3858757408059377,1.966149496295961,1.9354044160468202,1.5378535019064938,0.48509361244115706,0.48509361244115706,1.6545519189043163,1.6545519189043163,0.10147187013284736,1.0352955029048123,1.0352955029048123
african_male_auth_african_m_0026_frame_0009_subdiv_head_var_0.glb,african_male_loPoly_0026_grp.fbx,bad,variation_long_faces_003,african,male,0026,0009,0.04792579584626197,0.1373859738639497,0.04675205806408828,0.04692048912679039,0.07826989078452376,0.0784462108447239,0.08901887640391104,0.08897190779356036,0.05130991205439414,0.03198291324498143,0.06572247703030537,0.026180844254024577,0.05894976745407364,0.1743482250755464,0.17430823441831625,0.06654628575282252,0.08228930447056765,0.082163427199966,0.17396324653487735,2.866639383614227,0.975509268830113,0.9790236823046938,1.633147439754587,1.6368264618153943,1.8574313651351535,1.8564513373751275,1.0706115808486072,0.667342350403055,1.3713382505140281,0.5462787584792206,1.2300216702331819,3.637878557819398,3.63704412916727,1.3885275054438742,1.7170148772184843,1.7143883737169998,3.629845753483629,0.0015070895231183712,0.0008493222630044095,4.856488331329151e-05,-2.4588642062249588e-05,-0.00043551903321503715,-0.00043524980522442747,0.002119415793848084,0.002069589941691735,-0.005929720295972579,0.00030577372882851367,0.003877770665352151,-0.0005610787556802367,0.00772610279002104,-0.0004794307131239517,0.013036573012629449,0.011162714144786673,3.9293348284757945e-05,3.9556299300455566e-05,0.00021611899163057058,3.246728835195826,0.6220470862920512,0.10398554798740993,-0.05237746581935324,-0.5533533644302033,-0.5517770609699183,2.438928595147869,2.381512936420756,-10.359466077064328,0.9652820093575445,6.2701739458005505,-2.0981241905326615,15.083073108283509,-0.2742304762717187,8.08361053578738,20.155280384927405,0.04777306136328622,0.04816662788375091,0.12438708753718945,1.1092606372116045,2.9321937186299065,0.19857184667790473,1.2353617772241527,1.3837466719455702,2.377796477084611,0.16915790307843492,0.16915790307843492,1.2984606274902357,1.2984606274902357,0.15000599289676875,0.8391073263289743,0.8391073263289743
african_male_auth_african_m_0026_frame_0010_subdiv_head_var_0.glb,african_male_loPoly_0026_grp.fbx,bad,variation_long_faces_003,african,male,0026,0010,0.04722053304049544,0.1385014811158289,0.047154965198529776,0.04734638481872021,0.07865764009007209,0.07887600393636653,0.08852703380356836,0.088821246768171,0.05180256290815322,0.031496955361201597,0.0629209552244365,0.026281428963886123,0.05671868427952384,0.17112924590535622,0.1683181623696032,0.062047675631438336,0.08053756743196594,0.0804099359884176,0.16830868067101876,2.9330774601178824,0.9986114548535605,1.002665191816383,1.6657507873241661,1.6703751283096264,1.8747571893703368,1.8809878044366752,1.09703469174582,0.6670182086718589,1.3324914221208954,0.556567816406216,1.2011445154776834,3.6240430780101316,3.564512120717839,1.313997780970143,1.7055624374866425,1.7028595572917304,3.5643113246239806,0.0008018267173518431,0.0019648295148836092,0.0004514720177547851,0.000401307049867565,-4.776972766670773e-05,-5.456713581805661e-06,0.0016275731935053994,0.0019189289163023815,-0.005437069442213498,-0.0001801841549513225,0.001076248859483278,-0.0004604940458186914,0.00549501961547124,-0.00369840988331413,0.007046500963916402,0.006664104023402485,-0.0017124436903169504,-0.0017139349122479441,-0.0054384468722280255,1.7273784231941542,1.4390491431020314,0.9666771948026983,0.8548437215154134,-0.060694338263824504,-0.0069176122460775395,1.8729382001675239,2.20814468904424,-9.498784703809621,-0.5688144753709291,1.7402441093861793,-1.721993013185982,10.727501930035666,-2.115460432521457,4.369336126692824,12.032636808918912,-2.0819981261413116,-2.0870118437562035,-3.130093112402311,0.5699489899769953,1.3972513792190493,0.5002664532272914,2.0478813187473106,2.0478813187473106,1.6877013767536073,0.38330297290880444,0.38330297290880444,1.303132816222848,1.303132816222848,0.12925446261695112,0.832806804428053,0.832806804428053
asian_female_auth_asian_f_0013_frame_0001_subdiv_head_var_0.glb,asian_female_loPoly_0013_grp.fbx,bad,variation_long_faces_001,asian,female,0013,0001,0.04956657248052441,0.15107560024769026,0.05512198109171635,0.05505285769059626,0.08131688325574644,0.08134022313000365,0.08587994529616196,0.08605689438632064,0.03205320391431692,0.03136582032660156,0.05673416453971108,0.022418477610444923,0.0540303302306968,0.181884139252435,0.17080461443009992,0.0589816698393335,0.08141561737732658,0.0814948980583149,0.17243726913264293,3.047933167197521,1.1120797411072707,1.1106851842989045,1.640558932891664,1.6410298122179756,1.7326181940440954,1.7361881219471837,0.6466697677534835,0.6328018815286401,1.1446053600337798,0.4522902530582187,1.0900558083157008,3.6694919610166816,3.4459637994378594,1.1899485255412496,1.642550882640034,1.6441503614222208,3.4789024236121353,-0.0009750586243108053,0.0018935501788747422,0.0013609425161110814,0.00128247542101724,-0.0006857340589602051,-0.0005723462298306004,0.0007198109694803029,0.0010167312650719157,-0.00678984361336777,-1.8011248796377666e-05,0.0014529090392045516,-0.0006634313805750948,0.008841442515314588,-7.329264201938468e-07,0.01129903368036378,0.010248506056723103,-0.0009672554947400824,-0.0009722683669075444,-0.0024357365556293697,-1.929218750950686,1.2692882139649342,2.5314661921889017,2.385096342792433,-0.8362343561895348,-0.6987282102168434,0.8452440513057972,1.195589504717058,-17.480203139386603,-0.057390216210874784,2.6282128111059975,-2.8742483164334534,19.565523654845297,-0.0004029617259609853,7.083785800630974,21.029839356295003,-1.1740977960821357,-1.1789763236125663,-1.3928602336551024,1.1413992917660676,2.666912509809715,0.06155682695877208,1.795441872965117,1.7943910500913491,1.4940567048921378,0.9632965779877638,0.9632965779877638,1.396812113389141,1.396812113389141,0.051140097842468125,0.7920756892973643,0.7920756892973643
asian_female_auth_asian_f_0013_frame_0001_subdiv_head_var_0.glb,asian_female_loPoly_0013_grp.fbx,bad,variation_long_faces_002,asian,female,0013,0001,0.05085753693835595,0.15253078393280628,0.054843620668326445,0.054895246624369454,0.08175349104906285,0.08166884305676804,0.08588746403263285,0.08590190925755319,0.03869212973298884,0.031103919729804246,0.056524289239901264,0.022513277458328245,0.05277956978297341,0.17970193451168257,0.16788937858649522,0.0563405381398357,0.08089471453585971,0.08097316190424295,0.17047307262101213,2.999177567676699,1.0783774435400204,1.0793925527873593,1.607500008271255,1.60583559435366,1.6887853640402684,1.6890693971608233,0.7607944085040392,0.6115891881965319,1.1114240414044028,0.44267337377381105,1.0377924878066183,3.533437624584493,3.3011700662970114,1.1078109859729475,1.5906140840818068,1.5921565765638617,3.3519726452274186,0.0003159058335207368,0.0033487338639907605,0.0010825820927211766,0.0011248643547904363,-0.0002491262656438009,-0.00024372630306621068,0.0007273297059511991,0.0008617461363044643,-0.0001509177946958512,-0.00027991184559369303,0.0012430337393947374,-0.0005686315326917726,0.007590682067591191,-0.0021829376671726186,0.008383797836759077,0.007607374357225305,-0.0014881583362069545,-0.0014940045209795028,-0.004399933067260164,0.6250408358714699,2.244729752973657,2.0136926692714816,2.0919776042336906,-0.30380282215592364,-0.2975444488812747,0.854072990492358,1.0133401732494354,-0.3885323225174009,-0.8918982531537621,2.248562787043337,-2.4635377122100164,16.797674055180025,-1.2001754961930218,5.256115677803923,15.610261609856463,-1.8063928633782085,-1.8116355705445504,-2.5160733355858604,1.0574120004539855,1.9179806881183092,0.3538194551587897,1.8881766064800893,1.9118688213719892,0.7039913499993303,0.46640283050315046,0.46640283050315046,1.4994020839519089,1.4994020839519089,0.09206246418131393,0.9362755429954671,0.9362755429954671
asian_female_auth_asian_f_0013_frame_0002_subdiv_head_var_0.glb,asian_female_loPoly_0013_grp.fbx,bad,variation_long_faces_001,asian,female,0013,0002,0.04966459061292653,0.14920207889385584,0.053867582095034366,0.05390927375676068,0.08202217539978003,0.08191387153398273,0.08682378571861778,0.08625684594578517,0.035907361243804364,0.03135940174911069,0.055540175816249794,0.022926179287865073,0.05482683973861223,0.18189608479987449,0.1671834505884573,0.055437339872889686,0.08278269498315781,0.08286604805755515,0.17678577076840896,3.00419427709975,1.084627526981243,1.0854669915013728,1.65152222916807,1.6493415232675344,1.748202988227584,1.73678761631299,0.7229972260046883,0.6314237440013967,1.11830531835279,0.4616202208641165,1.1039422466182995,3.662490368994025,3.3662504517845226,1.1162347094523446,1.6668353440853978,1.6685136640588165,3.5595938391244033,-0.000877040491908683,2.002882504031911e-05,0.00010654351942909757,0.00013889148718166516,1.9558085073381748e-05,1.3021741484819938e-06,0.0016636513919361245,0.0012166828245364497,-0.002935686283880329,-2.442982628724638e-05,0.0002589203157432676,-0.00015572970315494428,0.009637952023230013,1.1212621019301983e-05,0.007677869838721152,0.00670417609027929,0.0003998221110911443,0.0003988816323327038,0.001912765080136658,-1.7352833154305902,0.013425760693783269,0.1981798013058531,0.2583048163677349,0.023850561986725916,0.0015897122488755843,1.9535565615176391,1.4307155347311897,-7.557816573964672,-0.07784207683040568,0.4683690943685156,-0.6746829441859886,21.328146167114603,0.006164680374449247,4.813543076444272,13.756907144763627,0.48532188445531965,0.48368538610380396,1.0938023696729633,1.2480746155927365,2.277565440226944,0.46172501465073235,1.4989722068841262,1.4989722068841262,1.981466686158077,0.5656009747392411,0.5656009747392411,1.7498173469801783,1.7498173469801783,0.040777820342852586,1.082225480028982,1.082225480028982
asian_female_auth_asian_f_0013_frame_0003_subdiv_head_var_0.glb,asian_female_loPoly_0013_grp.fbx,bad,variation_long_faces_001,asian,female,0013,0003,0.050084527817425464,0.14882475124619787,0.05420046241413217,0.05417080667093917,0.08193360356813702,0.08193846099686167,0.08693561388633463,0.0867420118251887,0.03214983450382105,0.03165323518251798,0.056339298547039375,0.022240837011905497,0.05792454345559035,0.17505742399517854,0.16583435115320813,0.053823530258855785,0.08011351100428275,0.08019150352340973,0.16770571849017482,2.971471584771906,1.0821797624150644,1.0815876485530527,1.6359064792786284,1.6360034638951622,1.7357778474670553,1.731912341100465,0.6419115025106704,0.631996278329795,1.1248842906618708,0.44406602160612646,1.1565356803750715,3.495239580441295,3.3110894397912416,1.0746538423015628,1.5995660635221078,1.601123281340179,3.3484536202780464,-0.00045710328740974915,-0.00035729882261764656,0.000439423838526902,0.0004004244013601499,-6.901374656963222e-05,2.5891637027417036e-05,0.0017754795596529732,0.0017018487039399816,-0.006693213023863644,0.00026940360712004313,0.0010580430465328486,-0.0008410719791145209,0.012735655740208136,-0.006827448183676643,0.006328770403471989,0.005090366476245389,-0.0022693618677839117,-0.0022756629018127195,-0.007167287198097477,-0.9044094490373877,-0.23950523702605625,0.8173648615603493,0.7446932390262974,-0.08416041930073254,0.0316088693466292,2.084871722773569,2.001229350317116,-17.23143123384738,0.8584152845480824,1.9139273103577652,-3.64385796444193,28.183158258779056,-3.753719647977607,3.967742303262614,10.445384787559801,-2.7546525007789304,-2.7594774992980864,-4.09856693998492,1.4367640455812882,3.1310226276970723,0.41364497341729406,1.8870297270828784,1.8670670115639658,2.125770130128638,0.4842857841614932,0.4842857841614932,1.3205899664349983,1.3205899664349983,0.09061494182082903,0.9710590537562053,0.9710590537562053
asian_female_auth_asian_f_0013_frame_0003_subdiv_head_var_0.glb,asian_female_loPoly_0013_grp.fbx,bad,variation_long_faces_002,asian,female,0013,0003,0.0506757648782431,0.14849322503928797,0.05360570341272566,0.05361980791885077,0.08184526675438787,0.0817730118740944,0.08714231181396857,0.08729491070803909,0.03216802381423448,0.03182830967567911,0.05245082664493001,0.02330986543425183,0.05112138061423646,0.1800565440106945,0.16418346876110834,0.051662426059559195,0.08077395213733514,0.0808541442315898,0.16943492368041652,2.9302611494087456,1.0578173519733194,1.0580956804042567,1.6150770876578706,1.6136512605299116,1.7196052595030855,1.72261653904543,0.6347812192183675,0.6280775386844556,1.035027823871071,0.4599805348820612,1.00879346837811,3.553109547400224,3.2398814138392633,1.0194700797054905,1.593936516427683,1.5955189709687707,3.3435099418333776,0.0001341337734078879,-0.0006888250295275511,-0.00015533516287961208,-0.0001505743507282456,-0.00015735056031877803,-0.0001395574857398496,0.0019821774872869208,0.0022547475867903677,-0.006675023713450211,0.0004444781002811704,-0.0028304288555765153,0.00022795644323181374,0.0059324928988542455,-0.00182832816816067,0.0046778880113722,0.002929262276948799,-0.0016089207347315254,-0.0016130221936326433,-0.005438082007855782,0.2653926485468246,-0.46173452450198005,-0.2889363133510916,-0.28003213734530974,-0.19188480254831844,-0.17037371288744055,2.3275884930889332,2.6513914179298896,-17.184603521885624,1.416264611328085,-5.120051688316994,0.9875978772834597,13.12821182105537,-1.0052117838380734,2.9327425343893108,6.010819018473118,-1.9529796408411702,-1.9559568535621505,-3.109732108996673,0.7686736243730417,0.8759875993913497,0.3837513420522142,1.3413734105835313,1.3413734105835313,1.5829427014954447,1.2738639607047162,1.2738639607047162,0.9417051776700477,0.9417051776700477,0.13839688876730774,0.9749694930063252,0.9749694930063252
asian_female_auth_asian_f_0013_frame_0004_subdiv_head_var_0.glb,asian_female_loPoly_0013_grp.fbx,bad,variation_long_faces_001,asian,female,0013,0004,0.051182581981313806,0.15185384269589294,0.054368010592229954,0.054418196756687055,0.08084325723465541,0.08075544949976372,0.086420160728792,0.08627055547803182,0.03293131715083432,0.031660939844778066,0.054402413410333354,0.02255321651700178,0.051612768136196745,0.1797874431607011,0.1637595985801639,0.0512781637651939,0.08188858058861875,0.08197051623756646,0.17364545540953114,2.9669046933062715,1.0622365751708094,1.0632171072681433,1.5795072093895222,1.5777916309350444,1.688468173808485,1.6855452018721573,0.6434086729516143,0.6185881723656912,1.062908733877378,0.440642414742494,1.0084049326593174,3.5126684938704247,3.199518122003902,1.0018674670206165,1.5999306291057251,1.601531479351569,3.3926669716062228,0.0006409508764785923,0.002671792627077424,0.000606972016624685,0.000647814487108038,-0.0011593600800512416,-0.0011571198600705268,0.0012600264021103424,0.0012303923567830999,-0.005911730376850374,0.00027710826938012745,-0.0008788420901731722,-0.0005286924740182386,0.006423880420814529,-0.0020974290181540733,0.004254017830427753,0.002544999982583507,-0.0004942922834479113,-0.0004966501876559892,-0.001227550278741163,1.2681642093210441,1.7909611952945845,1.12901839827943,1.204779396695016,-1.4138086295488494,-1.412627963099787,1.4795965413543994,1.4468367787921912,-15.21953284596656,0.8829650666279865,-1.5897650699433183,-2.290505842579683,14.2156196923339,-1.1531629832807544,2.667002502628605,5.222316355113491,-0.5999939868757717,-0.602239908541455,-0.7019667065878582,1.5385395559184385,1.140807961342605,0.41746975618078336,1.093038315264189,1.2741913503675917,1.371414732464068,0.09233982149512265,0.09233982149512265,1.096099772795611,1.096099772795611,0.10979489548087132,0.8052611405787461,0.8052611405787461
asian_female_auth_asian_f_0013_frame_0005_subdiv_head_var_0.glb,asian_female_loPoly_0013_grp.fbx,bad,variation_long_faces_001,asian,female,0013,0005,0.052375287485107544,0.15076387478935954,0.05406239766638043,0.05389769516003866,0.08089240690564627,0.08070857983635843,0.0862525763567691,0.08563588639649133,0.033357398614491815,0.03169884556318513,0.05677022212680031,0.022814878736380256,0.052157056298520854,0.17648021460734034,0.16463797742508812,0.05285482728607579,0.08215879845013808,0.08224099209102406,0.17431785544284972,2.8785307351721543,1.0322119507554512,1.0290672900910376,1.5444766184557424,1.54096681300904,1.646818194196915,1.6350437488451237,0.636891943055715,0.6052252328390257,1.0839123726612943,0.4356038855704127,0.9958333176376599,3.3695321416139423,3.1434286154878195,1.0091558409317485,1.5686557992354548,1.5702251202804103,3.328246274398312,0.0018336563802723305,0.0015818247205440228,0.00030135909077515927,0.000127312890459641,-0.0011102104090603832,-0.0012039895234758208,0.0010924420300874454,0.0005957232752426128,-0.005485648913192878,0.00031501398778718825,0.001488966626293782,-0.0002670302546397621,0.006968168583138638,-0.005404657571514843,0.00513239667535198,0.004121663503465392,-0.00022407442192858007,-0.00022617433419838684,-0.0005551502454225754,3.6280118788982025,1.0603318025287558,0.5605529557457334,0.2367714066479107,-1.35387191947747,-1.4698470978084053,1.2828091908553634,0.7005199112720908,-14.122601758482208,1.0037461073877623,2.693438513313322,-1.1568811520037179,15.420093158802592,-2.9714717374627018,3.217690974339448,8.457615273761762,-0.2719915124549588,-0.274259858805106,-0.3174590859450219,0.904478117072208,1.2473272700889118,0.07445513232271092,1.8239670101789085,1.8426778776232666,1.3475544427657264,0.2377204719955742,0.2377204719955742,1.7077524658216678,1.7077524658216678,0.08164237308251428,1.1671501550107322,1.1671501550107322
asian_female_auth_asian_f_0013_frame_0006_subdiv_head_var_0.glb,asian_female_loPoly_0013_grp.fbx,bad,variation_long_faces_001,asian,female,0013,0006,0.04982421955055272,0.14784086866242913,0.05381363635857764,0.053854815402331925,0.08239223778045372,0.08222917034651525,0.08620494652391832,0.08629888338705545,0.036089658245976576,0.031637199020114706,0.05897214179755212,0.02213891741651408,0.05722031162533716,0.18153176498986073,0.1707414257735604,0.058915227076029204,0.08204140568168113,0.08212445791202788,0.1737713031855385,2.967249060718886,1.0800698303759113,1.0808963168542898,1.6536583718457807,1.6503855170894102,1.7301815723666867,1.732066937837225,0.7243396599390631,0.634976308821354,1.1836039245475332,0.44434047570080776,1.1484437115423396,3.6434442250655774,3.4268760717932074,1.1824616142005506,1.6466169750725381,1.648283879864945,3.4876874089161882,-0.000717411554282496,-0.0013411814063863936,5.2597782972368945e-05,8.44331327529077e-05,0.0003896204657470731,0.000316600986681001,0.0010448121972366636,0.0012587202658067287,-0.002753389281708117,0.00025336744471676775,0.003690886297045594,-0.0009429915745059365,0.012031423909954944,-0.00035310718899445037,0.01123584502382427,0.010182063293418808,-0.00034146719038553874,-0.0003427085131945673,-0.001101702502733809,-1.4194467780321849,-0.8990233112949756,0.0978362478961406,0.1570253533434081,0.4751317439683686,0.38651087269671947,1.226879461261385,1.4801479907935597,-7.088499633674952,0.8073183929376702,6.676560189577777,-4.085414143487032,26.62474010365931,-0.19413774480772922,7.044170474168728,20.893499422362773,-0.4144880828759239,-0.41556964795840307,-0.6300014678638841,1.2865870612257062,2.594976016306429,0.42078128883777277,1.4248586303517388,1.4248586303517388,1.2954386819776302,1.001484811237173,1.001484811237173,1.5172325316274236,1.5172325316274236,0.049714533894793474,0.8775291816192423,0.8775291816192423
asian_female_auth_asian_f_0013_frame_0006_subdiv_head_var_0.glb,asian_female_loPoly_0013_grp.fbx,bad,variation_long_faces_002,asian,female,0013,0006,0.05080091003741928,0.15123494144277957,0.054396091861761926,0.05437190016719601,0.08209662556604763,0.08202148252915527,0.08594688191059549,0.08611132038502904,0.033811080615832975,0.031904570905849236,0.058941154415714854,0.022367312693924182,0.05133706347094328,0.17738778569345734,0.1637105182787347,0.05202096280006258,0.08250898153899476,0.08257587273566602,0.17509550231909785,2.9770124458672473,1.0707700279718313,1.0702938220426836,1.6160463563659853,1.614567189224353,1.6918374463624402,1.6950743662190417,0.665560530134759,0.6280314837342235,1.1602381605427852,0.44029354351031735,1.010554012381453,3.491822992202223,3.2225902677363,1.0240163564342573,1.6241634545172465,1.6254801867691293,3.4467001120673784,0.0002592789325840672,0.0020528913739640553,0.0006350532861566574,0.0006015178976169905,9.400825134098234e-05,0.00010891316932101769,0.0007867475839138383,0.0010711572637803202,-0.005031966911851718,0.0005207393304512975,0.0036598989152083275,-0.0007145962970958354,0.006148175755561064,-0.004497086485397844,0.004204937528998559,0.0032877990174521865,0.00012610866692809586,0.0001087063104435737,0.00022249663082554716,0.5130007222091068,1.3760981116810542,1.1812518935317233,1.1186788567008266,0.11464054980123489,0.13296270666663176,0.9238449306524182,1.2595898508015366,-12.954614099898503,1.6592598937457643,6.620506140955487,-3.095915062198053,13.605503623556187,-2.472490664850712,2.6362322303920487,6.746533083955822,0.15307631614635667,0.13181768594188784,0.12723326276107388,1.0991358335039592,2.9664367710768116,0.1552154233712608,1.889317257029999,1.889317257029999,1.8782051818647483,0.8642258200784348,0.8642258200784348,1.2623484055382586,1.2623484055382586,0.06501703830945676,0.8163830595285991,0.8163830595285991
asian_female_auth_asian_f_0013_frame_0007_subdiv_head_var_0.glb,asian_female_loPoly_0013_grp.fbx,bad,variation_long_faces_001,asian,female,0013,0007,0.0517181592448421,0.15394739805842014,0.054972018076554996,0.05497776804229411,0.08364525103535062,0.08349718586164247,0.08648693831423106,0.08645577416446411,0.03751115091808345,0.03168581574095038,0.0552096370676876,0.023403746471600914,0.04592795083536332,0.17795613436132093,0.16010241693949556,0.0491575571674225,0.08000962188985981,0.08007935110057923,0.16771439827252876,2.9766604284891183,1.0629152096521572,1.063026388507381,1.6173284636709617,1.6144655393931044,1.6722741021154284,1.6716715255693566,0.7252994202771142,0.612663254137577,1.0675097078826081,0.4525247381834262,0.8880430298753095,3.4408829888714316,3.0956712164008957,0.9504893036641676,1.5470315080450054,1.5483797619607977,3.242853201300955,0.0011765281400068842,0.004765347989604624,0.001210979500949727,0.0012073857727150916,0.0016426337206439656,0.001584616501808217,0.0013268039875494048,0.0014156110432153868,-0.0013318966096012436,0.000301984165552438,-7.161843281892899e-05,0.0003218374805808964,0.0007390631199811065,-0.00392873781753425,0.0005968361897594199,0.0004243933848121009,-0.002373250982206851,-0.0023878153246432166,-0.007158607415743534,2.3278396725394326,3.194317270346156,2.2525225200899,2.245447627026038,2.0031479170230946,1.9345217885269173,1.5580106795741653,1.664638203006542,-3.4289189298341176,0.9622284800596688,-0.12955283336188478,1.394327829236771,1.6354974803452196,-2.1600135132024363,0.37417887634656144,0.870851288673235,-2.88075773455036,-2.8954739542413903,-4.0936034624488755,0.6892007869620749,1.0141600109649507,0.4625749225473674,1.68900618611934,1.6697169664407807,0.7765138314775252,0.5255666592348222,0.5255666592348222,1.3241970177374909,1.3241970177374909,0.1092837437131022,1.0544400950204331,1.0544400950204331
asian_female_auth_asian_f_0013_frame_0010_subdiv_head_var_0.glb,asian_female_loPoly_0013_grp.fbx,bad,variation_long_faces_001,asian,female,0013,0010,0.05200675213730915,0.15190783659112078,0.05412689146232025,0.054109141840964325,0.08271588456018297,0.08269212650812759,0.08798001969474055,0.08883011127399607,0.036305762590048966,0.03109429791177114,0.056782078306195166,0.022339938433444558,0.05401352860256624,0.18050757777060436,0.16626979668593378,0.05378984791312957,0.08158892617428556,0.08167060369390958,0.1721290610587392,2.920925271204228,1.0407666166003497,1.040425322044807,1.5904835653223457,1.59002673902424,1.6917037899704666,1.7080495824746993,0.6980970950501553,0.5978896322861198,1.0918212726739427,0.42955842299981084,1.0385868446458406,3.470848886968082,3.1970809530067426,1.0342858514046918,1.5688141024241051,1.5703846200255192,3.309744484798455,0.001465121032473933,0.0027257865223052624,0.00036585288671497906,0.0003387595713853081,0.0007132672454763234,0.0007795571482933361,0.002819885368058897,0.003789948152747344,-0.0025372849376357268,-0.0002895336636267974,0.0015008228056886397,-0.0007419705575754595,0.008824640887184022,-0.0013772944082508232,0.006764215936197637,0.005056684130519171,-0.0007939466977811005,-0.000796562731312872,-0.0027439446295330905,2.8988400264228273,1.827154487452007,0.6805167764764672,0.6300114618619026,0.869810341222369,0.9516941714632519,3.3112739785514806,4.4566567297662685,-6.532146932671341,-0.9225567723660785,2.7148855287392815,-3.2145112341623134,19.528342770384523,-0.7572341733272191,4.24073935495127,10.37626892658991,-0.9637278600541519,-0.9659150008933066,-1.569107032119315,1.4818468673882168,2.721763152424154,0.04128939425981371,1.5934514249918712,1.5934514249918712,2.238725198879677,0.8329464475861137,0.8329464475861137,0.8752907032868533,0.8752907032868533,0.10255005807416238,0.9363251104762779,0.9363251104762779
asian_female_auth_asian_f_0013_frame_0010_subdiv_head_var_0.glb,asian_female_loPoly_0013_grp.fbx,bad,variation_long_faces_002,asian,female,0013,0010,0.052754572254793984,0.14907115417527075,0.050786794864322776,0.05072425454038232,0.08015111454150607,0.08018603021779161,0.08515542713928917,0.08520831741000746,0.03449526326635671,0.03173324523669384,0.05599225164237099,0.02279699325952164,0.051806117919241675,0.18215818917645704,0.16642767126669683,0.05452856837638095,0.08165095325480887,0.08173091239992611,0.17291532822972056,2.8257485143711722,0.962699396348676,0.96151390054675,1.5193207169682335,1.519982568155594,1.614180979953843,1.6151835522136055,0.6538819630600268,0.6015259697951609,1.061372488662019,0.43213303198473,0.9820213813701025,3.452936520775291,3.1547534963014128,1.0336273434844456,1.5477512140644638,1.5492668958660536,3.277731594421319,0.0022129411499587706,-0.0001108958935447657,-0.0029742437112824927,-0.0030461277291966987,-0.0018515027732005779,-0.0017265391420426407,-4.707187392483103e-06,0.00016815428875874283,-0.0043477842613279805,0.0003494136612958998,0.0007109961418644631,-0.0002849157314983794,0.006617230203859459,0.0002733169976018579,0.006922090516960688,0.005795404593770551,-0.000731919617257798,-0.0007362540252963401,-0.001957677458551743,4.378452182060786,-0.0743359495955519,-5.532340501755285,-5.6650661584008635,-2.2578581438381997,-2.1077829148028746,-0.005527454165849393,0.19773514370967454,-11.193210981268074,1.1133556476571465,1.2861432603641725,-1.2343681435067846,14.643489889676939,0.1502692303805748,4.339716820204198,11.892116464309142,-0.8884366273489935,-0.8927844343529645,-1.119485223489261,1.0078025864730822,2.2422860363162376,0.2766417755956175,1.3477921407209026,1.4534918965314378,2.1128391286484947,0.6833776976274325,0.6833776976274325,1.3589636344948022,1.3589636344948022,0.05255084033218798,0.9431239487617011,0.9431239487617011
asian_female_auth_asian_f_0022_frame_0003_subdiv_head_var_0.glb,asian_female_loPoly_0022_grp.fbx,bad,variation_long_faces_001,asian,female,0022,0003,0.05027613833616264,0.15642433383766408,0.05964843668777177,0.0597164998205313,0.08363066951302932,0.08324791063165977,0.09122789301278587,0.09103220282592327,0.03487882133554011,0.0309007174967872,0.047089410669436324,0.020806232109897484,0.05910380219692387,0.176132790810081,0.16799410441586923,0.053169029439022845,0.08147927880678006,0.08164569843120782,0.17296896540379433,3.1113036723656067,1.186416432561763,1.1877702185726224,1.6634266727855553,1.6558135407106473,1.8145365979146304,1.8106442904833364,0.6937450347186362,0.6146199473431101,0.9366155044482769,0.4138391053580973,1.1755835701170323,3.5033078641084128,3.341428160066828,1.0575400418289367,1.6206351860594994,1.6239452975743303,3.440378897982727,0.0011107988774520308,0.0021279186976027598,0.00040291133825502007,0.0004168376935830692,-0.0004240895258284805,-0.0003500680600451028,0.0030777810201649686,0.0031138665573396396,-0.0004359153622718881,-0.0001797346758350936,-0.00032152201937092617,-0.000838583675265455,0.010673747062660464,-0.002693018059312491,0.008265767505029609,0.004806069644529967,-0.00029944463040973424,-0.00028821897877180647,6.9652738591829966e-06,2.259312942169122,1.3791109117286742,0.6800704962578351,0.7029343484128231,-0.5045395771492576,-0.41875182333785155,3.4915225296850574,3.541771477370797,-1.2343723981351282,-0.5782884844687547,-0.6781600806744537,-3.8742934270675855,22.039510450833614,-1.5059448500967512,5.174891108797784,9.937501064765762,-0.3661644714223534,-0.3517700457670307,0.004027054413079426,1.19226824093075,2.200596085988148,0.49118596856835184,1.6274641547879458,1.6274641547879458,1.3908616880733016,0.854029859151589,0.854029859151589,1.5717224157606926,1.5717224157606926,0.07355109200002223,0.7564329344019552,0.7564329344019552
asian_female_auth_asian_f_0022_frame_0005_subdiv_head_var_0.glb,asian_female_loPoly_0022_grp.fbx,bad,variation_long_faces_001,asian,female,0022,0005,0.050586965694840356,0.15469474542771142,0.05907226844888919,0.0591796243816944,0.08356458199632658,0.08315754213871362,0.0911789994257954,0.09094707375726334,0.033161626394437135,0.030899738470098376,0.046253960119473254,0.021706158243953468,0.05729183436869262,0.17414015297903604,0.168479304526697,0.05375970655219007,0.07984499934085587,0.08000301495321435,0.16667523658671948,3.057996132064699,1.1677369385077447,1.169859143928264,1.6518994734813635,1.6438531348243195,1.8024208049128996,1.79783611268346,0.655536973584867,0.6108241133990373,0.9143454145578641,0.4290859897565945,1.1325414280488486,3.442391742361364,3.330488441291926,1.062718544466353,1.578370994269769,1.5814946370933314,3.2948257381588637,0.00142162623612975,0.0003983302876501005,-0.00017325690062756222,-0.00012003774525383426,-0.000490177042531223,-0.0004404365529912524,0.0030288874331744903,0.0030287374886797114,-0.0021531103033748597,-0.00018071370252391653,-0.0011569725693339958,6.134245879052883e-05,0.008861779234429212,-0.004685655890357465,0.008750967615857363,0.005396746757697191,-0.0019337240963339247,-0.0019309024567652766,-0.006286763543215668,2.891521246026668,0.2581591330482432,-0.29243879534435663,-0.20242568161157212,-0.5831639375762392,-0.5268507204169462,3.4360562507601125,3.44494404378531,-6.096917334536606,-0.5814384601621113,-2.4403075487420924,0.28340485499801654,18.298098587460952,-2.62023469653626,5.478656940341247,11.158843008429194,-2.364580926503607,-2.356658289757412,-3.6347657511435054,1.052490077396738,2.0445956621253387,0.38317626610479494,1.555284381757062,1.7648009985761555,0.8839962736193216,0.5931344468943727,0.5931344468943727,1.7442369816090115,1.7442369816090115,0.1230805121381095,0.9965729092993764,0.9965729092993764
asian_female_auth_asian_f_0022_frame_0005_subdiv_head_var_0.glb,asian_female_loPoly_0022_grp.fbx,bad,variation_long_faces_002,asian,female,0022,0005,0.0523845151481855,0.15799723528302514,0.058293593881729486,0.05831979670940873,0.0851195661325022,0.08466093700909207,0.09275310490005147,0.09242163000330161,0.03633096364444322,0.03101330795838611,0.04429352042480662,0.021212909892617347,0.05560677419195624,0.17558016935493273,0.16665853037250478,0.05188887512931522,0.08270457548763495,0.08288781717135583,0.17578159847395503,3.016105710553625,1.1128020125189355,1.1133022142981277,1.6248993789809005,1.6161443275670857,1.7706206621875027,1.7642929354573387,0.6935439517130217,0.5920319749196028,0.8455460606919614,0.4049461913050105,1.0615116706655698,3.3517570766523455,3.1814464618229366,0.9905384250008192,1.57879814776714,1.582296160170281,3.355602280114714,0.0032191756894748916,0.0037008201429638288,-0.0009519314677872634,-0.0009798654175394994,0.0010648070936443987,0.0010629583173871887,0.0046029929074305614,0.004503293734717986,0.0010162269466312268,-6.71442142361825e-05,-0.003117412264000627,-0.0004319058925455928,0.007176719057692835,-0.003245639514460774,0.006930193461665152,0.003525915334822341,0.0009258520504451528,0.0009538997613762062,0.0028195983440198746,6.54765272632436,2.398513367666021,-1.6067567333927408,-1.6523962909633643,1.2668016728858236,1.2715119839287001,5.221766374858242,5.122132567387054,2.8776285529949583,-0.21603358234063125,-6.575302545643832,-1.9954242014924197,14.81872989365117,-1.8149726457165065,4.338737631465847,7.290528432926554,1.1321429481058776,1.1642306282062627,1.6301837061907778,0.8253164981471142,1.9106443372975703,0.22800443101580503,1.8235679024648208,1.8278840792006825,0.8944158851283435,1.3016708639042915,1.3016708639042915,0.7421043490173458,0.7421043490173458,0.09659462010918943,0.6045182256065649,0.6045182256065649
asian_female_auth_asian_f_0022_frame_0006_subdiv_head_var_0.glb,asian_female_loPoly_0022_grp.fbx,bad,variation_long_faces_001,asian,female,0022,0006,0.05128335105897301,0.15594718107736275,0.05964193222018871,0.059664070023628384,0.08315916345211256,0.08284347240981005,0.09248440398555963,0.08970672044224413,0.028799164938112076,0.03135330035852759,0.04967422129843315,0.020809109961335736,0.059861241573395514,0.17625023131259318,0.16385841197806017,0.04888808732076799,0.08183222138064443,0.08200142182631207,0.17342934424574868,3.0408929576000627,1.1629882016017985,1.1634198778277576,1.6215625877584352,1.6154067684567774,1.8034001693689574,1.7492367130823097,0.5615694829496347,0.6113738613233958,0.9686227649458895,0.40576735980857437,1.1672646256005854,3.4367924028582917,3.195158050214622,0.9532935409105657,1.5956878731762656,1.5989871982432462,3.3817864992152042,0.0021180116002624053,0.0016507659373014294,0.00039640687067196007,0.0003644078966801509,-0.0008955955867452348,-0.0007545062818948289,0.004334291992938721,0.0017883841736605066,-0.006515571759699919,0.00027284818590529725,0.0022632886096259006,-0.0008357058238272035,0.011431186439132109,-0.0025755775568003236,0.0041300750672205455,0.000525127526275114,5.3497943454633434e-05,6.750441633243676e-05,0.00046734411581353386,4.307936492620225,1.0698666821280067,0.6690916627599682,0.6145193473447277,-1.065490636087849,-0.9025412978910886,4.9169443974178355,2.034142420754111,-18.450008039005443,0.8778771440965066,4.77376942673017,-3.860997626970159,23.603496645711534,-1.4402717220093282,2.585687140489013,1.0858051874958046,0.06541792437702035,0.08238885490444603,0.2702004575932566,1.6998422017703443,2.830586350965142,0.44322005693457717,2.079374731535859,2.1812122178775586,2.1973577583077644,0.1904059566278183,0.1904059566278183,0.8704129784562133,0.8704129784562133,0.1260231298708552,0.764467341928785,0.764467341928785
asian_female_auth_asian_f_0022_frame_0006_subdiv_head_var_0.glb,asian_female_loPoly_0022_grp.fbx,bad,variation_long_faces_002,asian,female,0022,0006,0.051404144653225785,0.15408108988757302,0.056033887407906886,0.05878004123914167,0.0837872024911027,0.08084961303743401,0.09016779472229601,0.08762904911731471,0.03320860692630762,0.03101129778787831,0.04930718920700802,0.02039890358923426,0.05473569667888828,0.17841563810579683,0.1677555441517232,0.055487370880440846,0.08204904191630802,0.08222123937053782,0.1741733076285503,2.9974448738911934,1.090065553778076,1.1434883633542383,1.6299697827156583,1.572822844983579,1.7540958094054713,1.7047078539768232,0.6460297540273082,0.6032839958155446,0.9592064908313542,0.39683382977862974,1.0648109612199028,3.4708414916617163,3.2634633896431535,1.0794337938071075,1.5961561556916046,1.5995060305974407,3.3883125340092657,0.0022388051945151782,-0.00021532525248829648,-0.003211637941609863,-0.0005196208878065628,-0.0002675565477550934,-0.0027483656542708623,0.002017682729675105,-0.00028928715126891325,-0.0021061297715043725,-6.915438474398156e-05,0.001896256518200773,-0.0012459121959286779,0.006305641544624874,-0.00041017076359667337,0.008027207240883572,0.007124411085947968,0.0002703184791182228,0.0002873219605581956,0.001211307498615144,4.553625011366681,-0.1395529846191415,-5.420895371697568,-0.8762628135960753,-0.31831219411551026,-3.28759821383525,2.2889168080058777,-0.3290407479790833,-5.963883546765514,-0.22250121832171182,3.9996186758174455,-5.756169090534483,13.020099868033691,-0.22936888483263848,5.025537356821263,14.73113125462439,0.33054866566343644,0.350675238827528,0.7003315743950504,0.8683608814573783,2.1948914064981553,0.5028125325743342,1.4615926920171578,1.4615926920171578,1.0556542047626285,0.2936570119831794,0.2936570119831794,1.460214614246,1.460214614246,0.046946765477027384,1.2075428131105461,1.2075428131105461
asian_female_auth_asian_f_0022_frame_0008_subdiv_head_var_0.glb,asian_female_loPoly_0022_grp.fbx,bad,variation_long_faces_001,asian,female,0022,0008,0.05291627586448341,0.15848371761184896,0.059096710710911625,0.059178616663183754,0.0843866914759324,0.08400327585742069,0.0899543159362315,0.08972532511299687,0.0321820882020926,0.03091498309729868,0.0498782933635353,0.019897936092756863,0.06035936751743275,0.176224710513175,0.16380649730600363,0.05120542348491889,0.08168694580542606,0.08185602192880138,0.1736278501319949,2.9949900105918226,1.1167964817149278,1.1183443221654141,1.5947209076474609,1.5874752046525331,1.6999366351215102,1.6956092175265707,0.6081699378185592,0.5842244676566202,0.9425888830739286,0.3760267662016641,1.1406578889264773,3.330255344583959,3.095578716187547,0.9676686926354011,1.5437017150379828,1.5468968779743983,3.2811804552657726,0.0037509364057728006,0.004187302471787641,-0.00014881463860512423,-0.00012104546376447839,0.00033193243707460574,0.000405297165715815,0.0018042039436105967,0.0018069888444132431,-0.003132648495719398,-0.00016546907532361335,0.002467360674728053,-0.0017468796924060767,0.011929312383169348,-0.0026010983562184953,0.00407816039516401,0.0028424636904260114,-9.177763176373976e-05,-7.789548117824452e-05,0.0006658500020597369,7.6292291420521225,2.7138041204564933,-0.2511829167303317,-0.20412504797303102,0.3949002303619194,0.48481694421163213,2.046740387308444,2.055303729694149,-8.87065511071328,-0.532389536692035,5.204201931489414,-8.070660936756623,24.632043779627192,-1.454543039767947,2.553185285739524,5.8773567674608795,-0.11222678455506785,-0.09507110564294437,0.3849689536195967,1.6261337517255054,3.216956514507604,0.22703701106810162,1.9051450155711225,1.9051450155711225,2.1546455959523283,1.085044719880092,1.085044719880092,1.3667854201492142,1.3667854201492142,0.14120815128778044,0.8500643766717312,0.8500643766717312
asian_female_auth_asian_f_0022_frame_0008_subdiv_head_var_0.glb,asian_female_loPoly_0022_grp.fbx,bad,variation_long_faces_002,asian,female,0022,0008,0.0505441001049148,0.15577815427255629,0.05999758623522654,0.060004201690095536,0.08347324182461446,0.08298929053101246,0.088501502067293,0.08815753811973961,0.03473657319492792,0.031112693858817222,0.04209688901381243,0.021728100762710385,0.049278691811433205,0.17557915494147858,0.15872221854226587,0.047806711039599145,0.08165362847620306,0.08182172776061612,0.17294880418702732,3.082024488500266,1.1870344137236406,1.1871652985322585,1.651493283120055,1.6419184505956366,1.750975917735002,1.744170693251048,0.687252777729249,0.6155554020001612,0.8328744388846883,0.42988401648479624,0.9749642729645007,3.473781402320498,3.140271925166436,0.9458415708335169,1.6154927737701128,1.6188185681568787,3.4217406943250763,0.001378760646204194,0.0014817391324949691,0.0007520608857097891,0.0007045395631473036,-0.000581517214243335,-0.0006086881606924138,0.00035139007467209493,0.00023920185115598736,-0.0005781635028840743,3.2241686194929564e-05,-0.005314043674994821,8.328497754744521e-05,0.0008486366771697992,-0.0032466539279149276,-0.0010061183685737551,-0.0005562487548937331,-0.00012509496098674078,-0.00011218964936350606,-1.3195942907828773e-05,2.8043346418101858,0.9603198694862305,1.269396939723353,1.1881004678222804,-0.6918313976422258,-0.7281134905631537,0.39862691802536787,0.27207276810294095,-1.6371734775524907,0.10373621984602321,-11.208477398820206,0.384780255808577,1.752293436001901,-1.8155399091672169,-0.62989347290041,-1.1501544927303509,-0.15296761275910603,-0.13692699300844274,-0.00762938847718893,0.7416493920489928,0.22512489138977704,0.15396806886817327,1.9467254099410756,1.9467254099410756,0.9731706685421466,0.1798169476356815,0.1798169476356815,1.5833632191448819,1.5833632191448819,0.09398973225518044,0.8984708852139502,0.8984708852139502
asian_female_auth_asian_f_0022_frame_0009_subdiv_head_var_0.glb,asian_female_loPoly_0022_grp.fbx,bad,variation_long_faces_001,asian,female,0022,0009,0.05015660400921428,0.15523752933806123,0.058645557763141926,0.05860876259413614,0.08384365116549365,0.08350510788658626,0.09051776341837116,0.09310253684258026,0.03468899873669307,0.030846509930745714,0.04957903692773526,0.020533844689782362,0.059572561746216696,0.1807411492502684,0.16631409392911714,0.05163677212937616,0.08280388113283611,0.08298093635467654,0.17701244781064357,3.09505662124857,1.1692489737217482,1.1685153680534095,1.67163732118089,1.6648875962823462,1.8047027945062253,1.856236854183277,0.691613784902988,0.6150039569082247,0.9884847251346419,0.4093946369656543,1.1877311656760614,3.603536419990963,3.3158962257206155,1.0295109317985316,1.6509068500256554,1.6544368980689381,3.529195233754753,0.000991264550503676,0.0009411141979999149,-0.0005999675863748236,-0.0006908995328120948,-0.00021110787336414694,-9.287080511861945e-05,0.002367651425750253,0.005184200573996628,-0.0006257379611189218,-0.00023394224187657867,0.0021681042389280064,-0.0011109710953805772,0.01114250661195329,0.0019153403808749025,0.006585757018277516,0.0032738123348832818,0.001025157695646317,0.0010470189446969147,0.004050447680708419,2.0161857141984076,0.6099391208445292,-1.0126800004478604,-1.1650985992686143,-0.251155170484224,-0.11109216582988349,2.685931273630657,5.896609051107725,-1.7718890741657174,-0.7526989651799545,4.5730048239271435,-5.1327352766944045,23.007420869257206,1.0710648496346424,4.123098722272233,6.769255539351983,1.2535750774266978,1.2778821979887256,2.341813622452088,1.4479465362287145,2.8471751149246005,0.39638499223572976,1.8254258483865304,1.8254258483865304,0.9633149113854683,0.5250195123132083,0.5250195123132083,1.205070810980999,1.205070810980999,0.10737064772530878,0.8153200070976664,0.8153200070976664
asian_male_auth_asian_m_0016_frame_0001_subdiv_head_var_0.glb,asian_male_loPoly_0016_grp.fbx,bad,variation_long_faces_001,asian,male,0016,0001,0.051764290363175106,0.14463035657800785,0.050747605070055914,0.0508324306185825,0.07952297817809598,0.07936568594255279,0.09060115316021412,0.09041797775104349,0.0315486778963674,0.02999396766842668,0.05286531937929853,0.01683877710367128,0.05250260476335918,0.17205614566100924,0.16125590873993415,0.05231477716821958,0.08523205831858628,0.08527025915547214,0.17349373353485387,2.794017952594155,0.9803593309985283,0.9819980195216677,1.5362516827752801,1.5332130583792027,1.7502635991831812,1.74672495491924,0.6094679879705449,0.579433572024089,1.021270049456849,0.3252971688693392,1.0142630063119595,3.323838585516653,3.115195970205957,1.0106344895522046,1.6465416162494135,1.647279592885775,3.3516103923695737,0.00048064845865709166,0.0010590542866119046,0.00018016082756019958,0.00019927013909110114,-0.0009487476286601654,-0.0008003359870937671,0.001346002525855483,0.0012861569111059512,-0.0069103371296384206,0.00028211926343546176,0.0017686300966230362,-0.000200778063047493,0.0056071936543932235,-0.00041230250192680895,0.005767104397304212,0.004552233608360233,0.000713819245929545,0.0006763904564603684,0.0032008027344272716,0.9372354240207486,0.7376504006785571,0.3562782937896564,0.3935565886151114,-1.1789825794695603,-0.9983481378134732,1.5080390501714547,1.442982875235574,-17.968055409026153,0.9495177129002491,3.461339905680927,-1.1783057778388935,11.956806693440376,-0.23905966935893952,3.7090158495244543,9.530969812474616,0.8445742052385935,0.7995738543025993,1.879586380587005,1.2959625139931936,2.0083287609586176,0.4833502032656067,1.5837047917398432,1.5837047917398432,2.093835708807084,0.4054537206953532,0.4054537206953532,0.9151663832408878,0.9151663832408878,0.14039021225451376,1.1479993040869085,1.1479993040869085
asian_male_auth_asian_m_0016_frame_0001_subdiv_head_var_0.glb,asian_male_loPoly_0016_grp.fbx,bad,variation_long_faces_002,asian,male,0016,0001,0.05332529850033005,0.14928729283674214,0.05123094660853521,0.05093579605013788,0.08150326978041672,0.0809978500815896,0.09269777395572662,0.09239236925004833,0.03281963491077251,0.029931920052415607,0.05219796930448295,0.016756831288422477,0.055702227810182664,0.16962762120064537,0.16372529544639536,0.055289633244104,0.08337900858468471,0.0834599777420019,0.16622407158136152,2.7995585029086736,0.9607249851253645,0.9551900783044397,1.5284165691057927,1.5189385218554057,1.73834514878811,1.7326179477359416,0.6154608756774119,0.5613080637932172,0.9788593926794404,0.3142379275817605,1.0445741397929147,3.18099712464986,3.0703118416745854,1.03683682602849,1.5635919709698136,1.5651103714212746,3.1171709536765686,0.0020416565958120345,0.005715990545346189,0.0006635023660394937,0.000302635570646477,0.0010315439736605786,0.0008318281519430482,0.0034426233213679797,0.0032605484101107945,-0.005639380115233308,0.00022007164742439064,0.0011012800218074548,-0.0002827238782962954,0.008806816701216705,-0.0028408269622906823,0.008236491103765425,0.007527089684244655,-0.0011392304879720289,-0.0011338909570098726,-0.00406885921906508,3.981106879291596,3.981290448800743,1.3121137047339673,0.5977023116482277,1.2818713197946272,1.0376318194671776,3.8570584407738897,3.6581193780008943,-14.663350352108559,0.7406864912094173,2.1552864525429194,-1.6592210038939545,18.779698253957573,-1.6471574902830164,5.297160228729889,15.759398732211952,-1.3479108183887751,-1.3403937831999386,-2.3893294923871773,0.884034677542475,2.2973625883504285,0.10198704101712176,1.4923755096436513,1.4923755096436513,1.666087130430951,1.119120279156621,1.119120279156621,1.5160804861454429,1.5160804861454429,0.1028060552936514,1.0484365494989958,1.0484365494989958
asian_male_auth_asian_m_0016_frame_0002_subdiv_head_var_0.glb,asian_male_loPoly_0016_grp.fbx,bad,variation_long_faces_001,asian,male,0016,0002,0.051429202488875926,0.14665480248650833,0.05160870722538165,0.05171956605637085,0.08039355475486647,0.08013197954538973,0.09033504870357784,0.09055902408174923,0.03449675884611403,0.02962022975354795,0.05405686023888721,0.01698623352066594,0.06058853702776565,0.17150899410566076,0.16409105122068565,0.054871904664754015,0.08430773414668524,0.08441204601044942,0.17011804356654875,2.8515861687380744,1.0034903270480335,1.0056458889783042,1.5631888278309487,1.5581027056120922,1.7564932826465118,1.7608483060054654,0.6707620802320556,0.5759418447127344,1.05109271819993,0.3302838212266667,1.1780959862418803,3.334856186866945,3.1906201784128063,1.066940609795043,1.6392969376672895,1.6413251990191302,3.3078102582544435,0.0001455605843579122,0.0030835001951123875,0.0010412629828859335,0.0010864055768794456,-7.817105188967499e-05,-3.40423842568327e-05,0.0010798980692191956,0.0014272032418116976,-0.003962256179891793,-9.161865144326556e-05,0.002960170956211712,-5.3321646052831295e-05,0.01369312591879969,-0.0009594540572752941,0.00860224687805572,0.007109361104894671,-0.00021050492597149417,-0.00018182268856234418,-0.00017488723387784622,0.28383433576913836,2.147713467733292,2.059156831997612,2.145640458923133,-0.09714101581143424,-0.04246485410827568,1.209900001898031,1.6012275171340455,-10.302542010533895,-0.30835729300461423,5.793273493387306,-0.3129286271332821,29.199287510205224,-0.556307004263684,5.532389881331968,14.884804231551707,-0.24906449575994127,-0.21493601292698444,-0.102697882440466,1.5697408760165914,2.268858936722881,0.29034070743674006,1.4969062651225733,1.4969062651225733,1.8473457213362072,0.05008831226891367,0.05008831226891367,1.133642080171681,1.133642080171681,0.09540863896439157,0.8399929642765951,0.8399929642765951
asian_male_auth_asian_m_0016_frame_0003_subdiv_head_var_0.glb,asian_male_loPoly_0016_grp.fbx,bad,variation_long_faces_001,asian,male,0016,0003,0.056705744155276294,0.14805741818195636,0.04959437542050217,0.04966461801636563,0.08091529696126935,0.08068519678822068,0.09097988029892183,0.09115750483383427,0.03613316530407678,0.02944140013635908,0.05399046442617889,0.01720037513924463,0.059833628695869015,0.1695488344633111,0.16266427492716132,0.053772041990732176,0.08419451877810762,0.08429532983181033,0.16998382044309496,2.6109774307261264,0.8745917395017127,0.8758304604974396,1.4269329883001003,1.4228751952761944,1.6044208863531233,1.6075532768641454,0.6372046755110734,0.5191960810132433,0.9521163196154837,0.3033268568373807,1.0551599240462781,2.9899763593444546,2.868567855872603,0.9482644623001364,1.4847617297386895,1.4865395223627784,2.997647292620504,0.00542210225075828,0.004486115890560416,-0.0009730688219935432,-0.0009685424631257697,0.0004435711545132115,0.0005191748585741257,0.0017247296645631904,0.002025683993896729,-0.002325849721929042,-0.0002704482686321369,0.002893775143503398,0.000160819972525858,0.012938217586903056,-0.0029196136996249566,0.007175470584531385,0.0060094984308728325,-0.00032372029454912077,-0.00029853886720143663,-0.00030911035733163783,10.57277145186641,3.1246605825551974,-1.9242989962617068,-1.912861954406482,0.5512136717166948,0.6476245746979337,1.9323586956104002,2.27268328505758,-6.04760605635977,-0.9102371045576046,5.6633319773313415,0.9438038197145399,27.58951735563182,-1.6928393168278009,4.6147827908688255,12.582031824459497,-0.38301826694570884,-0.35290839843682925,-0.1815168462241672,1.4864106465204083,3.0729264483129817,0.4427404537676719,1.1527290170299658,1.2887968623481052,1.4488375394390698,0.8258313158619529,0.8258313158619529,1.1803444892129709,1.1803444892129709,0.08852101647504763,1.079277179423525,1.079277179423525
asian_male_auth_asian_m_0016_frame_0003_subdiv_head_var_0.glb,asian_male_loPoly_0016_grp.fbx,bad,variation_long_faces_002,asian,male,0016,0003,0.050433351041814324,0.14424993216027793,0.05106656335561994,0.05110982252823073,0.07985066401941937,0.07969526155465745,0.08989965620783236,0.09007537845958283,0.033397618606505725,0.029651620127669694,0.05541369227474404,0.01731658890366356,0.05451803009943167,0.170944836406349,0.16675822186002803,0.05802903033512012,0.08416999944006817,0.08426145852145092,0.16907336732232145,2.860209150898583,1.0125554281189963,1.013413177439975,1.5832908654674787,1.580209522238212,1.7825437800731603,1.7860280270668762,0.6622129586196986,0.5879367425552492,1.098750948133518,0.3433559052878792,1.0809916250504699,3.38951969034575,3.3065068732349094,1.1506082609305144,1.6689352918524643,1.6707487561472902,3.3524119224626303,-0.0008502908627036898,0.0006786298688819803,0.0004991191131242245,0.00047666204873932777,-0.0006210617873367713,-0.00047076037498910983,0.0006445055734737165,0.0009435576196452911,-0.005061396419500097,-6.022827732152236e-05,0.004317002992068546,0.00027703373694478936,0.007622618990465714,-0.001523611756587051,0.0112694175173981,0.010266486775260777,-0.00034823963258856505,-0.00033241017756084623,-0.0012195634781051456,-1.6580157553685366,0.4726779363640625,0.987036463086217,0.941402915056816,-0.771776398617549,-0.5872318017753801,0.7220934241811867,1.058609159729528,-13.160494141822413,-0.20270794499410802,8.448694137865093,1.625827283835934,16.25450936500766,-0.8834147769148186,7.247735658552747,21.494849331870487,-0.4120289731654232,-0.3929483101707694,-0.7161562563829518,1.2218391619697173,3.1641309528456354,0.5103870632843881,1.7570679520757675,1.8880744893198653,1.3455524464046673,0.7708040725124792,0.7708040725124792,1.2822871682389045,1.2822871682389045,0.03522636728910424,0.9966018757031854,0.9966018757031854
asian_male_auth_asian_m_0016_frame_0004_subdiv_head_var_0.glb,asian_male_loPoly_0016_grp.fbx,bad,variation_long_faces_001,asian,male,0016,0004,0.05091529579577541,0.1441530767244861,0.05067268337123995,0.0507699181323373,0.08024758964188576,0.07998838657948742,0.09064214464806955,0.09035232072883385,0.03455792494838432,0.029676734824291534,0.05327301849561974,0.017273580795478596,0.056134186639312564,0.16793099588775312,0.16220270442637064,0.052949276680843566,0.08326404575383199,0.08335161698666,0.16740266475659257,2.8312332172770547,0.995234979572571,0.9971447153322799,1.5760998416618084,1.5710089734198165,1.7802537180897688,1.7745614420319376,0.6787336577007904,0.582864822063037,1.0463067662279977,0.339261130186969,1.1025014342344286,3.2982425666608193,3.1857362682714507,1.0399483269865815,1.6353444373142707,1.6370643769013695,3.2878658984532985,-0.00036834610874260376,0.0005817744330901542,0.00010523912874423752,0.00013675765284589664,-0.00022413616487038102,-0.00017763535015913323,0.00138699401371091,0.0012204998888963176,-0.0039010900776215024,-3.5113580699682595e-05,0.0021763292129442433,0.00023402562875982427,0.009238775530346605,-0.004537452275182929,0.006713900083740704,0.005186733120984222,-0.001254193318824745,-0.0012422517123517746,-0.002890266043834022,-0.7182526339069398,0.40521637946096645,0.2081163687837658,0.27009503564623294,-0.27852784642474177,-0.22158433945372197,1.553965237695749,1.3693200446202989,-10.143499709973335,-0.11818039800507314,4.2592372294502745,1.3734256937464964,19.700809336929424,-2.63088832972873,4.317931514185534,10.859415630752258,-1.4839321459910781,-1.4684890660004615,-1.697231958043664,0.9811158624549791,1.8388441595381817,0.3835259088677408,1.6191531053680543,1.6191531053680543,1.7701082058934239,1.0620174512332101,1.0620174512332101,1.0825230850896597,1.0825230850896597,0.061424365708694466,1.0754586072756456,1.0754586072756456
asian_male_auth_asian_m_0016_frame_0004_subdiv_head_var_0.glb,asian_male_loPoly_0016_grp.fbx,bad,variation_long_faces_002,asian,male,0016,0004,0.052526082424498514,0.1466180213517281,0.05184525743075127,0.05194884463434409,0.07951498672513448,0.07931837513875133,0.09169179987588923,0.09158194115389215,0.032852346174084265,0.029673067228451092,0.04991313837981877,0.01686697186583953,0.05232506162000159,0.16558710627568418,0.16136002762603943,0.05126266598093269,0.08303096649745272,0.08313422826576632,0.16620410459872506,2.791337457204775,0.9870383443363424,0.9890104541684762,1.513819098148621,1.510075975164611,1.745643224157977,1.7435517161504077,0.6254482469981754,0.5649206234084455,0.9502543512847048,0.3211161215018134,0.9961729336128223,3.1524739449910557,3.071998142217818,0.9759468746716096,1.580756886196533,1.582722800339512,3.164220458238598,0.0012424405199805005,0.0030467190603321592,0.0012778131882555527,0.0013156841548526907,-0.0009567390816216659,-0.0008476467908952318,0.0024366492415305863,0.0024501203139546124,-0.005606668851921556,-3.878117654012442e-05,-0.0011835509028567254,-0.00017258330087924212,0.005429650511035632,-0.006881341887251868,0.005871223283409499,0.003500122421073344,-0.0014872725752040211,-0.0014596404332454516,-0.004088826201701534,2.422683869241828,2.1220947443580758,2.52694833088224,2.598463422771326,-1.188913338231577,-1.0573641681248995,2.729981658439554,2.748872726783542,-14.578295487105821,-0.13052428112688427,-2.3162966514505907,-1.0128392389980194,11.578212841378702,-3.9899134946415593,3.7759781536887167,7.328174255809361,-1.759706060517276,-1.725468353314007,-2.4010545725432375,0.7844077104489825,1.4228639058422003,0.37064186953267136,1.2087492088458005,1.3405721001435387,1.5862873343316872,0.19638879339866228,0.19638879339866228,1.8258654215889434,1.8258654215889434,0.09077538454387436,0.9985588621263154,0.9985588621263154
asian_male_auth_asian_m_0016_frame_0005_subdiv_head_var_0.glb,asian_male_loPoly_0016_grp.fbx,bad,variation_long_faces_001,asian,male,0016,0005,0.04941711993988673,0.14211949098431284,0.05059970359824438,0.05070668655027097,0.08056026225452158,0.08025469426110599,0.0895280907593362,0.0903159420115283,0.03743352684501127,0.029758034236165895,0.05059083433108879,0.017020582061630006,0.053490214364915245,0.16943977130163765,0.1601984179858035,0.05166108060898304,0.08406708691013537,0.08416536878085538,0.1689554542070083,2.8759161027027385,1.023930647107646,1.0260955436486976,1.6302095782295447,1.6240261342371125,1.811681677690693,1.8276245584808015,0.7575011836089829,0.602180666788452,1.0237511694859962,0.34442683188204065,1.0824227399327038,3.428766619903224,3.2417594991508256,1.0454085683630687,1.701173338559561,1.703162160871334,3.4189660266023902,-0.0018665219646312806,-0.0014518113070831062,3.2259355748666396e-05,7.352607077956708e-05,8.853644776543601e-05,8.867233145942732e-05,0.0002729401249775554,0.0011841211715907657,-0.0010254881809945507,4.6185831174678366e-05,-0.0005058549515867053,-1.8973105088766068e-05,0.006594803255949286,-0.0030286768612984016,0.004709613643173571,0.0038985370491236987,-0.0004511521625213677,-0.0004284999181563831,-0.0013374765934182908,-3.639604940901911,-1.011212745104501,0.06379471264944092,0.14521327541729948,0.11002180812928805,0.11061086645567356,0.3057976184429714,1.3285055330769069,-2.6664442141878046,0.15544583610260923,-0.9899955529177838,-0.11134742018279828,14.062790153658385,-1.7560759046414802,3.028908520510341,8.162331313527682,-0.5337926670875518,-0.5065377961149906,-0.7853976011404347,0.9113527166987546,0.8632325747437679,0.27336783207250154,1.3663209586954932,1.3175524757105914,0.8815560433233489,0.7130271122297478,0.7130271122297478,1.3690191689338032,1.3690191689338032,0.1276635195137324,1.1122909194444985,1.1122909194444985
asian_male_auth_asian_m_0016_frame_0005_subdiv_head_var_0.glb,asian_male_loPoly_0016_grp.fbx,bad,variation_long_faces_002,asian,male,0016,0005,0.052334723520807584,0.1444705050935812,0.050698382729005065,0.05074347860234985,0.07966730562323109,0.07944112229144788,0.09056439728788898,0.09081339941056249,0.03945411110377217,0.02937488341699595,0.050144610749528584,0.016850205457316164,0.05261987434560269,0.1680511969453311,0.16024988384115804,0.05083531747743666,0.0836421350546982,0.08373787518659706,0.16854099339214892,2.7605095694475517,0.9687331721328014,0.9695948538292158,1.522264765410606,1.517942905724211,1.7304839157482468,1.7352417917036727,0.7538801860314739,0.5612885946615709,0.9581518230356516,0.32196989539109244,1.0054485971380307,3.211084068849933,3.062018351495539,0.971349690177024,1.5982149026055943,1.6000442832817108,3.2204429880123335,0.0010510816162895703,0.0008992028021852505,0.00013093848650935075,0.00011031812285845072,-0.0008044201835250564,-0.0007248996381986755,0.001309246653530341,0.001681578570624953,0.0009950960777663498,-0.00033696498799526756,-0.0009520785331469106,-0.00018934970940260795,0.00572446323663673,-0.004417251217604945,0.004761079498528109,0.0030727739175773136,-0.00087610401795854,-0.0008559935124147072,-0.0017519374082776706,2.0495455807263396,0.6263109603618456,0.2589383119333388,0.2178772208049985,-0.9996308336381173,-0.9042479853058508,1.4668583764916625,1.8866197894068866,2.587419561040422,-1.1341098116893382,-1.8632881044011518,-1.1112362238918128,12.20687291414376,-2.5611938094507796,3.0620079166836693,6.433438608072242,-1.0365857447708897,-1.0118859978615768,-1.0287787050484434,0.8518785496517703,1.0027096696787805,0.4523111782283901,1.7326180432086105,1.735827636925044,0.958438684465694,0.9413103230135402,0.9413103230135402,0.6125328969469105,0.6125328969469105,0.08115277589518427,0.9753743820006591,0.9753743820006591
asian_male_auth_asian_m_0016_frame_0007_subdiv_head_var_0.glb,asian_male_loPoly_0016_grp.fbx,bad,variation_long_faces_001,asian,male,0016,0007,0.052940622811878287,0.14809964322655475,0.05232816192894578,0.05239346565780707,0.07901716501489982,0.07880905805189747,0.0909099000826077,0.09112010413304314,0.03520691937105825,0.0295646574888007,0.0494210429214062,0.01700392242548074,0.05431216763316866,0.16924089855363622,0.1612316797198349,0.051624445119351096,0.08434924708067022,0.08444491636614339,0.17003052116643613,2.797466961293958,0.9884311734467338,0.9896647012254558,1.492562059492257,1.4886311090812308,1.717204960086156,1.7211755225629595,0.6650265429661487,0.5584493706063329,0.933518351248365,0.3211885603594669,1.0259072286732267,3.1968059604252264,3.045519133629447,0.9751386058074126,1.593280218489322,1.5950873238914085,3.2117212102062083,0.0016569809073602726,0.004528340935158803,0.0017607176864500654,0.0017603051783156715,-0.0014545607918563241,-0.0013569638777490844,0.00165474944824906,0.0019882832931056027,-0.003252095654947572,-0.00014719091619051772,-0.0016756463612692951,-3.563274123803348e-05,0.007416756524202699,-0.003227549609299829,0.00574287537720497,0.0038619015594917525,-0.00016899199198651405,-0.0001489523328683795,-0.00026240963399046247,3.231012552589981,3.1540710872483197,3.481919469780913,3.4765856242149265,-1.8075426831894836,-1.6926920471867142,1.8539540144051545,2.230722175726839,-8.45600349553549,-0.4953946795373104,-3.27936385858453,-0.20911779027911742,15.815527252696768,-1.8713855454017116,3.693433364211974,8.085627924425232,-0.19994736501932892,-0.1760793484907962,-0.15409308698667668,0.9031018251813999,1.0987002389189386,0.5051025681511185,1.4128393456728938,1.7129030177287259,1.57007498831312,0.20814464728553483,0.20814464728553483,1.4032926006816433,1.4032926006816433,0.1295664762997605,1.0222453848540407,1.0222453848540407
asian_male_auth_asian_m_0016_frame_0007_subdiv_head_var_0.glb,asian_male_loPoly_0016_grp.fbx,bad,variation_long_faces_002,asian,male,0016,0007,0.05103566804536677,0.14730788893587382,0.05206790926108918,0.05219243615275751,0.08093175046408588,0.08066356045845106,0.09113673409026554,0.09103999244497,0.040236160301239866,0.02968661426935184,0.050093459071359474,0.017296664574995475,0.05407446511075357,0.1710212198247962,0.16098566506362244,0.05109469066055207,0.08318709878396818,0.08323913493953734,0.16684788652839133,2.8863713276943583,1.0202258783955729,1.0226658756844813,1.585788009909928,1.5805330575225818,1.785745882845151,1.783850313550172,0.7883929385517796,0.5816836617669574,0.9815382259095786,0.338913258853006,1.0595426136615973,3.3510136415334375,3.1543755814172667,1.001156497356571,1.6299796195480634,1.630999223240189,3.269240766674719,-0.00024797385915124176,0.003736586644477874,0.0015004650185934665,0.0015592756732661084,0.00046002465732973563,0.0004975385288045059,0.0018815834559069017,0.0019081716050324687,0.0017771452752340447,-2.523413563937718e-05,-0.001003230211316021,0.00025710940827670253,0.007179054001787609,-0.0014472283381398443,0.005496860720992508,0.0033321471006927256,-0.0013311402886885537,-0.0013547337594744246,-0.0034450442720352636,-0.4835340275032137,2.602599951969512,2.9672550018505985,3.0795543049256855,0.5716599870548738,0.6206351728930046,2.1080950987523055,2.1408421673098696,4.620880888479195,-0.08492953819439306,-1.9633957217188427,1.5088974199213963,15.308649251642963,-0.8391264335912647,3.5352131905778945,6.976485865993813,-1.5749739976766777,-1.6014562051708727,-2.023010735585175,0.6867850456699136,1.4019115671066231,0.4490137351557015,1.7905425851659282,1.9212353382720968,1.384624408519439,1.0123828622234496,1.0123828622234496,0.979678411974678,0.979678411974678,0.13830273116962505,0.8176257036056288,0.8176257036056288
asian_male_auth_asian_m_0016_frame_0008_subdiv_head_var_0.glb,asian_male_loPoly_0016_grp.fbx,bad,variation_long_faces_001,asian,male,0016,0008,0.05357315936947643,0.14492831530218947,0.049273361934230174,0.049364248563840744,0.08045277825225138,0.08020897563862409,0.09141147470597775,0.09145149291735585,0.03815391285733967,0.029706263743301216,0.05034658107063475,0.016893239041392828,0.054365188616949604,0.1686838853109614,0.16132829744046,0.05173535617905424,0.08519424953365431,0.08533193360232438,0.17265551019184547,2.7052411507536194,0.9197397076100745,0.9214362032187011,1.5017366755877708,1.497185840496156,1.7062924005572069,1.707039383035916,0.7121833639529209,0.5544990083266679,0.9397724842660663,0.3153302743428985,1.01478406830575,3.1486641313722834,3.0113642603721,0.9656954487647915,1.5902412800801544,1.5928112996625445,3.2227987339909765,0.002289517464958417,0.001357013010793523,-0.00129408230826554,-0.001268911915650657,-1.8947554504766817e-05,4.2953708977527816e-05,0.0021563240716191145,0.0023196720774183166,-0.00030510216866615203,-5.584661690000853e-06,-0.0007501082120407454,-0.00014631612532594457,0.007469777507983645,-0.003784562851974649,0.0058394930978300785,0.003972812619194896,0.0006760104609975781,0.0007380649033126158,0.002362579391418873,4.464420583119145,0.9451840229458217,-2.5591214419692245,-2.5060887047819596,-0.023545604763426164,0.05358094108152685,2.4159099573454093,2.602518444657348,-0.7933176875690738,-0.01879607627865623,-1.4680172484190128,-0.8586851234926927,15.928589453298331,-2.1943508463642347,3.7555714204106727,8.317841394304914,0.7998397368601594,0.8724803755443304,1.38736198872969,0.7512628092283452,1.4016972864119635,0.27699469532174215,1.5527142495087654,1.8167103524796395,1.2126503697950533,0.41007694627036456,0.41007694627036456,0.827430636052872,0.827430636052872,0.09402510828431664,0.9243656160209773,0.9243656160209773
asian_male_auth_asian_m_0016_frame_0008_subdiv_head_var_0.glb,asian_male_loPoly_0016_grp.fbx,bad,variation_long_faces_002,asian,male,0016,0008,0.05235272864905909,0.14651619138446295,0.05181869473566267,0.051972367280172835,0.079150715312818,0.07897984150617902,0.09020024921280786,0.090137357171516,0.03662962712337084,0.029581564411481374,0.052643591649968687,0.017047187666013628,0.05200868521419465,0.17334923791980422,0.1646773803609594,0.0564523841726216,0.08558302425810303,0.08570586413415876,0.17371133933512747,2.7986352414717204,0.9897993108061995,0.9927346409881332,1.5118737333329146,1.5086098383832471,1.7229331028274681,1.7217317892968313,0.6996698752592939,0.565043411772827,1.0055558326837053,0.32562176042986457,0.9934283571507666,3.3111786604635696,3.1455357650000746,1.0783083447482578,1.6347385602725633,1.6370849494527562,3.318095232429676,0.0010690867445410784,0.0029448890930670046,0.001251250493166954,0.0013392068006814334,-0.0013210104939381379,-0.0011861804234675338,0.0009450985784492244,0.0010055363315784605,-0.0018293879026349824,-0.00013028399350984224,0.0015469023672931917,7.632499294855932e-06,0.005113274105228688,0.0008807897568681722,0.00918857601832948,0.008689840612762255,0.0010647851854462959,0.0011119954351469924,0.0034184085347008786,2.084654491838836,2.051168336615059,2.474419089022166,2.644920419739292,-1.641583401740876,-1.4796548399377007,1.0588728737021593,1.1281451698201,-4.756720632075362,-0.43849171459812697,3.0274023405615718,0.044792831856101126,10.903570273320577,0.5106961686325745,5.909477571183737,18.19383970175613,1.2598288808773517,1.3145106758310285,2.0073696063796413,1.1390171051228701,2.697288618570719,0.4620904251767605,1.5166197436995197,1.5166197436995197,2.2529902638497927,0.715404696402031,0.715404696402031,1.1309242238968804,1.1309242238968804,0.0783625074399441,0.877740712400722,0.877740712400722
asian_male_auth_asian_m_0016_frame_0009_subdiv_head_var_0.glb,asian_male_loPoly_0016_grp.fbx,bad,variation_long_faces_001,asian,male,0016,0009,0.049705953187274665,0.1436676747489322,0.05091149652242562,0.05086571237504939,0.07970786375599194,0.07952727943808731,0.08907029227096565,0.08951086625940896,0.03647102460994401,0.029233104282717925,0.05383820123861986,0.01674290566449508,0.055402212206675544,0.1704331247869542,0.16216874323840916,0.05365454063265243,0.08465968354053376,0.08477241095451082,0.1707993020541219,2.890351467713386,1.0242534999904114,1.023332400113225,1.6035878731805133,1.5999548210745764,1.7919441547651225,1.8008077608362782,0.7337355441617613,0.5881207865097728,1.0831338659934018,0.3368390422252574,1.11459913056972,3.4288272099887456,3.2625617826382687,1.079438924156647,1.7032101410783864,1.7054780266483975,3.4361940794216297,-0.0015776887172433487,9.637245753624235e-05,0.0003440522799299031,0.0002325518955579864,-0.0007638620507642024,-0.0006387424915592493,-0.00018485836339299233,0.00037904541947142434,-0.001987990416061812,-0.0004787441222732919,0.0027415119559443674,-0.0002966495022236927,0.008506801097709585,-0.0020353233759818623,0.006679938895779225,0.005891997072793087,0.00014144446787701936,0.00017854225549905622,0.0005063712536952925,-3.076397577576012,0.06712515384212535,0.6803829718583434,0.45928773427481356,-0.9492303577514069,-0.7967745887650602,-0.2071122641989373,0.42526385739624023,-5.169114223849834,-1.6112902696180587,5.365341658004223,-1.7409462824657596,18.1399435393438,-1.180113462874689,4.296089949382809,12.336020307228459,0.1673537799993982,0.2110581514297643,0.29735306763187375,1.0071728371578972,1.5308054350867204,0.446204015230432,1.4172817749789213,1.3824143518442653,0.8031510757235908,0.7539217314624179,0.7539217314624179,1.435631283990983,1.435631283990983,0.12121679324478522,0.8157936956741552,0.8157936956741552
asian_male_auth_asian_m_0016_frame_0009_subdiv_head_var_0.glb,asian_male_loPoly_0016_grp.fbx,bad,variation_long_faces_002,asian,male,0016,0009,0.05043048036247318,0.1452480093063416,0.05145876861988895,0.051406739679825814,0.07991857648036739,0.0796946010183058,0.09144931305311356,0.0907331613058559,0.03321948344955549,0.02966701078577818,0.04886442899936946,0.0166729054257,0.05407344092100531,0.17098577572188559,0.16247292534254446,0.05391243586358908,0.08530594722950986,0.08545334176653786,0.17373634940117946,2.880163112910282,1.0203902134190446,1.0193585171177368,1.584727646969573,1.580286375332822,1.8133738246357,1.7991730527590442,0.6587183626011045,0.5882753956048827,0.9689463326177422,0.3306116718671354,1.072237276590428,3.3905244307195055,3.2217207564702353,1.0690446625947057,1.6915553176643654,1.694478044871574,3.4450663200595217,-0.0008531615420448307,0.0016767070149456553,0.0008913243773932336,0.0007735792003344122,-0.0005531493263887521,-0.00047142091134075303,0.002194162418754919,0.001601340465918366,-0.005239531576450331,-4.4837619213037444e-05,-0.002232260283306038,-0.0003666497410187708,0.007178029812039348,-0.0014826724410504644,0.006984120999914523,0.006149892303729733,0.0007877081568531258,0.0008594730675260953,0.0034434186007528678,-1.6636134064606445,1.1678566595032818,1.7626447030205754,1.527811404638162,-0.6873834515704043,-0.5880557622710411,2.458303417965752,1.7965979498994473,-13.623675938937547,-0.15090821211077965,-4.368698470769404,-2.1517565302109634,15.306465264502132,-0.8596774986052751,4.491719535333584,12.87597319020973,0.9319978332439777,1.0159992452693392,2.022056103308454,0.7782310758444464,1.3791554868337002,0.47442026424089373,1.378804511245921,1.5071554168678403,1.724840417590565,0.4968361492461675,0.4968361492461675,1.7662347768614546,1.7662347768614546,0.121801634511486,1.0330820124749813,1.0330820124749813
asian_male_auth_asian_m_0016_frame_0010_subdiv_head_var_0.glb,asian_male_loPoly_0016_grp.fbx,bad,variation_long_faces_002,asian,male,0016,0010,0.05438334015009865,0.14815784053470712,0.04995476770308117,0.05013784295943213,0.08058002831413823,0.08047048859073752,0.0929305671594553,0.09313938467371463,0.034123295230054036,0.029578566341052322,0.05307176040168574,0.016563722120943574,0.05487075171290274,0.1706115777759896,0.1640683488724928,0.05455638899602482,0.08556284806819407,0.08569453247781494,0.1737580090570248,2.7243240324295965,0.9185674797687201,0.9219338646918542,1.4817042883305147,1.4796900736261884,1.7088058016106744,1.712645534765773,0.6274586139040622,0.5438902108516163,0.9758826922952336,0.30457346082876685,1.0089625161209081,3.1372029982913823,3.016886208527506,1.003182019446554,1.5733282992923865,1.575749710137278,3.1950595270068125,0.003099698245580637,0.004586538243311178,-0.0006126765394145472,-0.0004953175200592685,0.00010830250738208536,0.000304466661090963,0.0036754165250966614,0.004007563833777095,-0.004335719795951785,-0.0001332820639388943,0.001975071119010248,-0.000475833045775198,0.00797534060393678,-0.0018568703869464576,0.00857954452986287,0.0067938454361654785,0.0010446089955373355,0.0011006637788031765,0.0034650782565981975,6.044224104348483,3.1946065614158905,-1.21160273886191,-0.9782472896589052,0.13458454667936628,0.37979514732334096,4.117876110201549,4.496221210350742,-11.273611123477787,-0.4485822023664626,3.865360254719874,-2.792520351144982,17.006654628542044,-1.0766435291353798,5.517789249287217,14.224211965702702,1.2359568857549548,1.3011153121739596,2.0347751608427407,1.0004569035259991,2.4846843717090947,0.4122166114066463,1.7715160350731063,1.7715160350731063,1.3356162646531435,0.42933196107649796,0.42933196107649796,1.007887035134097,1.007887035134097,0.11818426306349944,0.8005519519579901,0.8005519519579901
asian_male_auth_asian_m_0048_frame_0001_subdiv_head_var_0.glb,asian_male_loPoly_0048_grp.fbx,bad,variation_long_faces_003,asian,male,0048,0001,0.046366605453905065,0.13865002788734723,0.048046120420137055,0.048111399797309044,0.07941047880806282,0.07927239594034492,0.08663510219729813,0.08670504571704499,0.036427677508985686,0.03677719945338828,0.0631671409984205,0.024195279334115558,0.05767224210735026,0.17559746782467936,0.16119900277749305,0.053953843516589,0.08200060299013241,0.08201016650916293,0.16912911090287458,2.990299301189622,1.0362225129441849,1.0376304093500774,1.7126653553926439,1.7096872881745213,1.8684805874655979,1.869989076583189,0.7856446930366712,0.7931829188994652,1.362341288089712,0.5218255487382848,1.243831450302839,3.7871538385368315,3.476618596497161,1.1636358320478457,1.7685272015794333,1.7687334603498759,3.6476491916366993,0.001094493274102215,-0.001068751040072452,-0.0007390442029494987,-0.0006852307212942277,0.00011638402496445821,9.741543789675011e-05,0.0010194271593615412,0.0011373185867079028,-0.00623721035654938,0.00013043750190367548,-0.00028561497650841927,0.0019298134478243217,0.002293068811940531,0.00012484942773061114,0.0067334475164632646,0.004958838531376304,-0.0009290392301247452,-0.000981938099086213,-0.0015440519849571621,2.4175882710206285,-0.7649301319958147,-1.5148953757957835,-1.404258273597374,0.14677514798903488,0.12303815836587155,1.190701537901593,1.3291443221058505,-14.61907125176774,0.3559318612551833,-0.450122255716158,8.667294264938336,4.140669994672165,0.07115037597956202,4.359190309505883,10.121110372114348,-1.1202740121044554,-1.1831705000388817,-0.9046835242468261,0.5102782090344643,1.2251054230363436,0.5106522480474737,1.6876919793079352,1.6876919793079352,1.371382862853477,1.21390832127507,1.21390832127507,1.1916846032327673,1.1916846032327673,0.10131307766870322,0.9912102287802762,0.9912102287802762
asian_male_auth_asian_m_0048_frame_0002_subdiv_head_var_0.glb,asian_male_loPoly_0048_grp.fbx,bad,variation_long_faces_003,asian,male,0048,0002,0.04846842524151666,0.14255123891320265,0.04803049584907034,0.049255780628711145,0.07906354880263561,0.07821721014384349,0.08749661340843844,0.0865770880656165,0.039773100956735336,0.03636536598003813,0.06526243875627233,0.021274057230856555,0.05958411539187892,0.17494752394254928,0.16362669218479564,0.05723408566676194,0.08318096968187373,0.08322645520454887,0.17094542869774787,2.9411155448701756,0.9909646457407243,1.0162447074207819,1.631238242395217,1.6137765927836432,1.8052291357197086,1.7862574992730946,0.8205981679525837,0.7502898185536385,1.3464938964092936,0.43892610756071787,1.2293387931415785,3.609515330254515,3.3759440577953357,1.1808530064999279,1.7161888232882652,1.7171272800763386,3.5269441465434888,0.003196313061713814,0.0028324599857829647,-0.0007546687740162122,0.00045915011010787266,-0.00023054598046275132,-0.0009577703586046843,0.00188093837050185,0.0010093609352794103,-0.0028917869087997303,-0.0002813959714464756,0.0018096827813434135,-0.0009914086554346814,0.00420494209646919,-0.0005250944543994662,0.009161136923765856,0.008239080681549243,0.00025132746161657393,0.0002343505962997261,0.0002722658099161279,7.060225175753514,2.027257901569806,-1.546922675872413,0.9409463424586783,-0.2907479820450545,-1.2096881521493636,2.196955603828855,1.1796047051033014,-6.777908142905802,-0.7678603960126302,2.852016044911343,-4.452674201823408,7.593002651084591,-0.29924580780553106,5.930860707608594,16.816164594811042,0.3030610706712809,0.28237697719071025,0.15952467588302913,1.0405517923936252,3.0834974708932616,0.22049081065737544,1.7426645278499255,1.7426645278499255,1.0851082780829244,0.828627242231505,0.828627242231505,1.024183403290185,1.024183403290185,0.0647588910226393,0.7952351288959743,0.7952351288959743
asian_male_auth_asian_m_0048_frame_0005_subdiv_head_var_0.glb,asian_male_loPoly_0048_grp.fbx,bad,variation_long_faces_003,asian,male,0048,0005,0.04295212843553664,0.1376753800098996,0.04941473181130233,0.04921470531553727,0.08025679521055752,0.08026091112730381,0.08757361609907491,0.08786056563923224,0.040986420728565544,0.036877697508187306,0.06807021945944278,0.02160705194785214,0.05914205228524681,0.17383885458935605,0.16336529951756515,0.05654652460580423,0.08287642877240349,0.08294712603442556,0.17077091345257533,3.2053214828812355,1.150460608383235,1.145803644850793,1.8685173036537275,1.8686131293298047,2.0388655763708434,2.0455462590426694,0.9542349173703635,0.8585767190451119,1.5847926968649257,0.5030496214007277,1.3769294896295607,4.047269854164658,3.8034273380129893,1.3165011063577516,1.9295069136512288,1.9311528684524717,3.9758428667597117,-0.002319983744266209,-0.0020433989175200895,0.0006295671882157738,0.0004180747969339954,0.0009627004274591622,0.0010859306248556383,0.0019579410611383213,0.0022928385088951536,-0.001678467136969522,0.00023093555670269938,0.004617463484513862,-0.0006584139384390973,0.0037628789898370846,-0.0016337638075926975,0.008899744256535363,0.007551519620591529,-5.321344785366722e-05,-4.497857382358694e-05,9.775056474359278e-05,-5.12453170961442,-1.4625084281487908,1.2904890105010416,0.8567698066254967,1.214088426247301,1.3715578052110289,2.2868955483569464,2.6795599062748194,-3.9340713662707105,0.6301663350459914,7.27701013701956,-2.9571082940801174,6.79475471720157,-0.9310648137117594,5.7616367878882615,15.412835702069366,-0.06416698110469939,-0.054196208224747466,0.05727354148105611,0.809390013642065,2.2140411036581606,0.5144403876225078,1.7433358258056835,1.8079976720985382,1.2111399652559962,0.42171221476873944,0.42171221476873944,1.0227618311520923,1.0227618311520923,0.04665488705388787,0.8781717833528812,0.8781717833528812
asian_male_auth_asian_m_0048_frame_0009_subdiv_head_var_0.glb,asian_male_loPoly_0048_grp.fbx,bad,variation_long_faces_003,asian,male,0048,0009,0.045802743255300725,0.1389327706847043,0.04789881964987209,0.04785839730035903,0.07827244923597877,0.0782078386287619,0.08651581703221208,0.08661115740180396,0.03825950226983381,0.036771332885406384,0.06622643535050021,0.021287394541118127,0.06113884831211915,0.17689725115888666,0.16099339159073936,0.05528140463205897,0.08429402551834456,0.08436491805176592,0.1742365139327871,3.033284925977129,1.0457631190972123,1.0448805879071534,1.7089030846841329,1.7074924572276784,1.8888785012281912,1.890960044009602,0.8353102794865035,0.8028194442513191,1.4459054336846051,0.46476243622492086,1.3348294003120347,3.8621540673421224,3.514929022774366,1.2069452767037328,1.8403706749287174,1.8419184541310725,3.804062847537474,0.0005306310754978755,-0.0007860082427153803,-0.0008863449732144646,-0.0009382332182442388,-0.0010216455471195873,-0.0009671418736862669,0.0009001419942754885,0.0010434302714668747,-0.004405385595701257,0.00012457093392177765,0.0027736793755712974,-0.0009780713451731093,0.005759675016709424,0.0014246327619379107,0.006527836329709574,0.006286399646846269,0.0013643832980873988,0.0013728134435167794,0.003563351044955365,1.1720925972934941,-0.562564494729582,-1.8168330066370637,-1.9227418128523153,-1.2884257647611765,-1.2215246123822687,1.0513752229093942,1.2194203427625439,-10.32555296895542,0.3399234401301071,4.371251229288161,-4.392772871531533,10.400435170791603,0.8118832299607853,4.226078958948647,12.830694983587781,1.6452299341454555,1.6541494519230764,2.0878215324908687,1.2505456494595353,3.6043576611371138,0.21707915721164409,1.655064166509354,1.6549343707247162,2.467161311020078,1.0844965383789675,1.0844965383789675,1.4160208558837597,1.4160208558837597,0.1462057775857153,0.9323742478863233,0.9323742478863233
asian_male_auth_asian_m_0051_frame_0001_subdiv_head_var_0.glb,asian_male_loPoly_0051_grp.fbx,bad,variation_long_faces_003,asian,male,0051,0001,0.056414895893738444,0.14454661201623265,0.04570124916892078,0.04568578029975646,0.08155615766397761,0.08146203893486889,0.08545777652667198,0.0855413516054824,0.04590311920554942,0.037867837538097554,0.06486532425889191,0.020308875245085324,0.05419534933562879,0.18294930818710464,0.15425904142778354,0.05191598147157553,0.08180260846569636,0.08187577079694504,0.169731008429271,2.562206483346113,0.8100918816725711,0.8098176833616594,1.4456493515045132,1.4439810203374046,1.5148087251217819,1.5162901614957467,0.81367019256778,0.6712382773766769,1.149790728694607,0.35999136262412973,0.9606567286361686,3.242925565824015,2.7343672089432136,0.9202530758784533,1.4500178927880591,1.451314754726553,3.0086204315429685,0.0034799583076712826,-0.002308915533835665,-0.0035498568963601568,-0.0035728366371055517,-0.00047101172339239494,-0.0004969140970464692,0.0024169487099009596,0.0025234662382682266,-0.004740379433427568,0.00012051196672630687,-0.0003708097901990587,-0.0002752692269064466,0.0009046840367086806,-0.00029863090867399134,0.005974856678966606,0.0032102910248137106,-0.0015610560931971634,-0.0015621799856316565,-0.005649656104106171,6.574029301561378,-1.5722360420165136,-7.207669390520738,-7.2532215869663785,-0.5742142840112658,-0.6062962966998462,2.9105546915234743,3.039665762511467,-9.360292161527735,0.3192596161506788,-0.5684116565215528,-1.3372876744088014,1.6976407249451493,-0.1629654937171791,4.029328339423112,6.591203194876679,-1.8725857379917985,-1.8722655230380696,-3.2213677141307495,0.6735034202263666,1.8245424278734834,0.20559771228784735,1.757043835183773,1.8313030034350275,1.0169287662077857,0.9753773545231214,0.9753773545231214,1.483335004878624,1.483335004878624,0.08096061861956698,0.9297859791947655,0.9297859791947655
asian_male_auth_asian_m_0051_frame_0002_subdiv_head_var_0.glb,asian_male_loPoly_0051_grp.fbx,bad,variation_long_faces_003,asian,male,0051,0002,0.0539177985716257,0.14676778579495064,0.049157206699243866,0.0491879211896964,0.08160088313858087,0.08155161261645408,0.08492820332592523,0.08484303798066842,0.0429679626178697,0.038051146071333954,0.06960801405287168,0.019244098827739167,0.06290008632445895,0.18288230187720877,0.15159770744507056,0.051156748726878414,0.08334124666640777,0.08341624977847145,0.17450198761537578,2.722065619945161,0.9117064865684797,0.9122761405837811,1.5134312842943745,1.5125174761747544,1.5751422642581476,1.573562723781478,0.7969161159424939,0.7057251423346949,1.2910025241554088,0.3569155146825003,1.1665922569316507,3.3918725675393353,2.8116449755211077,0.9487914952410484,1.5457093737923155,1.5471004378574413,3.2364449632260697,0.0009828609855585396,-8.774175511766513e-05,-9.389936603707016e-05,-7.069574716560972e-05,-0.00042628624878914,-0.0004073404154612825,0.0018873755091542016,0.0018251526134542423,-0.007675536021107286,0.00030382049996270644,0.0043718800037807065,-0.0013400456442526042,0.009609421025538842,-0.00036563721856985865,0.0033135226962536235,0.0024510582801165956,-2.241789248574877e-05,-2.1701004105242894e-05,-0.000878676918001392,1.8567340028700352,-0.059746988473246825,-0.19065432949385794,-0.14351955365743435,-0.5196890883507393,-0.49700539159237606,2.272828389089138,2.1985053044666447,-15.156014547541407,0.8048795387854799,6.701623367949448,-6.5100866644031,18.032090557768974,-0.19953142194889853,2.234575927207948,5.032385862173017,-0.026891683090432415,-0.02600855354392817,-0.5010112832787041,1.2809538209536087,3.904188624978632,0.15522493000590296,1.9147589175858204,1.9147589175858204,2.003931732811495,0.9653347718886042,0.9653347718886042,1.625636976327729,1.625636976327729,0.09904097552717174,0.846339434124924,0.846339434124924
asian_male_auth_asian_m_0051_frame_0006_subdiv_head_var_0.glb,asian_male_loPoly_0051_grp.fbx,bad,variation_long_faces_003,asian,male,0051,0006,0.05202772125678104,0.14518664395144737,0.04914921081810558,0.04915472084738283,0.08165074202864973,0.08161458006426812,0.08478233266421022,0.08410733795119782,0.046103446299123545,0.03779857350434484,0.06999862470217014,0.02020140855342838,0.059974896343102074,0.18167443687440005,0.15505227040654332,0.05364254439655295,0.0845224745802215,0.08460028564550862,0.1789088792727297,2.7905631929348518,0.9446735246299052,0.9447794302729767,1.5693699446428815,1.5686748927838325,1.6295607536945529,1.616587002457573,0.8861323384043972,0.7265083419239384,1.345410158494052,0.3882816326651136,1.1527488595377458,3.4918776468750585,2.9801856906491855,1.0310377448937655,1.6245661454797091,1.6260617148301921,3.438722184078196,-0.0009072163292861216,-0.0016688835986209405,-0.00010189524717535425,-0.00010389608947918016,-0.00037642735872027433,-0.0003443729676472357,0.001741504847439193,0.0010894525839836439,-0.00454005233985344,5.124793297359154e-05,0.004762490653079168,-0.00038273591856339065,0.0066842310441819625,-0.0015735022213785865,0.00676808565772638,0.004936853949791133,0.0011588100213279773,0.0011623348629319213,0.0035282147393525254,-1.7138328118571486,-1.1364118371723928,-0.20688925653831003,-0.21091962369213607,-0.4589057034780894,-0.42017736306750353,2.0971670119688723,1.3123106896359176,-8.96472886326076,0.13576573226808836,7.300387618762537,-1.8593724848956823,12.542967903831768,-0.858673897858224,4.564266694517049,10.136092732711395,1.390066076700981,1.3930529837204932,2.0117467046551543,1.1505338339108617,3.1003274939525567,0.21068845508760445,1.9014473242697305,1.9756868913174823,2.114841932144687,0.743404539164896,0.743404539164896,1.3142012143874975,1.3142012143874975,0.13092935934945593,1.0533142146997632,1.0533142146997632
asian_male_auth_asian_m_0051_frame_0007_subdiv_head_var_0.glb,asian_male_loPoly_0051_grp.fbx,bad,variation_long_faces_003,asian,male,0051,0007,0.05619231188691604,0.15169843446321782,0.04933015327974178,0.04930622203127181,0.08265741585242505,0.0825976799187251,0.08410998690386194,0.08440563278235973,0.048508856932259356,0.03771216655914609,0.06594828745748049,0.020622990214979004,0.05639225235234761,0.18100623281275705,0.1521173892582971,0.05246390669152567,0.08399284418872145,0.0840687654794217,0.176523210885521,2.6996297067916095,0.8778808278793728,0.8774549466926701,1.4709737520458062,1.469910689650008,1.4968237482936935,1.5020850708584734,0.8632650144361524,0.6711268017418426,1.1736176221081243,0.3670073275590021,1.0035581462786927,3.2211921299309094,2.707085438385682,0.9336491938097584,1.494739073162757,1.4960901706376755,3.1414121426568875,0.003257374300848881,0.004842906913149508,7.904721446084367e-05,4.76050944097986e-05,0.0006302464650550371,0.0006387268868097429,0.001069159087090918,0.0013877474151455516,-0.0021346417067176285,-3.515901222515827e-05,0.0007121534083895237,3.8845742987233395e-05,0.0031015870534275014,-0.0022417062830215884,0.0038332045094801592,0.00375821624476385,0.0006291796298279334,0.0006308146968450057,0.0011425463521438362,6.153543291805532,3.2977355322893023,0.160498353795484,0.09664318117339177,0.7683386733470267,0.7793253368683448,1.2875101503684543,1.671624625232393,-4.215036014661781,-0.09314305501903945,1.091654830210539,0.18871682056103734,5.820131980019308,-1.2233186872840685,2.5850393391401383,7.716174866408681,0.7547408492142761,0.7560285109215924,0.6514665428961213,0.4510574390550789,0.8126449789266271,0.43582308413798265,1.7869255858906494,1.7692999094534316,0.5250713322680045,0.8786297598923503,0.8786297598923503,1.0879479014910138,1.0879479014910138,0.1052392108647793,0.9128467348926872,0.9128467348926872
asian_male_auth_asian_m_0051_frame_0009_subdiv_head_var_0.glb,asian_male_loPoly_0051_grp.fbx,bad,variation_long_faces_003,asian,male,0051,0009,0.0532153760224034,0.146991969439649,0.04921834256567689,0.04922356935331245,0.08171267283248063,0.0816597775064331,0.08405345491432231,0.08453835539372549,0.04541125002127233,0.037758169377774244,0.06451824843925856,0.020567795642143682,0.05564532173806035,0.18045929542805306,0.15182796137370122,0.05040817192723441,0.08282851166289742,0.08290752234579123,0.174856210595322,2.7622086025994843,0.924889500826908,0.9249877203271021,1.5355086995548055,1.5345147137935238,1.5794956495080714,1.5886076865854575,0.853348287948852,0.7095349539929634,1.2123986197541234,0.3865009923726696,1.0456624738427847,3.391111910062998,2.8530844414175034,0.9472482521971249,1.5564770533243446,1.5579617874143665,3.2858211980257064,0.0002804384363362389,0.0001364418895807018,-3.276349960404379e-05,-3.5047583549559225e-05,-0.0003144965548893819,-0.0002991755254822537,0.0010126270975512885,0.001520470026511317,-0.005232248617704653,1.0843806402996425e-05,-0.0007178856098324082,-1.6348829848088914e-05,0.0023546564391402347,-0.0027886436677255766,0.0035437766248842817,0.001702481480472591,-0.0005351528959960938,-0.0005304284367854684,-0.0005244539380551694,0.5297794785915686,0.09290892338675089,-0.06652337829858421,-0.07115015753382195,-0.3834053487865521,-0.36503092635377216,1.2194328069388263,1.8314969356130917,-10.331530716319298,0.02872735018668636,-1.1004416805143462,-0.07942438351195152,4.418515749301313,-1.5217871925250026,2.389854744716837,3.4954467637277484,-0.6419498216972299,-0.6357160402556664,-0.2990374905070331,0.49009473868105996,0.9116289352099747,0.22588745280195907,1.6721637074845832,1.853558941146676,1.0000581817926486,0.5987082905476839,0.5987082905476839,1.5015900699919047,1.5015900699919047,0.05971428250826511,0.7695514474158303,0.7695514474158303
asian_male_auth_asian_m_0051_frame_0010_subdiv_head_var_0.glb,asian_male_loPoly_0051_grp.fbx,bad,variation_long_faces_003,asian,male,0051,0010,0.05212091485903478,0.14633463393760024,0.0501295884726405,0.05011772271037738,0.08338954561782014,0.0832897152258922,0.08638171969128178,0.08554387273651229,0.05039138959248443,0.037902198838839815,0.06517216696449725,0.01997453158858815,0.05565534237838268,0.18083033758303324,0.15310462833537608,0.05215707286266846,0.08163051135899083,0.08170381410523285,0.16969990224239054,2.8075991055294036,0.9617941014316426,0.9615664430665656,1.5999248256358105,1.5980094641691527,1.6573331439961887,1.6412580816716782,0.9668170585411252,0.7271974972302265,1.250403358052341,0.38323447780245,1.0678120775298563,3.469439054784504,2.937489273729364,1.0006937330960417,1.5661757200495643,1.5675821179694833,3.2558887867060204,-0.0008140227270323833,-0.0005208936124680708,0.0008784824073595626,0.0008591057735153687,0.0013623762304501297,0.0013307621939768338,0.003340891874510754,0.0025259873692981133,-0.0002521090464925532,0.00015487326746856794,-6.396708459371903e-05,-0.00060961288340362,0.002364677079462571,-0.002417601512745393,0.004820443586559142,0.0034513824159066453,-0.0017331531999026928,-0.001734136677343845,-0.0056807622909866295,-1.5377797049611326,-0.35469799547754816,1.7836805658641641,1.7440720567054102,1.6608841200119473,1.623693501134191,4.023191919380197,3.042702615376046,-0.49781127542108905,0.4102893784507708,-0.0980546832305897,-2.961565316611055,4.437319493383185,-1.3193062495954073,3.2508143702072054,7.0861995472155535,-2.0790271265945615,-2.0783548266455782,-3.2391040974220444,0.6225118649767203,1.499822740984604,0.5269883864932898,2.2091656520984055,2.2091656520984055,1.1548988287260107,0.8296394582635696,0.8296394582635696,1.4728069049158945,1.4728069049158945,0.08341670804646882,0.8510619152094949,0.8510619152094949
auth_african_f_0022_frame_0001_subdiv_head.glb,african_female_loPoly_0022_grp.fbx,bad,variation_narrower_jaw_001,african,female,0022,0001,0.049294755523096305,0.15165455829371333,0.054805972227040256,0.054804620553760584,0.08150854356925698,0.0816200550868471,0.08945229936215067,0.0891845623824357,0.046520994351766015,0.02914315023681226,0.07441703830532478,0.02801193015391019,0.0550258422061085,0.1738375098969242,0.16505716752068902,0.05707303646167806,0.08241666115440345,0.08233199012499162,0.16968628044261275,3.076484641914045,1.11180127876609,1.1117738585412542,1.6534932104707851,1.6557553480228797,1.8146413023640853,1.8092099542039444,0.9437311100968807,0.5912018414039538,1.5096339867322766,0.5682537595867704,1.1162615905525077,3.526490963434747,3.348371764281375,1.1577912468789373,1.6719154051953535,1.6701977573743363,3.4422785678105012,0.0002852574533953947,0.0008870037979402112,0.0005786189795089006,0.0004602723549937751,-0.004633975073778107,-0.0046444788707583895,0.003835883700762127,0.003577066726877867,-0.007999765081630389,-0.0042730157640798495,0.0028380395758164922,0.0003983984039838649,0.004640879497377674,0.0005088518587390567,0.0036172573058644575,0.0004908021853887029,-0.0016247831862429285,-0.0016248804458618843,-0.004032395764479446,0.5820452455760797,0.5883253866567685,1.0670241950915087,0.8469553325219931,-5.379428355213038,-5.3839957832971175,4.480313350109144,4.178450379240402,-14.672879036842938,-12.787271178763515,3.964905385923646,1.442765118174092,9.210842378123845,0.2935762986331748,2.2406214801848265,0.8674139359575844,-1.9333118308357145,-1.9353751930172327,-2.3212217894594,4.2235305021693295,1.6376655448365678,0.33811131099399466,,,4.341275751957054,0.5573903256455511,0.5573903256455511,1.8156502040940872,1.8156502040940872,0.09114251140849586,,
auth_african_f_0022_frame_0002_subdiv_head.glb,african_female_loPoly_0022_grp.fbx,bad,variation_narrower_jaw_001,african,female,0022,0002,0.049939874397879495,0.1507096265682093,0.05477789806830294,0.054790167490923615,0.08645847032931145,0.08664445260249994,0.08702234354059225,0.08694040805693841,0.04300720774183077,0.033685154774602634,0.07244824887291787,0.028665220122322043,0.053737409697174804,0.17341205319464484,0.1703159452654838,0.06490034046239702,0.08282798667019879,0.08274391537688505,0.17052133407988956,3.0178214980574443,1.0968769691304805,1.0971226530207305,1.7312512570712948,1.7349753808387423,1.7425422989106942,1.7409016162970166,0.8611797338372342,0.6745142069486851,1.4507094730697623,0.5739946379108074,1.0760421475841069,3.4724166867750093,3.410419976400974,1.299569557290532,1.6585541647600892,1.6568707145246335,3.414532698286684,0.0009303763281785851,-5.7927927563816706e-05,0.0005505448207715827,0.00044581929215680577,0.00031595168627636394,0.00037991864489445026,0.001405927879203711,0.0013329124013805732,-0.011513551691565635,0.000268988773710524,0.0008692501434095778,0.001051688372395717,0.0033524469884439814,8.339515645969242e-05,0.008876035050659231,0.00831810618610767,-0.0012134576704475875,-0.001212955193968454,-0.0031973421272026292,1.8983592259104787,-0.03842201178997087,1.0152529817535316,0.8203599949827393,0.36677785982278066,0.44041117185094913,1.6421241981959767,1.5570043150702044,-21.117739024950318,0.8049659967075301,1.2143927113236237,3.808597835003568,6.653665713367814,0.04811388803421074,5.498042608452944,14.700915035434278,-1.4438800760361308,-1.4447360718915887,-1.8405287197739393,4.877827328586527,1.5155574187877539,0.5221490380747984,,,5.121739346405288,0.2620757258685131,0.2620757258685131,1.5387710910494978,1.5387710910494978,0.07855689716569246,,
auth_african_f_0022_frame_0003_subdiv_head.glb,african_female_loPoly_0022_grp.fbx,bad,variation_narrower_jaw_001,african,female,0022,0003,0.04962185903643949,0.15115606621237967,0.053829276502843235,0.05406648092275794,0.08440888379291789,0.08448339592552401,0.08442862815083697,0.08440200190049445,0.045354917905900155,0.03147823736169938,0.07123459166100904,0.027498592521062896,0.054753957470379616,0.17025162345245776,0.16853090623904562,0.06436158479003813,0.08247325165067583,0.0823881491247852,0.16975664372481267,3.0461588732775855,1.0847895977317992,1.0895698382250163,1.7010423517372208,1.7025439507109996,1.7014402481139888,1.7009036650262215,0.9140108570417337,0.634362314773083,1.4355486280491503,0.55416288416098,1.1034241468094013,3.430980353384878,3.396303756279789,1.2970409823375344,1.6620347010802665,1.6603196801692577,3.4210053194531262,0.0006123609667385774,0.0003885117166065599,-0.0003980767446881209,-0.0002778672760088696,-0.0017336348501171966,-0.001781138032081478,-0.001187787510551569,-0.0012054937550633887,-0.009165841527496249,-0.001937928639192732,-0.00034440706849925284,-0.00011493922886342961,0.004368994761648794,-0.0030770345857273895,0.007090996024221058,0.007779350513748777,-0.001568192689970549,-0.0015687214460683024,-0.003962032482279526,1.2494740629003842,0.25768920767196773,-0.7340884643051299,-0.5113085080946376,-2.012519342859227,-2.0647396448658895,-1.3873361800723452,-1.4081637896682535,-16.811654171276565,-5.799374587560389,-0.4811565886814672,-0.41624240573187915,8.67122753847295,-1.7752601448339282,4.392343884969476,13.748751022736998,-1.8659754151941643,-1.8684848963545102,-2.2807176342722864,5.295163351729307,1.6086731327981498,0.04768780059719265,,,2.661852005654328,0.7174776404142437,0.7174776404142437,1.225218796184805,1.225218796184805,0.08330982357141586,,
auth_african_f_0022_frame_0004_subdiv_head.glb,african_female_loPoly_0022_grp.fbx,bad,variation_narrower_jaw_001,african,female,0022,0004,0.04910799191261445,0.1511778393129841,0.05447833850327135,0.05461134030612991,0.08626390690121602,0.0864062466216372,0.08605794659098674,0.08598633685599197,0.049436236165650994,0.03364819673505936,0.07253460634207455,0.025358353658898523,0.04831646243354544,0.17404665785596324,0.16123910377184936,0.056388723443048794,0.08582616482255086,0.08575432857215569,0.17886467295220096,3.078477319577606,1.10935789433649,1.112066247858565,1.7566164597957683,1.7595149639878043,1.7524224314470673,1.750964222055769,1.0066841310396206,0.6851877958059224,1.4770428094707424,0.5163793645649901,0.9838818601974704,3.5441615728387292,3.2833577080237237,1.148259605959659,1.7477025934042427,1.7462397714154512,3.642272183934601,9.849384291354263e-05,0.0004102848172109763,0.00025098525573999386,0.0002669921073630982,0.00012138825818093502,0.00014171266403172067,0.0004415309295981995,0.0003788412004341324,-0.00508452326774541,0.00023203073416724895,0.0009556076125662588,-0.0022551780910278034,-0.0020685002751853823,0.0007179998177780922,-0.0002008064429752099,-0.0001935108332405608,0.0017847204819044782,0.0017974580013021824,0.005145996745108766,0.20096888724194947,0.27213071047224485,0.46283884554409765,0.4912969171818254,0.14091561297848082,0.16427685577176485,0.5157082624720554,0.44253274498111916,-9.325848210087315,0.6943667150835151,1.3350390890174768,-8.166931022989555,-4.105392093159073,0.41424183738843307,-0.12438463494435863,-0.34199927895327215,2.123619478349807,2.1409302050929333,2.9622587838363215,1.1102193228836976,2.9513792956238944,0.5141472395239355,,,5.846926208428529,1.110303993898395,1.110303993898395,1.2229760028027254,1.2229760028027254,0.1349603845013857,,
auth_african_f_0022_frame_0005_subdiv_head.glb,african_female_loPoly_0022_grp.fbx,bad,variation_narrower_jaw_001,african,female,0022,0005,0.04952489238945447,0.15061912278821393,0.05438471383028029,0.0545299804739409,0.08561911762890939,0.08562872719022824,0.08697308409703167,0.08684875805811523,0.05475830586545033,0.032304051199830985,0.07197814559404316,0.027225027161507813,0.047882721973190615,0.17245168238535738,0.16309039646584444,0.05776208820909773,0.0828297477215645,0.08274692476427843,0.17105146524085219,3.041281172380414,1.0981288642206246,1.1010620688506974,1.7288097661195647,1.7290038010958202,1.7561488758641137,1.7536385011228874,1.105672384602904,0.6522790790901267,1.4533730841456558,0.5497241053532294,0.9668415147003221,3.482121294262079,3.293099461647128,1.1663243557374643,1.6724871822074219,1.6708148321367793,3.4538482970489977,0.0005153943197535593,-0.00014843170755918234,0.00015736058274893466,0.00018563227517408992,-0.0005234010141256934,-0.0006358067673772477,0.0013566684356431241,0.001241262402557397,0.00023754643205392556,-0.0011121148010611245,0.00039914686453486337,-0.00038850458841851315,-0.002502240735540208,-0.0008769756528277661,0.0016504862510198781,0.0011798539328083738,-0.0012116966190818812,-0.0012099458065750746,-0.002667210966240008,1.0516212980197628,-0.09845069654117374,0.2901867292519912,0.3415852454336775,-0.6075989213812152,-0.7370430676524765,1.5845891528661098,1.4499459341172907,0.43569905210898024,-3.3280742052557275,0.5576312488572377,-1.4069355268890937,-4.966245087855575,-0.5059611392332849,1.022353300880564,2.0852020919626155,-1.4417846201815547,-1.4411516274346696,-1.5353622445639596,1.1884393552026118,1.6695867612181403,0.23061981946563234,,,0.5042655269583621,0.9885538691016355,0.9885538691016355,0.9529477776590922,0.9529477776590922,0.05025675777350963,,
auth_african_f_0022_frame_0006_subdiv_head.glb,african_female_loPoly_0022_grp.fbx,bad,variation_narrower_jaw_001,african,female,0022,0006,0.049634079801320535,0.1506542232653391,0.0546456723608759,0.0547481109840663,0.08334625767602077,0.0834237129131627,0.08894275126468822,0.08872199845198181,0.047576079974588674,0.03304349650124377,0.06700433193283892,0.029047432016415495,0.04332940317162724,0.17428252693769009,0.15617856082232748,0.05058724574623095,0.08583900097749372,0.08576529771206932,0.17916387340639514,3.035298002267605,1.1009707962677295,1.1030346730153282,1.6792143222891645,1.6807748475865403,1.7919693811331998,1.7875217755043646,0.9585365572411175,0.6657420996523569,1.3499662369293333,0.5852316016069805,0.8729768607591764,3.5113480019237353,3.146599301276303,1.0192038605072529,1.7294367362323888,1.727951803586928,3.609694671958609,0.000624581731619625,-0.00011333123043402726,0.0004183191133445424,0.00040376278529949405,-0.0027962609670143107,-0.00284082104444279,0.003326335603299674,0.0031145027964239735,-0.00694467945880773,-0.0003726694996483426,-0.004574666796669374,0.0014339002664891694,-0.00705555953710358,0.0009538688995049394,-0.005261349392497089,-0.005994988530058407,0.0017975566368473445,0.0018084271412158182,0.005445197199302948,1.2744095659403611,-0.07516950899220469,0.7714171691822078,0.7429710700047669,-3.2460868466148547,-3.2931506311028182,3.885161014513004,3.6381192704844327,-12.737679245446834,-1.115237156885064,-6.391074027113315,5.192744917509493,-14.003304076835162,0.5503238242892282,-3.2590140724780667,-10.595178162787027,2.138893079420771,2.153995413263572,3.1344915343538884,2.311949783916121,0.9596154782577381,0.154042024602893,,,5.82695777933761,0.82378033244362,0.82378033244362,1.487627483319546,1.487627483319546,0.10640715745703756,,
auth_african_f_0022_frame_0007_subdiv_head.glb,african_female_loPoly_0022_grp.fbx,bad,variation_narrower_jaw_001,african,female,0022,0007,0.0503977843960345,0.15081253047790308,0.054435362188076944,0.05447174395351661,0.08561147803413244,0.08570380354248185,0.08633606123132562,0.08626469078009127,0.05130703629356862,0.03337674736108833,0.07242092032587016,0.02345897332927556,0.04515050327580602,0.17290471050505649,0.16121819961160072,0.05627516620458367,0.08479127653419263,0.08471259322110011,0.17661386751277686,2.9924436616656034,1.080114192328664,1.0808360844887195,1.698715113374482,1.700547049231501,1.7130923961434878,1.7116762535076628,1.0180415053643839,0.662266164298178,1.436986192820979,0.4654762825470837,0.895882702322895,3.4307998372773967,3.198914427362922,1.1166198450781821,1.6824405586540894,1.6808793131740458,3.504397457731764,0.0013882863263335876,4.497598212996334e-05,0.00020800894054558844,0.00012739575474979975,-0.000531040608902647,-0.0005607304151236392,0.0007196455699370746,0.0006571951245334384,-0.003213723139827783,-3.94186398037788e-05,0.000841921596361872,-0.004154558420650767,-0.005234459432924804,-0.0004239475331286602,-0.00022171060322384584,-0.0003070680717056837,0.0007498321935462543,0.0007557226502466069,0.0028951913056846634,2.8326883175974955,0.0298313402246133,0.3835867474410764,0.23442319021629307,-0.616467474213541,-0.6500126870206114,0.8405462484942847,0.7676840906287763,-5.894494451702801,-0.11796278424857728,1.1762131509319251,-15.045371444244365,-10.388931839018241,-0.24459171260373022,-0.1373332052333406,-0.5426934366117101,0.8922171666956946,0.9001319905186698,1.6665976099387667,1.4655974371944327,2.7961786512854534,0.20431653412716003,,,3.0366595604085904,0.5097244348774524,0.5097244348774524,2.003347775966408,2.003347775966408,0.09158867970064746,,
auth_african_f_0022_frame_0008_subdiv_head.glb,african_female_loPoly_0022_grp.fbx,bad,variation_narrower_jaw_001,african,female,0022,0008,0.049018613411590736,0.15095463527780265,0.0541120458178444,0.05420694033398789,0.0804073457027507,0.08052291684896001,0.08642866642175276,0.08640719843734204,0.04977286614564793,0.02990046125672102,0.07452540441930262,0.023145506475324946,0.051863574726261234,0.17334511071783648,0.1693463802046417,0.06432778223440222,0.08479591866740578,0.08471882914653289,0.17601114533604,3.0795370323981572,1.1039081290098118,1.1058440164113321,1.6403431289987878,1.6427008282106956,1.763180563596199,1.762742607829673,1.0153870679230361,0.609981783973736,1.5203490925690006,0.4721779108882761,1.0580383882094426,3.5363119976961244,3.454736240348218,1.3123133797006086,1.7298718336931842,1.7282991755638,3.590700207248644,9.11534188982599e-06,0.0001870807820295306,-0.00011530742968695468,-0.0001374078647789212,-0.005735172940284389,-0.005741617108645472,0.0008122507603642165,0.0007997027817842062,-0.004747893287748474,-0.0035157047441710908,0.002946405689794332,-0.00446802527460138,0.0014786120175304118,1.6452679651335345e-05,0.007906469989817144,0.007745547958112865,0.0007544743267594023,0.0007619585756793862,0.002292469128947816,0.018599133328936004,0.1240855717632374,-0.21263702316543345,-0.2528466516450726,-6.6577725270029555,-6.655825801443704,0.9487091395844628,0.9341504218296656,-8.708413707165233,-10.52096983261704,4.116299112996229,-16.18056435179937,2.934629576046495,0.00949218659946628,4.897469268470341,13.6890104414958,0.8977407904857999,0.9075595249067179,1.319644599533406,5.605275058557461,3.0139041221683684,0.14032078269307557,,,5.71013596430135,0.728353840156085,0.728353840156085,1.5031194839249362,1.5031194839249362,0.10175944921903557,,
auth_african_f_0022_frame_0009_subdiv_head.glb,african_female_loPoly_0022_grp.fbx,bad,variation_narrower_jaw_001,african,female,0022,0009,0.04958017722273157,0.15109664281486002,0.054143079586440004,0.05425850745481727,0.08533331519915056,0.08560800619588312,0.08735979157420767,0.08724925084879462,0.045256924011915466,0.03342832739605996,0.0714311193994524,0.027366662625396623,0.04790787827806677,0.17074074854607815,0.1582526355283259,0.05272511605841499,0.08284752262183591,0.0827641522374943,0.170731820450848,3.047521232852412,1.092030779624088,1.0943588848234447,1.7211175913269396,1.7266579304729364,1.7619903047493517,1.7597607700521185,0.9128027882717212,0.6742276705847212,1.4407193237442197,0.551967825819903,0.9662708155085399,3.443730097596278,3.191852962069891,1.0634313754377127,1.6709807681738558,1.6692992416241001,3.443550023709288,0.0005706791530306621,0.00032908831908690095,-8.427366109135109e-05,-8.584074394953761e-05,-0.0008092034438845208,-0.0006565277617223697,0.0017433759128191312,0.0016417551932367824,-0.009263835421480938,1.2161395167853417e-05,-0.00014787933005588894,-0.0002468691245297028,-0.0024770844306640505,-0.0025879094921069934,-0.0031872746864986534,-0.003857118217874364,-0.00119392171881047,-0.0011927183333592106,-0.002986855756244189,1.1644256225988008,0.21827529151580635,-0.15540802942505325,-0.15795707703691902,-0.9393775067545551,-0.761063361270831,2.0362636059352837,1.9177703782416349,-16.991391018310768,0.03639374776725955,-0.20659597463037155,-0.8940150313454976,-4.9163168880043955,-1.4930649792124189,-1.974279273481642,-6.816836180487627,-1.4206344597923974,-1.4206321951371959,-1.7193636409498774,2.457879766020024,2.543492623662917,0.2518217932221681,,,5.915418621834037,0.1724948665620345,0.1724948665620345,1.135987304734103,1.135987304734103,0.107668295977272,,
auth_african_f_0022_frame_0010_subdiv_head.glb,african_female_loPoly_0022_grp.fbx,bad,variation_narrower_jaw_001,african,female,0022,0010,0.04871900815309909,0.15081281488884019,0.05427654651106854,0.0543815053025601,0.08532501914267736,0.0853809196212916,0.08544383189279321,0.08537054729212756,0.05305531324848983,0.03308995782655383,0.07144650956965155,0.02363431723473059,0.04124610584321327,0.17464485184139336,0.1599108167927155,0.05499348815787619,0.08448468736191612,0.08440379019518127,0.1759178939026463,3.095564146439766,1.114073306675393,1.1162276771248434,1.7513702018428654,1.7525176077678501,1.7538089368380954,1.7523047066937674,1.0890064321868773,0.6792001537175983,1.4665017264951592,0.48511490957410175,0.8466121829409522,3.584737425125186,3.2823085455721315,1.128789157305083,1.7341216614349717,1.732461176753497,3.6108677202504973,-0.00029048991660182016,4.5260393067070304e-05,4.919326353718112e-05,3.71571037932894e-05,-0.0008174995003577268,-0.0008836143363138843,-0.0001725837685953302,-0.0002369483634302727,-0.0014654461849065714,-0.00032620817433828136,-0.00013248915985673848,-0.003979214515195735,-0.009138856865517554,0.0013161938032082154,-0.001529093422109079,-0.0015887461184131632,0.0004432430212697458,0.0004469196243277601,0.0021992176955541176,-0.5927216724168196,0.030019982229226392,0.0907166966321016,0.06837344641136496,-0.9490081242520351,-1.0243077841794572,-0.20157789515260258,-0.2767845988435821,-2.687868254470645,-0.9761986887710954,-0.1850950169859251,-14.410378763688392,-18.13806416479485,0.7593630609649396,-0.9471594849590462,-2.8078532753856336,0.5274100472061648,0.5323204894239029,1.2659650324139027,2.0401144206249606,2.6592940691729483,0.04741116240418095,,,3.0806839535294097,0.9016911838769436,0.9016911838769436,0.8482102400153598,0.8482102400153598,0.10210841515919311,,
auth_african_f_0023_frame_0001_subdiv_head.glb,african_female_loPoly_0023_grp.fbx,bad,variation_narrower_jaw_001,african,female,0023,0001,0.042787899158898364,0.15215410413929642,0.05836398213557467,0.05850921597630056,0.0793832458976652,0.07944257615742811,0.08458043794470248,0.0844712688795011,0.04640932809915999,0.028575977204252576,0.07155916031089028,0.034520660358022266,0.04568176958760457,0.17206590401372046,0.15684556860628845,0.05592750114215065,0.08556630803150654,0.08549867702025984,0.17897389859065455,3.556007823012123,1.3640300945562325,1.3674243682546567,1.855273277214787,1.8566598902743014,1.9767373394660521,1.9741859390152852,1.0846367550510714,0.6678518404965855,1.672415839935168,0.8067855874350212,1.0676329169132481,4.0213683633947905,3.665652478609017,1.3070868689873434,1.999778201629976,1.9981975909298448,4.1828157518557285,0.0005245963355945057,-0.0002625716796710864,-2.4372886582191278e-05,-7.687611006580025e-05,-0.002178574629062943,-0.0020899067607353106,0.000590251368970035,0.0006186233624173726,-0.0015864005326477124,-0.0005373030517750732,0.0009256878819099285,0.0010184119980610196,-0.0025919468513953894,-0.0016595494814078127,0.0014943321192368852,0.0013456343839279294,0.0015848894769159294,0.0016015452236645689,0.004287555677692456,1.2412573096517314,-0.1722722781219525,-0.04174271834331075,-0.13121904419306743,-2.671071605554728,-2.563281143827071,0.702762302400431,0.7377505606443119,-3.305295237452388,-1.8455599886028966,1.3105512869138316,3.0398317961194814,-5.369271401903864,-0.9552713479918191,0.9619055200512917,2.4653506079016814,1.887190647876114,1.9089391846522732,2.45443095676274,2.5787857602256743,3.8056919884553215,0.45992504648673527,,,3.7673500196473166,1.1429680181733948,1.1429680181733948,1.572689494113201,1.572689494113201,0.0761356017753295,,
auth_african_f_0023_frame_0002_subdiv_head.glb,african_female_loPoly_0023_grp.fbx,bad,variation_narrower_jaw_001,african,female,0023,0002,0.04288629989239067,0.15240457572202043,0.05851298122738798,0.058758655998606406,0.08207640663119348,0.08210954312316998,0.08525724070759272,0.08507370069166488,0.047395748804291433,0.028886897926566343,0.07231142349549843,0.03509881217502723,0.042154021338368826,0.17339985803295488,0.15470877247839915,0.05335175646323589,0.08166220455332304,0.08157480514330727,0.16902908741388298,3.553689082630829,1.3643746691649181,1.3701031832086772,1.913814127988139,1.9145867871370899,1.9879831303124367,1.983703441544966,1.1051489385471764,0.6735693682842467,1.686119429210275,0.8184154908000077,0.9829251169753683,4.043245942598123,3.6074171207726216,1.2440279669056296,1.9041559835711634,1.9021180504728297,3.9413306309475735,0.0006229970690868128,-1.2100096947076366e-05,0.0001246262052311195,0.00017256391224004797,0.0005145861044653366,0.0005770602050065576,0.0012670541318602763,0.0012210551745811538,-0.0005999798275162713,-0.00022638232946130613,0.0016779510665180797,0.0015965638150659822,-0.006119695100631137,-0.00032559546217339475,-0.0006424640086524214,-0.001230110294986833,-0.0023192140012675694,-0.0023223266532880066,-0.005657255499079111,1.4740851459041533,-0.007938827482006118,0.21344359707312716,0.2945475728021899,0.63091542236567,0.7077672411691057,1.5085740174154707,1.456191593063551,-1.2500692136980143,-0.7775912829830834,2.375574934681577,4.765542294092852,-12.677074714900305,-0.18741954942286296,-0.4135557741157537,-2.253697735249258,-2.761579931827427,-2.768064418362216,-3.238521915761814,1.9311353871268702,1.5598397774321466,0.2634382934069781,,,4.52368176759105,0.6121442807165579,0.6121442807165579,1.4592982015946314,1.4592982015946314,0.0948766070435652,,
auth_african_f_0023_frame_0003_subdiv_head.glb,african_female_loPoly_0023_grp.fbx,bad,variation_narrower_jaw_001,african,female,0023,0003,0.043443806113445095,0.15241299759778051,0.05862288261681297,0.05877318735671647,0.08234735283038522,0.08221253159591418,0.08713470495128471,0.08696468946788703,0.04363345608001365,0.03029396215705383,0.07353402728024835,0.029828510932787492,0.05123048441610309,0.17419446722470752,0.1609719259490152,0.05800576085557716,0.08568544527636685,0.08561635124817081,0.1795696618666182,3.5082791134778444,1.3493956414346076,1.3528553921643436,1.8954912149122256,1.8923878672423882,2.005687639884712,2.001774182510519,1.0043654086401481,0.6973137224198774,1.6926239632003806,0.6865998539560761,1.1792356379255673,4.00965023114762,3.7052905891502266,1.3351905839950196,1.9723282313850652,1.9707378083909193,4.133377756951285,0.0011805032901412368,-3.6782211869923476e-06,0.00023452759465610734,0.00018709527035011553,0.0007855323036570772,0.0006800486777507608,0.0031445183755522688,0.003112043950803306,-0.004362272551794055,0.0011806819010261801,0.002900554851268,-0.0036737374271737545,0.0029567679771031266,0.00046901372957924847,0.005620689461963618,0.0034238940973544407,0.0017040267217762334,0.001719219451575535,0.004883318953656124,2.793211157861309,-0.0024132668995885628,0.40166843982350625,0.3193509989952969,0.9631127635259871,0.8340831205071307,3.743911644626379,3.711324707303687,-9.088876606621806,4.055475338550112,4.106487691348338,-10.965644417955726,6.125005893920313,0.2699741000200646,3.618052607152631,6.2729516242473204,2.029052082120477,2.0491993167820124,2.7954783826971807,5.129515480298878,2.7439298555432,0.3233833767922583,,,1.6043343622186146,0.9206989371913883,0.9206989371913883,1.8465839277310074,1.8465839277310074,0.09255697336008237,,
auth_african_f_0023_frame_0004_subdiv_head.glb,african_female_loPoly_0023_grp.fbx,bad,variation_narrower_jaw_001,african,female,0023,0004,0.04292281369027584,0.15363049667526366,0.058771783073531696,0.05890237336980692,0.08158224808591563,0.08154184560507642,0.08525814340411941,0.08514471350496484,0.04595289545027051,0.032089376765111054,0.07241895027207272,0.035992753051948365,0.0447373547561487,0.1735855576694685,0.15285491645368615,0.051807987599814365,0.08412267236343163,0.08404256545040882,0.17646320953799233,3.5792270698709725,1.3692434866367216,1.3722859315523215,1.9006733499485864,1.899732067740697,1.9863130133855749,1.9836703651199448,1.070593735579854,0.7476065524656157,1.6871901920185448,0.8385459842326813,1.0422745134782239,4.044132775685074,3.5611578857961823,1.207003529024274,1.9598592247574305,1.9579929232236855,4.111175255455587,0.0006595108669719824,0.0012138208562961494,0.0003834280513748331,0.0003162812834405643,2.0427559187491395e-05,9.362686912997575e-06,0.0012679568283869708,0.001292067987881118,-0.002042833181537196,0.002976096509083405,0.0017854778430923673,0.002490504691987118,-0.0035363616828512634,-0.00013989582565976377,-0.002496320033365418,-0.002773879158408356,0.0001412538088410159,0.00014543365381354534,0.0017768666250302378,1.5604811335481572,0.7963832367908757,0.6566858258454654,0.5398572804178664,0.02504549194165817,0.011483382546310018,1.5096487816986535,1.5408792172429175,-4.256281214539935,10.222470580130627,2.5278069754925427,7.433843440082476,-7.32564621851709,-0.08052695954751779,-1.606887778825941,-5.082052562796367,0.16819650259800792,0.17334758733605163,1.0171754674122213,2.1605094389861472,3.6795196837810438,0.5065058078418666,,,5.1220934463440235,0.6002241591833953,0.6002241591833953,1.2772366391250185,1.2772366391250185,0.10811350316109575,,
auth_african_f_0023_frame_0005_subdiv_head.glb,african_female_loPoly_0023_grp.fbx,bad,variation_narrower_jaw_001,african,female,0023,0005,0.04345962474728508,0.15409953542185933,0.05933802302372052,0.05939988757202459,0.08715405161436304,0.08677380784921677,0.08443413080930318,0.08425113268851639,0.0538445573341422,0.03542613467772621,0.06970421343485467,0.029494496164278284,0.04792218843594087,0.17111024068009745,0.15893458733991583,0.057794426799095217,0.08327194314352587,0.08319380478305546,0.1724695122100992,3.545809157762825,1.36535976481084,1.3667832595755511,2.0054027645465933,1.9966534077042974,1.9428177601689431,1.9386069985286642,1.2389558733478447,0.8151504962071555,1.6038843832679222,0.6786643082122057,1.1026829779273362,3.9372231508001385,3.657063038719506,1.3298418275621589,1.9160759815057506,1.9142780285568979,3.9684998021266473,0.001196321923981225,0.0016828596028918286,0.0009496680015636597,0.000813795485658235,0.005592231087634902,0.005241324931053351,0.00044394423357073387,0.00039848717143266266,0.0058488287023344965,0.006312854421698565,-0.0009292589941256868,-0.004007752195682963,-0.00035152800305909143,-0.0026152128150308263,0.0035833508528642644,0.003212560040872496,-0.0007094754110647389,-0.0007033270135398118,-0.002216830702862882,2.830639926516999,1.1041177704798133,1.6264681565412922,1.3890591720276462,6.856432398786764,6.428511365604092,0.5285667905624157,0.4752231357464766,12.186144202962186,21.683762070718718,-1.3156071224730261,-11.962636515084322,-0.7281975140722637,-1.5053711257712525,2.3066123797237585,5.885764323713839,-0.8448004609538204,-0.8383206892519229,-1.2690349261976497,5.068618505046966,3.8271394421135843,0.39784062533419823,,,1.8822419917695208,0.8482955758486689,0.8482955758486689,1.5214545314212329,1.5214545314212329,0.08846167951091605,,
auth_african_f_0023_frame_0006_subdiv_head.glb,african_female_loPoly_0023_grp.fbx,bad,variation_narrower_jaw_001,african,female,0023,0006,0.042466785771493654,0.15222435692502667,0.058615974186218604,0.05867325170070061,0.08109567212247634,0.08107582802546394,0.08448547152532872,0.08429905441539269,0.04574647037558304,0.02931263307051,0.07185844526691734,0.032862286314637584,0.045354622708069746,0.17223391768968557,0.15292666351895295,0.05207636276492991,0.08571761033904211,0.08564922166770185,0.17978886542038902,3.584550941625752,1.3802780954890466,1.3816268557835085,1.9096258558120685,1.909158570693784,1.9894482238408686,1.98505850828907,1.07722940515764,0.6902484503592089,1.6921093499652897,0.7738350270129649,1.0680022489131868,4.055732369679357,3.601088727124878,1.2262845378772886,2.018462400245537,2.016851996488864,4.23363487850956,0.0002034829481897954,-0.0001923188939408349,0.0002276191640617417,8.715961433425345e-05,-0.00046614840425179827,-0.00045665489269948456,0.0004952849495962752,0.00044640889830896424,-0.0022492582562246635,0.00019935281448234948,0.0012249728379369884,-0.0006399620453236624,-0.0029190937309302167,-0.0014915358054427008,-0.002424572968098615,-0.0025055039932928083,0.0017361917844515018,0.001752089871106574,0.005102522507426932,0.48146485152976615,-0.1261796932044766,0.38983657610385863,0.14877185220984637,-0.5715277089714292,-0.5600895205875708,0.5896938318498504,0.5323730641486023,-4.686371725866531,0.6847487219894268,1.7342667659000603,-1.910206259734153,-6.046962915355536,-0.8585591664519832,-1.5607040039882152,-4.590359659905468,2.0673522957020802,2.0883787485780028,2.9209624646897994,1.0793922381244752,1.7070004929785865,0.42380265516224436,,,5.187309421249958,0.7556147466350218,0.7556147466350218,1.3840100060534661,1.3840100060534661,0.05544299044289222,,
auth_african_f_0023_frame_0007_subdiv_head.glb,african_female_loPoly_0023_grp.fbx,bad,variation_narrower_jaw_001,african,female,0023,0007,0.042405335267179864,0.1524410028685848,0.05834641637701558,0.058458050951718306,0.08415458098286309,0.08398962148297134,0.08466567254365702,0.08459214145493082,0.04316721981340806,0.032148971392715726,0.07236772301174822,0.030471520529578407,0.04719539751280198,0.17426759791423396,0.1578157338663155,0.05697202021902903,0.08553027678475646,0.08546055130964468,0.17919016657116432,3.5948543245351585,1.3759215912195255,1.3785541508726766,1.984528136675188,1.980638071926203,1.996580666329151,1.994846660731438,1.0179667143633662,0.7581350598965273,1.706571179210983,0.7185775171352605,1.1129589523450707,4.1095677422720565,3.7216008993203022,1.343510665817639,2.016969710199501,2.0153254483472494,4.225651452633385,0.00014203244387600567,2.4327049617300922e-05,-4.1938645141285924e-05,-0.000128041134648052,0.0025927604561349488,0.0024571385648079203,0.0006754859679245773,0.0007394959378470983,-0.004828508818399642,0.0030356911366880776,0.0017342505827678684,-0.0030307278303828393,-0.0010783189261979811,0.000542144419105689,0.0024644973792639358,0.002390153460806309,0.001548858230165845,0.001563419513049405,0.004503823658202233,0.33606565125735843,0.015960884520402025,-0.07182707086947611,-0.2185521001457078,3.178889876894411,3.0136927968625993,0.8042439188005657,0.8818993524735449,-10.060288604931596,10.427169697099194,2.4552815019983627,-9.046341600180128,-2.233759912727199,0.3120696525457003,1.5864034525849107,4.37902476182025,1.8442868158496721,1.863495782954587,2.578234556347816,2.7238704738265485,3.417158216270121,0.4802771425438693,,,2.1821838938981433,0.835250031082394,0.835250031082394,0.8443990845371602,0.8443990845371602,0.08386744835510886,,
auth_african_f_0023_frame_0008_subdiv_head.glb,african_female_loPoly_0023_grp.fbx,bad,variation_narrower_jaw_001,african,female,0023,0008,0.04215705399878602,0.15283613113436859,0.05849499928698828,0.058630246382401545,0.08046991989619237,0.08039763934726038,0.08521192184960748,0.08505083246716612,0.04411189782685466,0.029603943420128117,0.07124855379158554,0.031122078405764968,0.044137457063993364,0.174156316110537,0.15778858330338996,0.056955533999802625,0.08197596142896563,0.08189816506648963,0.1686241112567021,3.625398756250134,1.3875495021230073,1.3907576744828967,1.9088126959371885,1.9070981418572455,2.0212968831280596,2.017475710461535,1.0463705036913853,0.7022298906603058,1.6900743062747519,0.7382413013646821,1.0469767898218023,4.131131082251433,3.7428749956753085,1.351032119119205,1.944537239991349,1.942691846276735,3.9999026322275246,-0.00010624882451783918,0.0004194553154010794,0.0001066442648314167,4.415429603518706e-05,-0.0010919006305357692,-0.0011348435709030436,0.0012217352738750353,0.0011981869500823916,-0.0038838308049530465,0.0004906631641004681,0.0006150813626051854,-0.002380169954196279,-0.0041362593750065985,0.00043086261540872806,0.0024373468163383927,0.002373667241579905,-0.002005457125624985,-0.0019989667301056474,-0.006062231656259992,-0.2513973528336122,0.27520303349174624,0.18264646227993234,0.07536651526457123,-1.3387398950688565,-1.3918913423035575,1.454616692360147,1.4289196753348454,-8.09203426152209,1.6853585710214865,0.8708071987026117,-7.104508117254708,-8.568346670042057,0.24801352176111063,1.5689265637364553,4.348820189852363,-2.387977197981448,-2.382640130001166,-3.4703523785374077,3.813830782575952,1.7591233432739037,0.3000896883861302,,,5.399097809355672,1.1042677234741323,1.1042677234741323,1.1887202584543575,1.1887202584543575,0.04290010204181659,,
auth_african_f_0023_frame_0009_subdiv_head.glb,african_female_loPoly_0023_grp.fbx,bad,variation_narrower_jaw_001,african,female,0023,0009,0.04391530807829692,0.15245324456648796,0.05817777525135614,0.05839377826969216,0.08092996102890315,0.08078587725653051,0.0845222374324336,0.08430464690507346,0.038271035083334175,0.02983249661343475,0.07057760274495876,0.027642880959877127,0.04074336152554831,0.17264637933226598,0.15649259213866587,0.055263375389428826,0.08207143212482396,0.08198546362003502,0.17012006855344378,3.471528522461415,1.324772107886174,1.3296907348476634,1.8428644718741936,1.8395835254644415,1.9246645675748943,1.919709791282031,0.8714736787249784,0.6793188507352875,1.6071298559291773,0.6294588873336021,0.9277712785916629,3.9313484724837524,3.5635089217558056,1.2584080086811495,1.868857027679237,1.8668994300088375,3.8738215897321155,0.0016520052549930594,3.656874752044903e-05,-0.00021057977080072426,-0.0001923138166742,-0.0006318594978249881,-0.0007466056616329125,0.0005320508567011606,0.0004520013879897311,-0.00972469354847353,0.0007192163574071021,-5.586968402158943e-05,-0.005859367400084119,-0.007530354913451651,-0.0010790741628622924,0.0011413556516143009,0.0006815086312061056,-0.0019099864297666552,-0.0019116681765602578,-0.004566274359518313,3.9088408728958792,0.023992615849910977,-0.3606537137770275,-0.32825848221911624,-0.7747000909793635,-0.9157155956875529,0.6334678828477418,0.5390424895987839,-20.26158124002057,2.470406464273962,-0.07909802831478314,-17.489475145455273,-15.599285633968583,-0.6211376290305971,0.734693638379526,1.2485989792634506,-2.274296460621349,-2.2785858534413417,-2.613984747390053,1.632924261838496,2.1643884271862737,0.32406073097047744,,,4.741515227026689,0.46141447475060415,0.46141447475060415,1.5992837978597456,1.5992837978597456,0.09812819368864346,,
auth_african_f_0023_frame_0010_subdiv_head.glb,african_female_loPoly_0023_grp.fbx,bad,variation_narrower_jaw_001,african,female,0023,0010,0.04224295777833184,0.15247698229546983,0.05854827777211301,0.05889337034349386,0.08234868545109601,0.08265277109031723,0.0844294051186938,0.08437291540327452,0.043842298346075614,0.029102778503479646,0.07153338539108814,0.031598736905335364,0.055702697359696955,0.1712380936320835,0.16267836386517287,0.061652302201485,0.08190536208971132,0.08182130643452322,0.16934633322789827,3.609524292678236,1.3859890701627158,1.3941583033208602,1.9494062390994804,1.9566047321788922,1.9986622518653543,1.9973249942870448,1.0378605252060296,0.6889379918943002,1.6933801313453616,0.7480237788070717,1.3186268265587495,4.05364829164303,3.851017362913383,1.459469351672837,1.938911629235488,1.9369218146105467,4.008865433063094,-2.0345044972017168e-05,6.0306476502319795e-05,0.00015992274995614564,0.00030727825712750095,0.0007868649243678721,0.0011202881721538022,0.00043921854296136154,0.0005202698861907912,-0.00415343028573209,-1.0501752548002646e-05,0.000899912962107785,-0.0019035114546258822,0.0074289809206969926,-0.002487359863044769,0.007327127378121301,0.007070435443262281,-0.0020760564648792945,-0.0020758253620720563,-0.005340009685063818,-0.04813879562862505,0.03956684934786837,0.2738949400020931,0.5244901070966091,0.9647466416103516,1.3740390725967082,0.5229403110866125,0.6204573308122925,-8.653749831770511,-0.03607203467162842,1.2740602028487529,-5.68174241374433,15.389287315561178,-1.4317762958751012,4.716491187202113,12.95381756468988,-2.472042626345721,-2.474250689647888,-3.0569130912108515,5.023213841839178,1.7019995078388181,0.5006291995692265,,,4.151272572114261,0.3318603370303278,0.3318603370303278,1.7589701282169425,1.7589701282169425,0.11068292014357795,,
auth_asian_f_0022_frame_0001_subdiv_head.glb,asian_female_loPoly_0022_grp.fbx,bad,variation_narrower_jaw_001,asian,female,0022,0001,0.04996468439671635,0.15375783370675913,0.05821330679309181,0.05876879091245121,0.08329727162064304,0.082587972706886,0.09101408966691216,0.09046022016213326,0.03474669837088775,0.03126931346932633,0.05245765336392967,0.02043095709579983,0.04245014538236171,0.181499085781204,0.1550737683936198,0.04364556828704687,0.08005856565429834,0.08021688198619403,0.1673813280666986,3.077330229606414,1.1650890523170712,1.1762065871532548,1.6671229414613753,1.6529269363765589,1.8215683890698917,1.8104831693498749,0.6954251545952181,0.6258282994654787,1.0498946205167496,0.4089079585408637,0.8496029924918632,3.632547427701395,3.103667525693631,0.8735283493537934,1.6023030390553161,1.6054716036886614,3.3499927015990276,0.000799344938005743,-0.0005385814333021821,-0.0010322185564249423,-0.0005308712144970196,-0.0007574874182147556,-0.0010100059848188736,0.0028639776742912515,0.002541883893549632,-0.0005680383269242445,0.00018886129670403484,0.005046720675122421,-0.00121385868936311,-0.005979909751901692,0.0026732769118104904,-0.00465456851721982,-0.00471739150744601,-0.00172015778289146,-0.0017170354237855956,-0.005580672063236564,1.6258302023461841,-0.3490563489847053,-1.74227260258966,-0.8952348048131115,-0.9011832606224898,-1.2081703417059926,3.2489779190876087,2.891187437606162,-1.6085022289276723,0.6076529892650542,10.644634874086432,-5.608080481771456,-12.347517952072312,1.4949055333298866,-2.9140530773935254,-9.754141449347735,-2.1034294870262045,-2.0956344796672193,-3.2265307171772797,1.9926936153471977,3.4854518858536907,0.567649615541435,,,3.1884422815521463,0.7692798301952919,0.7692798301952919,1.6384524124389552,1.6384524124389552,0.10950464972319013,,
auth_asian_f_0022_frame_0002_subdiv_head.glb,asian_female_loPoly_0022_grp.fbx,bad,variation_narrower_jaw_001,asian,female,0022,0002,0.04988405810470895,0.15434284869798284,0.05814517690299925,0.05821820055829514,0.08604727076495497,0.08525467765750398,0.08836343020780273,0.08816671448601002,0.03595156545116386,0.03267025419861773,0.049900245568250096,0.020647734299502948,0.05352862565308932,0.17870189315197887,0.1674534960683452,0.05566301105778905,0.08225527183031126,0.08243571170198816,0.17587163731846198,3.094031531556836,1.1656063903411753,1.1670702579187209,1.724945283808662,1.7090565783270972,1.7713761382909905,1.7674326796136752,0.7207025013021165,0.6549237459799552,1.000324501737753,0.41391448659133534,1.0730607670436565,3.5823447398139763,3.356853921484346,1.1158476910789776,1.6489290357583504,1.6525462208578094,3.5256080599797888,0.0007187186459983452,4.6433557921526925e-05,-0.0011003484465174976,-0.0010814615686530957,0.001992511726097171,0.0016566989657991055,0.00021331821518182081,0.0002483782174263899,0.000636828753351866,0.0015898020259954362,0.0024893128794428454,-0.0009970814856599917,0.0050985705188259164,-0.00012391571741462992,0.007725159157505573,0.007300051263296171,0.00047654839312145925,0.0005017942920085283,0.0029096371885268257,1.4618400969283047,0.030093737355710592,-1.8572684435255375,-1.823722985702535,2.3704924609635127,1.9817452427991464,0.24199426451060865,0.2825101428985347,1.8032946381597181,5.115118715666043,5.250503920228764,-4.606560275479313,10.52769918326764,-0.06929409026475172,4.836436230984962,15.094302115329661,0.582729068261224,0.6124378131435582,1.6822407154987822,5.195075362770507,3.580369520082261,0.30398591283730164,,,1.4951400038235596,0.7860382837445272,0.7860382837445272,0.9708642000390094,0.9708642000390094,0.08452288147396997,,
auth_asian_f_0022_frame_0003_subdiv_head.glb,asian_female_loPoly_0022_grp.fbx,bad,variation_narrower_jaw_001,asian,female,0022,0003,0.04920527459032811,0.1546626013128453,0.05854028154741393,0.058498212015402874,0.083861192955452,0.08339653897014518,0.08774224696256078,0.08762114999342394,0.033137000726978595,0.032298727809308585,0.049050360487346505,0.02097586503226933,0.04607724801061708,0.17916507508757842,0.15735119019015023,0.04654036712846419,0.08025930202906054,0.08040745083115047,0.16836769556738765,3.1432118324820015,1.1897155749014097,1.1888605947725246,1.7043130772800508,1.6948699029623497,1.7831878328712256,1.7807267762031131,0.6734440769382897,0.6564078359123168,0.9968516768929472,0.4262930185210751,0.936429039249262,3.641176206804371,3.1978520900497016,0.9458410204180073,1.6311117598119544,1.6341225915433775,3.4217407985054176,3.993513161750645e-05,0.00036618617278397214,-0.000705243802102816,-0.0008014501115453584,-0.00019356608340580228,-0.00020143972155969858,-0.0004078650300601283,-0.00029718627515969154,-0.0021777359708334,0.0012182756366862918,0.0016394277985392544,-0.0006689507528936101,-0.0023528071236463277,0.0003392662181849193,-0.0023771467206893937,-0.0018225926660286884,-0.0015194214081292595,-0.0015264665788291554,-0.004594304562547502,0.08122618913481569,0.2373264294258357,-1.1903747969863658,-1.351525595254861,-0.23028569187417258,-0.24096243080538346,-0.4626937173877566,-0.3380253628228482,-6.166649321126968,3.919748753718034,3.457910877434162,-3.0905818720442126,-4.858154955891757,0.1897188220927911,-1.4882435807344048,-3.7685713897027204,-1.857966649841694,-1.8630460096165626,-2.6562508291394056,1.4694869684712815,2.993383131180016,0.35303616684132877,,,3.7316547138961753,0.37823165739118486,0.37823165739118486,1.0548380781684867,1.0548380781684867,0.07394450948115416,,
auth_asian_f_0022_frame_0005_subdiv_head.glb,asian_female_loPoly_0022_grp.fbx,bad,variation_narrower_jaw_001,asian,female,0022,0005,0.049221152401852424,0.15497168631018327,0.05948161457205175,0.05942544163894162,0.08317835975815792,0.08289901466988332,0.08908963683615151,0.08897845146868094,0.034992400974337264,0.030996320639941784,0.04830716280560097,0.020398217632128266,0.05114022641605038,0.1795724100846378,0.16382843645146775,0.05191922781502918,0.08035597388542011,0.08051025489962238,0.16903143848797886,3.148477407537312,1.2084563580801733,1.2073151224453078,1.6898905389104122,1.6842152331801854,1.8099868143842697,1.8077279203510128,0.7109220176043731,0.6297357767425057,0.9814309590155582,0.41441974916785135,1.0389888070586037,3.648277241023712,3.3284152941795426,1.0548153645641831,1.6325496247909046,1.6356840701802098,3.4341219219730705,5.581294314181695e-05,0.0006752711701219494,0.0002360892225349992,0.00012577951199338466,-0.0008763992806998799,-0.0006989640218215548,0.0009395248435306036,0.001060115200097314,-0.0003223357234747315,-8.413153268050852e-05,0.0008962301167937184,-0.0012465981530346733,0.002710171281786973,0.000746601215244308,0.0041000995406281215,0.003556268020536303,-0.0014227495517696864,-0.0014236625103572487,-0.003930561641956293,0.11352091484833345,0.4376454044696874,0.3984929176375764,0.21210831138315242,-1.0426527786424657,-0.8361015813542755,1.0658237661788243,1.2057953381405504,-0.9127513146507547,-0.2706895389205988,1.8903448339148576,-5.759338242505117,5.596052439489326,0.4175019366413674,2.5669205727201665,7.353288623458604,-1.7397551489812997,-1.737574078429021,-2.27250010927459,3.4942538484124177,1.5692455941905723,0.17313323364833286,,,2.745115487611184,0.5627789574765436,0.5627789574765436,1.8230586170082905,1.8230586170082905,0.10064366532016612,,
auth_asian_f_0022_frame_0006_subdiv_head.glb,asian_female_loPoly_0022_grp.fbx,bad,variation_narrower_jaw_001,asian,female,0022,0006,0.05015393265572548,0.15435840929612327,0.05854509008065583,0.058613663044030775,0.08672103093537753,0.08590833014198475,0.08776216977656567,0.08757992391654992,0.03391256987249888,0.03535962771051817,0.0497579537339092,0.020863356912931334,0.04314660609587654,0.1796318086650581,0.15851184025840012,0.04789932965441956,0.0829285526607038,0.0830201151747906,0.17784283271769838,3.077693036669618,1.1673080650032024,1.1686753149822948,1.7290973278339246,1.712893198858208,1.7498561953056917,1.7462224651001912,0.6761697054802638,0.7050220359236691,0.9921047283662794,0.4159864602471928,0.8602836071111366,3.58160963962916,3.1605067013684063,0.9550463367093799,1.6534805601378266,1.6553061899386903,3.5459399353282053,0.0009885931970148726,6.19941560619508e-05,-0.0007004352688609189,-0.0006859990829174573,0.0026662718965197313,0.002310351450279871,-0.0003879422160552315,-0.000338412352033704,-0.0014021668253131128,0.004279175537895877,0.0023470210451019477,-0.0007814588722316052,-0.005283449038386866,0.0008059997956645915,-0.0012164966524395027,-0.0004636301400733206,0.001149829223514004,0.0010861977648109755,0.004880832587763229,2.010752306195506,0.04017861076401296,-1.182258516113626,-1.1568347243680344,3.1720653619233348,2.7636451101288637,-0.44009270922730803,-0.38491669246319765,-3.9704864213244644,13.768060754486886,4.950379399846802,-3.6103743269890916,-10.909442542940488,0.4507178246587763,-0.761603530072783,-0.9586471589898732,1.4060249111092216,1.325699782393995,2.821910352618827,1.7275001228095985,2.9046458604628955,0.4594207212230271,,,2.2300207213787684,0.6135127794494601,0.6135127794494601,1.0427975808524494,1.0427975808524494,0.1108065284554988,,
auth_asian_f_0022_frame_0007_subdiv_head.glb,asian_female_loPoly_0022_grp.fbx,bad,variation_narrower_jaw_001,asian,female,0022,0007,0.04976011925129155,0.15496288689757104,0.05875430662046295,0.05880305024134645,0.08212414779582611,0.08178619710360127,0.08826322132103762,0.08810586171131264,0.03293846435298085,0.02985179321477839,0.045764648500751785,0.02254512557625466,0.039716988966254155,0.1784551819506535,0.15436771467552046,0.04395906220449003,0.08108165652799032,0.08124454925331344,0.17178974727747648,3.1141984631306707,1.1807509207072078,1.1817304927343033,1.6504009441997978,1.6436093468863315,1.7737743126237926,1.7706119486244158,0.66194504451727,0.5999140207848994,0.9197053622327069,0.45307619667068005,0.7981690872901853,3.5863093705512292,3.1022376352426804,0.8834195509559405,1.629450607192542,1.6327241669784522,3.4523580301310792,0.000594779792580942,0.0006664717575097234,-0.0004912187290537981,-0.0004966118856017804,-0.0019306112430316907,-0.001811781588103606,0.00011310932841671062,0.00018752544272901406,-0.0023762723448311485,-0.001228658957843902,-0.001646284188055465,0.0009003097910917218,-0.00871306616800925,-0.0003706269187400135,-0.005360622235319162,-0.004403897590002849,-0.0006970669091994758,-0.0006893681566661897,-0.0011722528524586717,1.209754268208485,0.43194247702044086,-0.8291237627751153,-0.8374615769962359,-2.2968494171034215,-2.1672552571936556,0.1283144466409516,0.21329503114815382,-6.728840611682589,-3.9531566369107902,-3.47237249868345,4.15947079442859,-17.991030866791046,-0.20725583241214532,-3.356087178389306,-9.10593067239099,-0.8523817441768439,-0.8413709223943734,-0.6777516746904141,1.5395710273759347,0.9263853821731999,0.2541330442243018,,,5.0527536187986435,1.105181856642927,1.105181856642927,1.0248673450768493,1.0248673450768493,0.09118084544492253,,
auth_asian_f_0022_frame_0008_subdiv_head.glb,asian_female_loPoly_0022_grp.fbx,bad,variation_narrower_jaw_001,asian,female,0022,0008,0.049438369537743096,0.15535428251302058,0.05958458927713039,0.05956999287721183,0.08376680577338691,0.083407985626918,0.08928278583188567,0.0892855653301783,0.033004330583079,0.03099224766463651,0.04925061573299782,0.0202574920343199,0.045688204170647305,0.17728870233224803,0.1616109913243486,0.04978677246872528,0.07960158442094899,0.07975587320995178,0.16736209766179153,3.142382808446329,1.2052296593568137,1.204934414993882,1.694368292413774,1.687110364010715,1.8059411478714698,1.8059973693512357,0.6675853368886339,0.6268865246653386,0.9962022654367285,0.409752429615515,0.9241446390291497,3.5860547989330276,3.2689385357049194,1.0070472172573612,1.6101175092390165,1.6132383400925707,3.3852673384388425,0.0002730300790324894,0.0010578673729592647,0.00033906392761363924,0.00027033075026360043,-0.00028795326547088884,-0.0001899930647868836,0.0011326738392647695,0.0013672290615946714,-0.002310406114732995,-8.820450798578336e-05,0.0018396830441905695,-0.0013873237508430399,-0.0027418509636161006,-0.0015371065371454773,0.0018826544135089884,0.0014238126742324025,-0.002177139016240809,-0.0021780442000278455,-0.005599902468143625,0.5553304056036915,0.6856072268425641,0.5723030146383956,0.4558723280494897,-0.3425781820845748,-0.2272699265702891,1.284937493170271,1.5551125278552744,-6.54232858792953,-0.28379415941535013,3.880292877311146,-6.409496687858257,-5.661465707637177,-0.8595551989188049,1.1786602489700286,2.9440147589861385,-2.6622315985562697,-2.658293743150816,-3.2376490003219094,2.895810276015367,2.755616721907354,0.287696389610321,,,1.9454146186956407,1.3330776577508714,1.3330776577508714,1.277803492458915,1.277803492458915,0.08005229033584146,,
auth_asian_f_0022_frame_0009_subdiv_head.glb,asian_female_loPoly_0022_grp.fbx,bad,variation_narrower_jaw_001,asian,female,0022,0009,0.05020000489486642,0.15578420941483465,0.06015273695943213,0.0602110515786075,0.08497178336515662,0.08432217215352539,0.09337689248576085,0.09311758312145767,0.03439641282247148,0.03129655059891974,0.04649774894991717,0.01940481861624558,0.04718881733090362,0.180780171844004,0.15756657960296094,0.041338711891926665,0.0827519049586917,0.08292698753030348,0.17672152505815786,3.103270801289614,1.1982615755797168,1.199423221266754,1.692664842226859,1.6797243811055562,1.8600972785026524,1.8549317538210064,0.685187439612958,0.6234372021370103,0.9262498887658904,0.38655013394689863,0.9400161898336641,3.6011982911677176,3.1387761800611718,0.8234802362769106,1.6484441611509508,1.6519318614405913,3.5203487614844806,0.00103466543615581,0.0014877942747733297,0.0009072116099153801,0.0009113894516592641,0.0009170243262988237,0.0007241934618205104,0.005226780493139946,0.00519924685287404,-0.000918323875340514,0.00021609842629744663,-0.000913183738890079,-0.0022399971689173598,-0.0012412378033597876,0.0019543629746104907,-0.002161757307878681,-0.0070242479025662136,0.0009731815215019007,0.0009930701203238468,0.0037595249282227072,2.104461084876123,0.9642442265575624,1.5312744794873865,1.5369218288430868,1.0909844210901742,0.8662810670234177,5.929408794826582,5.913722976957557,-2.6003984772663213,0.6952872664053464,-1.9261037214432675,-10.34888534580567,-2.562949391485689,1.0928864166569332,-1.353396241197562,-14.524024030816388,1.1900179907422417,1.2120378857936676,2.1736132360856257,1.9054662122411687,3.4153857470251303,0.2614345277328612,,,1.1168530417591058,0.47494370219821025,0.47494370219821025,1.6162259626383741,1.6162259626383741,0.10694253330575142,,
auth_asian_f_0022_frame_0010_subdiv_head.glb,asian_female_loPoly_0022_grp.fbx,bad,variation_narrower_jaw_001,asian,female,0022,0010,0.05005245912350705,0.1543587851399589,0.05790948965360594,0.05859193664309322,0.08432568082164218,0.08329794566742048,0.0886329475722641,0.08802013934367899,0.03789577896089792,0.031601329644526326,0.048961010938774314,0.022779489644692057,0.05171854759055235,0.17699628389283892,0.17122285341164345,0.059550797972327346,0.08274614357800905,0.08292266740268463,0.17662369895849733,3.0839400869210154,1.156975914224539,1.170610548794707,1.6847460104520373,1.6642128503991873,1.7708010580171032,1.7585577389211728,0.7571212209052129,0.6313641766640955,0.9781939148676085,0.4551122970498308,1.0332868453662614,3.5362155424989483,3.420867953543344,1.189767676057287,1.6531883752969785,1.6567151515586602,3.5287716538096388,0.0008871196647964458,6.236999989758796e-05,-0.0013360356959108075,-0.0007077254838550109,0.0002709217827843863,-0.00030003302428439904,0.00048283557964319546,0.00010180307509535802,0.0025810422630859267,0.0005208774719040327,0.0015500782499670643,0.0011346738595291173,0.003288492456288941,-0.0018295249765545862,0.011494516500803825,0.011187838177834468,0.0009674201408192556,0.0009887499927049986,0.003661698828562182,1.8043598896361837,0.04042219635561338,-2.2550828742405695,-1.1934730460013718,0.32231581635864476,-0.35889985497241483,0.5477424460715533,0.11579276794360348,7.308683298906887,1.675900559654199,3.269453187393223,5.242243088559396,6.790189371397992,-1.0230765839235156,7.196291355127592,23.133071725499384,1.1829729056143599,1.206765188288883,2.117053934281163,5.276188192931396,2.0414925456308666,0.42500791803955856,,,1.799247356042377,0.5592303305582249,0.5592303305582249,0.8670851959259676,0.8670851959259676,0.073070893201608,,
auth_asian_m_0016_frame_0001_subdiv_head.glb,asian_male_loPoly_0016_grp.fbx,bad,variation_narrower_jaw_001,asian,male,0016,0001,0.051929447588174055,0.14547299735646171,0.050087302304286895,0.050157147530173904,0.07971953981212422,0.07943632996368424,0.09002683147458485,0.08994665724147793,0.03845866062795931,0.02976123297924302,0.052349052818291227,0.01914347385372148,0.043296764000541256,0.170582769074055,0.15604957717251355,0.047664673647934176,0.08307892843093247,0.08316148907909167,0.16557891093668847,2.801358460620144,0.9645259988418079,0.9658710011310855,1.5351509310158507,1.5296971882630686,1.733637380249867,1.7320934733371125,0.7405944490870636,0.573108984622062,1.0080802945073641,0.3686438955703631,0.8337613052213803,3.2848947369296106,3.0050305639694668,0.9178736894322154,1.5998423301127531,1.6014321919732903,3.1885359584375,0.0006458056836560408,0.0019016950650657671,-0.00048014193820881956,-0.0004760129493174975,-0.0007521859946319209,-0.0007296919659623147,0.0007716808402262049,0.0008148364015403975,-3.5439804651343776e-07,4.93845742518019e-05,0.0012523635356157317,0.002103918687002708,-0.003598647108424703,-0.0018856790888810426,0.0005607728298836212,-9.786991192516775e-05,-0.0014393106417242701,-0.0014323796199200989,-0.0047140198637381225,1.2592820238048388,1.3245648919489765,-0.9495080192431782,-0.9401209500052897,-0.9347208439871311,-0.9102259890140114,0.8645784974219152,0.9141924779071624,-0.000921495379623725,0.16621171991273997,2.450968063092005,12.347262979681703,-7.673772386946141,-1.0933472811789817,0.3606515801921796,-0.20490933821920593,-1.7029586246904125,-1.693242834201803,-2.768182943109177,1.348321509455353,2.392034703206797,0.5136754544959212,,,3.220264316463283,0.8094871647966908,0.8094871647966908,1.4164398221937833,1.4164398221937833,0.15332300920774627,,
auth_asian_m_0016_frame_0002_subdiv_head.glb,asian_male_loPoly_0016_grp.fbx,bad,variation_narrower_jaw_001,asian,male,0016,0002,0.05186561610120657,0.14586841619369345,0.05118511175978776,0.05123323285612679,0.08214559647423918,0.0817456335424308,0.08944971793965197,0.08930746302267493,0.04030136138445545,0.03141557797210749,0.0512706464807519,0.01747820103677002,0.04320266666921619,0.17374942256018128,0.15360716898154847,0.04602641517289457,0.083416742584944,0.08349706297108588,0.16757725367364149,2.8124300289628694,0.9868794705900934,0.9878072740166474,1.583816074100934,1.576104550323256,1.7246438905710997,1.7219011309613528,0.7770342746110347,0.6057110728388062,0.9885286310049091,0.33699013625258795,0.8329731702196275,3.3499924539822303,2.961637796450953,0.8874167248506635,1.6083245289551944,1.6098731538859221,3.2309893580873337,0.0005819741966885533,0.002297113902297504,0.0006176675172920448,0.0006000723766353896,0.001673870667483035,0.0015796116127842486,0.000194567305293325,0.0001756421827373983,0.0018423463584496258,0.0017037295671162751,0.00017395719807640486,0.0004386458700512477,-0.003692744439749769,0.001280974397245227,-0.001881635361081463,-0.0017361283869647762,-0.0011014964877127387,-0.0010968057279258925,-0.00271567712678511,1.1348144848450832,1.599981239729388,1.2214726817713506,1.1851371136084714,2.080073032735309,1.9704253432589067,0.21799000271747523,0.19705889667935272,4.790414827846837,5.73417561874094,0.34044710238278714,2.5742800546108136,-7.874425988439093,0.7427297055720317,-1.2101420221453076,-3.6349161028012236,-1.3032648334826626,-1.2965546378170376,-1.5947092542365866,1.4861266156465862,1.2290477767267767,0.5975089039162074,,,1.9966216319836134,1.0470948934613777,1.0470948934613777,1.3745172568696051,1.3745172568696051,0.14455477599432462,,
auth_asian_m_0016_frame_0003_subdiv_head.glb,asian_male_loPoly_0016_grp.fbx,bad,variation_narrower_jaw_001,asian,male,0016,0003,0.0519238735076754,0.14753027906972982,0.05174084064146505,0.051760659307912696,0.0829449388947766,0.08231563272760752,0.08897153476657997,0.08878473000593948,0.043591422219757474,0.03159697471205179,0.0476555681446588,0.01783875152453661,0.052908037216126205,0.1729826369140049,0.16364049084636068,0.05669111670748474,0.08434304565027596,0.08444091613311473,0.17118688805267787,2.841280303325634,0.996474976656291,0.9968566636358789,1.5974335751841715,1.5853137904944554,1.7134995668885948,1.7099019007666156,0.8395256223192552,0.6085249920228144,0.9177968615460544,0.34355586976575775,1.018953973229777,3.3314663415554806,3.151546288667607,1.0918121641888803,1.6243596625704042,1.626244546656032,3.296882079249596,0.0006402316031573832,0.0039589767783338725,0.001173396398969337,0.0011274988284212945,0.002473213088020454,0.0021496107979609574,-0.0002836158677786693,-0.0003470908339980594,0.005132407193751652,0.0018851263070605757,-0.0034411211380166937,0.0007991963578178364,0.006012626107160246,0.0005141887510688448,0.008151686503730743,0.008928573147625393,-0.0001751934223807733,-0.00015295256589703543,0.0008939572522512762,1.2484129039614478,2.75749868890834,2.320458185195845,2.226799231460141,3.073393869990559,2.6814487562417018,-0.3177585447595355,-0.38941292876913547,13.345134268990352,6.344695494420664,-6.734528569903682,4.690241910650382,12.821352803986164,0.298134967030651,5.242619581643935,18.693671823477082,-0.20728475214700928,-0.1808080990375869,0.5249526495606222,5.161120497575852,0.8847489956914352,0.1558258594852163,,,1.6022977802994893,1.0800605851096448,1.0800605851096448,1.1705409430880869,1.1705409430880869,0.04124945653992874,,
auth_asian_m_0016_frame_0004_subdiv_head.glb,asian_male_loPoly_0016_grp.fbx,bad,variation_narrower_jaw_001,asian,male,0016,0004,0.05186797234514228,0.14399711442603585,0.050690466168852776,0.0507675226372823,0.07933486630149825,0.07910086949700873,0.08992368405363178,0.08983376790658051,0.03699757889620161,0.028969175045529056,0.052326964160806434,0.016452452685961436,0.050070688046495435,0.17070477834854927,0.16647708798524735,0.05794415848196866,0.08399670244809383,0.08409292163521884,0.16970658473156358,2.776224091966494,0.9772980102546888,0.9787836374142926,1.5295540333364968,1.5250426403918786,1.7337034780395388,1.7319699198727967,0.713302973364962,0.5585175925667775,1.0088492338318127,0.3171986862428853,0.9653488613997232,3.2911403825975225,3.2096316948244623,1.117147169285777,1.6194329303863868,1.6212880094028699,3.2718954888441387,0.0005843304406242672,0.00042581213463990797,0.00012302192635706144,0.00013436215779089739,-0.001136859505257895,-0.001065152432637828,0.0006685334192731429,0.0007019470666429772,-0.0014614361298042125,-0.0007426733594621607,0.0012302748781309394,-0.0005871024807573358,0.0031752769375294754,-0.0017636698143867757,0.010988283642617419,0.010181614922109318,-0.0005215366245629044,-0.0005009470637929309,-0.000586346068863014,1.1394090180104555,0.2965858272816032,0.24328286351018835,0.2653639561870127,-1.4127440338336177,-1.3286831590229118,0.7490138266774623,0.7875381205366938,-3.799983251822741,-2.4995865263549235,2.4077389267332987,-3.445527039954949,6.7709758000658455,-1.022604327442307,7.066929152277746,21.31715391025817,-0.617069913293581,-0.5921789267911599,-0.3443161534110758,5.613228073080659,2.17730938347013,0.24183601482346725,,,1.5842894750907834,1.1689970969447532,1.1689970969447532,1.3756702567106007,1.3756702567106007,0.07371322771252234,,
auth_asian_m_0016_frame_0005_subdiv_head.glb,asian_male_loPoly_0016_grp.fbx,bad,variation_narrower_jaw_001,asian,male,0016,0005,0.05180661597026534,0.14644137012330471,0.05164172344708528,0.051708507161805424,0.07946966719835886,0.0792743016415213,0.09100116693101659,0.09091312063187854,0.034905115092627226,0.02962029812578052,0.04788432081370105,0.017183088383555766,0.045035633117891896,0.1706838347073829,0.15538582539304932,0.045799138002225584,0.08470058186782,0.08483021532284732,0.17233285364794687,2.8266924480717956,0.9968171531745154,0.9981062494312266,1.53396753889447,1.5301964846926341,1.7565549346679419,1.754855416228278,0.6737578673863043,0.5717474027406313,0.9242896861123778,0.33167749063976854,0.8693027381626377,3.2946339287118795,2.999343278515504,0.8840403323875125,1.634937551536551,1.6374398082966088,3.3264642057851868,0.0005229740657473267,0.002870067831908768,0.001074279204589565,0.0010753466823140226,-0.0010020586083972771,-0.0008917202881252584,0.0017460162966579512,0.001781299791940999,-0.003553899933378596,-9.15502792106955e-05,-0.0032123684689744428,0.00014353321683699405,-0.001859777991074063,-0.0017846134555531412,-0.00010297894958061216,-0.00196340555763376,0.0001823427951632567,0.00023634662383555105,0.0020399228475202758,1.0197677979286675,1.9990539795227362,2.124448290164456,2.123799249603595,-1.2452306674814069,-1.1123419457034167,1.956207887442436,1.9985003954309966,-9.240746105888213,-0.3081271752696349,-6.28684267820774,0.8423530745529055,-3.9657995251447775,-1.0347477898491695,-0.06622917322953438,-4.110764233427148,0.21574372249580867,0.2793897802173836,1.1978905042810888,1.1709188273302216,1.8750979553674176,0.29746861310290434,,,4.244307703647196,1.227383750193534,1.227383750193534,1.3422813324025262,1.3422813324025262,0.12197727523476073,,
auth_asian_m_0016_frame_0006_subdiv_head.glb,asian_male_loPoly_0016_grp.fbx,bad,variation_narrower_jaw_001,asian,male,0016,0006,0.0517201588394572,0.14599237677778784,0.050711030328330395,0.05089017866283553,0.08024167579151459,0.0800375673367512,0.09088487501851407,0.09087909824928649,0.03117356605088886,0.030054087720641002,0.054652427433010645,0.01606599986087575,0.04965236015538843,0.1747592892369916,0.15842312890477947,0.050120433228134934,0.08305183752325884,0.08317072758699254,0.16586413779299486,2.822736434954847,0.9804886811299399,0.9839524820641409,1.5514584176083075,1.5475120172231704,1.7572427668025294,1.7571310740050359,0.6027353115378797,0.5810903986960071,1.0566948876289302,0.3106332273793992,0.9600194831093355,3.3789395307051553,3.0630827990404157,0.9690695920658727,1.6057923909525733,1.6080911090230792,3.2069533720468284,0.0004365169349391865,0.0024210744863918943,0.00014358608583468074,0.0002570181833441293,-0.00023005001524155355,-0.00012845459289535788,0.0016297243841554288,0.001747277409348949,-0.007285448975116963,0.0003422393156497852,0.00355573815033515,-0.000973555305843022,0.0027569490464224716,0.002290841074055555,0.0029343245621495373,0.0023578896682755895,-0.0014664015493978944,-0.00142314111201923,-0.004428793007431736,0.8511816219134974,1.6863220210108703,0.28394965967849783,0.5076084149403091,-0.28587682559958133,-0.16023570810098225,1.8259163449644875,1.9603295353818706,-18.943410199638688,1.1518614089061296,6.958842540001382,-5.713501886155723,5.878931394836133,1.3282667632582452,1.8871613133531837,4.936692002846368,-1.7350119518430704,-1.6823218206071422,-2.60069104842762,2.3244475144904366,3.5931212446737613,0.34541017066537777,,,5.7433897387337,0.47625588809098734,0.47625588809098734,1.3391847546825,1.3391847546825,0.11311484564804195,,
auth_asian_m_0016_frame_0007_subdiv_head.glb,asian_male_loPoly_0016_grp.fbx,bad,variation_narrower_jaw_001,asian,male,0016,0007,0.05210840192433017,0.14371072732381887,0.05048210993102222,0.05073024309253942,0.07902079096542697,0.0788763981932214,0.08706667308959798,0.08698745577026552,0.03449624752140452,0.0297441933099931,0.050506191939614885,0.016906476156831395,0.040854209165346295,0.17003289190988638,0.15269144267648527,0.04774896191354787,0.08267094158451689,0.0827438284489732,0.16464545039860215,2.757918531689191,0.968790215526671,0.9735520802616043,1.5164692841699108,1.513698276676431,1.6708759024318742,1.6693556616183585,0.66200931610796,0.5708137692110858,0.969252367650001,0.3244481798037548,0.7840234522001504,3.263060958131122,2.9302653130337397,0.9163390192408336,1.5865184602008804,1.58791721475417,3.1596718440472227,0.0008247600198121527,0.00013942503242292403,-8.533431147349224e-05,9.70826130480204e-05,-0.001450934841329174,-0.0012896237364251606,-0.0021884775447606614,-0.0021443650696720135,-0.003962767504601304,3.2344905001882585e-05,-0.00059049734306061,-0.00013307900988737686,-0.0060412019436196646,-0.00243555625304967,-0.0027973616661446654,-1.3581646311475182e-05,-0.0018472974881398457,-0.0018500402500385704,-0.005647480401824445,1.60823215587482,0.09711204829774647,-0.1687534593685857,0.1917372175243594,-1.8030368142140158,-1.608691195325783,-2.4519341788194913,-2.4058355921201846,-10.303871542008284,0.10886197506463127,-1.1556469731216423,-0.7810004931777997,-12.882288054970573,-1.4121749682288136,-1.7990759385997288,-0.02843576848970306,-2.185679101231395,-2.1869673044757945,-3.31633284792248,2.11159377918402,1.9766154352000886,0.4525859141088025,,,2.7610430990875248,0.5593773106853466,0.5593773106853466,1.3725521257756064,1.3725521257756064,0.06166084687797285,,
auth_asian_m_0016_frame_0008_subdiv_head.glb,asian_male_loPoly_0016_grp.fbx,bad,variation_narrower_jaw_001,asian,male,0016,0008,0.051846133194357893,0.1440563227603017,0.05045700511768048,0.050533079383327954,0.08095712294809082,0.0804892343035753,0.09082410352882508,0.0907415615892157,0.03919470462080985,0.029917997709713318,0.05379532048217952,0.018580107548004893,0.04236587558499694,0.17219802954767222,0.15342896929300534,0.04611334879641281,0.08343453520311508,0.08351563815124213,0.1669462130993843,2.7785355220276773,0.9732067178188598,0.9746740261977178,1.5614881565921854,1.5524635945720724,1.7518009142234148,1.750208858374236,0.7559812507883458,0.5770535981450805,1.037595615482347,0.35837016963932145,0.8171462937492002,3.3213283023855578,2.9593136428871056,0.8894269631169148,1.6092720915239782,1.6108363923335105,3.2200320990872284,0.0005624912898398796,0.00048502046890575023,-0.00011043912481523144,-0.00010008109616344713,0.0004853971413346786,0.00032321237392873847,0.0015689528944664438,0.0016097407492781657,0.0007356895948040301,0.00020614930472210094,0.0026986311995040244,0.0015405523812861213,-0.004529535523969022,-0.00027041861526383437,-0.002059835049624592,-0.0016491947634465348,-0.0010837038695416523,-0.0010782305477696347,-0.0033467177010423066,1.0968239948464442,0.3378254993615231,-0.21839965707110215,-0.197659192544349,0.6031896749677093,0.40317876096232963,1.7578289693261442,1.8060225114989292,1.912918451776677,0.6938286097591642,5.281420846221057,9.041036378080394,-9.658803317544685,-0.15679309354506507,-1.324748143979298,-3.452903971455476,-1.2822130245875547,-1.274596568701711,-1.9652710686883796,1.8778859072261698,3.699408505657252,0.47040709535400776,,,2.685247321291918,0.36131753881232986,0.36131753881232986,1.94802848845863,1.94802848845863,0.10872501695894918,,
auth_asian_m_0016_frame_0009_subdiv_head.glb,asian_male_loPoly_0016_grp.fbx,bad,variation_narrower_jaw_001,asian,male,0016,0009,0.05214926296960309,0.1438842387842651,0.050525169959831404,0.050606473015120494,0.07971829813839607,0.07942900729753138,0.09013633576499312,0.09002130523617947,0.03777954944034171,0.03252861373664771,0.0516733178657658,0.01887895912324961,0.041019991305296995,0.16967612007864233,0.15333177456873476,0.04549618393430409,0.08377824375378431,0.08385760591749303,0.1684007833758013,2.7590847998778574,0.9688568367549444,0.9704158819007306,1.5286562762135776,1.5231089141917344,1.728429715632454,1.7262239216813353,0.7244503045491316,0.6237597980168595,0.9908734068952287,0.3620177553468748,0.7865881312494646,3.2536628595795043,2.940248161476591,0.872422376531439,1.6065086826369381,1.6080305097767573,3.2292073518653415,0.0008656210650850732,0.00031293649286914804,-4.227428266431049e-05,-2.6687464370907243e-05,-0.0007534276683600766,-0.0007370146321151738,0.000881185130634482,0.000889484396241938,-0.0006794655856641116,0.0028167653316564963,0.0005766285830903078,0.001839403956530837,-0.0058754198036689645,-0.0027923280842937215,-0.002157029773895175,-0.002266359625555256,-0.0007399953188724218,-0.00073626278151874,-0.00189214742462529,1.6879087228179348,0.2179659081408931,-0.08359980081568796,-0.05270748283966357,-0.9362638377724729,-0.9193603653702257,0.987265299953761,0.9979425842082476,-1.7667264364536115,9.48027633037908,1.1285047841364073,10.794905961650421,-12.52877342309009,-1.619037055204281,-1.3872572903332745,-4.74505639071524,-0.8755451213746648,-0.8703500535463051,-1.11111331264994,1.7294188679843572,1.8926607343511221,0.6130221439673353,,,4.826273146990827,0.2634738239682691,0.2634738239682691,1.5505400535156701,1.5505400535156701,0.10674353896813364,,
auth_asian_m_0016_frame_0010_subdiv_head.glb,asian_male_loPoly_0016_grp.fbx,bad,variation_narrower_jaw_001,asian,male,0016,0010,0.05217889442982569,0.14615609318653736,0.05174371555500143,0.051793963526758975,0.08013089036777275,0.07984313844777338,0.09046363949500834,0.0903520126755399,0.04202623054795633,0.029521265715284056,0.05053486145108391,0.016874708409751943,0.04331065183589172,0.1690327936387165,0.1555415741003184,0.047183407862887966,0.08507417940941557,0.085211946240284,0.1729592018379908,2.8010576840239425,0.9916598678530929,0.9926228620350628,1.5356954424463538,1.5301807238394587,1.7337208939271607,1.731581584141313,0.8054258528700053,0.5657702417399163,0.9684923761473557,0.32340103396491826,0.8300415773304534,3.2394859163994973,2.980928894718209,0.9042623148396512,1.6304327705492123,1.6330730493894188,3.314734889038326,0.0008952525253076785,0.002584790895141409,0.0011762713125057153,0.0011608030472675737,-0.00034083543898338897,-0.0003228834818731763,0.001208488860649698,0.0012201918356023606,0.003567215521950509,-0.00019058268970716108,-0.0005618278315915881,-0.00016484675696682924,-0.0035847592730742367,-0.003435654524219539,5.276975768847558e-05,-0.0005791356969713779,0.0005559403367588339,0.00061807754127223,0.0026662710375641996,1.7456882780955696,1.800353450785904,2.326143490394565,2.2925747401009042,-0.42354682413779365,-0.40276849730243297,1.3539710056626042,1.368974429226095,9.275368907753808,-0.6414366656338539,-1.0995386188006466,-0.9674358007232711,-7.644157900108193,-1.9920481460897557,0.03393797895068632,-1.212531104516167,0.6577755793999869,0.7306410627363239,1.565696840750785,0.9724420990384167,0.9455324216763654,0.1863540708248037,,,1.355190783983672,0.8418058187306289,0.8418058187306289,1.1997521200423509,1.1997521200423509,0.13338801443399667,,
auth_caucasian_m_0025_frame_0001_subdiv_head.glb,caucasian_male_loPoly_0025_grp.fbx,bad,variation_narrower_jaw_001,caucasian,male,0025,0001,0.047432496296747687,0.13853171637017903,0.04758096507236198,0.047603140430570165,0.08036673991067271,0.08032585654758236,0.08852653072134865,0.08850212578644927,0.038207510648794026,0.034881059538579895,0.05749138857796628,0.02216362310624985,0.058265819361898626,0.16972347592972617,0.1611455551781793,0.06165686930507344,0.07867217530383634,0.07854796945749754,0.17004157156948163,2.920607751772022,1.003130106724416,1.003597620769417,1.6943392438778988,1.693477316585804,1.86636879002758,1.8658542707253132,0.8055133849536359,0.7353831710723517,1.212067528942353,0.467266638626598,1.228394537731588,3.5782109140514207,3.3973661046641688,1.2998866624968477,1.658613428474155,1.6559948472052766,3.5849171948629004,0.0008726331473201329,-0.00049801478164746,-0.0006646872452751237,-0.0006552455499932025,-0.004778024825105601,-0.004782175178987658,0.0007264079875409918,0.0007194134582131917,-0.005920682513972042,-0.004571231731145958,0.00010396505568868036,0.0006313300549725988,0.006286141566209838,0.0014978056220577018,0.011010156175292524,0.01099507394917533,-0.0008023094971632422,-0.0008099550600332711,-0.002526875428898845,1.8742175949262037,-0.3582073974548698,-1.3777142879092854,-1.3577858784110814,-5.611648396625198,-5.618946980646367,0.827342792837904,0.8195388808711781,-13.4170064297301,-11.586733201104957,0.1811634837523617,2.9320149668646165,12.09346004590127,0.8903549733630785,7.333484473625586,21.702890456082642,-1.0095183368249419,-1.0206353870234415,-1.464274305558628,5.0401516179857255,2.8706358922832753,0.5565411298008217,,,5.319513783873994,0.4283855336317173,0.4283855336317173,1.383307300820032,1.383307300820032,0.1294715181004095,,
auth_caucasian_m_0025_frame_0002_subdiv_head.glb,caucasian_male_loPoly_0025_grp.fbx,bad,variation_narrower_jaw_001,caucasian,male,0025,0002,0.04754351495532033,0.13797693019010196,0.047407747906575703,0.04738131018846496,0.08404580905562671,0.08399509198499701,0.08757392908677117,0.08755267585700711,0.03656339212708973,0.03936594052046361,0.05794169005772575,0.021240244622976075,0.056921424811347536,0.16755983554210485,0.16086207625476495,0.059006847779350675,0.07954905947720563,0.0794251940923197,0.17564124186328633,2.902118834077953,0.9971443624041635,0.9965882882868925,1.7677659957327494,1.766699245184807,1.8419742244356558,1.8415271975428391,0.7690510926979353,0.8279981098885577,1.2187085896399803,0.4467537716329322,1.197248980535836,3.524346815744934,3.3834704145441767,1.2411124384640717,1.6731842303195914,1.6705789247379081,3.694325967029312,0.0009836518058927782,-0.001052800961724526,-0.0008379044110614006,-0.0008770757920984057,-0.0010989556801516004,-0.0011129397415730047,-0.00022619364703649336,-0.00023003647122896154,-0.00756480103567634,-8.635074926224146e-05,0.0005542665354481488,-0.0002920484283011754,0.004941747015658748,-0.0006658347655636165,0.010726677251878175,0.008345052423452563,7.457467620604341e-05,6.726957478889184e-05,0.003072794864905859,2.1126604318742976,-0.75724879347916,-1.736745946649972,-1.81745778329938,-1.290690841136135,-1.3076788629639453,-0.2576233836509171,-0.2620521343300625,-17.142784450235034,-0.2188738511329598,0.9658327581704106,-1.3563275755428736,9.50707512094009,-0.39579855104507483,7.1446689608970395,16.47208190082632,0.09383474003357799,0.08476730609812186,1.7806238152764373,4.383488445378349,3.3667217492212798,0.5901867979369091,,,1.6074623328875373,1.2597917878458726,1.2597917878458726,1.4637371895105016,1.4637371895105016,0.09255975353817575,,
auth_caucasian_m_0025_frame_0003_subdiv_head.glb,caucasian_male_loPoly_0025_grp.fbx,bad,variation_narrower_jaw_001,caucasian,male,0025,0003,0.04767708588917294,0.1392287107492277,0.04835294460995964,0.04842224150671746,0.08460316830133727,0.08455155931744672,0.08930852450090938,0.08920327612543397,0.03733014832165311,0.0396708446972444,0.05805526506522168,0.025254711746191545,0.04801183314544422,0.16471607151736406,0.15512065787029333,0.052791699033028563,0.07885147107989032,0.07872997707836421,0.17365682520888978,2.920243721960477,1.0141757556734436,1.0156292190188942,1.7745037626250963,1.773421293281007,1.8731959564078684,1.8709884310628824,0.7829788172966013,0.8320736042773392,1.217676457830774,0.5297033422910329,1.0070211349965772,3.4548267463379023,3.253568354216882,1.1072761274828065,1.653865155751829,1.6513168875584134,3.6423540149362563,0.001117222739745384,0.00019897959740122761,0.00010729229232253612,0.00016385552615409,-0.000541596434441044,-0.0005564724091232931,0.001508401767101722,0.0014205637971978907,-0.00679804484111296,0.00021855342751854467,0.000667841542944074,0.0037224186949142944,-0.003967844650244565,-0.003509598790304408,0.004985258867406556,0.0021299036771304514,-0.0006230137211092612,-0.0006279474391665957,0.0010883782105093054,2.3995404285442365,0.14312017706769015,0.22238748398747096,0.3395379327855779,-0.6360889434855201,-0.6538424139699227,1.7179950552858487,1.6182728461227485,-15.405219098906883,0.5539689089902213,1.1637419872749997,17.28760929479124,-7.6334537236659425,-2.0862444975761973,3.320508621228429,4.204161463619519,-0.7839166528342507,-0.791285108556332,0.6306936345782376,1.7908822482154825,1.3882229755109374,0.267658359208703,,,4.340318164528138,0.9691488386995508,0.9691488386995508,1.5400820623756244,1.5400820623756244,0.11840977566603614,,
auth_caucasian_m_0025_frame_0004_subdiv_head.glb,caucasian_male_loPoly_0025_grp.fbx,bad,variation_narrower_jaw_001,caucasian,male,0025,0004,0.04725306697710525,0.13798222071135985,0.0474959465433978,0.04757718644610412,0.08436222926398995,0.08420940728865899,0.087463433770089,0.08734725394587499,0.04324810984647432,0.03968587752169527,0.057650449119645814,0.018810503923982164,0.04586894690658822,0.1666291903392108,0.14981059116317175,0.05019169926961281,0.07758392416670391,0.07746127743563341,0.16643967221679812,2.920069098969049,1.005139974647788,1.0068592260721598,1.7853281207093838,1.7820940031143289,1.8509578185150652,1.8484991458479494,0.9152445039689936,0.8398582369462625,1.2200361332647094,0.3980800639479361,0.9707083548420751,3.526314819309928,3.170388733407654,1.0621892393552226,1.6418812392493884,1.6392857097120161,3.5223041140893647,0.0006932038276776936,-0.0010475104404666369,-0.000749705774239301,-0.0006811995344592481,-0.0007825354717883592,-0.0008986244379110275,-0.0003366889637186621,-0.0004354583823610869,-0.0008800833162917465,0.00023358625196941846,0.0002630255973682105,-0.0027217891272950864,-0.006110730889100566,-0.0015964799684576592,-0.00032480783971503,-0.00047009608628530153,-0.001890560634295671,-0.001896647081897393,-0.006128774781582358,1.4888442121338503,-0.7534434770090364,-1.553934371751114,-1.4115671724570507,-0.9190646943669731,-1.0558632595312205,-0.3834720877776394,-0.4960639410785419,-1.9943787706094709,0.5920727147948018,0.45833316992547135,-12.640498254474739,-11.755999937358965,-0.9490109122691274,-0.21634327538489753,-0.927910436222968,-2.3788271657621274,-2.3899907834389094,-3.5515037008126265,0.9685559810490777,2.068259164229626,0.5001554831003191,,,1.971980043168597,0.5360326609597753,0.5360326609597753,1.0660143031810179,1.0660143031810179,0.08544301277075407,,
auth_caucasian_m_0025_frame_0005_subdiv_head.glb,caucasian_male_loPoly_0025_grp.fbx,bad,variation_narrower_jaw_001,caucasian,male,0025,0005,0.04718423877046196,0.13942142803685081,0.048600214483916715,0.048717976988144805,0.08340298103604377,0.08337582098475668,0.08851773917027786,0.08851133300938543,0.04728086902095592,0.03812965739752186,0.057873366795596806,0.02040016697754448,0.05417545408877318,0.16691205736354373,0.15580293126612657,0.05446771822789333,0.07754241735311843,0.07742193105539302,0.16781355866488598,2.9548305042091876,1.0300095063595935,1.032505308078489,1.7676025556282848,1.767026938600336,1.8760022727269532,1.8758665036426285,1.0020479349251354,0.80810156931877,1.2265402241018328,0.43235130011921036,1.1481684456608807,3.537453643694961,3.3020121830101776,1.1543625508692308,1.643396595425444,1.6408430669408258,3.5565596274902664,0.0006243756210344079,0.00039169688502432853,0.00035456216627961085,0.00045959100758143773,-0.0017417836997345448,-0.001732210741813331,0.0007176164364701976,0.0007286206811493584,0.003152675858189853,-0.0013226338722039932,0.00048594327331920317,-0.0011321260737327705,0.0021957762930843935,-0.0013136129441247424,0.005667532263239794,0.0038059228719952154,-0.0019320674478811584,-0.0019359934621377833,-0.004754888333494495,1.3410168733326366,0.28173605874025504,0.7349100887791168,0.9523547011426022,-2.0456732779045868,-2.035308192038178,0.8173296507179909,0.8300275325566481,7.144357455473564,-3.3524893729529235,0.8467765992849664,-5.257805432225506,4.224297622072817,-0.7808635517529943,3.774947348113965,7.512412154481858,-2.4310537560815466,-2.4395716923142396,-2.755363692610109,3.2057433985125834,1.576831598757644,0.46009792329978655,,,2.3132441802622052,0.6512350186035429,0.6512350186035429,1.2159100613230434,1.2159100613230434,0.0578955459537437,,
auth_caucasian_m_0025_frame_0006_subdiv_head.glb,caucasian_male_loPoly_0025_grp.fbx,bad,variation_narrower_jaw_001,caucasian,male,0025,0006,0.04741424702224232,0.13859752948040652,0.04759110825085243,0.04764122174952413,0.08332757963911845,0.08325505132605725,0.08879351568802746,0.08874091383496241,0.04366596668443201,0.04008219788681176,0.058762144018567976,0.021517418630205766,0.05120908847319917,0.1647419472743951,0.15482597807981732,0.05251029877480143,0.07958789906827449,0.07946362878382347,0.17611369186866402,2.9231199098319447,1.0037301283837143,1.004787057509852,1.7574375819999624,1.7559079085870917,1.872718038659854,1.8716086283798516,0.9209461169750948,0.8453618986717,1.2393351726328647,0.45381757555090585,1.0800358898281495,3.4745241698579252,3.265389367191416,1.107479335275925,1.6785650741419411,1.675944125961688,3.714362305195904,0.0008543838728147651,-0.00043220167141996835,-0.000654544066784675,-0.0006171642310392397,-0.0018171850966598596,-0.001852980400512766,0.0009933929542197961,0.0009582015067263333,-0.000462226478334056,0.0006299066170859097,0.0013747204962903728,-1.4874421071484761e-05,-0.0007705893224896204,-0.003483723033273378,0.0046905790769305455,0.0018485034189033162,0.00011341426727490278,0.0001057042662926666,0.0035452448702835426,1.8350223025199544,-0.31086996129481503,-1.3566902619024057,-1.2788745800321832,-2.134229981489711,-2.1772097919805153,1.1314254733237266,1.091560606083163,-1.0474629600834588,1.5966287300765099,2.3955083046317824,-0.06907959610275897,-1.4824819144098915,-2.0708629229427267,3.124232598096573,3.64871281390171,0.14270525635854933,0.1331993835969282,2.0543992438645597,5.028271602762277,2.464937773969424,0.373591337491247,,,5.529918548855864,1.1924374101582502,1.1924374101582502,0.8922474279124488,0.8922474279124488,0.13251981556219516,,
auth_caucasian_m_0025_frame_0007_subdiv_head.glb,caucasian_male_loPoly_0025_grp.fbx,bad,variation_narrower_jaw_001,caucasian,male,0025,0007,0.047363707057446316,0.13868043890316997,0.04799534002761026,0.04787761596415593,0.0805482878222259,0.08059428914084879,0.08853331905325693,0.08859167002929606,0.04078413820398735,0.03679461131923908,0.05832809269411233,0.01889405092342354,0.04870145793214225,0.1654852314934996,0.15016747501392558,0.05025295766195783,0.0776209992825917,0.07748560240677915,0.1656012727348341,2.9279895413373738,1.0133358009624933,1.0108502678239755,1.7006330970785455,1.7016043326823613,1.8692227562736372,1.8704547328156838,0.861084166290473,0.7768524383999709,1.2314934011260472,0.39891410738832994,1.0282442181536469,3.493924816585545,3.170517772854878,1.0610013612534004,1.6388286328273889,1.6359699698505166,3.4963748199434694,0.0008038439080187629,-0.0003492922486565131,-0.00025031229002684535,-0.0003807700164074404,-0.004596476913552416,-0.004513742585721223,0.0007331963194492641,0.0008089577010599869,-0.0033440549587787152,-0.0026576799504867757,0.0009406691718347251,-0.0026382421278537092,-0.0032782198635465387,-0.002740438814168855,3.2076011038800756e-05,-0.0004088376939402824,-0.001853485518407888,-0.0018723221107516536,-0.006967174263546372,1.7264739491156473,-0.25123564993092795,-0.5188286985506029,-0.7890235213436273,-5.398425760898193,-5.303544793777753,0.8350743673470344,0.9215455749819416,-7.57804641228846,-6.736440051901815,1.639155609537969,-12.252490348199187,-6.306733713186724,-1.6290253497916567,0.021364722278577355,-0.806994089072852,-2.3321768276308172,-2.359338556463939,-4.037339609141732,2.2408629934690953,1.8388668539030293,0.17421371737735233,,,5.9561396096701475,1.1269860549299215,1.1269860549299215,0.8656453909066708,0.8656453909066708,0.05840073128716259,,
auth_caucasian_m_0025_frame_0008_subdiv_head.glb,caucasian_male_loPoly_0025_grp.fbx,bad,variation_narrower_jaw_001,caucasian,male,0025,0008,0.04588596089633052,0.14087681697041857,0.04911906237787764,0.04911030878277333,0.08214759804942416,0.0821407267470006,0.08692056655180837,0.0869444739342786,0.041215901653320626,0.03664874208003944,0.05594271211260817,0.018909380540231908,0.04329983263221111,0.16789048028733863,0.14588283342635947,0.04623002720030289,0.07838444641781574,0.07826172297836503,0.1703662906463105,3.0701507436817,1.0704594917136336,1.0702687232316554,1.790255591138628,1.790105843758616,1.8942736482774487,1.8947946656431793,0.8982246606198159,0.7986918300096059,1.219168369144513,0.4120951195280316,0.9436400978948178,3.6588637789813565,3.1792476517153125,1.007498291356472,1.708244632708217,1.7055701013907194,3.712819505539321,-0.0006739022530970334,0.0018470858185920813,0.0008734100602405329,0.0008519228022099631,-0.0029971666863541496,-0.0029673049795694156,-0.0008795561819992942,-0.0008382383939574828,-0.0029122915094454416,-0.002803549189686415,-0.0014447114096694316,-0.002622912511045343,-0.008679845163477674,-0.00033519002032983414,-0.004252565576527312,-0.00443176815559522,-0.0010900383831838473,-0.0010962015391657726,-0.002202156352069967,-1.4473888184212134,1.3285545496559894,1.810339415643555,1.7653362931638141,-3.5200833494049495,-3.486515807465264,-1.0017710165006624,-0.9549014512369494,-6.599616482604455,-7.106175837847342,-2.5174704159851324,-12.18129673787696,-16.69853591165889,-0.19925022127526912,-2.832486944964621,-8.747751879818187,-1.3715576589307281,-1.3813384685024277,-1.276106026549937,1.3344784838555581,3.4626443590490994,0.23384990215749776,,,3.1005210751147767,0.18715413727635005,0.18715413727635005,1.4089048186135085,1.4089048186135085,0.0920699045998613,,
auth_caucasian_m_0025_frame_0009_subdiv_head.glb,caucasian_male_loPoly_0025_grp.fbx,bad,variation_narrower_jaw_001,caucasian,male,0025,0009,0.046150707097566614,0.13860308848524153,0.04815374611123388,0.04818470710350705,0.08672495911451117,0.0866257523224214,0.09083196439266528,0.09066313839058858,0.04371939823098537,0.04187484062560294,0.061349953969636356,0.022837882793173,0.04957014744454217,0.16678443769454843,0.15500822516462107,0.052970953670114417,0.078967819952926,0.07884353736797534,0.1710423636050864,3.0032711783206816,1.043402130533616,1.0440729976604775,1.8791685884934992,1.8770189617959052,1.9681597553995998,1.964501609886904,0.9473180581731663,0.9073499250417958,1.3293394148856097,0.4948544503314267,1.074092913457351,3.613908609069664,3.358739982833203,1.1477820601562876,1.7110858081975027,1.7083928357000735,3.7061699454244104,-0.00040915605186093995,-0.00042664266658495875,-9.190620640322361e-05,-7.36788770563171e-05,0.0015801943787328576,0.0015177205958513823,0.0030318416588576147,0.0028804260623525035,-0.00040879493178069826,0.0024225493558770878,0.003962530447358753,0.001305589741895749,-0.0024095303511466187,-0.0014412326131200415,0.004872826161734289,0.0023091583142163044,-0.0005066648480735875,-0.0005143871495554703,-0.0015260833932940754,-0.8787741719682662,-0.30687153247750043,-0.19049634938737386,-0.15267580040076792,1.8558914146237004,1.7832871528828491,3.4531177912467728,3.281313582088975,-0.926380398746138,6.140452880961207,6.904876023612581,6.0634031813825064,-4.635523830327524,-0.856725736615682,3.2456210821010947,4.5579875288558425,-0.6375188833777944,-0.648186243129176,-0.8843351260548792,4.40763514632547,2.6318394575136534,0.23007074868770322,,,2.174205665303098,0.6077815784073423,0.6077815784073423,1.4015437116975291,1.4015437116975291,0.13221039516841596,,
auth_caucasian_m_0025_frame_0010_subdiv_head.glb,caucasian_male_loPoly_0025_grp.fbx,bad,variation_narrower_jaw_001,caucasian,male,0025,0010,0.046018989698271354,0.1390346985810868,0.04850261540684909,0.0484980946368267,0.08528947777624686,0.08521437634810154,0.08808554558920759,0.08808829250737904,0.04043689199825707,0.039546747231987596,0.056338722907702095,0.021090027710528026,0.04554331113135224,0.16678182787114826,0.1506718099837247,0.05136032699888591,0.07895768969204449,0.07883278521124945,0.17149106744351425,3.021246217978346,1.0539695835319702,1.0538713464769627,1.8533539813771847,1.8517220153423428,1.9141129817657951,1.9141726727366195,0.8787001249568074,0.8593571369402123,1.2242494517392326,0.458289672346289,0.9896634287271852,3.6241957714559128,3.274122508373636,1.1160681130906096,1.715763214484703,1.713049020157231,3.726528299902162,-0.0005408734511562,4.967429260316347e-06,0.00025696308921198396,0.00023970865626333354,0.00014471304046854983,0.0001063446215315289,0.00028542285539992496,0.0003055801791429641,-0.0036913011645089977,9.445596226174274e-05,-0.0010487006145755082,-0.0004422653407492247,-0.00643636666433655,-0.0014438424365202096,0.0005364109808379258,0.0006985316429877972,-0.0005167951089550954,-0.0005251393062813553,-0.0010773795548662257,-1.1616731978363857,0.0035729258908597755,0.5326139804685495,0.4967191740724172,0.16996117250147336,0.12495250962116776,0.32508252438925367,0.3481097485349306,-8.36494970662791,0.23941819149607807,-1.8274049438173612,-2.0539630391245787,-12.382467412813368,-0.8582771189911513,0.35728481384167887,1.3788134393592375,-0.6502654408507665,-0.6617351820552562,-0.6243201312904767,1.6139280896000656,1.0705404625037158,0.5644476892954267,,,5.454818331181853,0.3021844281724127,0.3021844281724127,1.557583977572659,1.557583977572659,0.0824674338879207,,
auth_middleeast_f_0009_frame_0001_subdiv_head.glb,middleEast_female_loPoly_0009_grp.fbx,bad,variation_narrower_jaw_001,middleeast,female,0009,0001,0.047121613964022216,0.14365747166814175,0.05176987846228733,0.05180755277124095,0.0840909799869239,0.08418772905636891,0.085603650118122,0.08561729700494797,0.03601144978204004,0.034551333289723575,0.0700676479075606,0.022408919175793414,0.051253144569021976,0.1747693331614013,0.15195904657264944,0.0450012039924704,0.08477266442073082,0.0848321885294353,0.16947378955286221,3.048653464582634,1.0986440002206654,1.0994435124993065,1.7845522025439988,1.786605380720767,1.8166536100287476,1.8169432199482292,0.7642236068046206,0.7332374760360253,1.4869534808603522,0.475555001000238,1.0876780368379195,3.708899557108534,3.224826863712087,0.9550013296834279,1.7990186941698458,1.8002818959937463,3.596519204165142,0.0011587591413393314,-0.0004129551296851719,-0.0011362950643470718,-0.0011616279012456043,-0.002918142130419049,-0.003042578877985938,0.003099026737575991,0.00314768176708681,-0.006178780729230733,-0.0025668512388421286,0.001161266621078877,-0.0005415023390526429,-0.005946254892283821,-0.0017002166075437142,-0.005312926913408789,-0.008151385048358495,-0.0014829502143467316,-0.0014839061630837203,-0.0041127206592941334,2.521077391318779,-0.28663420999277606,-2.1477551457676864,-2.193025994545884,-3.3538347007840863,-3.4879836493018344,3.756185545241479,3.8167775586295374,-14.64505089058502,-6.915346942323408,1.6852816813160638,-2.3594439810282286,-10.395659654270215,-0.9634617472361893,-3.3781778123867485,-15.335819374851239,-1.7192506489237405,-1.7191535001320324,-2.369262827086962,1.17202733052971,1.8682182173374073,0.4767141435789182,,,5.0655010457415575,0.9500696704323695,0.9500696704323695,1.049517144097973,1.049517144097973,0.12084851306353143,,
auth_middleeast_f_0009_frame_0003_subdiv_head.glb,middleEast_female_loPoly_0009_grp.fbx,bad,variation_narrower_jaw_001,middleeast,female,0009,0003,0.04673613990423418,0.14383501397390708,0.05199263008422745,0.052099083161340584,0.08726881536118407,0.08752094558037696,0.08311168731952936,0.0830866743560823,0.04395805051553845,0.038406309067936545,0.06960776338686706,0.021751938961738878,0.06161254677303103,0.17454235889744557,0.16585356569387516,0.06082383007097517,0.08465538118882099,0.08471080804040432,0.1702310590647089,3.0775972142465275,1.112471637383066,1.1147493838407596,1.8672662213867974,1.872660980554104,1.7783173255179265,1.7777821301958843,0.9405580051243376,0.821768959666629,1.4893776749534415,0.46542010115320215,1.3183062807343464,3.7346336102017803,3.54872195336888,1.301430331978801,1.8113473077213085,1.8125332604272208,3.6423859440151665,0.000773285081551292,-0.00023541282391983942,-0.0009135434424069541,-0.000870097511145973,0.00025969324384111925,0.0002906376460221072,0.0006070639389833543,0.0006170591182211443,0.0017678200042676798,0.0012881245393708413,0.0007013821003853254,-0.0011984825531071788,0.004413147311725235,-0.0019271908714994512,0.00858159220781693,0.007671241030146277,-0.001600233446256566,-0.0016052866521147069,-0.0033554511474474524,1.682413080158964,-0.16340121227668236,-1.7267237101300694,-1.6426486120785369,0.29846668662038633,0.33318424857656864,0.7357938429502553,0.7482260180812111,4.190116960359867,3.470332818620254,1.017876845787757,-5.222050289280789,7.715373506168779,-1.0920812536909397,5.456529868354241,14.432487990855256,-1.855222356279865,-1.8597767401701462,-1.9330137712581703,5.011523893325713,2.0638934849693324,0.31300720119772246,,,3.2006359498946235,1.217035962186021,1.217035962186021,0.9145250418903643,0.9145250418903643,0.0840093636158445,,
auth_middleeast_f_0009_frame_0004_subdiv_head.glb,middleEast_female_loPoly_0009_grp.fbx,bad,variation_narrower_jaw_001,middleeast,female,0009,0004,0.04718643699489133,0.14284336079946286,0.05091455495197934,0.05091802006352958,0.08664056873560215,0.08690464919447095,0.08247781622122942,0.08242729847789365,0.03609371065529598,0.03745906468663051,0.06970086748441179,0.024071243013308055,0.06171580492006291,0.17487232934511093,0.16266580062664585,0.058624540295564576,0.08409370328259096,0.08415063307539111,0.16761506353517466,3.0272122647219137,1.0790082531022982,1.0790816875841305,1.8361328859176707,1.8417294190675966,1.7479136267516646,1.7468430279407978,0.7649170599425358,0.793852366744411,1.4771377523579075,0.5101305490794769,1.307914071298594,3.7059871539790894,3.4472999231592114,1.2424023518010399,1.7821583624060324,1.783364848770034,3.5521873277552536,0.0012235821722084428,-0.0012270659983640575,-0.00199161857465506,-0.0020511606089569784,-0.0003685533817407993,-0.0003256587398838967,-2.680715931659139e-05,-4.231675996750617e-05,-0.006096519855974793,0.00034088015806480604,0.0007944861979300583,0.0011208214984619984,0.00451640545875711,-0.0015972204238340892,0.005393827140587615,0.00547195125473568,-0.002161911352486598,-0.0021654616171279117,-0.005971446676981684,2.6621109087519064,-0.8517126141966603,-3.764435115785543,-3.8723661248217107,-0.4235801635186686,-0.37333209935355394,-0.032491705577450486,-0.05131194058012153,-14.450074773462443,0.918364306860075,1.1529936460121772,4.883664109336584,7.895896637537889,-0.9050968996777976,3.429617509737527,10.29479721210274,-2.5064007272257194,-2.5087576365008917,-3.440040743767139,5.1985134023507955,3.01427511031808,0.31814507891345545,,,1.9010931197300396,0.6574912827019674,0.6574912827019674,1.4723739041631765,1.4723739041631765,0.09435362404635803,,
auth_middleeast_f_0009_frame_0005_subdiv_head.glb,middleEast_female_loPoly_0009_grp.fbx,bad,variation_narrower_jaw_001,middleeast,female,0009,0005,0.0475413076322552,0.14373996571013808,0.05228759580257727,0.05231788451459857,0.08813237807535228,0.08843439926467915,0.08409801487825055,0.08404190356137528,0.038792800872189975,0.03962544792414402,0.07040728089390112,0.02171251679491082,0.059575553631124774,0.17392053989848225,0.16450536294526905,0.05995721548148782,0.08675735365315695,0.08681935110121783,0.17616470143727284,3.0234752233153825,1.0998350362391351,1.1004721392876164,1.8538063520902692,1.8601591682909318,1.768946187361343,1.7677659228783107,0.8159809396128253,0.8334951202995408,1.4809706421733364,0.4567084473751327,1.2531324146983442,3.658303663916954,3.4602616364228407,1.261160419592852,1.8248836217179474,1.826187697082059,3.7055081193801858,0.001578452809572313,-0.00033046108768883253,-0.0006185777240571358,-0.00065129615788799,0.0011232559580093282,0.0012040913303243,0.0015933914977045438,0.0015722883235141233,-0.0033974296390807956,0.002507263395578316,0.0015008996074193925,-0.001237904719935238,0.0023761541698189767,-0.002549009870462776,0.007233389459210815,0.006804626440658927,0.0005017390180794001,0.0005032564086988045,0.0025781912251164885,3.4341922747438636,-0.22937468502995856,-1.1691976244430662,-1.22957566951057,1.2909634423095013,1.380358912902656,1.9312754030221462,1.90650619501411,-8.052645358676578,6.754811495828294,2.1781721509642584,-5.393821281820328,4.1541592957219695,-1.4444474266524983,4.599287017818236,12.80206018832307,0.5816885314679076,0.5830388996299453,1.485248607144322,5.516654558929062,1.8317632073891132,0.17414782871046633,,,2.9443909958222743,0.3773673597957902,0.3773673597957902,1.325883690868694,1.325883690868694,0.09947676273736597,,
auth_middleeast_f_0009_frame_0006_subdiv_head.glb,middleEast_female_loPoly_0009_grp.fbx,bad,variation_narrower_jaw_001,middleeast,female,0009,0006,0.04803010514878517,0.1430058004333227,0.050854579393139754,0.0508640064129062,0.08485162444015847,0.08502512008574645,0.08252325493346994,0.0825058808391697,0.03677552431361829,0.03749230645078267,0.07046159870682582,0.020541891526793685,0.04770166871664624,0.17677113236382114,0.15560274297018561,0.051528131541292564,0.08487250576123057,0.08493033556314668,0.17001260077481647,2.977420099130051,1.0588063306462703,1.0590026037907332,1.766634159498704,1.7702463865602633,1.7181568659455082,1.7177951325233884,0.7656765314108095,0.7806001326593175,1.4670298657176273,0.42768783168723196,0.9931618631455934,3.680423597163252,3.239691907568545,1.0728298716330391,1.7670689143468856,1.7682729467290128,3.539709110528912,0.0020672503261022837,-0.0010646263645042175,-0.0020515941334946497,-0.0021051742595803585,-0.0021574976771844834,-0.002205187848608403,1.8631552923933925e-05,3.626560130853829e-05,-0.005414706197652483,0.00037412192221696755,0.0015552174203440905,-0.002408529988052372,-0.009497730744659559,0.0003015825948761153,-0.0016692305158726162,-0.0016244574995363317,-0.0013831088738469888,-0.0013857591293723465,-0.0035739094373398728,4.4976543212500495,-0.7389624561869319,-3.877797233742148,-3.9743379694635066,-2.4796223943908102,-2.528006493188029,0.02258243497215589,0.04397450043138922,-12.83402847539785,1.0079208532654604,2.257000572818062,-10.494491295048128,-16.604598709265428,0.17089780943566932,-1.0613655305982341,-3.0562151888565823,-1.603500108020238,-1.6054469729067222,-2.0588635793022525,1.919155971425366,2.8300822118475524,0.3716205480524179,,,5.192849750975716,0.3372635692260903,0.3372635692260903,1.5024693904462878,1.5024693904462878,0.09042677601628464,,
auth_middleeast_f_0009_frame_0007_subdiv_head.glb,middleEast_female_loPoly_0009_grp.fbx,bad,variation_narrower_jaw_001,middleeast,female,0009,0007,0.04821908241018219,0.14406740724352673,0.0520389603361147,0.0521378555589426,0.08665466042995251,0.08683930920344819,0.08352338143051491,0.08351315157130212,0.0447155825754235,0.03687731455811754,0.06975428618768782,0.02184590709066043,0.06533260458459016,0.17307623970106503,0.16556807312934346,0.061491492558908435,0.08403196648955849,0.084090562315012,0.16737332179749712,2.987767498725872,1.079219216438799,1.081270172572444,1.797103057515961,1.800932428882362,1.7321644721484306,1.7319523183972296,0.9273420467657245,0.7647867341069587,1.4466116462837988,0.45305522209703714,1.3549118174591017,3.5893723200447583,3.4336628748120113,1.2752522338733592,1.7427118536750477,1.7439270536026417,3.47110134476872,0.0022562275874993057,-3.0195543001820813e-06,-0.0008672131905197028,-0.0008313251135439598,-0.0003544616873904366,-0.00039099873090665815,0.0010187580499688986,0.001043536333440967,0.0025253520641527263,-0.000240869970448164,0.0008479049012060924,-0.0011045144241856285,0.00813320512328436,-0.00339331006787999,0.008296099643285232,0.00833890351807954,-0.0022236481455190638,-0.002225532377507028,-0.006213188414659232,4.908806461660094,-0.002095887662233001,-1.6391531133566561,-1.5694505804877772,-0.40738451183589647,-0.44823724708263574,1.234789043602997,1.2653585571257615,5.985632298164618,-0.6489271323676765,1.230517240022931,-4.812610624476529,14.219039360345565,-1.922887020634957,5.27500193416258,15.688612104433993,-2.5779749584147917,-2.578351564021714,-3.5793037183969605,5.130277065428838,1.4631271737293667,0.3082727932901936,,,2.1631084884996867,0.8254209970394738,0.8254209970394738,1.4107030457117964,1.4107030457117964,0.09706589539154932,,
auth_middleeast_f_0009_frame_0008_subdiv_head.glb,middleEast_female_loPoly_0009_grp.fbx,bad,variation_narrower_jaw_001,middleeast,female,0009,0008,0.045994312727151286,0.14674668538139835,0.05429578277816843,0.05429619250666523,0.08766114105186953,0.0879090300912924,0.08293999302570186,0.08292239016177985,0.03601354407613235,0.037187529599375595,0.0698838705705176,0.02069531468537403,0.047163531138201494,0.17474350850212642,0.15389399946398144,0.04991352616616288,0.0870634937001661,0.08712507223242248,0.1771104260112538,3.1905398011256962,1.180489055250447,1.1804979634930646,1.9059126194991833,1.9113021780059796,1.803266275935478,1.8028835576627553,0.7829999393571305,0.8085245195418066,1.5194024310154302,0.4499537759840731,1.0254209344965382,3.7992416483912828,3.3459354067733464,1.085210827309482,1.892918679242943,1.8942575085156335,3.85070273931286,3.1457904468401576e-05,0.002676258583571428,0.0013896092515340297,0.0013270118341786735,0.0006520189345265853,0.0006787221569375529,0.0004353696451558503,0.00045277492391869456,-0.006176686435138419,6.934507080989111e-05,0.0009774892840358762,-0.0022551068294720256,-0.010035868323104304,-0.0017260412668186065,-0.0033779740220767907,-0.003239062874666014,0.0008078790650885431,0.0008089775399034577,0.0035239157990974435,0.06844201603612522,1.8576043974153034,2.62655406525377,2.5052527098421873,0.7493684784536204,0.7780806614236936,0.5276912096765081,0.5490202938534253,-14.64008695920343,0.1868223666934033,1.4185758499955405,-9.825993078224089,-17.545408549076395,-0.9780958069415067,-2.147855048297108,-6.093894828298851,0.9366104090805506,0.9372267626162324,2.0300631626216434,1.7688777203670103,3.1076661455084147,0.4384818356031422,,,4.080799653997744,0.47693774459994115,0.47693774459994115,1.2355898947248556,1.2355898947248556,0.11932032634156306,,
auth_middleeast_f_0009_frame_0009_subdiv_head.glb,middleEast_female_loPoly_0009_grp.fbx,bad,variation_narrower_jaw_001,middleeast,female,0009,0009,0.04819377339391868,0.14408300971914445,0.05218057763789747,0.052238486398084254,0.08635225855112473,0.08656060459148246,0.08318827354467322,0.08317347030409371,0.040554005572422246,0.0372999687860998,0.06913413669528519,0.021270520231636822,0.05742869532976411,0.1726319386767654,0.16242696252245772,0.05795735693129432,0.08606856141785589,0.0861285062791059,0.17381644231236362,2.9896602729456654,1.082724467565386,1.0839260493488554,1.7917720997962172,1.7960951902223348,1.726120776323572,1.7258136154698551,0.8414781146300436,0.773958255586737,1.4345035017326297,0.44135411555719434,1.19162064485722,3.5820382285847105,3.370289377319302,1.202590144946145,1.7858855067098032,1.7871293367116592,3.606616167853265,0.002230918571235793,1.2582921317533247e-05,-0.0007255958887369338,-0.0007306942744023034,-0.0006568635662182187,-0.0006697033428723909,0.0006836501641272058,0.0007038550662325505,-0.0016362249388485253,0.00018178425753409555,0.00022775540880345946,-0.0016799012832092348,0.00022929586845830963,-0.003837611092179616,0.005154989036399493,0.004804767890465425,-0.0001870532172216638,-0.0001875884134131256,0.00022993210020727517,4.853742396642483,0.008733868287341701,-1.3714767868661852,-1.3794705999329215,-0.7549364368167674,-0.7677415782784763,0.8286204289109034,0.8534719898989126,-3.8782081041520295,0.48974447388232745,0.33052876170721396,-7.319696861003395,0.4008711116161691,-2.174659082660025,3.277754403492921,9.039574510236307,-0.21685917840019064,-0.2173272714449902,0.13245965940916354,5.441386752272675,3.906240226361996,0.4272317016445404,,,4.130427948896548,0.3182223307346401,0.3182223307346401,1.6387889539622296,1.6387889539622296,0.13748855705529636,,
auth_middleeast_f_0009_frame_0010_subdiv_head.glb,middleEast_female_loPoly_0009_grp.fbx,bad,variation_narrower_jaw_001,middleeast,female,0009,0010,0.04768441291282557,0.14401678426051945,0.05184812690232593,0.05201972670947959,0.08705112337939509,0.08732461450932039,0.08193640346832853,0.08188784016770136,0.047142659212357975,0.03785979789199191,0.06792542431907699,0.021511763124412973,0.05432557986034307,0.1718250044685115,0.16509236259023136,0.06070800340822998,0.0862863884552809,0.0863478339520346,0.1748441082851054,3.020206718782598,1.0873181346934537,1.0909167908720956,1.8255676868359043,1.8313031276900316,1.7183058039976473,1.7172873726558175,0.9886387675264451,0.7939659016292271,1.4244785700361897,0.45112777552152694,1.1392733294139237,3.603378839593433,3.4621871698839106,1.2731204957731899,1.8095302675326144,1.8108188541587313,3.6666931100682167,0.001721558090142683,-5.364253730746893e-05,-0.001058046624308473,-0.0009494539630069687,4.200126205214372e-05,9.430657496553585e-05,-0.0005682199122174769,-0.0005817750701598012,0.004952428701087204,0.0007416133634262079,-0.0009809569674047447,-0.001438658390433084,-0.0028738196009627237,-0.004644545300433511,0.007820389104173125,0.007555414367401085,3.077382020334751e-05,3.1739259515578544e-05,0.0012575980729490621,3.745542126972248,-0.03723355202018326,-1.999854749986452,-1.7924648842079176,0.048272251265217496,0.10811216559788628,-0.6887128126100374,-0.7054417175123582,11.738330511761967,1.9979785456787933,-1.4236083060672815,-6.268548878295991,-5.0242128903937235,-2.6319244915140905,4.972525575172733,14.214574499084948,0.03567746903612316,0.03677096331645015,0.7244791495675751,5.167753204591915,4.05199289402411,0.40502032650772196,,,1.1369532042808561,0.3886564528523417,0.3886564528523417,1.0363046827431959,1.0363046827431959,0.15615431511484834,,
auth_middleeast_f_0028_frame_0001_subdiv_head.glb,middleEast_female_loPoly_0028_grp.fbx,bad,variation_narrower_jaw_001,middleeast,female,0028,0001,0.050869882820723536,0.15006250295307583,0.051867401105894995,0.05187105476122834,0.08742558860648704,0.08782278998932166,0.08828320037123814,0.08825359468884383,0.04133753625515037,0.0428560837701442,0.058515310267252076,0.030678343013016116,0.058996813105739024,0.1769067805369013,0.168382922288948,0.06040164325573008,0.0816231461154921,0.0816487617590505,0.17035548574832818,2.9499282214179368,1.0196092113812594,1.0196810349265626,1.7186119518811103,1.7264201354429725,1.7354708813143374,1.7348888929009052,0.8126131605380885,0.8424647629163665,1.1502937892244156,0.6030747725748303,1.1597591705421564,3.4776329475803793,3.3100709683638514,1.1873753173090358,1.6045475552430444,1.6050511074853149,3.348847614780198,0.0006059280057715277,-0.00045583332449730674,-0.0009837690874987814,-0.0010019105064132117,0.0010177362492867076,0.0012832152329786684,0.0007582945843089134,0.0007335909776477745,-0.004977588369507055,0.00041104171366232456,0.0014755810553884682,0.0004228636523710763,0.004406974152639832,-0.0017826934221226165,0.007250643768786785,0.006178284336697676,-0.002477884683107001,-0.002483748578855083,-0.006905562825366779,1.2054921026454577,-0.3028423883563911,-1.8613950909676344,-1.8949391269083686,1.1778284282306897,1.4828074168282344,0.866375778975309,0.8381980650601016,-10.747220070864428,0.968409250520588,2.5869355899423945,1.3976432081294943,8.07288359364108,-0.9976488164778043,4.4998083781702185,11.394137987510577,-2.94631903982356,-2.9521864602393055,-3.8957023446106054,4.031787430450197,1.3007552863579077,0.09425388712830585,,,4.657726316349888,0.6049973246065813,0.6049973246065813,1.8061541973716853,1.8061541973716853,0.07854274201361756,,
auth_middleeast_f_0028_frame_0002_subdiv_head.glb,middleEast_female_loPoly_0028_grp.fbx,bad,variation_narrower_jaw_001,middleeast,female,0028,0002,0.05062271635476932,0.1503598750742865,0.052509079572969096,0.052531852296939734,0.08676760827495657,0.08696010299368676,0.09026048061678756,0.0902469836978473,0.040123467984804984,0.042626063827512085,0.060088262152139076,0.03174163309357063,0.05342605815194292,0.17735041064840418,0.1625805620836332,0.05496339550728682,0.0838623184594691,0.0838921218072644,0.17699564387905997,2.970205589533139,1.0372631765743257,1.0377130284513179,1.7140053818305607,1.7178079181737542,1.7830035034910534,1.7827368856579513,0.7925980839039829,0.8420343058792844,1.186982178732453,0.6270235060308088,1.0553771507938745,3.5033760220513224,3.211612765783873,1.0857456783254689,1.6566143521764647,1.6572030868383194,3.496367967270975,0.00035876153981731496,-0.00015846120328663615,-0.00034209062042468014,-0.0003411129707018151,0.0003597559177562354,0.0004205282373437591,0.0027355748298583255,0.0027269799866512373,-0.006191656639852439,0.0001810217710302084,0.0030485329402754682,0.0014861537329255887,-0.0011637808011562695,-0.0013390633106197258,0.001448283563471986,0.0007400365882544169,-0.00023871233912999001,-0.0002403885306411918,-0.0002654046946349853,0.713755097739731,-0.10527700956939588,-0.647271610397456,-0.6451557406986923,0.41634632494862267,0.4859374899030644,3.1254816046506955,3.1158362328798512,-13.368541464651704,0.426485078726796,5.344578213112219,4.912015160000109,-2.1318634080531558,-0.7493800731243926,0.8988165355650785,1.3647929656284423,-0.2838399682658424,-0.2857260881384704,-0.1497253326495162,2.4892678877356436,2.975888591177136,0.5086676259883368,,,5.51447158502107,0.3757627676299965,0.3757627676299965,0.9765561987723085,0.9765561987723085,0.12764445515158754,,
auth_middleeast_f_0028_frame_0003_subdiv_head.glb,middleEast_female_loPoly_0028_grp.fbx,bad,variation_narrower_jaw_001,middleeast,female,0028,0003,0.05139454211933984,0.15094498229173545,0.05271053252421085,0.052730890771082964,0.08541488513564281,0.08548228981122614,0.08881703998544145,0.08880839045631324,0.04368783385770629,0.041787206797973986,0.05706092753978506,0.030327663979716403,0.05781033271259676,0.17814675091360976,0.16835991391559332,0.06110214989196527,0.08458560825316899,0.08461526116929564,0.1788692339215037,2.9369846693299877,1.0256056450861113,1.0260017619894362,1.6619446659784731,1.663256180252242,1.7281414781204847,1.7279731814731845,0.8500481190446582,0.8130670120757706,1.1102526686060883,0.590095032061859,1.1248340841009778,3.4662581583069088,3.27583254900211,1.1888840209935918,1.645809161150972,1.6463861273988236,3.4803157406512812,0.0011305873043878298,0.00042664601416231296,-0.00014063766918292336,-0.0001420744965585849,-0.0009929672215575197,-0.0010572849451168514,0.0012921341985122209,0.0012883867451171788,-0.002627290766951132,-0.0006578352585078912,2.119832792145393e-05,7.218461907136306e-05,0.003220493759497567,-0.0005427230454141396,0.007227635395432114,0.006878790972932862,0.00048457745456989554,0.00048275083139005803,0.0016081853478087382,2.2493003356980465,0.2834511892129399,-0.2661013344989334,-0.2687091519066645,-1.1491631772685484,-1.2217357759079546,1.4763045865571045,1.4721054507363565,-5.672641039494051,-1.549851823995146,0.03716414543750134,0.2385836238485038,5.899438102875612,-0.30372412733085435,4.485529194901676,12.686028881398576,0.5761849170794793,0.5737982017310096,0.907241247159918,2.6975845824853097,1.613333025202346,0.10622703381186478,,,4.335765738550322,0.9929010593604096,0.9929010593604096,1.0783585295341975,1.0783585295341975,0.03543438144065223,,
auth_middleeast_f_0028_frame_0004_subdiv_head.glb,middleEast_female_loPoly_0028_grp.fbx,bad,variation_narrower_jaw_001,middleeast,female,0028,0004,0.049913747211137345,0.15032516932643714,0.05289933980254672,0.052927331573208766,0.08168203410470667,0.0817654283662064,0.08713156341288353,0.08711854993534705,0.03987866210448676,0.03826279252664314,0.056582924143683815,0.028234862048953455,0.0513667307661705,0.17732852055737844,0.168757008179525,0.061071366718835736,0.0825558014918858,0.0825833372936501,0.17338688080038905,3.011698734830608,1.0598150361017815,1.0603758389311833,1.6364636732078655,1.6381344406048106,1.7456425991082813,1.7453818798022067,0.7989514779525221,0.7665782407557952,1.1336140303058306,0.5656730585567689,1.0291098872798905,3.552699015108423,3.380972529785741,1.2235380056821055,1.653969218994341,1.6545208866871675,3.4737299940025523,-0.00035020760381466315,-0.0001931669511359979,4.816960915294405e-05,5.43663055672175e-05,-0.004725818252493658,-0.004774146390136597,-0.00039334237404570205,-0.0004014537758490061,-0.0064364625201706605,-0.004182249529838734,-0.00045680506817979277,-0.0020206173116915846,-0.00322310818692869,-0.001360953401645465,0.0076247296593637826,0.006848007799803331,-0.0015452293067133027,-0.001549173044255489,-0.0038741677733059032,-0.6967370655650975,-0.12833449791776586,0.0911419917036484,0.10282439294262521,-5.469199990016714,-5.516720417887969,-0.4494062238733,-0.4586994502122603,-13.897107202738676,-9.853328745141516,-0.8008542019599605,-6.678516931117978,-5.904227322776717,-0.7616304259519794,4.731969118409605,12.629257826002513,-1.8373488315663333,-1.8413488888343736,-2.1855719598179215,5.212930548975803,2.7276760257848074,0.41237059028005646,,,5.436825152826351,0.25256735768498956,0.25256735768498956,1.4066716519824451,1.4066716519824451,0.10242007849572173,,
auth_middleeast_f_0028_frame_0005_subdiv_head.glb,middleEast_female_loPoly_0028_grp.fbx,bad,variation_narrower_jaw_001,middleeast,female,0028,0005,0.049781258835769775,0.15097452304373224,0.05386502484101881,0.05381852016708452,0.08247445813977249,0.08254831768448614,0.08899883621995881,0.08898079535354379,0.04354414505481697,0.03925336003991893,0.05868886036259466,0.029094082580753383,0.05387137390989203,0.17920227471420053,0.16699331071650678,0.05974847152559746,0.08132629815454225,0.08135164096276339,0.16926799883781168,3.0327582422494137,1.08203420525627,1.0811000249036253,1.6567370948143114,1.6582207765540062,1.7877980248263565,1.7874356220499514,0.8747096010261758,0.7885168225539901,1.1789348388358638,0.5844384666272873,1.0821617445958065,3.5997939567055846,3.354541741650687,1.2002201817095444,1.6336729937433025,1.6341820770572613,3.400235405782588,-0.00048269597918223356,0.0004561867661591057,0.0010138546476250315,0.0009455548994429727,-0.003933394217427846,-0.003991257071856852,0.0014739304330295827,0.0014607916423477335,-0.0027709795698404524,-0.0031916820165629467,0.0016491311507310508,-0.0011613967798916568,-0.0007184650432071615,0.0005128007551766234,0.005861032196345567,0.005525112606565054,-0.0027747326440568515,-0.0027808693751422003,-0.007993049735883273,-0.9603223243361783,0.3030772047053754,1.9183201505569691,1.7883523170236413,-4.552125889169931,-4.612059954182186,1.6840125902194298,1.6690945845570853,-5.982882680974646,-7.519563798089199,2.8911973698291167,-3.83863288380864,-1.3161149711843445,0.2869787144228854,3.637404156493835,10.189543246140989,-3.299284940634843,-3.3053445855511217,-4.509196916185578,4.132206601343394,2.5091792545617313,0.31090412117049415,,,5.786655075836526,1.0923227588268767,1.0923227588268767,1.2243863295935244,1.2243863295935244,0.10158346713876377,,
auth_middleeast_f_0028_frame_0006_subdiv_head.glb,middleEast_female_loPoly_0028_grp.fbx,bad,variation_narrower_jaw_001,middleeast,female,0028,0006,0.051609063505988775,0.1540123980694547,0.0535168714324596,0.05347847335387192,0.08883826608782168,0.08911211665511291,0.08961673653218925,0.0896503122192537,0.049394421762256946,0.044722580224912316,0.05938824521519793,0.02903681868853754,0.05489671522902434,0.17543143914010273,0.16702332546993168,0.059371127595977104,0.08408637790270101,0.08411609757427503,0.17806691820443996,2.9842122217850924,1.0369665286844325,1.0362225105608867,1.721369465995305,1.7266757154927301,1.7364534530216775,1.7371040303579732,0.9570881238045553,0.8665644595492933,1.1507328593224027,0.5626302187244314,1.0637029912905522,3.39923701812077,3.2363176954480117,1.1504011807749157,1.6292947825519744,1.6298706440296888,3.4503032240408094,0.0013451086910367671,0.003494061791881553,0.0006657012390658273,0.0006055080862303747,0.0024304137306213475,0.0025725418987699172,0.002091830745260023,0.002130308508057635,0.0030792971375995237,0.002277538168430439,0.002348516003334321,-0.0012186606721075015,0.0003068762759251484,-0.003258034818921174,0.005891046949770468,0.005147768676944699,-1.465289589808183e-05,-1.6412763630554994e-05,0.0008058696307449986,2.676090045020966,2.3213529183833796,1.2595771042152588,1.1452130274239563,2.8127232240124322,2.972676842950815,2.389983429804974,2.4340818301234988,6.648577894487961,5.365852071485063,4.117333717716627,-4.027900723637782,0.5621490772097731,-1.8232942023592775,3.656031556106474,9.493636653220742,-0.017422968254897902,-0.019508230010771812,0.4546230755314326,5.066881945787855,3.7591645404062373,0.27372390665140217,,,2.332526832074585,0.18314846373458257,0.18314846373458257,1.0581253388817762,1.0581253388817762,0.13086000503453002,,
auth_middleeast_f_0028_frame_0007_subdiv_head.glb,middleEast_female_loPoly_0028_grp.fbx,bad,variation_narrower_jaw_001,middleeast,female,0028,0007,0.053091775192091434,0.15072939825199352,0.05221639999197869,0.05223644229658562,0.0852087333410482,0.08528590887681392,0.08887209310591254,0.08885305374158468,0.0381535455054631,0.042259784763472474,0.05733290597159878,0.0239174482539441,0.04333818875132898,0.1761868979796918,0.1580268900260792,0.05143232593011146,0.08285599205673301,0.08288352826979785,0.17358217534816664,2.839034816723292,0.9835120374682228,0.9838895404719256,1.6049328362586173,1.6063864613349401,1.6739333500220004,1.6735747377085304,0.7186338254356668,0.7959761113764285,1.0798830094522645,0.4504925323632209,0.8162881838952835,3.318534694728698,2.9764853304362466,0.968743760102654,1.5606182267771536,1.561136879863535,3.269473938668065,0.0028278203771394256,0.0002110619744203901,-0.0006347702014150858,-0.0006365229710559306,-0.0011991190161521337,-0.0012536658795290756,0.0013471873189833117,0.0013330500303886245,-0.008161579119194323,-0.00018525729300940263,0.00029317675973516977,-0.006338031106700941,-0.011251650201770214,-0.0025025759793320945,-0.003105388494082012,-0.002791032988920944,-0.0012450387418660863,-0.0012489820681077374,-0.0036788732255283174,5.625940870649984,0.14022343034085064,-1.2010523117886043,-1.2038722773233317,-1.38774310834056,-1.448661936528856,1.5392045348359549,1.5231375386905899,-17.62184423627618,-0.4364639167111194,0.5139869417090296,-20.94837444534151,-20.61125370132903,-1.4005167310000428,-1.9272293066304895,-5.1472889997253395,-1.4804084207334418,-1.4845415441562229,-2.075398546454414,2.529789238661823,2.9202884466405994,0.22045466323145993,,,1.8333634420720688,1.1323595017143528,1.1323595017143528,1.724270155844551,1.724270155844551,0.08481730201107805,,
auth_middleeast_f_0028_frame_0008_subdiv_head.glb,middleEast_female_loPoly_0028_grp.fbx,bad,variation_narrower_jaw_001,middleeast,female,0028,0008,0.04935056442293104,0.15040561815241626,0.05313291816780311,0.053163724204661214,0.08827278785634926,0.08861976706715556,0.08606193991187217,0.08603015499236981,0.04517995170768429,0.04369438653834236,0.053967601106845564,0.02909895086036093,0.051587204393829425,0.17842221379335169,0.16275528227218186,0.058074391640611255,0.08338549032599511,0.08341441813360749,0.175969065708949,3.0476980336729316,1.0766425630405674,1.0772667917037717,1.7886885163026176,1.7957194229368905,1.7438896782279347,1.7432456142770147,0.9154900705997022,0.8853877772072551,1.0935559043326604,0.5896376505643354,1.0453214668778767,3.6154037117850417,3.2979416583239045,1.1767725925668773,1.6896562643415187,1.6902424340834585,3.56569509926788,-0.0009133903920209713,-0.00011271812515686874,0.0002817479744093368,0.0002907589370196653,0.0018649354991489286,0.0020801923108125647,-0.001462965875057065,-0.0014898487188262505,-0.001135172916973133,0.0012493444818604815,-0.0030721281050180432,-0.0011565285002841097,-0.0030026345592697665,-0.00026726016567221733,0.001623003752020652,0.0038510327215788495,-0.0007155404726039843,-0.0007180922042980958,-0.0012919828647459664,-1.8171876753105491,-0.07488664035523455,0.5330969463464299,0.5499198608359703,2.158294007169042,2.403746859941781,-1.6714852325788405,-1.7022950818678502,-2.450976708305747,2.943440320304009,-5.3859444065857796,-3.8225423120827156,-5.500354309250623,-0.14956682100564245,1.0072493028251805,7.102165558074892,-0.8508105855652645,-0.8535252322960368,-0.7288588638856179,2.0167327382741425,1.5537142998563114,0.5398601605242179,,,3.712803873705463,0.1948461663445112,0.1948461663445112,1.2128069757041626,1.2128069757041626,0.0684804093179106,,
auth_middleeast_f_0028_frame_0009_subdiv_head.glb,middleEast_female_loPoly_0028_grp.fbx,bad,variation_narrower_jaw_001,middleeast,female,0028,0009,0.05088000629609944,0.15054914932422342,0.05251142854280327,0.05256360126951454,0.08847397652414969,0.0889015754666943,0.08977193030104859,0.08974991825831645,0.04122687600248808,0.043055488799963626,0.05865814571067718,0.029944419886495873,0.05896274518605496,0.17993465163464795,0.16916836368752966,0.06243123259552219,0.0825700979508116,0.08259715246677375,0.17352193017345066,2.958905870571105,1.0320641125162144,1.0330895197539345,1.73887510959157,1.7472791758186097,1.7643852042512558,1.763952577678766,0.8102765507253605,0.8462162632095496,1.1528722180046984,0.5885301922376427,1.1588588421730435,3.5364510489151035,3.324849503811843,1.227028790684491,1.6228397746315055,1.6233715064045857,3.4104148722708234,0.0006160514811474338,3.081304665028539e-05,-0.00033974165059050265,-0.0003093639981270116,0.0020661241669493596,0.0023620007103513085,0.0022470245141193584,0.00222991454712039,-0.00508824862216934,0.000610446743481749,0.0016184164988135713,-0.0003110594741491668,0.004372906232955769,0.001245177675624043,0.00803608516736845,0.008207873676489785,-0.0015309328477874917,-0.0015353578711318344,-0.0037391184002442956,1.2256327290907423,0.020471291014978125,-0.6428271112017294,-0.5851080917459788,2.391130100547153,2.729387932632733,2.5672972668939726,2.5478912849213313,-10.986149046137813,1.4382050621352285,2.8373495477200814,-1.0281095547730073,8.010476522403275,0.6968388501214012,4.987259685751268,15.137154614021561,-1.820349683291864,-1.8249281579324095,-2.10938524302466,5.617889972191361,1.3103247911674214,0.24853098382317257,,,4.675892374367161,0.48129860805782465,0.48129860805782465,1.6237705124298796,1.6237705124298796,0.09639506001948132,,
auth_middleeast_f_0028_frame_0010_subdiv_head.glb,middleEast_female_loPoly_0028_grp.fbx,bad,variation_narrower_jaw_001,middleeast,female,0028,0010,0.051653852726556766,0.15077105766490112,0.052413957548820965,0.052463121901539476,0.08529894527194277,0.08541663834428136,0.08909622161665551,0.08913605722502159,0.039293400113157934,0.04070200282165374,0.05805288831123251,0.027698215121724865,0.05924298747502204,0.17837267500709592,0.16901649826494822,0.061974145592977724,0.08421456427295805,0.0842450251818703,0.17831660946770472,2.9188734180787503,1.0147153558184325,1.0156671599941787,1.6513568837448611,1.65363537927087,1.7248707872442692,1.725641990286508,0.760706085587998,0.787976127107507,1.1238830260842443,0.5362274769387028,1.1469229176115934,3.453230796768607,3.27209858206863,1.1997971559073073,1.6303636578431033,1.63095337007761,3.4521453881024233,0.001389897911604758,0.00025272138732798655,-0.0004372126445728111,-0.0004098433661020723,-0.0011089070852575572,-0.0011229364120616397,0.0015713158297262775,0.00161605351382553,-0.007021724511499489,-0.0017430392348281379,0.0010131590993689016,-0.0025572642389201754,0.004653148521922848,-0.0003167989519279879,0.007884219744787008,0.007750786673945319,0.00011353347435895389,0.00011251484396471167,0.001055560894009766,2.765198076278919,0.1679007312849507,-0.8272525338094808,-0.7751473064305284,-1.2833406397759548,-1.2975987173767956,1.795278515982058,1.8464961669314865,-15.160759186991879,-4.106579120615937,1.7762340624123722,-8.45223507595966,8.523836324046671,-0.17729021464388803,4.893010771768188,14.294183961415921,0.1349965312920339,0.13373527488103318,0.595483837257639,3.5742051524580365,2.7580865164079427,0.1804409117457313,,,2.2836147678775363,0.18155627946109104,0.18155627946109104,0.8524062135516829,0.8524062135516829,0.06605602710128337,,
auth_middleeast_m_0011_frame_0001_subdiv_head.glb,middleEast_male_loPoly_0011_grp.fbx,bad,variation_narrower_jaw_001,middleeast,male,0011,0001,0.04100170791583617,0.1468137004151514,0.05486913410403264,0.055249905069818826,0.07951238543218861,0.07962107375101397,0.0823944821559283,0.08233561510477094,0.03849431144106644,0.03905658490621304,0.06096684525239371,0.01773893893245397,0.048077959442158404,0.17750460207770893,0.15415059106597792,0.053689809843850335,0.08210927463274319,0.08197968538587627,0.16803030006859135,3.5806728031065083,1.3382158181474295,1.3475025280222424,1.9392456917990577,1.9418965159805397,2.0095378057191837,2.0081020837907655,0.9388465358585393,0.9525599515606553,1.4869342852141623,0.4326390249124873,1.1725843113864327,4.329200199222701,3.759613901508723,1.3094530099589734,2.002581814428027,1.999421232748529,4.098129288016627,0.00037455513934285534,-0.00037612929849861754,-0.00043420137545537724,-0.00031147849696228774,-0.0013682790509833287,-0.0013494731094547824,0.0007991086560432126,0.0007377310309491375,-0.0016868123720262182,-0.00014560162718444541,0.0009978365970779238,-0.0005226836599506943,-0.0024257717707313192,0.0008380170041402679,0.0038363691042750947,0.003681507496157685,-0.0006602776413592165,-0.0006053281624885526,-0.0026004910882438115,0.9219330269178283,-0.2555402769541598,-0.7851269217141927,-0.5606024849757587,-1.691725778622916,-1.6666222000207571,0.9793553503916959,0.9041055896519455,-4.198021886776063,-0.3714120054512856,1.6639204473317126,-2.8621972516729577,-4.803153573952583,0.4743494667037886,2.552232951884305,7.361792589081055,-0.7977301111556325,-0.7329757984892139,-1.524045613697924,1.9424916038273967,1.6020793070851143,0.262926370508084,,,5.0160696627532975,0.9904981848844853,0.9904981848844853,0.8802608388537335,0.8802608388537335,0.13310113631503528,,
auth_middleeast_m_0011_frame_0002_subdiv_head.glb,middleEast_male_loPoly_0011_grp.fbx,bad,variation_narrower_jaw_001,middleeast,male,0011,0002,0.040920436136824466,0.14693358149032892,0.05525038587123824,0.055518497433485206,0.08010715820285766,0.08021411846790308,0.0823460206043883,0.08232329785657953,0.03483683407608467,0.03872901163259145,0.061173730634332346,0.01676442821745205,0.047109600185251524,0.1742502529636829,0.14985810880848374,0.0489127873714725,0.08366584008889388,0.08347573694109514,0.1747101331095796,3.590713964998599,1.3501905426056344,1.3567425637363597,1.9576320725176461,1.9602459318784744,2.0123446467933603,2.011789355844535,0.8513309574610047,0.9464466972711236,1.494943270638356,0.4096835175802458,1.1512487312630915,4.258269691482452,3.6621825903176486,1.1953144196196794,2.044597956120088,2.039952278660466,4.269508089439869,0.00029328336033115215,-0.0002562482233210983,-5.2949608249773517e-05,-4.288613329590796e-05,-0.0007735062803142789,-0.0007564283925656778,0.0007506471045032048,0.0007254137827577278,-0.0053442897370079845,-0.00047317490080603375,0.0012047219790165611,-0.0014971943749526144,-0.003394131027638199,-0.0024163321098857604,-0.0004561131532190843,-0.0010955149762201521,0.0008962878147914799,0.0008907233927303165,0.004079341952744453,0.7218900176062659,-0.17409370186759207,-0.09574396876913963,-0.07718694269800114,-0.9563550018499352,-0.9342019066132545,0.9199628266966166,0.8890105313287832,-13.300498417783418,-1.2070115027969734,2.0089076108310353,-8.198583490468828,-6.720554988958792,-1.3677357882247712,-0.3034397858476047,-2.1906661989910527,1.08287140641199,1.0785533046000848,2.3907419786824575,2.111152978169939,1.9341019763202945,0.4031604237714235,,,2.5620219754277036,1.1563430366594818,1.1563430366594818,1.3393919697710541,1.3393919697710541,0.11984689165997728,,
auth_middleeast_m_0011_frame_0003_subdiv_head.glb,middleEast_male_loPoly_0011_grp.fbx,bad,variation_narrower_jaw_001,middleeast,male,0011,0003,0.0417218893407897,0.14698470690339405,0.05505931722459973,0.055339168908500366,0.08007761697568977,0.0801678264603195,0.08367045017844117,0.08357806037500255,0.037474414194161684,0.04017866963575686,0.061501747994117846,0.019217893328239824,0.05249743727830008,0.177178795932023,0.1573079600506436,0.05503063549295181,0.08265798541067812,0.08246788831495276,0.17156233725965309,3.5229638260818983,1.319674590353956,1.3263821409544279,1.9193190490872933,1.9214812111095567,2.005432915441827,2.003218495028505,0.8981955224526363,0.9630117492420435,1.474088277540927,0.46061896121878915,1.2582708527289916,4.24666281252999,3.770393971512943,1.3189871399028597,1.9811659231325116,1.9766096314897093,4.112046217713442,0.0010947365642963863,-0.00020512281025597545,-0.00024401825488828272,-0.0002222146582807477,-0.0008030475074821686,-0.0008027204001492538,0.0020750766785560815,0.001980176301180747,-0.0027067096189309706,0.0009764831023593712,0.001532739338802061,0.0009562707358351588,0.0019937060654103556,0.0005122108584543206,0.006993738088940771,0.005022333145259163,-0.0001115668634242839,-0.00011712523341206316,0.0009315461028179262,2.694593367935436,-0.13935936379234284,-0.4412360534362145,-0.39994442905414757,-0.992879463359566,-0.9913733218728649,2.5431303143173967,2.4267495703556197,-6.736271567519009,2.490889383242633,2.555885736934215,5.2365047574298735,3.9476411297340253,0.28993080850066943,4.652745427323997,10.042998681179766,-0.13479215527808505,-0.14182383507568272,0.5459425561484365,4.8380280482560645,1.6480324115911595,0.25802445770242444,,,5.909672117868193,1.1351546063401692,1.1351546063401692,1.7912634088400987,1.7912634088400987,0.1281937024493489,,
auth_middleeast_m_0011_frame_0004_subdiv_head.glb,middleEast_male_loPoly_0011_grp.fbx,bad,variation_narrower_jaw_001,middleeast,male,0011,0004,0.04101721648524314,0.14962854231036013,0.05617096752919445,0.05635414868934563,0.08049584596761289,0.08059979983799705,0.0812804042881408,0.08128995586895815,0.03672147957926429,0.03917436043650088,0.05996376801726976,0.016871160685189207,0.04187013927942541,0.17683939649423897,0.1442462217212082,0.044796661014548274,0.0830108579347642,0.08282389007248447,0.17247320054836301,3.6479448176156066,1.3694485472802185,1.3739145051351862,1.96248923903876,1.965023635062965,1.9816167759063623,1.9818496435077215,0.8952699067835493,0.9550711577562737,1.4619170474145429,0.4113190053074173,1.0207942631721274,4.311345616489136,3.516723807260398,1.092142881774166,2.0238052468682075,2.01924696919115,4.204897731429779,0.0003900637087498257,0.0024387125967101075,0.0008676320497064335,0.0007927651225645149,-0.0003848185155590489,-0.00037074702247170965,-0.00031496921174428705,-0.0003079282048636528,-0.0034596442338283642,-2.782609689660348e-05,-5.240638046022372e-06,-0.001390461907215458,-0.008633591933464316,0.0001728114206702991,-0.006068000240494614,-0.005211641333144376,0.00024130566066180026,0.00023887652411964944,0.001842409391527855,0.9601059441593821,1.6568485753767723,1.5688602544203467,1.4268275404115227,-0.4757855514887793,-0.457878866880563,-0.3860135669882443,-0.3773727816092258,-8.610123126275205,-0.07098098182074006,-0.008738910586539821,-7.61412026877489,-17.09495858250731,0.09781783046201738,-4.036876990948085,-10.42155219929164,0.29153916389771495,0.289249240093367,1.0797637278927024,1.1859270046133346,1.285330580727657,0.22614718988839155,,,1.3884949437855896,0.892865447840197,0.892865447840197,1.5622666492514419,1.5622666492514419,0.08814978290576098,,
auth_middleeast_m_0011_frame_0005_subdiv_head.glb,middleEast_male_loPoly_0011_grp.fbx,bad,variation_narrower_jaw_001,middleeast,male,0011,0005,0.0407634270451392,0.1467486728308404,0.0550019055635646,0.0552832188612823,0.07994708370803764,0.08001197959982333,0.081890620106672,0.08173208752797285,0.03729554405636104,0.04079596876798036,0.06036412860547804,0.017065738066861125,0.04695390978485608,0.17349541160171647,0.14895401098967,0.04936180771977696,0.08282346988815358,0.08264972268139568,0.17054452825241292,3.6000082296402334,1.3492954236320338,1.3561965435355734,1.961245398222004,1.9628374108786881,2.0089238330229393,2.0050347444405787,0.9149266084782809,1.0007983068451316,1.480840375335324,0.4186531728052073,1.1518636480897906,4.256153718616374,3.654109131323194,1.2109337044973274,2.0318083118094896,2.027545981103941,4.183763255811666,0.00013627426864588899,-0.00044115688280962906,-0.0003014299159234124,-0.0002781647054988165,-0.0009335807751342934,-0.0009585672606454293,0.0002952466067869114,0.0001342034541510495,-0.002885579756731614,0.0015937822345828759,0.00039511995016225376,-0.0011958845255435405,-0.003549821428033645,-0.0031711734718521956,-0.001360210972032816,-0.0006464946279156891,5.391761405117157e-05,6.470913303086023e-05,-8.626290442223516e-05,0.3354265788587003,-0.2997196774178462,-0.5450483471023418,-0.5006439502437532,-1.1542694179132698,-1.1838468403792128,0.36184233752827566,0.16446928210740774,-7.1814311868285134,4.065544234949972,0.6588735732372816,-6.548621402574217,-7.028830034497824,-1.7950046810106361,-0.9049116938378402,-1.292774594547935,0.06514184572681535,0.07835457094520445,-0.05055529769122777,0.8790896573543521,1.3587500840550748,0.4075162158525783,,,5.935406958436011,0.9856956121319814,0.9856956121319814,1.1220248608093497,1.1220248608093497,0.12913107705154317,,
auth_middleeast_m_0011_frame_0006_subdiv_head.glb,middleEast_male_loPoly_0011_grp.fbx,bad,variation_narrower_jaw_001,middleeast,male,0011,0006,0.04128649160189469,0.14690687772589586,0.055173421965616885,0.05536671805915811,0.08014302386542689,0.08019285345671517,0.08217960294934283,0.0821425156073289,0.03521761747603581,0.03930586650271836,0.06227366591729847,0.018538273201540598,0.04236619440312505,0.1746364020196005,0.14969416080597428,0.04833852590791104,0.0826807248927621,0.08249225847917763,0.17185344633140512,3.558231083000381,1.3363553023014654,1.3410371264536622,1.9411439615215216,1.942350883915625,1.9904719379345739,1.9895736455252417,0.8530058164210695,0.9520272848980601,1.508330291606581,0.4490154644355844,1.0261514785911432,4.229867814963145,3.6257418588482007,1.170807303609511,2.002609611153489,1.998044766666295,4.16246185286227,0.0006593388254013746,-0.00028295198775415975,-0.00012991351387112854,-0.00019466550762300278,-0.0007376406177450473,-0.0007776934037535821,0.0005842294494577405,0.0005446315335070895,-0.004963506337056847,0.00010367996932087592,0.002304657261982687,0.0002766506091359325,-0.008137536809764673,-0.0020301830539681542,-0.0006200611557285463,-0.0016697764397816117,-8.882738134030621e-05,-9.275506918719756e-05,0.0012226551745699588,1.6229018780338087,-0.19223609967117142,-0.23491081097506933,-0.3503611593635491,-0.9120110751544593,-0.9604645564438762,0.7160080582982603,0.6674579122840489,-12.35283104610313,0.26447496552914956,3.8430804738313737,1.5149289595492812,-16.112743780181898,-1.1491607499645347,-0.41250997253375393,-3.3389984490418403,-0.10731891003365887,-0.11231465032439181,0.7165501409684939,1.7528074213974119,2.7271394165159286,0.41528695885377476,,,1.376658442533023,1.1568918937329178,1.1568918937329178,1.292690944317289,1.292690944317289,0.07744848309604821,,
auth_middleeast_m_0011_frame_0007_subdiv_head.glb,middleEast_male_loPoly_0011_grp.fbx,bad,variation_narrower_jaw_001,middleeast,male,0011,0007,0.040891515005812534,0.14740272712139443,0.05572472817419578,0.05594624687195154,0.07983053029080094,0.08012391545035098,0.08225427566251221,0.08289396023315233,0.03585139299001903,0.03917881772841138,0.06374860985946179,0.01769891672463582,0.04831510110047927,0.1739336198536677,0.15046563763300635,0.050505979099602895,0.08462134396065851,0.0844353083388004,0.1765806534349291,3.604726484221527,1.3627455027350972,1.3681627316571432,1.9522517147983733,1.9594264345295533,2.011524289350007,2.0271677442464373,0.8767440625499672,0.958116071826693,1.5589691370055678,0.43282614307931616,1.1815434349549414,4.253538168711623,3.6796298110162557,1.23512124929643,2.069410828838941,2.0648613368029607,4.3182712455097105,0.0002643622293192205,0.00021289740774441124,0.00042139269470776314,0.00038486330517042283,-0.0010501341923710023,-0.0008466314101177735,0.000658902162627123,0.0012960761593305281,-0.004329730823073627,-2.3368804986108327e-05,0.003779601204146006,-0.0005627058677688465,-0.002188630112410453,-0.0027329652199009624,0.00015141567130352862,0.0004976767519102449,0.001851791686556109,0.0018502947904355804,0.005949862278093937,0.650703313553834,0.14464138463818582,0.7619661473475818,0.6926812841293676,-1.2983748329484777,-1.0456041646559682,0.8075239249049468,1.5883698138029718,-10.775534410669776,-0.05961097339863878,6.302590769625762,-3.0813574474093333,-4.333600824827501,-1.5469621596879133,0.10073276455644126,0.9951882558420968,2.2372860981821603,2.240472830281707,3.4869804199789036,1.3008228074269381,3.1149422833848868,0.284219783371508,,,1.6507494935211104,0.6380892664684916,0.6380892664684916,1.6250541744301779,1.6250541744301779,0.07873337272097226,,
auth_middleeast_m_0011_frame_0008_subdiv_head.glb,middleEast_male_loPoly_0011_grp.fbx,bad,variation_narrower_jaw_001,middleeast,male,0011,0008,0.040832503046842133,0.14740869787377917,0.055413676499432865,0.05578854650014886,0.08103057465568098,0.08109065830700155,0.08275312342060899,0.08265525844483726,0.04062374146133845,0.03951366714540578,0.06317505496455571,0.017271658894967377,0.04625135771550304,0.17624274697128003,0.15053156084620373,0.04926724207291864,0.08250960009827563,0.08232057190249603,0.17130577652059842,3.6100823332989216,1.3570972231573346,1.366277899646502,1.9844625876284026,1.9859340539074022,2.026648313126346,2.0242515711078743,0.9948873674174665,0.9677013211773128,1.5471756627822375,0.42298800235571443,1.1327093433984323,4.316236669819097,3.686562165280862,1.2065692376585477,2.0206843553926257,2.0160549993239383,4.195328812541329,0.0002053502703488197,0.00021886816012914312,0.00011034101994485124,0.00022716293336774718,0.00014991017250903793,0.00012011144653278905,0.0011577499207238995,0.0010573743710154543,0.00044261764824579664,0.00031148061200829413,0.0032060463092399225,-0.0009899636974372884,-0.004252373497386684,-0.0004238381022886317,0.00021733888450090055,-0.0007410602747740108,-0.00025995217582677754,-0.00026444164586879315,0.0006749853637632586,0.5054508039944026,0.1486978825608668,0.19951964739229278,0.40885038993802647,0.18534735522632645,0.1483396755857031,1.418891624689395,1.295835526885532,1.1015561692716362,0.7945490788962364,5.346171933018492,-5.421006224545632,-8.419919469833905,-0.23990847058719922,0.1445897012700996,-1.4818744888031634,-0.3140673939686314,-0.32020536718072506,0.3955823911892,1.2024938186933176,2.8486543575199588,0.30220799423167155,,,4.001234324487877,1.1773003235440413,1.1773003235440413,1.103985841401051,1.103985841401051,0.08210900581181009,,
auth_middleeast_m_0011_frame_0009_subdiv_head.glb,middleEast_male_loPoly_0011_grp.fbx,bad,variation_narrower_jaw_001,middleeast,male,0011,0009,0.04135624530589073,0.14835631045917924,0.05568778373977288,0.05577819521398686,0.07827985191836573,0.07844381616202815,0.08188623581946805,0.08199021973363735,0.03390898750792818,0.03646644194717695,0.0602578702066275,0.017448844875734688,0.04800865203565057,0.1758360872232002,0.14964989722757274,0.04908693638942791,0.08331140880360409,0.08312674520631234,0.17349245487932194,3.587277069324462,1.3465386745793575,1.3487248371176936,1.8928181545343443,1.896782833688597,1.9800210394777855,1.9825353855795698,0.8199242280608638,0.8817638467286758,1.4570440271095995,0.4219155957383128,1.1608561580132684,4.251742050629397,3.618556184699311,1.1869292298262877,2.0144819286033524,2.0100167360810164,4.195072681189699,0.0007290925293974154,0.0011664807455292192,0.0003844482602848656,0.00021681164720574464,-0.0026008125648062097,-0.002526730698440602,0.00029086231958296016,0.0003923356598155431,-0.006272136305164475,-0.0027357445862205357,0.00028886155131171293,-0.0008127777166699775,-0.002495079177239151,-0.0008304978503684557,-0.000664324734130084,-0.0009213659582647388,0.0005418565295016858,0.0005417316579475195,0.002861663722486779,1.7945942050343853,0.7925009138189408,0.6951628811384394,0.3902200292495441,-3.2156172076792666,-3.1205553085799846,0.356469131896761,0.48081597245903596,-15.609658740109095,-6.97855101497942,0.4816847198058653,-4.450742055133842,-4.940385823616828,-0.4700933399616087,-0.44195733807499676,-1.8424259873065858,0.6546568328740691,0.6559684798383687,1.6771086291550292,0.9291147207631039,2.5914069831659985,0.38615927777494785,,,5.067369248367923,0.5684844590112722,0.5684844590112722,1.1582428710068984,1.1582428710068984,0.09723920954225884,,
auth_middleeast_m_0011_frame_0010_subdiv_head.glb,middleEast_male_loPoly_0011_grp.fbx,bad,variation_narrower_jaw_001,middleeast,male,0011,0010,0.04018814987070775,0.14709434311065983,0.05534529556191171,0.05567364772617455,0.08253290020007563,0.0825753727223391,0.08139327662214206,0.08131920077284892,0.040102392084084525,0.042822583530911555,0.059800340463543857,0.018469475580293937,0.045223182124156276,0.17917011303499464,0.14909552151259156,0.04909616850586698,0.08379091722955115,0.08360280239305402,0.17513918965835962,3.660142195743966,1.3771546025374923,1.3853249752796866,2.053662596203067,2.054719438142796,2.0253053918629833,2.0234621656997622,0.9978660926940125,1.0655524991491083,1.488009292687818,0.45957516431369555,1.1252864904119024,4.458282195408746,3.709937431612496,1.2216578435140177,2.0849657796918013,2.080284926328252,4.357980902873429,-0.00043900290578556544,-9.54866029901913e-05,4.196008242369348e-05,0.00011226415939343676,0.001652235716903691,0.0016048258618703432,-0.00020209687774302987,-0.0002786833009728873,-7.873172900813019e-05,0.0036203969975140693,-0.0001686681917719285,0.0002078529878892718,-0.005280549088733447,0.002503527961425972,-0.0012187004491112652,-0.0009121338418256672,0.0010213649554487447,0.0010177888446891992,0.004508398501524458,-1.080565276628419,-0.06487309834922385,0.0758726070677174,0.20205429056406174,2.042806803655101,1.9819871843472103,-0.24768178522194578,-0.34153250925080586,-0.19594207811200187,9.235191497366474,-0.281258929493705,1.138195616723136,-10.455760320904227,1.4170919534010558,-0.8107685574966862,-1.8239648198490634,1.2339863239399418,1.2324134863683767,2.6421951577195504,1.741268629326973,1.369421347524519,0.4613428767487395,,,4.835881749884075,0.47475007612680753,0.47475007612680753,1.3772600496144534,1.3772600496144534,0.13238949938536188,,
auth_middleeast_m_0025_frame_0001_subdiv_head.glb,middleEast_male_loPoly_0025_grp.fbx,bad,variation_narrower_jaw_001,middleeast,male,0025,0001,0.038688943174575566,0.14056758711406808,0.051898279740713676,0.051899310495430305,0.07994733214079812,0.0798952963035829,0.08225364694799671,0.08222517575238042,0.04261267436230643,0.039058951939482695,0.07186120443743996,0.02408667497476685,0.05880357622361003,0.17028928563925877,0.17181407657001685,0.0677679694961664,0.07862259055352867,0.07862112155147863,0.16526626795683014,3.6332754420245332,1.341424073191501,1.341450715292113,2.0664129226805943,2.065067943134877,2.1260246519747192,2.125288751914389,1.1014173783456909,1.0095636823998408,1.8574093407819818,0.622572574962332,1.5199065003732848,4.401497473602855,4.440909016168848,1.751610768750595,2.0321720911000614,2.0321341215426245,4.271666641580296,-0.0008471641569387928,-4.259368112463635e-05,0.00029177864124891456,0.0002928166921449746,-0.00034268230268839905,-0.0003967634109645207,0.0008528431963243238,0.0008286068275927538,-0.001949162279455699,0.00011579116657196159,0.002112172301331691,-0.0015651398233116828,0.005115880614691426,-0.001843735507912253,0.0068873300755747935,0.006572914440791534,-0.0008912594723371609,-0.0008927284743872055,-0.001434497533701784,-2.1427606664339347,-0.030292032115851297,0.5653912492275915,0.5674028025642259,-0.4268056308915,-0.49415024645660527,1.047708569225033,1.017987414627275,-4.374061812409674,0.2973337661192286,3.0282460367478623,-6.101477948565732,9.528962933997814,-1.0711108743835316,4.175993416451038,10.740924139775284,-1.120885823095265,-1.1227333025589896,-0.8605224633976014,5.076536487449436,1.8893698391760245,0.512426797777506,,,4.535503268363032,0.9608927112823555,0.9608927112823555,1.20547755782577,1.20547755782577,0.10516848244102656,,
auth_middleeast_m_0025_frame_0002_subdiv_head.glb,middleEast_male_loPoly_0025_grp.fbx,bad,variation_narrower_jaw_001,middleeast,male,0025,0002,0.04032089174681917,0.14233070979963774,0.05218193246869954,0.05210336628552317,0.08167102718213583,0.0814687865488894,0.08443675199568704,0.08437338928810562,0.04619366177345211,0.039584185997983086,0.07248354155418771,0.025343325182388392,0.05928391710501771,0.167984113320078,0.1757395341484995,0.07077655874681571,0.078103203099512,0.07810167433215158,0.1631150692716256,3.529949453830369,1.294166130956567,1.292217608000535,2.0255263126361456,2.020510534847392,2.094119161001643,2.092547700033486,1.1456507971973668,0.9817289321510555,1.7976671252541379,0.6285407907524188,1.470302727362038,4.16618050947075,4.358523002219147,1.7553321784456597,1.937040569190125,1.937002654171528,4.04542315918629,0.0007847844153048081,0.001720529004445026,0.000575431369234776,0.0004968724822378423,0.0013810127386493093,0.0011767268343419734,0.0030359482440146524,0.00297682036331795,0.0016318251316899818,0.000641025225072353,0.002734509418079442,-0.00030848961569013983,0.005596221496099105,-0.004148907827093012,0.010812787654057437,0.009581503691440847,-0.0014106469263538285,-0.0014121756937142543,-0.003585696218906309,1.9849814973545814,1.2236162379672075,1.1150365883664686,0.9628099985475292,1.7200305022006919,1.4655581616979898,3.7296293207083706,3.657181626499026,3.661934190029951,1.646053407966456,3.920498011704765,-1.2026034731595188,10.423657474263917,-2.410291645056158,6.556115295963728,15.65731689067136,-1.7740895779728254,-1.7760122208330675,-2.150977656494304,5.531704868073239,2.582665304364845,0.29152251953215286,,,1.5009800812091147,0.34715248169334345,0.34715248169334345,1.6331372184074715,1.6331372184074715,0.08963345661375371,,
auth_middleeast_m_0025_frame_0003_subdiv_head.glb,middleEast_male_loPoly_0025_grp.fbx,bad,variation_narrower_jaw_001,middleeast,male,0025,0003,0.039491600520743485,0.14070073902298275,0.051729756787368596,0.05170588564650955,0.08039716539802912,0.0803859840379495,0.08222022092986764,0.08218556329342852,0.04244293641538662,0.039237148411221306,0.07170102776209117,0.025895633924694506,0.05774039568194554,0.1720253380582937,0.17539646929895147,0.07140630270139282,0.08012835925454143,0.08012822361902837,0.16964424401627182,3.5628016380110457,1.309892638061019,1.309288176845361,2.0358041795697654,2.0355210469559393,2.0819673005321824,2.08108970539848,1.0747332560779073,0.9935568043288465,1.8156019714731302,0.655725105673863,1.4620930760103439,4.355998130993327,4.441361377764929,1.808138990565493,2.02899751334345,2.0289940788026546,4.29570444801709,-4.450681077087376e-05,9.055822779002742e-05,0.0001232556879038338,9.93918432242169e-05,0.00010715095454259804,9.392432340207812e-05,0.0008194171781952531,0.0007889943686408551,-0.0021189002263755086,0.00029398763831057356,0.0019519956259829024,0.00024381912661597394,0.004052700073026938,-0.00010768308887731948,0.010469722804509418,0.010211247646017961,0.0006145092286755915,0.0006143735931625344,0.0029434785257398954,-0.11257256663555555,0.0644037489162545,0.23883752100587988,0.19259561326347946,0.13345489508912475,0.11697834597343229,1.0066450703546255,0.9693214088297806,-4.754966101172171,0.7549146820025826,2.7985988711266674,0.950494647397179,7.5486571495791726,-0.06255806594206706,6.348104856880957,16.686393429629067,0.7728329447960222,0.7726623638053984,1.76572586039329,5.04911845007103,1.4741244906073552,0.38080899159002096,,,4.823363827022223,0.20779778871617105,0.20779778871617105,1.2859212803724134,1.2859212803724134,0.05727144866476704,,
auth_middleeast_m_0025_frame_0004_subdiv_head.glb,middleEast_male_loPoly_0025_grp.fbx,bad,variation_narrower_jaw_001,middleeast,male,0025,0004,0.040150432369662745,0.1407846852203862,0.05151943489813168,0.051530479172621296,0.07886453042324111,0.07884187236227966,0.08257301082481745,0.08252372970095478,0.03691487076209578,0.03963274505197476,0.07275704373098213,0.026111378761031014,0.04766042528771563,0.1705711561234908,0.1635355096609496,0.05927545009175886,0.07981110347009743,0.07981057677532076,0.16942365467552764,3.50643011572552,1.2831601518956304,1.2834352242631688,1.9642261806084644,1.9636618514188597,2.056590824840252,2.055363412806206,0.9194140282780187,0.9871063077746793,1.8121110891437524,0.6503386693479422,1.187046377207319,4.24830185022796,4.073069703341859,1.4763340415867297,1.9878018432100841,1.9877887251750945,4.219721798152849,0.0006143250381483861,0.00017450442519348353,-8.706620133307891e-05,-7.601463066403413e-05,-0.0014254840202454072,-0.0014501873522677622,0.0011722070731450679,0.0011271607761671187,-0.007646965879666352,0.0006895842790640289,0.0030080115948738634,0.0004595639629524813,-0.006027270321202975,-0.00156186502368022,-0.0013912368334924596,-0.0019196049636160048,0.0002972534442315933,0.00029672674945492583,0.0027228891849957193,1.553832887484868,0.12410511401564858,-0.16871169228324592,-0.1472966385854234,-1.7754188115743312,-1.806140429605912,1.440043610283129,1.384776767689854,-17.16034718483714,1.7707455311221447,4.312621269072278,1.7915456141017565,-11.226539438585485,-0.9073593278449752,-0.84354834074129,-3.1368628754054906,0.37383857546188093,0.3731761817072129,1.6333993290213,1.7947648404617005,2.6559299426205403,0.44764160815379417,,,4.0105416983116395,1.1684518151979184,1.1684518151979184,1.0676765045007623,1.0676765045007623,0.08189024107429578,,
auth_middleeast_m_0025_frame_0005_subdiv_head.glb,middleEast_male_loPoly_0025_grp.fbx,bad,variation_narrower_jaw_001,middleeast,male,0025,0005,0.039962516175984,0.14069635436701106,0.05153193531660902,0.051528092977381985,0.08206435351070024,0.0824223381195689,0.08112750770210801,0.08112603603843568,0.04303666539268438,0.0396457808833431,0.06912625089737727,0.02411411554549635,0.05136435393284686,0.16868517573624908,0.17154891910528985,0.06773962022388821,0.0782708101747425,0.07827011337935255,0.1636029481891565,3.520708099245372,1.2895067740398642,1.289410625458776,2.0535331946895248,2.0624912044227504,2.0300900810360547,2.030053254934669,1.0769258172624232,0.9920741904427117,1.7297772390748407,0.6034183493177551,1.2853133097688914,4.221084953545109,4.2927456907326675,1.6950789566297937,1.9586056551108852,1.9585882188867276,4.093910089862556,0.00042640884446964317,8.617357181833762e-05,-7.456578285574417e-05,-7.840082590334502e-05,0.0017743390672137205,0.002130278405021474,-0.0002732960495643727,-0.0002705328863519818,-0.0015251712490777503,0.0007026201104323657,-0.0006227812387309961,-0.0015376992525821809,-0.002323341676071747,-0.0034478454109219403,0.0066221726108477985,0.006544565168513351,-0.0012430398511233398,-0.0012437366465132826,-0.0030978173013754273,1.0785301671056302,0.06128544272612427,-0.14448912688738266,-0.15192046606032733,2.2099125022111177,2.6531619846283596,-0.33574121749228775,-0.33236399264195093,-3.422595126270899,1.8042195252962505,-0.8928887178186227,-5.9945047346021045,-4.327512383835288,-2.0030121983242757,4.015220545850616,10.69459805631555,-1.5632997908150332,-1.5641761103363696,-1.8583101836754152,4.071850027928825,3.469785220915511,0.473941300824923,,,1.4989153174868546,0.323416786815884,0.323416786815884,1.091017984918977,1.091017984918977,0.09754056793651565,,
auth_middleeast_m_0025_frame_0006_subdiv_head.glb,middleEast_male_loPoly_0025_grp.fbx,bad,variation_narrower_jaw_001,middleeast,male,0025,0006,0.04021337859022742,0.14049667219187648,0.05126474347696578,0.05128680306219252,0.08056342222498813,0.08062899643893982,0.08209749165023998,0.08208526299521422,0.04458446135988651,0.039348013295950966,0.07183954291283488,0.026071777731816907,0.04841991442881932,0.17214432378453037,0.16492274776631877,0.061205995966099935,0.07829115021518894,0.07829004552059259,0.16341172903918372,3.4937793619265736,1.2748181146217852,1.2753666779606563,2.0033984969511245,2.0050291536193914,2.041546732166174,2.0412426379703006,1.108697227711211,0.9784806617943127,1.7864587714669964,0.6483359181899933,1.2040747663163582,4.28077246477282,4.101191035124764,1.522030680132261,1.9468931226339463,1.9468656518111733,4.063616009595766,0.000677271258713058,-0.00011350860331624246,-0.000341757622498981,-0.0003196907410928096,0.0002734077815016167,0.0003369367243924032,0.0006966878985675967,0.0006886940704265571,2.2624718124378274e-05,0.00040485252304023334,0.0020905107767266173,0.00041996293373837423,-0.005267781180099282,1.1302637359350554e-05,-3.9987281232889416e-06,1.0940910725072694e-05,-0.0012226998106768944,-0.0012238045052732488,-0.003289036451348204,1.7130448706901475,-0.08072573598463303,-0.6622375383293048,-0.6194777391996696,0.3405252613250673,0.41963891023629646,0.855873488292532,0.8460971752543114,0.05077151174504107,1.039598520009842,2.997189656549204,1.637166559341571,-9.811896600054851,0.006566222613200391,-0.0024245479937504842,0.017878749704812524,-1.5377192907639996,-1.5391086016777524,-1.9730182052073486,2.440057278798254,2.115441936692022,0.26647197758724045,,,3.5531928866132576,0.4115516439575705,0.4115516439575705,1.2658085572392788,1.2658085572392788,0.12313789573733729,,
auth_middleeast_m_0025_frame_0007_subdiv_head.glb,middleEast_male_loPoly_0025_grp.fbx,bad,variation_narrower_jaw_001,middleeast,male,0025,0007,0.03873217132825288,0.1403214391635144,0.05178291719019097,0.051800653754341855,0.0811992985534323,0.08116121531555631,0.08209353535182243,0.08205948997387837,0.03938999445096116,0.040097696143362276,0.07132468141069143,0.024875909514631867,0.04567557342194592,0.1708908456754825,0.16565148428061272,0.06150714370936263,0.07929937760993419,0.07929819633934343,0.16719580441784268,3.622865291343943,1.3369484698219933,1.3374063982970217,2.0964303257174253,2.0954470800957625,2.1195180269157783,2.118639032096316,1.0169838947869272,1.035255570970619,1.841484196850699,0.6422544531214115,1.1792670499892226,4.412116331594028,4.2768447675377175,1.588011763866611,2.0473775388907742,2.047347040456262,4.316716535225151,-0.0008039360032614795,-0.0002887416316783298,0.00017641609072620995,0.0001941599510565245,0.0009092841099457849,0.0008691556010088919,0.0006927316001500428,0.0006629210490907006,-0.005171842190800968,0.0011545353704515426,0.0015756492745831602,-0.0007759052834466658,-0.008012122186972684,-0.0012421754716885336,0.0007247377861706594,0.00031208865398776875,-0.00021447241593164357,-0.00021565368652240458,0.0004950389273107592,-2.0334222499964216,-0.20534902241459993,0.34184857908927224,0.37623162657906445,1.1324996218375323,1.082492595281395,0.8510132188170323,0.8144336522381616,-11.605989744942558,2.9646678583281547,2.259026722418797,-3.024757856527116,-14.923572517129436,-0.7216369429933452,0.4394301115950788,0.5099899880886821,-0.2697296330914372,-0.2712152492329984,0.29696259993411717,2.098724350938238,2.1417672284087668,0.48136520202245703,,,4.073838850113826,0.4400744218219093,0.4400744218219093,1.377557351937917,1.377557351937917,0.12727527919414927,,
auth_middleeast_m_0025_frame_0008_subdiv_head.glb,middleEast_male_loPoly_0025_grp.fbx,bad,variation_narrower_jaw_001,middleeast,male,0025,0008,0.04020310794800604,0.14197614116889076,0.051850105081725224,0.05187394730113025,0.0836807253533516,0.08344608256809578,0.08131186538891315,0.08127156617705734,0.04141021194702758,0.042901126671531974,0.06929839826489419,0.021190692090081467,0.044471674090624476,0.17066749968369335,0.16164280336887976,0.05813797088144144,0.08026349684894042,0.0802631897894637,0.16945767402651285,3.53147177955759,1.2897038992304286,1.2902969434158649,2.081449162128818,2.0756127281506473,2.0225268527515916,2.0215244622919304,1.0300251413543118,1.067109705225159,1.723707489344271,0.5270908935072137,1.1061750287599381,4.245131990900171,4.020654412537695,1.4461063795523033,1.996450049402742,1.9964424116977886,4.215039151840436,0.0006670006164916781,0.0013659603736980441,0.00024360398226046243,0.0002674534978449189,0.0033907109098650773,0.0031540228535483633,-8.893836275923606e-05,-0.00012500274773032116,-0.0031516246947345533,0.003957965898621241,-0.00045063387121407894,-0.004461122707997065,-0.009216021518294128,-0.0014655214634776703,-0.003283943125562294,-0.003057084173933425,0.0007496468230745873,0.0007493397635978671,0.0027569085359809287,1.687066991443565,0.9714519716660122,0.4720412681939969,0.5182555103712403,4.223079212735335,3.9281877495252666,-0.10925980906841945,-0.15357250235673525,-7.072474862449761,10.163442874350464,-0.6460790313687966,-17.391060800623077,-17.165984521718162,-0.8513889163803572,-1.9911525543086859,-4.995639224716926,0.9427877317357006,0.9424015606766709,1.6538067643951597,1.284793506292364,3.223798379295473,0.2663404729385065,,,2.9236343741915163,0.9379775566842926,0.9379775566842926,1.4690834547007365,1.4690834547007365,0.07272069977715269,,
auth_middleeast_m_0025_frame_0009_subdiv_head.glb,middleEast_male_loPoly_0025_grp.fbx,bad,variation_narrower_jaw_001,middleeast,male,0025,0009,0.039851011239621134,0.1405156277288073,0.05140523195020851,0.051390354063612455,0.0812620596677685,0.08114537299878953,0.0821886199660028,0.08218485003574229,0.04409129537741254,0.03946877109780795,0.07091819570541341,0.025552946835916957,0.04828128093771192,0.1705300288922659,0.16855307746158488,0.06443557206189028,0.07938589123590332,0.0793843710528019,0.16799140721655104,3.5260241423711283,1.289935445831292,1.2895621080882018,2.039146740320988,2.0362186673474483,2.062397349763819,2.062302749146589,1.106403426309433,0.9904082699554396,1.7795833405327568,0.6412120054437015,1.2115446869691764,4.279189500785354,4.229580937057981,1.6169118438286052,1.992067171358888,1.992029024695751,4.215486683799097,0.0003149039081067756,-9.455306638542216e-05,-0.00020126914925625017,-0.00021613973967287564,0.0009720452242819866,0.0008533132842421104,0.0007878162143304113,0.0007882811109546223,-0.00047054126434958876,0.000525610324897216,0.0011691635693051455,-9.886796216157512e-05,-0.005406414671206686,-0.0016029922549051223,0.003626330967142821,0.0032405170065154185,-0.00012795878996250953,-0.0001294789730639373,0.001290641726019115,0.7964969982155139,-0.06724482242373647,-0.3900073536633113,-0.4188227560987992,1.2106676415735074,1.0627617317027251,0.967823630751589,0.9684451339503174,-1.055928794255779,1.34968583562646,1.6762434309104672,-0.3854228753007405,-10.070118692724392,-0.931252030680731,2.1987525032909243,5.295390295152285,-0.1609264171221549,-0.1628382640531402,0.7742266343056591,2.3457266662842926,2.28190458485294,0.37017634956680817,,,0.6295852543728001,0.8791461264377187,0.8791461264377187,1.2853658672139157,1.2853658672139157,0.09090925554002705,,
auth_middleeast_m_0025_frame_0010_subdiv_head.glb,middleEast_male_loPoly_0025_grp.fbx,bad,variation_narrower_jaw_001,middleeast,male,0025,0010,0.040295474472882946,0.14171739677417558,0.051713160632908386,0.051738266220250594,0.0790398295752592,0.07907913164651292,0.08247971161618314,0.08256067682811234,0.04503706347533274,0.038090012156139656,0.06788010336637428,0.026883782554215148,0.060596378890027405,0.17176022398972993,0.1711381903548765,0.06652798007572214,0.08061658754916329,0.08061637181809643,0.17059599608182924,3.516955653904635,1.2833490934002783,1.2839721307927057,1.9615063629155047,1.9624817099431264,2.046872823688633,2.0488821116543,1.1176705092687436,0.9452677417106116,1.6845589797448484,0.6671662985953108,1.5038011013074448,4.262518961163167,4.247082149883727,1.651003765211711,2.000636265082687,2.0006309113532748,4.233626686704799,0.0007593671413685874,0.0011072159789828617,0.00010665953344362461,0.00013177241696526315,-0.0012501848682273248,-0.0012129280680344967,0.0010789078645107586,0.0011641079033246765,0.0004752268335706106,-0.0008531486167710767,-0.0018689287697339907,0.0012319677561366156,0.006908683281108802,-0.000372797157441096,0.006211443860434457,0.005332925020347275,0.0011027375232974534,0.0011025217922305958,0.003895230591297316,1.920692735380383,0.7874365659166523,0.20667848269359,0.25534076674062745,-1.557086366085148,-1.5106451028242047,1.3254265495979114,1.4301682720807796,1.0664435521161646,-2.190753395046803,-2.6795049515338976,4.802653402241533,12.868280530112994,-0.21657503886041732,3.7661834677880943,8.714633912040046,1.3868496154301837,1.3865783028641496,2.336660290572303,5.034280374391093,1.8547493253172032,0.5056217284472093,,,0.8092178803347124,0.9485099948149767,0.9485099948149767,0.7935242383489788,0.7935242383489788,0.06684884258194126,,
caucasian_male_auth_caucasian_m_0025_frame_0001_subdiv_head_var_0.glb,caucasian_male_loPoly_0025_grp.fbx,bad,variation_long_faces_001,caucasian,male,0025,0001,0.045959795122114004,0.13857516707710896,0.04826455095469862,0.048339364243880224,0.08570894801439878,0.08565799175452661,0.08738576279157413,0.08775562265488053,0.041281427560824355,0.03971915350458627,0.05746489706469607,0.02132882565525398,0.05514878294920747,0.16720989751130802,0.15206346624613665,0.05174628858236827,0.07807444099326781,0.07795200859912474,0.16835177378384464,3.0151389210704327,1.0501472172898279,1.0517750158686252,1.8648679304742828,1.863759216657418,1.9013523136774737,1.9093997791268669,0.8982073886783145,0.8642151993727015,1.250329704734612,0.46407573398845303,1.199935352250343,3.638177608647636,3.3086193235219588,1.1259033780476981,1.6987552008407785,1.6960912987537964,3.6630227209790265,-0.0006000680273135495,-0.00045456407471752835,1.8898637061517953e-05,8.097826331685681e-05,0.0005641832786204698,0.0005499600279565975,-0.00041435994223353034,-2.7089673355545907e-05,-0.002846765601941713,0.0002668622348604155,7.747354241846582e-05,-0.00020346739602327205,0.0031691051535186823,-0.001015772796360448,0.0019280672432498702,0.001084493226470161,-0.001400043807731774,-0.0014059159184060671,-0.004216673214535838,-1.288809688696276,-0.32695458083071793,0.039171689372327546,0.16780143320473204,0.6626165218393009,0.6461905143376787,-0.4719354931766855,-0.030859918356421392,-6.451126588032888,0.6764175825326403,0.13500090727786526,-0.9449406783510351,6.096815693962475,-0.6038155737484641,1.2842189490653018,2.1406529690699223,-1.761626780264658,-1.7716137700847874,-2.443478682157585,0.7457780590203962,0.5961909788562976,0.22010381670119905,2.080171629579094,2.0429951980926515,0.7868385364390642,0.48049490911115944,0.48049490911115944,1.1011945025927827,1.1011945025927827,0.12770283026569113,0.9347263177110195,0.9347263177110195
caucasian_male_auth_caucasian_m_0025_frame_0002_subdiv_head_var_0.glb,caucasian_male_loPoly_0025_grp.fbx,bad,variation_long_faces_001,caucasian,male,0025,0002,0.04420577515828302,0.13566260947648504,0.04820197669036245,0.04819155506253793,0.08528625933566862,0.08525322864087527,0.08985757449695066,0.08979935670493705,0.042140865913562295,0.03949448177115797,0.05675349867921767,0.02091234455116946,0.059230007037299005,0.1653820911257454,0.15765120490819937,0.0545731334714857,0.07820295824369523,0.07808517853052481,0.1699772811052894,3.068888827098542,1.09039998773397,1.090164235102392,1.9293012967263437,1.9285540935684964,2.0327112051583076,2.0313942326178385,0.9532886995573062,0.8934235771173379,1.2838480600330233,0.47306815628254006,1.3398703410407413,3.7411874474224,3.56630336972294,1.2345249749853127,1.7690665521344673,1.7664022008647815,3.8451374395465168,-0.0023540879911445323,-0.00336712167534145,-4.367562727465579e-05,-6.683091802543728e-05,0.00014149459989031,0.00014519691430525672,0.002057451763142995,0.002016644376700974,-0.0019873272492037727,4.219050143211556e-05,-0.0006339248430599354,-0.0006199485001077906,0.007250329241610218,-0.0028435791819230727,0.007515805905312589,0.003911338115587588,-0.0012715265573043505,-0.0012727459870059965,-0.0025911658930910797,-5.056045769699552,-2.4218716726600062,-0.09052759197265398,-0.13848560549114555,0.16618120953108131,0.17060306925172078,2.3433358622752447,2.2973138140917326,-4.503531884646967,0.10694056054607631,-1.1046407107192187,-2.8791568953266524,13.948392042960226,-1.6903360686406788,5.006018537419064,7.720488561667654,-1.5999179617058152,-1.6038045283364697,-1.5015293572847632,0.784009128138784,1.4840700714213424,0.44830186254789056,1.507832739721194,1.6097801305866126,1.4317270576090748,0.3258898476264434,0.3258898476264434,1.6827677275526027,1.6827677275526027,0.08863620648936608,0.45708477041079454,0.45708477041079454
caucasian_male_auth_caucasian_m_0025_frame_0002_subdiv_head_var_0.glb,caucasian_male_loPoly_0025_grp.fbx,bad,variation_long_faces_002,caucasian,male,0025,0002,0.04891655729618299,0.13782980600130554,0.04658252933584085,0.046526137529243186,0.08611972225967351,0.08601075412929078,0.08977220204333279,0.08973741913428468,0.03744537965415428,0.03978301575716855,0.05836852836920063,0.0210561838984551,0.059287477293467776,0.16451386200369028,0.15612165300057507,0.05617727500122672,0.08009652969331237,0.07996852552328808,0.1753749442024778,2.8176513969853834,0.9522855227482605,0.9511327064072367,1.7605434032945229,1.7583157704355106,1.835210959343981,1.8344998931739416,0.7654949923688964,0.8132832307941847,1.193226416482813,0.43045105915698073,1.2120124671589274,3.363152909710747,3.1915911836411555,1.1484306767763948,1.6374114230553667,1.6347946368974766,3.585185750922878,0.0023566941467554336,-0.0011999251505209474,-0.0016631229817962515,-0.0017322484513201813,0.0009749575238952035,0.0009027224027207681,0.0019720793095251293,0.0019547068060486034,-0.006682813508611787,0.00033072448744269484,0.0009811048469230282,-0.00047610915282214963,0.007307799497778988,-0.003711808303978187,0.00598625399768829,0.005515479645328607,0.0006220448923127814,0.0006106010057572719,0.0028064972040973135,5.061643199405342,-0.863070898993955,-3.447197626941953,-3.589528360973085,1.1450586855465477,1.0606782749023977,2.2461008574032153,2.2267559912475554,-15.14409050006273,0.8382896830544285,1.7096164746656848,-2.211140038305896,14.058954975640692,-2.206445839799389,3.9872368791408,10.886861799078519,0.7826976090129466,0.7694266318953255,1.6263095907235303,1.1065653528048207,2.4317333321191117,0.20679435167012064,1.5668349015905485,1.5668349015905485,1.722131803466594,0.4726415982416178,0.4726415982416178,0.826670090493501,0.826670090493501,0.0508799148284941,0.8008853123046193,0.8008853123046193
caucasian_male_auth_caucasian_m_0025_frame_0004_subdiv_head_var_0.glb,caucasian_male_loPoly_0025_grp.fbx,bad,variation_long_faces_001,caucasian,male,0025,0004,0.04595754474768837,0.13860342709345408,0.04823034647269275,0.048128267557289446,0.08630857616524992,0.08625406897381095,0.08925116673011885,0.08913994822968556,0.03720125040123748,0.040339094014146946,0.05706317368754709,0.021618825813723548,0.06186732479366253,0.16552663460836461,0.15768579499284596,0.0540872324040279,0.07693188393699618,0.07681327229642103,0.16733077599527377,3.0159014772090433,1.0494543765878332,1.0472332197361405,1.8780066828872788,1.8768206493048012,1.9420351374320994,1.9396151104040262,0.8094699272007709,0.8777469343850439,1.2416497443636243,0.4704086332812842,1.3461842910303516,3.601729281168583,3.431118782749538,1.1768956044317065,1.6739772405022963,1.6713963445639615,3.6409859776873823,-0.0006023184017391811,-0.0004263040583724065,-1.5305844944350777e-05,-0.00013011842327392137,0.0011638114294716118,0.0011460372472409386,0.0014510439963111854,0.0013572359014494828,-0.006926942761528589,0.0008868027444210932,-0.00032424983473051255,8.653276244629735e-05,0.009887646997973745,-0.0026990356993038533,0.0075503959899591855,0.0034254370481297883,-0.0025426008640034026,-0.0025446522211097777,-0.005237671003106709,-1.2936429813080035,-0.3066279815407713,-0.03172481707487544,-0.2696286264657258,1.3668619944903924,1.3465676787390155,1.6526673894414243,1.546131197649171,-15.697317893752599,2.247785149811035,-0.5650189794714165,0.40187434863638183,19.022139838646385,-1.6044136987937563,5.029057797231423,6.761381084239436,-3.1992668720910324,-3.206550872619714,-3.0351266956443452,1.3899413008875863,0.8497782982649086,0.50641517002688,1.48847914484054,1.48847914484054,1.4397456710454517,1.027489015917202,1.027489015917202,1.1153678890032603,1.1153678890032603,0.11515980976038663,0.923824217765741,0.923824217765741
caucasian_male_auth_caucasian_m_0025_frame_0004_subdiv_head_var_0.glb,caucasian_male_loPoly_0025_grp.fbx,bad,variation_long_faces_002,caucasian,male,0025,0004,0.04533191150911585,0.13656331098213412,0.04790371304457888,0.04788609254069971,0.08656017816642089,0.08642469136846125,0.09065134629794573,0.09015176822203434,0.0397216403319559,0.040225914258439084,0.0617901639048412,0.02095994888753452,0.05991773346031638,0.16561906589204708,0.16009653473040777,0.056844082611375135,0.07723442780679529,0.07711463079814766,0.1670360236786026,3.012520461544456,1.0567326955746366,1.0563439957979763,1.9094755831995833,1.9064868100936356,1.999724769596723,1.988704319338169,0.8762401365750533,0.8873641750216071,1.3630610721636067,0.4623663152461519,1.321756163939115,3.653476334408324,3.5316519732068605,1.2539529157058442,1.7037540495344903,1.7011113855774775,3.684733736520533,-0.0012279516403117044,-0.002466420169692368,-0.0003419392730582213,-0.00037229343986365515,0.0014154134306425814,0.0013166596418912324,0.0028512235641380695,0.0023690558937982664,-0.004406552830810165,0.0007736229887132309,0.004402740382563594,-0.0005723441637427301,0.007938055664627595,-0.002606604415621383,0.009961135727520998,0.006182287255477023,-0.0022400569942042925,-0.0022432937193831437,-0.005532423319777879,-2.6373609311753357,-1.7740235482430236,-0.7087462944992019,-0.7714585398972952,1.6623610800204802,1.5470451086465231,3.2474027089716113,2.6987727206923395,-9.985799360868167,1.9609076274535138,7.671960357053606,-2.65807344521897,15.27145992676003,-1.549468883586052,6.634768211679024,12.203055995245682,-2.818586367452763,-2.8268049259372727,-3.2059298301675048,1.0432305827007327,2.2772554569142267,0.3860767623501623,1.890985919073037,1.892437596221784,1.7714898197083835,0.7193865875421548,0.7193865875421548,1.5581643040820432,1.5581643040820432,0.0723046139900344,0.7514624584850816,0.7514624584850816
caucasian_male_auth_caucasian_m_0025_frame_0005_subdiv_head_var_0.glb,caucasian_male_loPoly_0025_grp.fbx,bad,variation_long_faces_001,caucasian,male,0025,0005,0.04665766871640046,0.13768633540617084,0.04783610418088334,0.047778720518733706,0.08500228703275296,0.08496487030015185,0.08894091431232491,0.08891287303126393,0.03902713292496965,0.03931495368305039,0.057687888777807485,0.021465490776722492,0.05570716617457078,0.16443627543604009,0.15176858098064083,0.05092786768636342,0.07885595545760007,0.07873219037374199,0.1711736059145092,2.9509904629626993,1.0252570584193945,1.0240271713777074,1.8218288519604953,1.821026910208357,1.906244284362661,1.9056432838876602,0.8364569854998214,0.8426257625947551,1.236407440938639,0.46006350868484863,1.1939551998016857,3.524314007961562,3.2528110631316913,1.0915219102762834,1.6900963470101908,1.687443726610094,3.668713217433871,9.780556697290554e-05,-0.0013433957456556456,-0.0004095481367537637,-0.00047966546182966197,-0.00014247770302534823,-0.00014316142641816743,0.00114079157851725,0.0011301607030278493,-0.005101060237796419,-0.00013733758667546642,0.00030046525552988174,-6.680227455475862e-05,0.0037274883788819893,-0.003789394871628382,0.0016331819777540557,0.00026607233046530704,-0.0006185293433995098,-0.000625734143788817,-0.0013948410838712788,0.2100641203755515,-0.9662650819547363,-0.848880918963232,-0.9939525578473613,-0.1673358349952411,-0.1682114173173548,1.2993052207636442,1.2874524756104206,-11.559639931282135,-0.3481105463216883,0.5235733495044296,-0.3102422691149285,7.1710494119129535,-2.2525663679615278,1.0878060661247873,0.5251932518304063,-0.7782741152060043,-0.788496104948646,-0.8082828049581794,1.3315121167964472,0.5670423731828889,0.48245095116964815,1.83906859397371,1.840967290445246,1.2437531977472367,0.3835345746957057,0.3835345746957057,0.9520427098412546,0.9520427098412546,0.11343764522889785,0.8749277993716232,0.8749277993716232
caucasian_male_auth_caucasian_m_0025_frame_0006_subdiv_head_var_0.glb,caucasian_male_loPoly_0025_grp.fbx,bad,variation_long_faces_001,caucasian,male,0025,0006,0.04820149407672767,0.13826621016796115,0.04709859847783913,0.04711131447479807,0.08629695259247627,0.0861842559363335,0.08977046546734094,0.09014484058603481,0.044278549051624115,0.03992524423849176,0.060299113251993365,0.02081502200820876,0.06178740312216868,0.1665783486540318,0.15595155119959364,0.05498645248136797,0.07783098084210162,0.07771018100159564,0.16866117431899197,2.8685046556413267,0.9771190578214662,0.9773828670083495,1.7903377114225512,1.787999678996349,1.8624000601401134,1.8701669380318637,0.9186136218338177,0.8282988941159856,1.2509801699509266,0.4318335438954481,1.2818565960593422,3.455875213927405,3.2354090715808153,1.1407624086058397,1.6147005882890146,1.612194445215655,3.499086025228082,0.0016416309273001167,-0.0007635209838653401,-0.0011470538397979763,-0.0011470715057652972,0.0011521878566979615,0.001076224209763485,0.0019703427335332757,0.002362128257798732,0.00015035588885804752,0.0004729529687659065,0.002911689729715762,-0.0007172710430684917,0.009807725326479895,-0.0016473216536366797,0.005816152196706864,0.004324657125469859,-0.0016435039588979655,-0.0016477435159351628,-0.003907272679388507,3.52584998377578,-0.549178206373385,-2.3775278904844432,-2.3769371529070487,1.3532104531305442,1.2645389488281362,2.244122983184157,2.690880920797127,0.3407252327405803,1.1987972144189052,5.07374186015766,-3.331141004631389,18.86838422706297,-0.9792332232196714,3.8739379489010664,8.536328203707011,-2.0679642818864736,-2.0763440147318404,-2.264187194907755,1.2453969754778953,2.728005267377279,0.3507873581973554,1.63584257841517,1.63584257841517,1.4849906290254011,0.5075851304630219,0.5075851304630219,1.0993040725811383,1.0993040725811383,0.13050958809380164,0.7273417075762569,0.7273417075762569
caucasian_male_auth_caucasian_m_0025_frame_0006_subdiv_head_var_0.glb,caucasian_male_loPoly_0025_grp.fbx,bad,variation_long_faces_002,caucasian,male,0025,0006,0.04561748527105452,0.13979663859496141,0.0488856376152212,0.04882949406257614,0.08510949540155101,0.08505260343372406,0.08937579801791391,0.0894801033578751,0.040018660436943104,0.039519751198866,0.0558594877565877,0.02072714310762926,0.05928353523060161,0.1683803359847087,0.16015776284267952,0.057616491055389,0.07898129905084988,0.078858884600058,0.17434339597862974,3.064540663833261,1.0716425362938717,1.0704117899624714,1.8657208939913923,1.864473741337341,1.9592443004442681,1.9615308214863951,0.877265815929051,0.8663290175695483,1.2245192260089794,0.4543683849399119,1.2995792047357455,3.6911358656490956,3.5108853960501807,1.2630352311846562,1.7313821351955492,1.7286986367505008,3.821854601206068,-0.0009423778783730352,0.0007669074431349288,0.0006399852975840989,0.0005711080820127723,-3.526933422730305e-05,-5.5428292845952076e-05,0.001575675284106251,0.0016973910296390199,-0.004109532725822963,6.745992914014565e-05,-0.0015279357656899015,-0.0008051499436479911,0.007303857434912825,0.0001546656770402277,0.010022363839792742,0.006954695699490886,-0.0004931857501496995,-0.0004990399174728127,0.001774948980249269,-2.0240134197744557,0.5516139870093201,1.3265139278677351,1.183438008562476,-0.04142278663491647,-0.06512698240282278,1.7946162659514522,1.9336279144487534,-9.312714687104961,0.170991156581853,-2.6624923579236173,-3.7392670707694613,14.051371121655182,0.09193940303959507,6.675550140976435,13.727692930410946,-0.6205585998885222,-0.6288469872502409,1.0285478087810147,1.007051687624556,2.0754764439457993,0.4819978258603091,0.9776604810444184,1.149187582907345,1.8429947705956136,1.1755041931450005,1.1755041931450005,1.070342601924275,1.070342601924275,0.08407380378855084,0.6087154394722756,0.6087154394722756
caucasian_male_auth_caucasian_m_0025_frame_0007_subdiv_head_var_0.glb,caucasian_male_loPoly_0025_grp.fbx,bad,variation_long_faces_001,caucasian,male,0025,0007,0.04452093987261094,0.1392148159684058,0.049388799301272816,0.0494164407528137,0.08767014216750264,0.08746692614243509,0.08978808941747002,0.0899670828781872,0.03685028169170228,0.04054268681990854,0.05701828209480406,0.022548026949716245,0.05657880217053035,0.16863567234309715,0.15165035437159088,0.05180508066139033,0.07822201783048352,0.07809918078896089,0.16829293564496314,3.126951415822424,1.1093386492421415,1.109959513303412,1.96918893487774,1.9646244304973515,2.0167608697027353,2.0207813028119492,0.8277067329922293,0.9106431026818955,1.2807070618444294,0.5064589160568841,1.270835753522296,3.7877832953576296,3.406270281029836,1.1636115681659398,1.7569713949054637,1.7542123102618308,3.7800849696009253,-0.0020389232768166163,0.0001850848165793062,0.0011431469836357122,0.0011580547722503318,0.002525377431724332,0.0023588944158650788,0.0019879666836623566,0.0021843705499511173,-0.00727791147106379,0.001090395550182685,-0.00036914142747354606,0.0010157338984389946,0.004599124374841564,0.0004100020354286804,0.0015149553687041073,0.0011432853054922157,-0.001252466970516064,-0.0012587437285699193,-0.004275511353417333,-4.379143620489109,0.1331260695434889,2.3694300495918745,2.3996964438817994,2.96598086748034,2.77164724410922,2.264195791262698,2.488383523379119,-16.49265684688095,2.763833265672486,-0.6432444685903116,4.717258380331877,8.8479278246373,0.24372144553136654,1.0090594082178965,2.2567011245074498,-1.5759359417707244,-1.58616009204204,-2.477574219264694,1.0793568696910654,0.7189074147122598,0.4895681395313011,1.93905390856477,1.93905390856477,1.4754005221238145,0.7724247234028241,0.7724247234028241,1.2519170053096746,1.2519170053096746,0.09912339421411326,0.9360979930326259,0.9360979930326259
caucasian_male_auth_caucasian_m_0025_frame_0008_subdiv_head_var_0.glb,caucasian_male_loPoly_0025_grp.fbx,bad,variation_long_faces_001,caucasian,male,0025,0008,0.04633688576768738,0.13772834729454886,0.04826076192098135,0.048222322531936174,0.08485858541817023,0.08482496645341149,0.0893374746094872,0.08933230670174301,0.04318993000130227,0.038806602671331486,0.05939655707315062,0.02117353107597492,0.06026080951889508,0.1649346598031104,0.15917945705303693,0.05718440601325299,0.07751515905763921,0.07739535911290997,0.16793853484966365,2.9723263661925357,1.0415193235673936,1.0406897600693654,1.831339849717428,1.830614316177533,1.9279991119253401,1.9278875828991966,0.9320852984777063,0.837488364364636,1.2818418003086924,0.4569476503477084,1.3004933007586241,3.5594679502204727,3.435264464062005,1.234101193160677,1.6728607840903655,1.6702753719992323,3.624294815401127,-0.0002229773817401734,-0.001301383857277627,1.5109603344248823e-05,-3.6063448627193795e-05,-0.00028617931760807624,-0.0002830652731585226,0.0015373518756795351,0.001549594373506935,-0.0009382631614637954,-0.0006456885983943672,0.002009133550873017,-0.00035876197530233106,0.00828113172320629,-0.003291010504558073,0.009044058050150156,0.006522610657354877,-0.001959325743360371,-0.0019625654046208363,-0.00462991214871683,-0.47890471890898345,-0.9360471652329238,0.03131806208105766,-0.07472991044855659,-0.3361091178020744,-0.33259525266421125,1.7509677980069311,1.7652614420396469,-2.1262215699678166,-1.6366314290339923,3.5009997444702816,-1.6661577772881464,15.931479521200744,-1.9563069646500044,6.023934468630052,12.874811505462185,-2.4653519280639964,-2.4730553584315196,-2.68294246674207,1.052903518636268,1.852230318028022,0.06742715312810674,1.9210874633764417,1.9210874633764417,0.5844164258363416,0.6159544455355889,0.6159544455355889,1.0166192017322526,1.0166192017322526,0.042906975569215855,0.5854505581960763,0.5854505581960763
caucasian_male_auth_caucasian_m_0025_frame_0008_subdiv_head_var_0.glb,caucasian_male_loPoly_0025_grp.fbx,bad,variation_long_faces_002,caucasian,male,0025,0008,0.04873931490629831,0.14002886592394473,0.04795238872453654,0.048018391864191066,0.08542838398508126,0.08532164237066592,0.08896112658423945,0.09005700006791066,0.04092628365160238,0.03987882679853434,0.06087198132150502,0.021021001562089216,0.06062246605810165,0.1713195517473653,0.1617955938037683,0.06030637286325373,0.07917409404769987,0.07904906173019619,0.17277240275778863,2.8730167051619673,0.9838543856581767,0.9852085930322733,1.7527612800737546,1.7505712284774086,1.825243681723222,1.847728065957552,0.8396975568959772,0.8182065520453391,1.2489297692947028,0.4312945637931564,1.2438103854075253,3.515017641850904,3.319611572604611,1.2373250009605832,1.6244400275201374,1.6218746997607287,3.5448262473517493,0.0021794517568707594,0.000999134772118243,-0.00029326359310056366,-0.000239994116372301,0.0002836192493029521,0.00021361064409590458,0.0011610038504317882,0.0022742877396745853,-0.0032019095111636905,0.0004265355288084888,0.0034845577992274196,-0.0005112914891880344,0.00864278826241286,0.0030938814396968273,0.011660194800881513,0.009644577507355617,-0.0003003907532997119,-0.00030886278733462114,0.00020395575940815314,4.680966844503184,0.7186482803646831,-0.6078549651889682,-0.49731069843272724,0.3331023935330386,0.2509876444824621,1.3223259994199765,2.5908150697948313,-7.255927065387661,1.0811426030806872,6.0719885740727255,-2.374533394889429,16.62724477897725,1.8391256423816993,7.766452734213143,19.037180659711428,-0.3779713124934076,-0.38920219903985875,0.11818832640364853,1.010167055657879,2.4312765368391185,0.06314594396225315,1.898501029209272,1.898501029209272,0.9699026764077628,0.07895770110007201,0.07895770110007201,0.9552681195293034,0.9552681195293034,0.12310386783894184,1.0746503749343708,1.0746503749343708
caucasian_male_auth_caucasian_m_0025_frame_0010_subdiv_head_var_0.glb,caucasian_male_loPoly_0025_grp.fbx,bad,variation_long_faces_001,caucasian,male,0025,0010,0.0468271418074218,0.1394198463989232,0.04851434223750902,0.048571402288006764,0.08440621445687746,0.0843892685609808,0.09069490427379823,0.09019198508888669,0.04298871189688061,0.03891520353527939,0.056620034789273924,0.020935078990875454,0.06382800970703482,0.1665274134320536,0.16328284754410916,0.06045673085311581,0.07799352613853221,0.07787391167054206,0.1690958780470648,2.9773298351689284,1.0360303952999286,1.0372489204606656,1.8025062217976247,1.8021443398795194,1.936802050545474,1.926062142759092,0.9180298057411477,0.8310394790978164,1.2091285652693844,0.44707146716260565,1.363055852725961,3.5562156263327624,3.4869274792729263,1.2910617329954954,1.665562388139836,1.6630080048618203,3.611065538496398,0.00026727865799424516,0.00039011524709670065,0.00026868991987191726,0.0003130163074433964,-0.0007385502789008513,-0.0007187631655892063,0.002894781539990565,0.002409272760650616,-0.0011394812658854572,-0.0005370877344464606,-0.0007673887330036794,-0.0005972140604017968,0.011848331911346037,-0.0016982568756148675,0.013147448541222378,0.009794935497217695,-0.001480958662467377,-0.0014840128469887498,-0.0034725689513156743,0.5740537877795101,0.28059843305794635,0.5569204829130118,0.6486257281158707,-0.8674053903287238,-0.8445303586603972,3.2970130904793393,2.7445868289440543,-2.5822069389573703,-1.3613600558064436,-1.3372071542918835,-2.7735739012077554,22.794161899034975,-1.0095111361476046,8.757061045256611,19.333968384674225,-1.8634391480179189,-1.8700247719569827,-2.0122849870395276,0.9618974227180129,2.4178156469280236,0.25224738579745487,1.9313759771168713,1.9313759771168713,2.0552398419169156,0.8050567080303653,0.8050567080303653,0.6828893432460152,0.6828893432460152,0.05558003090275528,0.7480628241058299,0.7480628241058299
caucasian_male_auth_caucasian_m_0025_frame_0010_subdiv_head_var_0.glb,caucasian_male_loPoly_0025_grp.fbx,bad,variation_long_faces_002,caucasian,male,0025,0010,0.04990703694930929,0.14385241647088712,0.048492240517939836,0.04848916327442422,0.08591089441813432,0.08584226131894428,0.08948005130923897,0.08940032029145348,0.04404206390446108,0.039752263604727896,0.05653933158780409,0.021470383066573232,0.06060904303884636,0.16440704901898148,0.1589972228469605,0.05769137356191293,0.07712564822530686,0.07700662250815156,0.1678867689257987,2.88240747726615,0.9716513638586384,0.9715897043472004,1.721418454583754,1.7200432357091142,1.7929345595115993,1.7913369688177965,0.8824820425463191,0.7965262222460606,1.1328929754982495,0.4302075294187622,1.2144388195277376,3.294265880500382,3.185867816766088,1.1559767337121258,1.5453862408951182,1.5430012923100882,3.3639899138135916,0.003347173799881739,0.004822685319060632,0.0002465882003027317,0.00023077729386085377,0.0007661296823560093,0.0007342295923742637,0.001679928575431311,0.0016176079632174017,-8.61292583049858e-05,0.0002999723350020425,-0.0008480919344735147,-6.19099847040186e-05,0.00862936524315757,-0.0038186212886869852,0.008861823844073718,0.007029578206014818,-0.0023488365756927226,-0.002351302009379247,-0.004681678072581769,7.188968294729389,3.4688158274535184,0.5111096823383333,0.4782117950521637,0.899796581426312,0.862703058077001,1.913355611727921,1.8427409228013614,-0.1951796620978782,0.760341986099625,-1.4778358783510959,-0.28752155916039895,16.601421188250022,-2.2699397075981906,5.902554562700649,13.875501562138037,-2.955459958720211,-2.9629076411390085,-2.712939795202367,1.0010262598692516,1.896407185774506,0.14271664699199899,1.354921698177814,1.5305331123551649,1.3727417848537335,1.0763702756311166,1.0763702756311166,1.6464207283306331,1.6464207283306331,0.08413691347282538,0.9084747301764943,0.9084747301764943
latino_female_auth_latino_f_0014_frame_0001_subdiv_head_var_0.glb,latino_female_loPoly_0014_grp.fbx,bad,variation_long_faces_003,latino,female,0014,0001,0.05039835148721451,0.14929756818203405,0.051794061933545195,0.051854067652319584,0.08103446845952865,0.08128382178863976,0.08810449887172556,0.0882647639768343,0.05894792531914671,0.036444501125939735,0.07416269876566833,0.028344535295682257,0.06000762809598532,0.18042344834568164,0.16711822926266043,0.060787434356360165,0.08553211260487567,0.08553616691566691,0.1690184250982339,2.962350231235423,1.0276935734035817,1.0288842020055828,1.607879346610894,1.6128269951301986,1.7481623162629965,1.7513422834718329,1.1696399501102952,0.7231288335926085,1.4715302500416618,0.562409968962436,1.1906664866053915,3.57994741934075,3.315946342115107,1.2061393391365438,1.6971212367248598,1.6972016820305416,3.35364987366922,0.005255237676303051,0.004171576602845728,-0.0007634743743656983,-0.000679206279980818,0.0009611821885265326,0.0009910075419418962,0.0014652389606511634,0.0015953812649570076,0.0028799881684270084,-8.450531511211556e-05,0.0007436336262563181,2.4647656598323492e-05,0.005354289344454338,-0.0020392666958909123,0.005901914178808337,0.005474522070822718,-0.0018440562770187935,-0.0018401895227252857,-0.005332969222341416,11.641283094284066,2.8744517487548036,-1.4526449068937446,-1.2929068172223774,1.200378095228267,1.2342418823396175,1.6911951488910097,1.8407668487275084,5.136604474470201,-0.23133756799130242,1.0128617476186426,0.08703303103613858,9.796820225012056,-1.1176347427617104,3.6608665665994313,9.89736725949635,-2.1104796658129823,-2.1060497344299045,-3.0587476762794488,0.4987904909840986,1.211719117079619,0.3181921400296149,1.4346488605337357,1.47476676947964,1.282278526973472,0.41427904839026014,0.41427904839026014,0.9288121557258427,0.9288121557258427,0.095350792441009,0.7144410739930245,0.7144410739930245
latino_female_auth_latino_f_0014_frame_0002_subdiv_head_var_0.glb,latino_female_loPoly_0014_grp.fbx,bad,variation_long_faces_003,latino,female,0014,0002,0.04335643333702292,0.1442478296341641,0.05285505373752373,0.052852935908804924,0.07997718796644536,0.08015076248747335,0.08770005263431303,0.088573539655766,0.049571184059514856,0.0364865530716502,0.07758631812020661,0.027871609665991014,0.059900689950596366,0.18202535150904048,0.16898525951645607,0.06137387499746399,0.08637315675143714,0.08637376997217597,0.1726621316395346,3.3270225092751806,1.2190821446650166,1.2190332977337586,1.8446440772643362,1.8486475089968026,2.0227690767963655,2.042915729881574,1.143340912620343,0.8415487682768776,1.7894995540132244,0.6428483046411221,1.381587121914984,4.198346992569737,3.8975821235774064,1.4155655867812267,1.9921647170566814,1.9921788607648148,3.9823878107633672,-0.0017866804738885383,-0.000878161945024214,0.0002975174296128355,0.00031966197650452194,-9.609830455675761e-05,-0.00014205175922450686,0.0010607927232386405,0.0019041569438887074,-0.006496753091204843,-4.245336940165295e-05,0.004167252980794595,-0.00044827797309291914,0.0052473511990653865,-0.00043736353253207017,0.00776894443260398,0.006060962711926542,-0.001003012130457323,-0.001002586466216232,-0.0016892626810407207,-3.9578139899084297,-0.6051031489731754,0.5660794826260789,0.6084942981403941,-0.12001293943590627,-0.17691715075281336,1.2243787912401685,2.197035313172663,-11.587287532517058,-0.11621824280975573,5.6759820802425,-1.5829087276259393,9.601153962288159,-0.23970022173155797,4.818956709538476,10.95759102438598,-1.1479241345693298,-1.1474345086970308,-0.9688839527917499,0.8284882155297091,2.106287126911484,0.3423931462724149,1.4675053667618874,1.4546198323160155,1.7396514644756846,1.211987477346018,1.211987477346018,1.122492700729904,1.122492700729904,0.13646910366644094,0.8950349849431158,0.8950349849431158
latino_female_auth_latino_f_0014_frame_0003_subdiv_head_var_0.glb,latino_female_loPoly_0014_grp.fbx,bad,variation_long_faces_003,latino,female,0014,0003,0.04473900833618831,0.1450973230727954,0.05253545983980975,0.0525140700698279,0.0794159970528855,0.07958643178648576,0.08759673233861733,0.08764031121228083,0.050073919030299015,0.0364194256442255,0.07839597514334737,0.027931380961929365,0.0613013595336128,0.1807126255646715,0.166068084198723,0.05903082520941423,0.08567889086768209,0.08568014219992241,0.16902425158550213,3.2431948867187934,1.1742651836409856,1.1737870825212398,1.7750951575886365,1.7789046906994184,1.957949798090684,1.958923866924218,1.1192451708813453,0.8140418618703871,1.7522957718294965,0.6243182851090676,1.3701993364038783,4.039263101379415,3.7119303796547163,1.3194486736458486,1.9150824762107765,1.915110445812403,3.778006215859337,-0.0004041054747231515,-2.86685063929093e-05,-2.2076468101143998e-05,-1.9203862472498556e-05,-0.0006572892181166134,-0.000706382460212096,0.0009574724275429325,0.000970928500403534,-0.005994018120420684,-0.00010958079682635291,0.004976910003935353,-0.0003885066771545688,0.0066480207820818205,-0.0017500894769010567,0.004851769114870896,0.0037179129238767844,-0.0016972780142123778,-0.001696214238469787,-0.005327142735073176,-0.895165265771888,-0.01975421913122038,-0.04200438158251546,-0.03655561710706735,-0.820859550951945,-0.8797580042988055,1.1051253537087828,1.1202670078212942,-10.690634300148751,-0.29998296560074067,6.778770602002263,-1.3718510543043096,12.163979244352372,-0.9591490932831477,3.00947773948771,6.721600382717327,-1.942495346192819,-1.9412737124896746,-3.0554058691829553,0.9057682522473043,2.5782255532562615,0.2973784361333027,0.801002629310688,0.801002629310688,1.2740276473592953,1.124257702623932,1.124257702623932,1.4685372326318056,1.4685372326318056,0.04297824515465407,0.8564249578448578,0.8564249578448578
latino_female_auth_latino_f_0014_frame_0004_subdiv_head_var_0.glb,latino_female_loPoly_0014_grp.fbx,bad,variation_long_faces_003,latino,female,0014,0004,0.04362732224404786,0.14486365979759833,0.05297725309097242,0.052964211529921146,0.08016163168750226,0.08037880761479509,0.08821690889005503,0.08796196769477184,0.05443834440253361,0.036275534613571706,0.0740612334082876,0.028120578358627153,0.057864753299950306,0.17861787301222692,0.16738024678333044,0.0601617636209244,0.08613525842064808,0.0861360208380159,0.1711984576347048,3.320480202457585,1.2143136540588435,1.214014723013332,1.8374181032492507,1.8423960830133526,2.0220564626124995,2.0162128494322755,1.247803935754061,0.831486617735766,1.6975883368223885,0.6445634733510073,1.3263420793112022,4.0941745636611016,3.8365922585626113,1.3789928083228247,1.9743420863378713,1.9743595620234877,3.924111057676973,-0.0015157915668636002,-0.0002623317815899917,0.0004197167830615259,0.00043093759762074385,8.834541650014349e-05,8.59933680972258e-05,0.0015776489789806336,0.001292584982894543,-0.0016295927481860886,-0.0002534718274801451,0.000642168268875587,-0.000199309280456781,0.0032114145484193266,-0.0038448420293456242,0.006163931699478348,0.0048488513353869556,-0.0012409104612463862,-0.0012403356003762994,-0.003152936685870522,-3.357747038037108,-0.18076140513179528,0.7985853457867481,0.8203136133797655,0.11033069905629321,0.1070997061244025,1.8209400456558789,1.4913974721518413,-2.906461038160686,-0.693891929114419,0.8746614624637399,-0.7037785001015212,5.8759713894503225,-2.1071932577949473,3.823392003639553,8.766219558927066,-1.4201932599307634,-1.4195322979058322,-1.8083805398615285,0.6516052799799961,1.2477305465043658,0.15307888405560852,2.0802953357952143,2.03969480243095,0.42755809070579576,1.0529854620552805,1.0529854620552805,1.9085703826810503,1.9085703826810503,0.09824144687302576,0.8761944908210002,0.8761944908210002
latino_female_auth_latino_f_0014_frame_0005_subdiv_head_var_0.glb,latino_female_loPoly_0014_grp.fbx,bad,variation_long_faces_003,latino,female,0014,0005,0.04485131369331028,0.14677051247456965,0.053040946768762934,0.05306217534129259,0.0800948130899638,0.08032664860745421,0.08897379859580846,0.0887389850322887,0.05609256306739453,0.03659314033799159,0.07292424489430978,0.029124377744474055,0.060217905666629046,0.18178328888979806,0.16609990907673816,0.05891565103270864,0.08864316803829236,0.08864518976322065,0.17848058057042865,3.2723793438509907,1.1825951661405665,1.1830684760791519,1.7857852199747317,1.7909541993958404,1.9837501127437254,1.9785147351330405,1.2506336704193555,0.8158766672524371,1.6259110132862544,0.6493539507811128,1.342611859228791,4.053020389387426,3.703345463022915,1.3135769318947752,1.9763784098817552,1.9764234860403291,3.9793835647906475,-0.0002918001176011806,0.001644520895381335,0.00048341046085204065,0.0005289014089921856,2.152681896168407e-05,3.383436075635182e-05,0.002334538684734072,0.0020696023204114095,2.4625916674833603e-05,6.41338969397387e-05,-0.0004948202451022371,0.0008044901053901217,0.005564566915098067,-0.0006794261517744926,0.0048835939928860705,0.003602738747171194,0.0012669991563978994,0.0012688333248284528,0.004129186249853339,-0.6463889904082117,1.1331677237733109,0.9197738227681695,1.0067931606048017,0.02688389594605639,0.0421387157416061,2.694550584954462,2.3879278421672527,0.043921567167051555,0.1755697819025925,-0.6739669650691494,2.840724919684549,10.181568120469473,-0.37236437680963547,3.0292182217079007,6.513377434500398,1.4500511668238627,1.4521472129855733,2.3683127203795764,0.47999721065365847,1.251126002466862,0.3959843191197515,1.9250253586267936,1.9250253586267936,1.3176720514747193,0.662837240229981,0.662837240229981,1.7358657036903973,1.7358657036903973,0.09778906867295258,0.8446493905809094,0.8446493905809094
latino_female_auth_latino_f_0014_frame_0009_subdiv_head_var_0.glb,latino_female_loPoly_0014_grp.fbx,bad,variation_long_faces_003,latino,female,0014,0009,0.04978004047905784,0.15091320228460267,0.05282595080749775,0.05278620446843963,0.08030251609378718,0.08049308249168152,0.08796714673367449,0.08808809019105379,0.049813991335372385,0.03657327913675455,0.07445709213924738,0.028288119261088273,0.062058117998246384,0.18227148086062334,0.16608996582504534,0.059458373590493066,0.08853137576366132,0.08853389204357423,0.1779607908327156,3.03160063415559,1.0611873815112969,1.0603889422437587,1.6131468620956617,1.6169750308970614,1.7671168180484251,1.7695463752809104,1.0006820174509266,0.7346976576312891,1.4957218078312136,0.5682622791957936,1.2466465957245225,3.6615374175379354,3.3364771146563927,1.1944219614587666,1.77845126102109,1.7785018089894864,3.574942670196956,0.004636926668146378,0.005787210705414353,0.00026841449958685953,0.00025293053613922867,0.00022922982278505977,0.0002002682449836618,0.0013278868226000995,0.0014187074791764953,-0.006253945815347314,4.427269570270176e-05,0.0010380269998353647,-3.176837799566054e-05,0.007404779246715405,-0.0001912341809492124,0.004873650741193253,0.004145461304955619,0.0011552068817668598,0.0011575356051820307,0.0036093965121402893,10.27161459789598,3.987714841732226,0.5107060156213185,0.48146730101988333,0.28627502811517985,0.24942237591566055,1.532661779386191,1.6369188689076397,-11.154228482734606,0.12119874044246501,1.413838487134512,-0.11217692104052485,13.548631091651247,-0.10480726481881045,3.023050575655672,7.494563445793334,1.3221074997329556,1.3247698260320482,2.070185057140287,0.8124227529610609,2.3244861443248013,0.5542253256372,1.9297107433896508,1.9297107433896508,1.5019381864755226,0.7553384547105012,0.7553384547105012,1.399558152403264,1.399558152403264,0.04897368427482265,0.610430146074052,0.610430146074052
latino_female_auth_latino_f_0014_frame_0010_subdiv_head_var_0.glb,latino_female_loPoly_0014_grp.fbx,bad,variation_long_faces_003,latino,female,0014,0010,0.04800051106437232,0.14775670645830102,0.0524107945727515,0.052366963863757734,0.08015121076601356,0.08036577661694952,0.08727647450632446,0.08782627839846424,0.05312517247061408,0.0365033411744336,0.0743327697872049,0.02869800824647368,0.05925869732240297,0.18141303561054312,0.1678919362726868,0.061275303296103124,0.08706611125741821,0.08708381057052794,0.17370981733640256,3.0782319434088543,1.091879928162945,1.0909667981144966,1.669799112316215,1.6742691866170534,1.8182405264243977,1.8296946522232347,1.1067626425762258,0.7604781775235654,1.5485828825347094,0.5978688061880731,1.234543049821544,3.7793980019765723,3.497711431603947,1.2765552269626526,1.8138580054003166,1.8142267371641514,3.6189159966118805,0.002857397253460861,0.0026307148791127055,-0.00014674173515939054,-0.00016631006854266744,7.792449501144161e-05,7.296237025165853e-05,0.0006372145952500685,0.001156895686586945,-0.002942764680105618,-2.5665266618249416e-05,0.0009137046477928901,0.0003781206073897453,0.004605358570871992,-0.0010496794310294322,0.006675621188834718,0.005962391010565678,-0.00031005762447625096,-0.00029254586786425785,-0.0006415769841727481,6.3296414718521365,1.8127110454072246,-0.2792020811243832,-0.3165804376802998,0.09731646925007163,0.09087036111037693,0.7354801921254853,1.3348378059099786,-5.2485695562420815,-0.07025996357077592,1.2445059686580036,1.3351769336397565,8.426490816616369,-0.5752843427712186,4.140785121755563,10.779383627075177,-0.35485376441184197,-0.3348112461870938,-0.3679792677729307,0.5630942348205532,1.5720925712060567,0.18974487733683507,2.0977744493848243,2.127219231215665,0.7034720658175361,0.29203773208318057,0.29203773208318057,1.2135538762036835,1.2135538762036835,0.07865120439606892,1.0875157768571744,1.0875157768571744
latino_female_auth_latino_f_0031_frame_0001_subdiv_head_var_0.glb,latino_female_loPoly_0031_grp.fbx,bad,variation_long_faces_003,latino,female,0031,0001,0.0433702172405154,0.14486426913568978,0.054176960169089024,0.053439062676577526,0.07689419866300977,0.07682071170086682,0.08539194018800221,0.08533162367074056,0.04194902004654166,0.03284054153346813,0.0618551620531649,0.026655161525232365,0.05634472372688766,0.17769228293230613,0.15984521542345984,0.05558207226799288,0.08397181382034422,0.08403938916607266,0.17144053554829655,3.340178545390386,1.2491742863228783,1.2321603643399797,1.7729724118415777,1.77127800109571,1.9689073659569114,1.967516630076407,0.9672310335433116,0.7572141350214242,1.4262128711539244,0.6145959882426358,1.299157055507017,4.097103824656666,3.6855986802421716,1.281572373957801,1.9361630898611177,1.9377211947088222,3.952955425552745,0.00017119383693305068,0.0011773136105437954,0.0011989252974996187,0.0005107976010722479,-0.001641971292974942,-0.0018726781235473972,0.0003647745067958119,0.00026541672166133234,-7.024775382809267e-05,-0.0006081846893519344,0.0020785518930528796,-0.0020942088777678967,0.004929834453675119,-0.0006921856752309663,0.006873545804777809,0.0055493567395485735,-0.0009008879146654575,-0.000904199149058163,-0.0020386652200028443,0.3962909886496511,0.8193601195327429,2.263061097690069,0.9650752775356705,-2.0907198478041114,-2.37971464658701,0.42900936879804547,0.3120119389127239,-0.1671798617763504,-1.8182596410412972,3.4771993384794913,-7.284364312720208,9.588340115795196,-0.38803023639565903,4.493345612237706,11.09145622206671,-1.0614578023900052,-1.0644701583640301,-1.1751640605755997,0.9283856633427342,2.6522953469096726,0.16284444593088615,1.6602478277745876,1.8937333683410642,0.904940262538397,0.15206038949373485,0.15206038949373485,1.1862997353729046,1.1862997353729046,0.11516010450853018,0.5698560379423289,0.5698560379423289
latino_female_auth_latino_f_0031_frame_0002_subdiv_head_var_0.glb,latino_female_loPoly_0031_grp.fbx,bad,variation_long_faces_003,latino,female,0031,0002,0.04346315252699586,0.14696085639383955,0.054119488620993195,0.05408455058296942,0.07787125064090608,0.07794043935642282,0.08730586495755813,0.08706031844710237,0.04066249436246835,0.03321389745950947,0.05618149353536461,0.029764856801083484,0.05585203887362588,0.17615810076937544,0.159692037225584,0.05448137936509614,0.08349255469434617,0.08356195308320356,0.16903705277150224,3.3812746625445342,1.2451809285435165,1.2443770743361606,1.7916613525109262,1.793253246137919,2.0087329123981665,2.003083379490878,0.9355624706977257,0.764185189716269,1.292623527491917,0.6848296791769974,1.2850434362517773,4.053044717820687,3.6741936086296545,1.2535073090074778,1.9209962885800156,1.9225930063702008,3.8892036804396515,0.0002641291234135104,0.003273900868693558,0.0011414537494037896,0.00115628550746414,-0.0006649193150786298,-0.0007529504679913979,0.0022786992763517283,0.0019941114980231434,-0.0013567734379014082,-0.0002348287633105947,-0.003595116624747409,0.001015486398083222,0.0044371496004133384,-0.002226367838161658,0.006720367606901978,0.00444866383665183,-0.0013801470406634986,-0.0013816352319272612,-0.004442147996797152,0.6114238299924324,2.278495536862153,2.1545792556679344,2.184627638587116,-0.8466408731814667,-0.9568153941156045,2.6799661709238776,2.344187626958402,-3.2289316518967737,-0.7020559220888509,-6.014253091832853,3.5322039538550967,8.63008685448073,-1.248072691272176,4.393210601449327,8.89150986442601,-1.6261377480036001,-1.6265326899089254,-2.5606228165243454,0.5538170512472352,1.178809925894643,0.33268334193661164,1.5695023830599037,1.5695023830599037,1.5485721990496464,0.5961354690622975,0.5961354690622975,1.5418764304267434,1.5418764304267434,0.05549919950657915,0.837238321046123,0.837238321046123
latino_female_auth_latino_f_0031_frame_0003_subdiv_head_var_0.glb,latino_female_loPoly_0031_grp.fbx,bad,variation_long_faces_003,latino,female,0031,0003,0.044532884941520946,0.14763565619687272,0.053896752922482354,0.053865392638133815,0.07807379375679192,0.0781929331321037,0.086517462099886,0.08664939439298983,0.04271192579823395,0.03309022096910239,0.0625988070173257,0.02823705231729165,0.05541798111231022,0.17553941959547112,0.15953799519492334,0.05505100438493131,0.08467593883242526,0.08474933983340542,0.17393873011603134,3.3152053003245308,1.2102686137055283,1.2095644086132753,1.7531717035470697,1.7558470158576964,1.9427769436787614,1.9457395249998923,0.9591097871678824,0.7430513655819814,1.4056759875208693,0.6340719303133309,1.244428273288003,3.9417931226773977,3.5824760826616813,1.2361876949409947,1.9014249569417925,1.9030731996073316,3.9058491347336175,0.0013338615379385951,0.003948700671726729,0.0009187180508929485,0.0009371275626285369,-0.0004623761991927877,-0.0005004566923105247,0.001490296418679607,0.0015831874439106025,0.0006926579978641934,-0.0003585052537176739,0.002822196857213681,-0.0005123180857086115,0.0040030918390976805,-0.0028450490120659755,0.006566325576241316,0.005018288856487002,-0.0001967629025844131,-0.00019424848172540365,0.00045952934773194065,3.087712250985707,2.748127453389939,1.7341489791378248,1.7705616484720772,-0.5887429950453716,-0.6359577258359006,1.7527297384781673,1.8611238242446866,1.6484294803873243,-1.0718053994925738,4.721239377165097,-1.7820149746832246,7.785861052477876,-1.5948972655939881,4.292510889506163,10.030014968174243,-0.23183296697535097,-0.22867939249842426,0.2648901687907202,0.5639282245055836,1.5976734353601574,0.4894411845533655,1.3190729291316483,1.3190729291316483,0.9674683962243065,0.5104584199220069,0.5104584199220069,1.3789330108370697,1.3789330108370697,0.11064805543405096,0.9085620182990042,0.9085620182990042
latino_female_auth_latino_f_0031_frame_0004_subdiv_head_var_0.glb,latino_female_loPoly_0031_grp.fbx,bad,variation_long_faces_003,latino,female,0031,0004,0.04367774739138769,0.14340455775448033,0.05264308726332852,0.05271139915943107,0.07773487119682104,0.07785199483769752,0.08786285511228206,0.08733882917776402,0.03769441307879625,0.03339345980917783,0.061960184242217026,0.02791225520244904,0.06229619276448945,0.17297598802538178,0.1622479821501572,0.057499020313351,0.08282448746374399,0.08289404633123884,0.16738746435098603,3.283240696216779,1.205261040401287,1.2068250380930732,1.779736269369713,1.7824178096933692,2.0116159912039495,1.9996184417465026,0.8630118385232655,0.7645417129676038,1.4185755434455907,0.6390497878091748,1.4262684429731585,3.96027722023707,3.714660023473395,1.3164374022797836,1.8962627976568955,1.8978553447008524,3.832328230003712,0.00047872398780533787,-0.00028239777066565996,-0.0003349476082608882,-0.0002168659160742062,-0.0008012987591636683,-0.0008413949867167037,0.0028356894310756636,0.0022726222286847952,-0.004324854721573505,-5.526641364223678e-05,0.002183574082105004,-0.0008371152005512209,0.01088130349127691,-0.005408480582155317,0.009276312531475178,0.007466304784906695,-0.002048214271265683,-0.0020495419838919837,-0.006091736417313365,1.108182431192736,-0.1965368182752253,-0.6322386420575048,-0.40973554633773507,-1.0202926366446863,-1.069206687618971,3.3350393469630113,2.6715922928657094,-10.292551365056028,-0.16522725940018548,3.6528904470432284,-2.9117688102966603,21.16372055856227,-3.0319234765076395,6.064072226313915,14.922845394354011,-2.4132780380441248,-2.4128271768887624,-3.511508232880062,0.9673842723167334,2.902247305554609,0.420007723596551,1.7196026929330446,1.8171931655296432,1.53274134767261,0.3858508660723595,0.3858508660723595,1.3390430335951071,1.3390430335951071,0.10493694129369942,0.9729776172949464,0.9729776172949464
latino_female_auth_latino_f_0031_frame_0005_subdiv_head_var_0.glb,latino_female_loPoly_0031_grp.fbx,bad,variation_long_faces_003,latino,female,0031,0005,0.0419972600353668,0.14149342854212715,0.05259184535225297,0.05248183475001676,0.0795535223384958,0.07969213701433629,0.08687726235573086,0.08715066908335031,0.038395630382997016,0.0337506747839742,0.061019016427042015,0.029647719761103617,0.055300620964007695,0.17410950187454716,0.15659823219453192,0.051298635830615245,0.08470413190726511,0.08477586254089059,0.17455177137380146,3.3691109473087644,1.2522684886576942,1.2496490177173623,1.8942550602468367,1.897555624991388,2.0686411990346425,2.075151307727191,0.91424131837799,0.8036399221175864,1.4529285095183968,0.7059441434068944,1.316767353809221,4.145734786696222,3.728772592846704,1.2214757769296272,2.0168966222066373,2.0186046058599776,4.156265699876792,-0.0012017633682155499,-0.002193526983018834,-0.000386189519336437,-0.00044643032548851574,0.0010173523825110914,0.0009987471899220723,0.0018500966745244596,0.0020844621342710895,-0.0036236374173727395,0.0003019485611541334,0.0012424062669299935,0.0008983493581033557,0.0038857316907951536,-0.004274966732989938,0.0036265625758498954,0.0012659203021709378,-0.00016856982774456075,-0.00016772577424023494,0.00107257060550206,-2.781922537896752,-1.5266013362186905,-0.7289615786476432,-0.8434629868401253,1.2953934258332978,1.2691627494387288,2.1758889170327684,2.450399763937814,-8.623751928730307,0.9027206571116957,2.078415392914052,3.1247618487311453,7.557600037115401,-2.3964904379625525,2.370741317585118,2.5301850775044263,-0.1986148953651446,-0.19745548494842463,0.6182704328541359,0.5004985889603633,1.1510311809428526,0.33318204752429204,1.4094685686235224,1.4580264062220993,1.045691245336018,0.7784468213523262,0.7784468213523262,1.6848488010492768,1.6848488010492768,0.12174620393937716,0.7927623975413638,0.7927623975413638
latino_female_auth_latino_f_0031_frame_0006_subdiv_head_var_0.glb,latino_female_loPoly_0031_grp.fbx,bad,variation_long_faces_003,latino,female,0031,0006,0.04584410111551205,0.14636022238795668,0.05264038093392226,0.05210339255013715,0.07954982717214631,0.07974372394519172,0.08827932075247777,0.08838759062064525,0.042789080511133344,0.03361635171652164,0.0603787123071683,0.02898501401039907,0.05903471436340423,0.17777684379374273,0.16187540505479817,0.0581011233925892,0.08536707545427416,0.08544203718217162,0.1756661621663049,3.1925639030237956,1.1482476404387518,1.136534282106519,1.7352249305032053,1.7394544119048987,1.9256418733141463,1.9280035701417202,0.9333606608038609,0.7332754029099512,1.317044305330228,0.6322517686052208,1.2877276013037353,3.8778564628370304,3.53099747003274,1.2673631280542177,1.8621169000386162,1.863752044497193,3.831816043762838,0.0026450777119296984,0.0026732668628106915,-0.0003376539376671456,-0.0008248725253681283,0.0010136572161616036,0.001050334120777499,0.0032521550712713704,0.003321383671566022,0.0007698127107635885,0.00016762549370157726,0.0006021021470562771,0.000235643607398809,0.007619825090191691,-0.0006076248137943663,0.00890373543611614,0.008068407864144894,0.0004943737192644876,0.0004984488670407988,0.0021869613980055047,6.123003492968665,1.8604798556977258,-0.6373470410625209,-1.5584726311950698,1.290688375470441,1.3347170875737753,3.8248423844500743,3.904468990317399,1.832046941943178,0.501141635663293,1.0072537493235945,0.819647888268946,14.820269377029788,-0.34062652345098443,5.82051268598349,16.12626414322423,0.5824884905962175,0.5867998714530537,1.2606476098114108,0.806034691674873,1.9881132827531565,0.42534800432136366,1.7092672664457556,1.7092672664457556,0.8890759773205388,0.27905452518419316,0.27905452518419316,1.616609855591808,1.616609855591808,0.07975022884420754,0.6238622382328142,0.6238622382328142
latino_female_auth_latino_f_0031_frame_0007_subdiv_head_var_0.glb,latino_female_loPoly_0031_grp.fbx,bad,variation_long_faces_003,latino,female,0031,0007,0.04446069601295906,0.14636696950499803,0.054034249765346515,0.053210960344879606,0.07864492290232038,0.07866981830710819,0.08505906144884429,0.0853324801538251,0.03787813330038688,0.033555871720944895,0.05986513012458238,0.028466950338019735,0.048019886357913086,0.17428951021715605,0.15401161451624126,0.05066537160283211,0.08508407773247016,0.08515793350272483,0.17490025739171083,3.2920530407876685,1.2153262231791655,1.1968089822383816,1.7688639619901039,1.7694239038493262,1.913129327171395,1.9192789993425439,0.8519464762617854,0.7547311385130878,1.3464730760655064,0.640272260463993,1.080052510737048,3.920080562084667,3.463994681310233,1.1395541713531556,1.9136919878103238,1.9153531352254056,3.933817350514087,0.0012616726093767072,0.0026800139798520417,0.0010562148937571098,0.0002826952693743279,0.00010875294633566623,-2.3571517306031353e-05,3.189576763788782e-05,0.00026627320474587046,-0.004141134499982872,0.00010714549812482904,8.851996447035992e-05,-0.0002824200649805264,-0.0033950029152994554,-0.004094958390381043,0.0010399448975592362,0.0006326560743878037,0.00021137599746048896,0.00021434518759400056,0.0014210566234114375,2.9206044719799866,1.8651755617322026,1.993684545523842,0.534110213079999,0.13847498088666202,-0.02995361790694955,0.03751244367885328,0.31301878183573184,-9.85532284773994,0.3203275885935832,0.1480846174335725,-0.982352173357693,-6.603151272501664,-2.2955801154361386,0.6798284284609982,1.2644847830178834,0.2490506289294867,0.25233827749165116,0.8191510089497214,0.5194989623823016,0.43888044172195756,0.34832899955952756,1.3511536003142803,1.3511536003142803,1.2709155279804771,0.2611828941787217,0.2611828941787217,1.4522811130239373,1.4522811130239373,0.07519242316054033,0.9492154311453517,0.9492154311453517
latino_female_auth_latino_f_0031_frame_0008_subdiv_head_var_0.glb,latino_female_loPoly_0031_grp.fbx,bad,variation_long_faces_003,latino,female,0031,0008,0.04387024257275684,0.14832567822922238,0.05550807899796165,0.05545086137688012,0.0769742738026335,0.07707241110990132,0.08895996823645023,0.08710953852968907,0.03662139627097789,0.03365616573793667,0.058854432494162695,0.027428570391713203,0.059886595848024506,0.17548446735193463,0.16454177633917297,0.058288445884617214,0.08470622382869397,0.08477979166781092,0.17415405936825298,3.381008846332018,1.2652785975802159,1.2639743508351327,1.754589655504528,1.7568266458084922,2.0277975005247373,1.9856178908794906,0.8347662133447962,0.7671752824735223,1.341557033712664,0.6252203950371176,1.3650846755338828,4.000079713735374,3.7506466043876503,1.3286556550935051,1.9308355473123378,1.932512489011371,3.969753736360729,0.0006712191691744876,0.004638722704076392,0.002530044126372248,0.0025225963013748437,-0.0015618961533512138,-0.0016209787145129023,0.003932802555243836,0.0020433315806098473,-0.005397871529391862,0.00020743951511660585,-0.0009221776659493267,-0.0013208000112870585,0.008471706574811964,-0.002900001255602469,0.011570106720490941,0.008255730356172906,-0.00016647790631570125,-0.00016379664731989985,0.0006748585999535872,1.5537832022351359,3.2283533930570276,4.775647364996994,4.766066482202302,-1.9887602797877366,-2.0598664235074065,4.625348291614412,2.4020485383026298,-12.846181792211912,0.6201716434124845,-1.5427065259794224,-4.59418760401522,16.47714639585108,-1.6257027745967891,7.563561768876656,16.500664153396606,-0.19615012001795357,-0.19282991285020046,0.38901412789821144,0.9623576564385834,2.391908363795976,0.42212384833833777,1.887821308228466,2.0373501369126865,2.276643082166281,0.6702996072396231,0.6702996072396231,0.8326003426979879,0.8326003426979879,0.117418759737542,0.923914487202897,0.923914487202897
latino_female_auth_latino_f_0031_frame_0009_subdiv_head_var_0.glb,latino_female_loPoly_0031_grp.fbx,bad,variation_long_faces_003,latino,female,0031,0009,0.04795915296471436,0.147277293760619,0.05282626627124786,0.052845884013247205,0.0789277643666111,0.07913466001990799,0.08543061740369275,0.08514996582912318,0.04319431009704953,0.033761475707179446,0.05972908919044763,0.028668721235968433,0.05035596216173215,0.17620927908993647,0.1527101466834932,0.049020768842812874,0.08401196452793877,0.0840816058352933,0.17054473731114772,3.0708902192033563,1.1014845552029338,1.1018936062554778,1.6457289065276381,1.6500429037629336,1.7813203971001692,1.7754685094578655,0.9006478936112459,0.7039631357129938,1.2454158486575633,0.597773719170171,1.0499760535550164,3.67415327830292,3.1841710548109283,1.0221358346107488,1.7517399564948537,1.7531920527694849,3.556041480478709,0.004760129561132011,0.0035903382354730007,-0.00015176860034154388,-8.238106225807312e-05,0.0003915944106263891,0.00044127019549376756,0.00040345172248634764,8.37588800439576e-05,0.0011750422966797722,0.00031274948435938005,-4.752096966439273e-05,-8.064916703182795e-05,-0.0010589271114803886,-0.002175189517600623,-0.0002615229351888293,-0.0010119466856314333,-0.0008607372070709024,-0.0008619824798375281,-0.002934463457151676,11.019067529978626,2.498722463950231,-0.2864745751883919,-0.15564663255172204,0.4986166384811695,0.5607462030525794,0.47449743767658337,0.0984631653955087,2.7964368685868255,0.9350116422251373,-0.07949759870475678,-0.28052498507379997,-2.059572871689711,-1.2193827941300475,-0.17096167927089825,-2.022569982347105,-1.014150827622177,-1.0147705046785562,-1.6915361865604717,0.3346712924860623,0.4832627236615195,0.43711669307676776,1.5390985276355065,1.5390985276355065,0.6824448524082286,0.5687602470396387,0.5687602470396387,1.312487998326087,1.312487998326087,0.097552753992957,0.9335495412253597,0.9335495412253597
latino_male_auth_latino_m_0002_frame_0001_subdiv_head_var_0.glb,latino_male_loPoly_0002_grp.fbx,bad,variation_long_faces_003,latino,male,0002,0001,0.04289480013349926,0.1473681680187352,0.05573151193992537,0.055668702276610096,0.08334906300609835,0.08332226850213184,0.08719674298648883,0.08756931675688241,0.0484061632061518,0.03604489148238454,0.06759025311444664,0.02361488006884019,0.0534860179086692,0.18057066973580527,0.15622338420362075,0.05236663996718365,0.08661912625116318,0.08663820955081719,0.17574279014549912,3.4355718539330855,1.2992603244793095,1.297796052280353,1.9431041232665822,1.94247946704058,2.032804505793498,2.041490261857964,1.1284855753028296,0.8403091136968559,1.5757213672540495,0.5505301340802341,1.2469114611143413,4.209616764125828,3.6420121720445096,1.220815572148738,2.0193386140413985,2.0197835001253672,4.097065136066469,0.002343224679716316,0.001270018909775128,-0.00076141554539947,-0.0007894066581396672,-0.00023630818326027259,-0.0002574539537617687,0.0006738356736089857,0.0010783671525946004,-0.004976485177654699,-0.00022692240055310203,8.80332362787617e-06,0.0009002897650470139,0.00041698810295932864,3.202218281403435e-05,0.0010576923799902882,0.0006414363393410019,0.00031894480258209956,0.0003199474533383262,0.0016640424630038342,5.778381366186164,0.8692915807084916,-1.3478068482063756,-1.3982166123417397,-0.2827147620424247,-0.30803398982047514,0.7787945349227512,1.246797679443145,-9.32228978576549,-0.6256163567817792,0.013026242637772089,3.9634866973439182,0.7857466105673249,0.01773702376087385,0.6816535070088285,1.2400847060092182,0.3695760509752017,0.3706602120615112,0.9559136225169227,0.5065018170444706,0.6509378489452845,0.33662623068858,1.6610896525340733,1.6555217266968292,1.0214920533114018,0.18439440854429137,0.18439440854429137,0.926506424336286,0.926506424336286,0.08705090579865252,0.9141460107660385,0.9141460107660385
latino_male_auth_latino_m_0002_frame_0002_subdiv_head_var_0.glb,latino_male_loPoly_0002_grp.fbx,bad,variation_long_faces_003,latino,male,0002,0002,0.04073890536027842,0.14854287165992974,0.0582668287228539,0.058249703857390506,0.08333713546845331,0.08339350487254245,0.08667964128300634,0.08676837490363877,0.051751017442489444,0.036691738231099696,0.06874654041957733,0.02297529655039512,0.05663143391455656,0.1789797473718733,0.16162865358247394,0.05736785100641388,0.08703515609317679,0.08705465825240427,0.17782110725655798,3.6462165673396623,1.430250229051704,1.4298298725077088,2.0456400271792616,2.0470237021599864,2.1276870479569006,2.129865153132965,1.2703094740721272,0.9006559677196231,1.6874911049182766,0.5639645038866627,1.3901069116543765,4.39333717460125,3.9674275033434365,1.4081834182601567,2.136413713708629,2.1368924246375314,4.364896545058832,0.00018732990649547587,0.002444722550969669,0.0017739012375290603,0.001791594922640742,-0.0002482357209053071,-0.00018621758335116145,0.00015673397012649914,0.0002774252993509585,-0.001631630941317054,0.0004199243481620568,0.0011650906287585666,0.00026070624660194663,0.003562404108846687,-0.0015589001811179282,0.006462961758843477,0.0056426473785712306,0.0007349746445957095,0.0007363961549254061,0.003742359574062687,0.4619546944827772,1.6733425891291707,3.1400412697498576,3.173317272654915,-0.29698464859711043,-0.22280234712364774,0.18114736893863903,0.3207564498022404,-3.0564818170617505,1.1577153255067576,1.7239799269841194,1.1477479589777613,6.712774139434892,-0.8634717287667527,4.165200233947091,10.908893504159945,0.8516490142417815,0.8531174481870324,2.1498084193990357,0.6327943188357891,1.3757990127222735,0.4750504294056319,1.7248840334649054,1.7248840334649054,0.8563720381685395,0.4834361018956339,0.4834361018956339,1.3482651714656388,1.3482651714656388,0.12022355724055922,0.7263640833941691,0.7263640833941691
latino_male_auth_latino_m_0002_frame_0004_subdiv_head_var_0.glb,latino_male_loPoly_0002_grp.fbx,bad,variation_long_faces_003,latino,male,0002,0004,0.04171172131225735,0.145730238360163,0.05575610881535645,0.05574079847313649,0.08301296336973997,0.08300074232223732,0.08718337912336772,0.08716177221476178,0.0501844432949082,0.03573645893768583,0.0676744861554864,0.023689016927718607,0.05771717564576262,0.17908000231899535,0.16051897094942846,0.05653052313973999,0.0859842268606024,0.08600189729990233,0.17445909236364743,3.493747890891736,1.3367012211738198,1.3363341698573483,1.9901591389216031,1.9898661505931867,2.090141005467164,2.089622999786118,1.203125685445186,0.8567486023930727,1.6224333119429348,0.5679223053486738,1.3837159874963474,4.293277685147247,3.8482940981449874,1.3552670894722343,2.0613924373179775,2.0618160697825223,4.182495636121857,0.001160145858474411,-0.00036791074879707897,-0.0007368186699683935,-0.0007173104616132742,-0.0005724078196186477,-0.0005789801336562872,0.000660471810487881,0.0006708226104739645,-0.003198205088898301,-0.0005353549452518092,9.30363646676341e-05,0.0009744266239254326,0.004648145840052749,-0.0014586452339958866,0.0053532791257979995,0.004805319511897339,-0.00031595458797867293,-0.00031636479757653213,0.0003803446811521394,2.8609143923314186,-0.25182437357415866,-1.3042671052226789,-1.2705180445244637,-0.684818182265274,-0.692727992680072,0.7633490725173111,0.7755986187492481,-5.991094832733081,-1.4759530553933549,0.13766553537339696,4.2898710075466795,8.758678756838023,-0.8079407117347264,3.450040445720965,9.290092981501056,-0.3661111514196796,-0.3665096931855077,0.21849001455700695,0.49471301400170636,0.811781442284967,0.5409309805937627,2.0298338342759776,2.0298338342759776,0.5181785138782687,0.4861280595854263,0.4861280595854263,1.2203476367293482,1.2203476367293482,0.10335057692576367,0.8911277895276771,0.8911277895276771
latino_male_auth_latino_m_0002_frame_0005_subdiv_head_var_0.glb,latino_male_loPoly_0002_grp.fbx,bad,variation_long_faces_003,latino,male,0002,0005,0.042289005667012436,0.14659259743620504,0.055777911844150714,0.05575626227453165,0.08485170293569891,0.08493207349949536,0.08883897268061612,0.0890091444501595,0.047605662173955,0.03685202021164082,0.06820438062954413,0.023078015940126106,0.05460293458297053,0.17553030271840556,0.15653773996780254,0.05267704597705649,0.08464903154535056,0.0846656904930335,0.16840592029522544,3.466447014396337,1.3189695752922446,1.3184576320749095,2.006471932772057,2.0083724400677188,2.1007581351082703,2.1047821542796674,1.1257219559335685,0.8714326485190278,1.6128158975075406,0.5457214133111701,1.2911851135238108,4.150731376862995,3.7016178909571735,1.2456439953173752,2.001679401305505,2.002073332243823,3.982262473165468,0.0017374302132294947,0.0004944483272449618,-0.0007150156411741271,-0.0007018466602181153,0.0012663317463402907,0.0013523510436017488,0.002316065367736278,0.0025181948458716935,-0.005776986209851495,0.0005802063287031825,0.0006229308387253746,0.00036342563633293135,0.0015339047772606612,-0.005008344834585676,0.0013720481441720778,0.0009518423492138398,-0.0016511499032305227,-0.0016525716044453603,-0.0056728273872698465,4.284494976550695,0.33843572301261804,-1.2656728426047077,-1.2431281767323439,1.5150159989975727,1.618037250979634,2.676823328833643,2.9115125425179205,-10.821842648788348,1.5996065997022364,0.9217482617693155,1.5999656232947412,2.8903953640690516,-2.774112303636062,0.884247109039813,1.8401906274980462,-1.9132635360845702,-1.9145098201573125,-3.25877079355867,0.46092262965393455,0.46178540732320017,0.392083230405082,1.7232220956009612,1.7039535096330065,1.2778887848303828,0.749932732498442,0.749932732498442,1.4399460082566713,1.4399460082566713,0.15041741875238956,0.9986000809016407,0.9986000809016407
latino_male_auth_latino_m_0002_frame_0006_subdiv_head_var_0.glb,latino_male_loPoly_0002_grp.fbx,bad,variation_long_faces_003,latino,male,0002,0006,0.039751957822358776,0.14599234364229946,0.056842001363716,0.05678102314378697,0.08430615516300544,0.0842955326205032,0.0870275371701854,0.08727274203245682,0.05098101485365098,0.036212692169517564,0.0678910984139285,0.02249455111328069,0.0567694254338632,0.18071125464346988,0.16015073467289748,0.05640859473994431,0.08549751095978612,0.08551513788332478,0.17175707224755454,3.672582474923663,1.429917027426126,1.4283830597105853,2.120805107002474,2.1205378863903546,2.1892641755932867,2.1954325475604533,1.282478087783046,0.9109662555827496,1.7078680430613322,0.5658727857833574,1.428091307792967,4.545971180866657,4.0287508702985075,1.4190142531348955,2.150774845904506,2.1512182686817547,4.320719825048429,-0.0007996176314241654,-0.00010580546666061341,0.0003490738783911568,0.00032291420903720475,0.0007207839736468186,0.0007158101646095871,0.0005046298573055524,0.0007817924281690036,-0.002401633530155517,-5.912171342007527e-05,0.00030964862310974006,-0.000220039190512486,0.00370039562815333,0.00017260709047864364,0.004985042849267013,0.004683391112101656,-0.0008026704887949543,-0.0008031242141540856,-0.0023216754349407454,-1.9718534298020014,-0.07242081251946843,0.6179072211859363,0.5719536398401261,0.8623326826101153,0.8564399875667592,0.5832326640166343,0.9039008494482365,-4.49890292607522,-0.16299629682398178,0.4581858247613492,-0.9687130059120679,6.972796830280837,0.09560672621521686,3.212722342599598,9.0543695986161,-0.9300913107270778,-0.9304221315845315,-1.333692633850562,0.5351843754112805,1.37924235569785,0.1791901503186111,1.4106928150496605,1.4192522753180374,1.0319225694016718,0.31216628936368174,0.31216628936368174,1.348655856671442,1.348655856671442,0.1034494839189409,0.8158744013657625,0.8158744013657625
latino_male_auth_latino_m_0002_frame_0007_subdiv_head_var_0.glb,latino_male_loPoly_0002_grp.fbx,bad,variation_long_faces_003,latino,male,0002,0007,0.04619939357663594,0.14384678635302525,0.05232693061841256,0.05229370938149663,0.08292697714831775,0.08292215980084199,0.08736639359022876,0.08968409392522503,0.04844049387205906,0.03621180895467975,0.06902083197230398,0.02248728702418846,0.05914633842914068,0.17999099247601,0.16288722942540643,0.05767773500502687,0.08706433185394577,0.08708365943289992,0.1773586199140432,3.1136076735382034,1.1326324128391905,1.1319133290083427,1.7949797763201758,1.7948755033610997,1.8910723026116059,1.9412396350280292,1.0485093011384568,0.7838156770307233,1.4939770120101608,0.4867442034035871,1.280240580020347,3.89596006660649,3.525743885689922,1.2484522098618147,1.8845340839706637,1.8849524353267715,3.83898155762238,0.0056478181228529975,-0.0022513627559348215,-0.004165996866912283,-0.004164399553253137,-0.0006583940410408717,-0.0006575626550516245,0.0008434862773489121,0.0031931443209372162,-0.00494215451174744,-6.000492825788961e-05,0.0014393821814852187,-0.000227303279604716,0.0060773086234308105,-0.0005476550769812349,0.007721537601775963,0.005952531377184218,0.0007641504053646914,0.000765397335421053,0.003279872231547909,13.927493715478146,-1.5409933456828082,-7.374368885369736,-7.37608756620958,-0.7876905153047796,-0.7867490292261152,0.9748704748197364,3.691882602221904,-9.25797925238687,-0.16543128626417025,2.12984803661428,-1.0006928435189868,11.451704780886974,-0.3033450645632474,4.976317580920318,11.507990224672772,0.8854563136926699,0.8867154143542567,1.884131334360306,0.6303647357983823,1.5839296444188498,0.25648040471170913,1.8707134415267872,1.8707134415267872,1.7949959335909138,0.42480360924936045,0.42480360924936045,1.132482227373034,1.132482227373034,0.06475553891397806,1.1363794150648476,1.1363794150648476
latino_male_auth_latino_m_0002_frame_0008_subdiv_head_var_0.glb,latino_male_loPoly_0002_grp.fbx,bad,variation_long_faces_003,latino,male,0002,0008,0.04140950859934009,0.1466957154528761,0.057326040669819875,0.05732358666249753,0.08057783089631229,0.08057444047951176,0.08633101214151732,0.0872278134090046,0.049755312746318524,0.03574233536187002,0.0695955682860816,0.02345251973282863,0.05532091739660033,0.17808940284120162,0.16203931937219962,0.05715552030104,0.0863006560085704,0.08632059321758286,0.17536372695639604,3.542561127016462,1.3843690159301585,1.3843097540020326,1.9458774958173832,1.9457956204965883,2.0848113165702506,2.106468208859515,1.2015431824542693,0.8631431903164294,1.6806663648066253,0.566355905348811,1.335947207967639,4.300688630824267,3.9130944764406577,1.3802511122276597,2.0840782450131683,2.084559709529093,4.234866166926469,0.0008579331455571479,0.0005975663439160284,0.0008331131844950337,0.0008654777277477682,-0.0030075402930463263,-0.003005281976381849,-0.00019189517136251888,0.0007368638047167836,-0.0036273356374879745,-0.0005294785210676195,0.00201411849526284,0.0007379294290354547,0.0022518875908904626,-0.0024492447117896166,0.006873627548569156,0.0054303166731973496,4.7455998931911214e-07,2.3311201039905027e-06,0.0012849792739007548,2.115659221513954,0.4090170529609948,1.4747212112727763,1.532955573747653,-3.5981658635371603,-3.5957070543848544,-0.22178539455290966,0.8519548092466005,-6.794971301177179,-1.4597519792543037,2.980283053259486,3.248702350190423,4.24331780538444,-1.356631804318087,4.429862985679904,10.498395931445533,0.0005498945440825776,0.0027006105629860553,0.7381597644788017,0.6230937249308454,1.419648517348458,0.4858684299947379,1.8118308841061108,1.7977035373147991,0.584225236977867,1.0509743605059618,1.0509743605059618,1.4315117422548587,1.4315117422548587,0.10853245253771228,0.7610384454576281,0.7610384454576281
latino_male_auth_latino_m_0002_frame_0009_subdiv_head_var_0.glb,latino_male_loPoly_0002_grp.fbx,bad,variation_long_faces_003,latino,male,0002,0009,0.04179861332154737,0.15150087167940474,0.05784322880748779,0.05778838408414248,0.08341897431518155,0.08340627306682419,0.08863689865980266,0.08862038387032162,0.05321247708438656,0.03618807783995497,0.06724624192008327,0.022446600249903692,0.054357012032127824,0.18415702321743496,0.1605001183062426,0.05487910170019511,0.08561261310840931,0.08562992913578595,0.17273404454541702,3.6245430084951016,1.383855209801167,1.3825430915516117,1.9957354487685528,1.9954315810718029,2.120570316003999,2.1201752122393356,1.2730680004868797,0.8657722102302341,1.6088151394586465,0.5370178210752358,1.3004501277104938,4.405816571012924,3.8398431323917652,1.312940725521741,2.0482165867515905,2.0486308595228766,4.132530503263654,0.0012470378677644292,0.005402722570444662,0.0013503013221629473,0.0013302751493927192,-0.00016639687417706328,-0.00017344938906942164,0.0021139913469228194,0.0021294342660338056,-0.00017017129941993697,-8.373604298266696e-05,-0.00033520787073548775,-0.00026799005388948235,0.0012879822264179538,0.0036183756644437293,0.005334426482612148,0.0031538980723524596,-0.0006875683401717653,-0.0006883329616929196,-0.001344703137078268,3.07518969068339,3.698008909349912,2.3902130448341783,2.3562162716610926,-0.19907415832382822,-0.2075256820348425,2.4432735937528185,2.4620313174688957,-0.31877642749466517,-0.23085705956948743,-0.4960057408845751,-1.1798146050854807,2.426994107737345,2.0042111279146884,3.4378904382262157,6.09741064538754,-0.7967171431515803,-0.7974360754802824,-0.772468296664732,0.4700429182579206,1.1492357479784598,0.4936717332230648,1.479824430478507,1.6904977793469158,1.32448086382248,0.492203149449806,0.492203149449806,1.8551609859882103,1.8551609859882103,0.13561213594249194,1.0179980321803679,1.0179980321803679
latino_male_auth_latino_m_0036_frame_0001_subdiv_head_var_0.glb,latino_male_loPoly_0036_grp.fbx,bad,variation_long_faces_003,latino,male,0036,0001,0.04663402027718795,0.14513308980558753,0.05181691748719088,0.05180089487355423,0.0839975762798731,0.08398458713341374,0.0884968134859238,0.08818982528539965,0.052019735815549785,0.03256648716503137,0.0691743060879032,0.022643547923395606,0.06006457907394697,0.17354667769424312,0.1731400519302654,0.06453737664728829,0.08186542520589897,0.08189786294931177,0.17090479364640473,3.112171949639576,1.1111398326628565,1.1107962505839062,1.8012081261834152,1.800929592478147,1.8976878459096511,1.8911049221407066,1.1154889822140506,0.6983418322387696,1.4833442554756817,0.48555856408700393,1.2879991627770697,3.721460784695358,3.7127412755996216,1.3839119223194694,1.7554871898090507,1.7561827709152902,3.6648093522832417,0.003287469085741866,-0.0013602883986145176,-0.002191449010308995,-0.0021735456630693,0.0005126685456775387,0.0005077792492359096,0.003765128133505144,0.0034745006966290237,0.0016640800185760696,9.573410826128892e-05,-0.0024786563656309657,0.0014911802242575968,-0.003137334116440009,-0.003986427862119696,0.0036659832223584488,0.002784700948984871,-0.0009772038512892572,-0.0009767321992103506,-0.0021980482119414724,7.584153745524761,-0.9285664753517839,-4.057610241573294,-4.026990630119591,0.6140852994768883,0.6082878132336369,4.443589334786752,4.101383915478244,3.30465365258152,0.2948318078546336,-3.459251761207132,7.049708313827982,-4.963985990407008,-2.2454560514935022,2.1631528943090803,4.5094417650656995,-1.179590583266823,-1.1785664804273477,-1.269793256046127,0.6139423904497056,0.9054295889981663,0.07274263595239891,1.5371979380152678,1.534962961700557,1.0731894924860947,0.5854904391538195,0.5854904391538195,1.464302849270989,1.464302849270989,0.09519788349567572,0.9771114742104231,0.9771114742104231
latino_male_auth_latino_m_0036_frame_0002_subdiv_head_var_0.glb,latino_male_loPoly_0036_grp.fbx,bad,variation_long_faces_003,latino,male,0036,0002,0.041952334489237006,0.14483870686876227,0.05394853731790316,0.05389937362386351,0.08345128936075416,0.08347463317983006,0.08519493844222487,0.08540744640513094,0.04891932926483005,0.0318974037279851,0.07207997985265562,0.021340734170450876,0.06487543266009488,0.17430613051659138,0.17753114404704629,0.06935999363614515,0.08069926414547532,0.08073160041412163,0.1678692336224315,3.452458811461876,1.2859483977403883,1.2847765036220224,1.9891929823872814,1.989749419099567,2.0307556058431473,2.0358210680037954,1.1660692988939734,0.760324880994846,1.7181399016340304,0.5086900271527417,1.5464081665524205,4.154861288143813,4.231734567538606,1.6533047440766295,1.9235941248079758,1.9243649107258514,4.001427707568904,-0.0013942167022090793,-0.0016546713354397835,-5.98291795967168e-05,-7.506691276001898e-05,-3.361837344140195e-05,-2.1747043477682304e-06,0.0004632530898062148,0.0006921218163603166,-0.0014363265321436641,-0.0005733493287849792,0.000427017399121446,0.00018836647131286605,0.0016735194697078959,-0.003226975039771429,0.008057075339139325,0.00760731793784173,-0.0021433649117129083,-0.002142994734400494,-0.005233608235914705,-3.216442055681262,-1.129519542605729,-0.11077761368599506,-0.13907863057715897,-0.04026880349252851,-0.002605159927516135,0.546729464756234,0.8169971840632719,-2.8523638693828404,-1.7657407815044102,0.5959521902508359,0.8905219216690444,2.6478936874373584,-1.817675092010902,4.754164103433374,12.31900942237347,-2.587272924707994,-2.58582829944444,-3.0234097717456767,0.5954860200136586,1.7165951818838838,0.28908674137679513,1.6358706812497255,1.6358706812497255,0.7690632234308683,0.37365796897356285,0.37365796897356285,1.24099954848227,1.24099954848227,0.08681289494517813,0.9061838026966352,0.9061838026966352
latino_male_auth_latino_m_0036_frame_0003_subdiv_head_var_0.glb,latino_male_loPoly_0036_grp.fbx,bad,variation_long_faces_003,latino,male,0036,0003,0.04548500961186799,0.1489558785548738,0.05485673831928002,0.0548423984901669,0.08348129478367976,0.0835186930469708,0.08681612545189271,0.086709334819587,0.046104166190829486,0.03296664483543504,0.0715210950244175,0.021094593168540423,0.0673552066223703,0.17233811826490766,0.1739154448288942,0.06475039678342552,0.08357456936286309,0.0836124888047813,0.17670431071734483,3.2748344965944143,1.206039941233007,1.2057246762866987,1.835358407001364,1.8361806177387072,1.9086755437167275,1.9063277233421254,1.0136123216032025,0.7247804302284538,1.5724102431706677,0.4637702255873857,1.4808220817611066,3.788899238133635,3.8235771809865913,1.423554646595717,1.8374090733632986,1.8382427423509888,3.884891137216315,0.0021384584204219015,0.002462500350671748,0.0008483718217801445,0.0008679579535433718,-3.6129505158050135e-06,4.188516279296506e-05,0.002084440099474061,0.0019940102308163704,-0.004251489606144229,0.0004958917786649572,-0.0001318674291166666,-5.777453059758672e-05,0.004153293431983313,-0.00519498729145515,0.004441376120987245,0.0029977210851221056,0.0007319403056748608,0.0007378936562591754,0.003601468858998619,4.933399224720559,1.6809635908861258,1.5708155546963576,1.6080906905453374,-0.0043276690528402445,0.050175807933479886,2.4600479629366427,2.3537774782730216,-8.44292371702115,1.527195189461628,-0.18403625558703254,-0.27313505239387986,6.571467891283754,-2.9262076361334515,2.6206818275202175,4.854398698070446,0.883530996064339,0.8903737688694265,2.0805371074992394,0.43023188834524084,0.8312185290295939,0.30396276944368844,2.165373917183031,2.2662329504029834,1.0270020966502909,0.4465231105352726,0.4465231105352726,1.3156320702236968,1.3156320702236968,0.09702187935546569,1.1042028355462266,1.1042028355462266
latino_male_auth_latino_m_0036_frame_0004_subdiv_head_var_0.glb,latino_male_loPoly_0036_grp.fbx,bad,variation_long_faces_003,latino,male,0036,0004,0.04402664076371805,0.1478233366195421,0.05456559931566486,0.05452701696411235,0.0822462269495925,0.08222325267475045,0.08706788786605557,0.08750554690445149,0.045582582920247215,0.03195176256963378,0.07173049170304954,0.021542986167618447,0.06585828064577129,0.17667121345998482,0.1748927876324563,0.06452874254353543,0.08284357221671357,0.08287727047257812,0.1743695222599461,3.3575883613941757,1.2393768493151054,1.2385005082887806,1.8681013477951025,1.8675795211364359,1.9776182410402614,1.987559018505995,1.0353409238029216,0.7257370086696446,1.629251981499392,0.48931705426346817,1.495873396274296,4.012825198455248,3.972430887268234,1.4656749055611111,1.8816691616632306,1.8824345676828587,3.9605456885923127,0.0006800895722719677,0.00132995841534006,0.0005572328181649849,0.0005525764274888212,-0.001238680784603069,-0.0012535552094273816,0.0023362025136369202,0.0027902223156808653,-0.0047730728767265,-0.0005189904871363005,7.752924951537343e-05,0.0003906184684804373,0.0026563674553843064,-0.0008618920963779919,0.005418718924549343,0.00277606684523201,9.431595253406311e-07,2.6753240559979075e-06,0.0012666804015998845,1.5689588988712329,0.9078624792761528,1.0317527714725088,1.0237742568426975,-1.483718217125972,-1.50168081554659,2.7571769685922267,3.2936453106038397,-9.478722501342844,-1.5983321551826226,0.10820103853438014,1.8466890990002767,4.202985829530775,-0.4854824646236813,3.19737347776116,4.495460016655245,0.0011384954051730368,0.0032281594271481827,0.731750205832228,0.5516871442673946,1.436165726562089,0.37675173880963403,1.5841048224954972,1.5841048224954972,1.7108204654024177,0.6251637019501516,0.6251637019501516,0.8697775449666687,0.8697775449666687,0.10346920497297483,0.8447788259171831,0.8447788259171831
latino_male_auth_latino_m_0036_frame_0005_subdiv_head_var_0.glb,latino_male_loPoly_0036_grp.fbx,bad,variation_long_faces_003,latino,male,0036,0005,0.04622792292463537,0.1497700283180366,0.0543390341855302,0.05433086754170941,0.08291915108623399,0.08293134180153885,0.08540527167972856,0.08544887420975163,0.04981290703327321,0.03219132083063652,0.07169211227761803,0.02124333243055507,0.06254698835551954,0.1743279345847992,0.1699911113468387,0.06189662385957577,0.08213064598907584,0.08216436042468099,0.17188897805865536,3.23981738401278,1.1754591326570791,1.1752824722470039,1.7937027199213715,1.793966428834375,1.847482349984951,1.8484255576236364,1.0775501878914693,0.6963609609524855,1.550840006255451,0.45953465106333524,1.3530131660357934,3.7710527221610883,3.6772387897239605,1.3389445154281499,1.7766458190858387,1.7773751279855727,3.718293342724551,0.0028813717331892877,0.003276650113834545,0.00033066768803032,0.00035642700508588254,-0.0005657566479615739,-0.0005454660826389734,0.0006735863273099052,0.0007335496209810027,-0.0005427487637005082,-0.0002794322261335594,3.914982408385892e-05,9.096473141706127e-05,-0.0006549248348674402,-0.0032051709715636145,0.0005170426389317362,0.0001439481612723545,-0.0007119830681123901,-0.00071023472384113,-0.0012138637996908508,6.647291777524139,2.236722337897835,0.6122527109677111,0.6603625744745505,-0.6776753587161707,-0.6534342848804128,0.7949639199412877,0.8658995577740345,-1.0778307920142833,-0.860565893390324,0.05463810949791081,0.43004515007919525,-1.0362421037707674,-1.8053934005824308,0.30508657924704274,0.233104330532368,-0.8594404550112615,-0.8569993284049189,-0.7012385161672746,0.4619772449334133,0.5345940828900921,0.3440036763567769,1.7582041674181248,1.7537744727634557,0.45188111322680957,0.162793314792862,0.162793314792862,1.4352188437209952,1.4352188437209952,0.16049283626108277,0.9522597782341007,0.9522597782341007
latino_male_auth_latino_m_0036_frame_0006_subdiv_head_var_0.glb,latino_male_loPoly_0036_grp.fbx,bad,variation_long_faces_003,latino,male,0036,0006,0.04444048427804048,0.14600142415194806,0.05396548078931099,0.053975445196215395,0.08181776796843972,0.08183747558310134,0.08529407663258064,0.08555560436386686,0.051039461019123857,0.03159621062460046,0.07173405360075048,0.020829936912309745,0.06715797945628929,0.1791435302596633,0.17181621009881531,0.06390152317324277,0.08397803939701352,0.08401405162887304,0.1781322664849711,3.285324778157114,1.2143315192444273,1.2145557383785408,1.8410638249698055,1.8415072858137136,1.9192877399566788,1.9251726382770928,1.1484902077078434,0.7109780898632826,1.6141600337194493,0.4687153448191047,1.511189190381399,4.031088615930859,3.8662092209403625,1.437912394776009,1.8896742634847896,1.8904846109066182,4.008333153403375,0.0010939330865943966,-0.0004919540522539956,-4.288570818888893e-05,1.0046595918661305e-06,-0.0016671397657558457,-0.0016393323010764904,0.0005623912801619863,0.0008402797750962365,0.0006838052221501412,-0.0008745424321696185,8.109114721631394e-05,-0.0003224307868282643,0.003956066265902308,0.0016104247033004726,0.0023421413909083533,0.002148847474939354,0.0011354103398252963,0.0011394564803509227,0.005029424626624895,2.523691173867302,-0.3358199928792988,-0.07940567539822588,0.0018613617517432798,-1.9969355072701152,-1.9638176669992302,0.6637319649938167,0.9918863903020672,1.3579511801159714,-2.6933235291482664,0.11317207891983572,-1.5243248009602435,6.25940903716824,0.9071123373038719,1.3820057597986248,3.4797641570021733,1.3705629007035685,1.3749164967972,2.9054546838350475,0.47765518030888593,0.9094119715204793,0.533257198242261,1.765054888816571,1.765054888816571,0.49340685982173166,1.2805675521686528,1.2805675521686528,1.4175114754749314,1.4175114754749314,0.07094177510879257,1.027610895002518,1.027610895002518
latino_male_auth_latino_m_0036_frame_0007_subdiv_head_var_0.glb,latino_male_loPoly_0036_grp.fbx,bad,variation_long_faces_003,latino,male,0036,0007,0.0437069596782458,0.14626921134315551,0.05393987081551668,0.05389178922907863,0.08352681705966035,0.08350360209839683,0.08630601729510842,0.08648492149723092,0.050279607855417505,0.03248510434388072,0.07308871058739484,0.02162173818130399,0.06518790310949565,0.17603371157094377,0.17585842263177115,0.06713769566104918,0.0821738571577682,0.08220736848263226,0.17229135416242836,3.346588562094788,1.2341254393488297,1.2330253494136794,1.9110644545983833,1.9105333043780428,1.9746515870804298,1.9787448528541078,1.150379898889263,0.743247862194576,1.6722442175215673,0.4946978316605661,1.4914764968642173,4.027589950589968,4.0235794007722046,1.5360870706928975,1.8801092037218152,1.880875931151743,3.9419661177710026,0.00036040848679971815,-0.0002241668610465375,-6.849568198319389e-05,-8.26513075449023e-05,4.190932546478676e-05,2.67942142190003e-05,0.0015743319426897717,0.0017695969084602914,-7.60479415562107e-05,1.435128711064354e-05,0.0014357481338606731,0.00046937048216598096,0.0019859899191086716,-0.0014993939854190397,0.006384353923864189,0.00538501996274577,-0.0006687718994200231,-0.000667226665889864,-0.0008114876959178507,0.8314582749799952,-0.15302183879879114,-0.12682420599846256,-0.1531304571629983,0.05019988235265262,0.0320977944630761,1.858020333411004,2.0888746127697173,-0.1510216486164421,0.04419758015945161,2.0037526498527307,2.2189973663568097,3.1422939889907333,-0.8445714846930426,3.767156811976817,8.720302240917663,-0.8072799077373004,-0.8051039823411583,-0.4687893550482023,0.5765564957125455,1.5155156537461252,0.09299559220434973,1.7221219277669186,1.7221219277669186,1.5388217906648314,0.30903447563920333,0.30903447563920333,1.5104977684470648,1.5104977684470648,0.0837777335312805,0.9655378697966382,0.9655378697966382
latino_male_auth_latino_m_0036_frame_0008_subdiv_head_var_0.glb,latino_male_loPoly_0036_grp.fbx,bad,variation_long_faces_003,latino,male,0036,0008,0.042456918503385295,0.14490022736069932,0.053476984799185855,0.053510320823086883,0.0849679280881423,0.0849416679669437,0.0855844144841187,0.08530833787300832,0.045523242340030676,0.03282250379841313,0.07157268499438091,0.02107453677824393,0.06361560405373028,0.17366350062046537,0.16994828249731994,0.06169638496903913,0.08079001747883777,0.08082206688643058,0.16791176123837553,3.4128766869678904,1.259558787690206,1.260343960639071,2.0012740227807018,2.0006555106011965,2.015794303990636,2.0092917922483298,1.0722220063239136,0.7730778623464167,1.685772013545309,0.49637461975869857,1.49835659996516,4.090346326161621,4.002840726271011,1.4531526814438918,1.9028704938253111,1.9036253627306052,3.954873955936937,-0.0008896326880607902,-0.0015931508435027275,-0.0005313816983140221,-0.0004641197135366454,0.0014830203539467346,0.0014648600827658759,0.0008527291317000502,0.0005930132842376923,-0.00483241345694304,0.0003517507416430504,-8.027745915326068e-05,-7.78309208940807e-05,0.00041369086334329397,-0.0038696049358974416,0.00047421378941298054,-5.629072926428835e-05,-0.0020526115783504606,-0.002052528262091541,-0.005191080619970673,-2.052372480873054,-1.0875241345598439,-0.9838877432788502,-0.8598879560812197,1.7763933556331726,1.7548108509351914,1.0063875493014836,0.7000070968462048,-9.59656543135212,1.083284828744405,-0.1120364830767735,-0.3679537061813294,0.654554336190912,-2.1796525914255063,0.27981495518957566,-0.09115512587551713,-2.477723850281833,-2.4766676186027112,-2.998841939416943,0.42149112507001646,0.3814889899592881,0.612698950543429,1.6273791545520067,1.6362047559732602,0.915832271463931,0.4201232633665635,0.4201232633665635,1.6615082425342043,1.6615082425342043,0.128282976994052,0.9283292517485042,0.9283292517485042
latino_male_auth_latino_m_0036_frame_0009_subdiv_head_var_0.glb,latino_male_loPoly_0036_grp.fbx,bad,variation_long_faces_003,latino,male,0036,0009,0.04258189319303798,0.14540791612584872,0.05379662402880745,0.05379012227488778,0.08306920969098097,0.08307371912440398,0.08564082895190703,0.08554390456947635,0.04301471565448992,0.0319968037596143,0.0723462807487032,0.021172059396475994,0.06268122599752901,0.17462360944025276,0.17683221678835775,0.06852472469613784,0.08044071613622375,0.0804715330073017,0.1666296805505769,3.414782791987805,1.2633685351876993,1.2632158469572772,1.9508106254083264,1.9509165256650989,2.0112029440229087,2.0089267563017263,1.0101644720090255,0.7514180643533643,1.6989916446582891,0.49720803395227076,1.4720159508496728,4.100888813201083,4.152756101912099,1.6092456102290313,1.889082661767974,1.8898063701042436,3.913158106784702,-0.0007646579984081081,-0.001085462078353333,-0.00021174246869242602,-0.00018431826173574695,-0.0004156980432145907,-0.00040308875977385084,0.0009091435994883768,0.0008285799807057209,-0.007340940142483793,-0.00047394929715578044,0.0006933182951690264,1.969169733798473e-05,-0.0005206871928579715,-0.0029094961161100497,0.007358148080450794,0.006772048997834422,-0.0024019129209644774,-0.0024030621412204217,-0.006473161307769315,-1.764057294964228,-0.7409632378333654,-0.3920549396772218,-0.34149175036039625,-0.4979319669827222,-0.482875148188617,1.0729676811065878,0.9780756725277928,-14.578183972186437,-1.4596190495710202,0.9676059041084765,0.09309453021085294,-0.8238472010957543,-1.6388470798120238,4.341754544839987,10.966405781216174,-2.899368294198365,-2.8996366581505706,-3.739488756092429,0.6991317191055454,1.883365622558501,0.3484466732790869,1.2936729214789346,1.2936729214789346,1.361773094769142,0.87069104123244,0.87069104123244,1.3523860931402605,1.3523860931402605,0.1426718540012537,0.4802047037522927,0.4802047037522927
latino_male_auth_latino_m_0036_frame_0010_subdiv_head_var_0.glb,latino_male_loPoly_0036_grp.fbx,bad,variation_long_faces_003,latino,male,0036,0010,0.043079730341483234,0.1464583325242965,0.054048537174484594,0.05402878063392914,0.08265374580678156,0.08264424660139304,0.085578029481297,0.0856983899872073,0.049680374454610356,0.03181064283365414,0.07304071229902902,0.021772568222005555,0.06544649063590535,0.17587731174882867,0.17674103636286032,0.06796852892988425,0.08151964767638642,0.08155462873925416,0.17074297416429873,3.399704022363988,1.254616422759709,1.2541578186691344,1.9186226364836572,1.9184021335855836,1.986503369518319,1.9892972706164973,1.1532192532498535,0.7384132301084153,1.695477472120923,0.5054016830982774,1.5191945287755029,4.0826001080946694,4.102649551468272,1.5777380311137783,1.8922970740577691,1.8931090815283464,3.9634178953966974,-0.00026682084996285105,-3.5045679905559846e-05,4.017067698471738e-05,5.434009730560796e-05,-0.0008311619274140036,-0.0008325612827847911,0.0008463441288783513,0.0009830653984366777,-0.0006752813423633597,-0.0006601102231159409,0.0013877498454948484,0.0006202005228675457,0.00224457744551837,-0.0016557938075341394,0.007266967654953355,0.006215853231580838,-0.0013229813808018076,-0.0013199664092679586,-0.002359867694047474,-0.615552662504566,-0.023923047126886848,0.07437861870267254,0.10067746282379031,-0.9955834533114759,-0.9973563962100119,0.9988519942194123,1.1604339630506322,-1.3410238267693118,-2.0329378316598956,1.9367654846019557,2.9320619407198554,3.551439081846924,-0.9326676297049632,4.287952552480561,10.06572292016751,-1.5969814042098087,-1.592727429802108,-1.3632749576570238,0.45805146173392797,1.23278414196033,0.2657256655325276,1.74129446031122,1.6830270642574818,1.310337462179783,1.0908643286343878,1.0908643286343878,1.037925611372428,1.037925611372428,0.07810795276406024,1.147060385037228,1.147060385037228
middleeast_female_auth_middleeast_f_0009_frame_0001_subdiv_head_var_0.glb,middleEast_female_loPoly_0009_grp.fbx,bad,variation_long_faces_001,middleeast,female,0009,0001,0.042032940108830324,0.14754725061786886,0.05658460471267087,0.05663869470262472,0.08789670221478693,0.08807810992508382,0.08384288486754765,0.08412742011868345,0.04113883500450047,0.03713912295893556,0.07435897729427524,0.022096062777922407,0.06553873609946033,0.17696970575160328,0.16961229303179556,0.06471143023048447,0.08470170371835944,0.08476125215901274,0.16965933880449321,3.5102767076451067,1.34619668684046,1.3474835344845648,2.0911385686370654,2.0954544149668055,1.9946947477493693,2.0014640874719554,0.978728466245405,0.8835718572808885,1.769064383831999,0.5256844446453662,1.5592232170714102,4.210262363122805,4.035223151001118,1.5395408949013734,2.0151267910132518,2.016543499920578,4.036342410624067,-0.00392991471385256,0.003476823820041941,0.003678431186036467,0.0036695140301381615,0.0008875800974439824,0.0008478019907289663,0.0013382614870016407,0.001657804880822289,-0.001051395506770303,2.093843036985593e-05,0.005452596007793506,-0.0008543587369236501,0.008339336638154532,0.0005001559826582624,0.012340319545737333,0.01155884118965557,-0.0015539109167181098,-0.0015548425335062815,-0.0039271714076631326,-8.550197173377335,2.4132807109129657,6.952744719261627,6.927639777604099,1.0201000491040086,0.9719121837412056,1.622044234817019,2.0102008188601364,-2.4920354642040445,0.056410168319902525,7.913049424441643,-3.722627649217626,14.579412925123314,0.28342339135172406,7.846483561059447,21.746525236572584,-1.801518571622561,-1.8013355898978585,-2.2623713114938298,1.1349731824240374,2.64894358056157,0.4764620025115236,1.615113649465593,1.615113649465593,1.393096346021485,0.9391809835045207,0.9391809835045207,1.4388666177529026,1.4388666177529026,0.1399162633490035,1.0780058165026214,1.0780058165026214
middleeast_female_auth_middleeast_f_0009_frame_0001_subdiv_head_var_0.glb,middleEast_female_loPoly_0009_grp.fbx,bad,variation_long_faces_002,middleeast,female,0009,0001,0.048576643899094,0.14200436021232704,0.04938656957886009,0.04940373678900187,0.08677803809370227,0.08701703419334253,0.08380013051961958,0.08367537696615421,0.04083696815809334,0.03722686171249428,0.07010594196298459,0.023454967760240242,0.06489936701289091,0.1729944073420086,0.16508253514475477,0.06045418750309454,0.08529845098670379,0.08535855424759614,0.170936502414826,2.923305292710342,1.0166731501963888,1.0170265548115252,1.786414851424529,1.7913348310784696,1.725111572007603,1.722543392251823,0.8406708426156831,0.7663531014992288,1.4432026656393222,0.4828445499232543,1.33601998416571,3.561267174022187,3.3983931761048174,1.2445114081712438,1.7559560344244918,1.7571933216487226,3.518903091986026,0.002613789076411119,-0.002066066585499876,-0.0035196039477743135,-0.0035654438834846897,-0.00023108402364067915,-0.00021327374101232088,0.0012955071390735734,0.0012057617282930505,-0.0013532623531774327,0.00010867718392857523,0.001199560676502856,0.0005045462453941857,0.007699967551585113,-0.0034751424269364173,0.007810561658696535,0.007301598462265642,-0.0009571636483737683,-0.000957540444922883,-0.0026500077973303504,5.686742232384577,-1.43406709580945,-6.652539227775469,-6.731166761914189,-0.26558597307651577,-0.24449499957379492,1.5702236868570987,1.462067847431274,-3.2075253839059252,0.2927869056875306,1.7408557148221475,2.1984182079959065,13.461623066154708,-1.969258963649246,4.966276880469693,13.737051372336643,-1.1096827173781667,-1.1093417146986293,-1.526620815230128,0.7768242165230342,1.738910880695695,0.4348255140923903,1.3621447690618105,1.3311464047390802,1.172847691540789,0.6698403653857095,0.6698403653857095,1.0213565443860755,1.0213565443860755,0.11062543723060647,0.8591390714613033,0.8591390714613033
middleeast_female_auth_middleeast_f_0009_frame_0003_subdiv_head_var_0.glb,middleEast_female_loPoly_0009_grp.fbx,bad,variation_long_faces_001,middleeast,female,0009,0003,0.04702515445048765,0.14616238111830354,0.052611209804610315,0.05253874149983262,0.08710359148383937,0.08732603802083724,0.08334547020521461,0.08358477268332049,0.03701532819786,0.03725873306201628,0.07109728049633784,0.021987587814676194,0.07294353857170877,0.1767263700984478,0.17145896813377506,0.06695714663125438,0.08716517148896057,0.08722697856695279,0.17676705112276866,3.1081743978575673,1.1187886657555624,1.1172476117042887,1.8522765635049627,1.857006936846577,1.7723593081011204,1.7774481266473272,0.787138896839416,0.7923149535052705,1.511898925737618,0.4675707729535843,1.551159999878583,3.7581241819103726,3.646111748857787,1.4238580907108545,1.8535860755276408,1.854900416303646,3.758989272621849,0.0010622996278047622,0.0020919543204766244,-0.0002949637220240886,-0.0004304391726539375,9.446936649641635e-05,9.57300864823929e-05,0.0008408468246686035,0.0011151574454593277,-0.005174902313410772,0.0001405485334505796,0.0021908992098561147,-0.0009628337001698628,0.01574413911040297,0.0002568203295027771,0.014186994647716833,0.013804557590425481,0.0009095568538830118,0.0009108838744337627,0.0031805409106123173,2.3112133306404465,1.4520359014499555,-0.5575223123547121,-0.8126219193673836,0.10857409452886137,0.10974406573737484,1.0191511580996673,1.3522040114325253,-12.26564124134932,0.37865142176448624,3.179530210340522,-4.195276760154621,27.5250077075609,0.14553237645760242,9.02067566982904,25.971561949355994,1.0544900268012496,1.0552885619751151,1.8322511966656165,1.6500059719210372,3.0901950630186916,0.4223647272247862,1.927495810436516,1.927495810436516,1.3813182164331574,0.7467441171785837,0.7467441171785837,1.6081369784932764,1.6081369784932764,0.10995445878638746,1.1759597951007859,1.1759597951007859
middleeast_female_auth_middleeast_f_0009_frame_0003_subdiv_head_var_0.glb,middleEast_female_loPoly_0009_grp.fbx,bad,variation_long_faces_002,middleeast,female,0009,0003,0.04550699038459337,0.143851798353987,0.05362712753196111,0.053721814865545885,0.08719744425168523,0.0873791685859595,0.08245941421383712,0.08251712030962419,0.0422302131474346,0.03683316609126156,0.06878927080396374,0.02279086610597431,0.06300002401454294,0.17390393270662313,0.1591306341825761,0.05500400855065107,0.08525390202851141,0.08531453170642027,0.1711133568966706,3.161092331930806,1.1784371385306303,1.1805178591580445,1.9161329614363243,1.920126289334708,1.81201642905733,1.8132845000789328,0.9279939804969363,0.8093957824934875,1.5116198681258586,0.5008212125952912,1.3844032198594247,3.82147734308308,3.4968393391370176,1.2086936113725721,1.8734243092765495,1.8747566249800591,3.760155427782408,-0.0004558644380895163,-0.00021862844383990776,0.0007209540053267072,0.0007526341930593275,0.00018832213434227807,0.0001488606516046459,-4.5209166708887194e-05,4.7505071763029316e-05,3.9982636163830854e-05,-0.0002850184373041423,-0.0001171104825179875,-0.00015955540887174768,0.005800624553237141,-0.00256561706232189,0.0018586606965178554,0.0018514195098221775,-0.0010017126065661464,-0.0010015629860987557,-0.0024731533154857543,-0.9918105388539642,-0.15175109055983266,1.362702983922584,1.420890758558143,0.21643952928096616,0.17065244308970107,-0.05479591913335997,0.05760312040502901,0.09476752243188105,-0.7678673968679572,-0.169955931992851,-0.6952177709177814,10.141058486393975,-1.453858224085176,1.1818130435570717,3.4832160450359604,-1.1613303212829698,-1.160343258886527,-1.4247381968005934,0.7877324711431206,0.5792718574506687,0.5851266573098002,1.7867202999646303,1.7867202999646303,0.7853469353912883,1.1101702047032322,1.1101702047032322,1.4727651004038036,1.4727651004038036,0.1512265824100224,0.8502008513335046,0.8502008513335046
middleeast_female_auth_middleeast_f_0009_frame_0004_subdiv_head_var_0.glb,middleEast_female_loPoly_0009_grp.fbx,bad,variation_long_faces_002,middleeast,female,0009,0004,0.05008486966925595,0.14475814021072742,0.050637934383820915,0.050626869534934504,0.0870032759582795,0.08724652148764708,0.08363902498293117,0.08351710164121706,0.04179994819646108,0.037241935530970834,0.0716707672929319,0.02222511781031276,0.06606230937793398,0.17579448953547988,0.16578156982825798,0.06096204132013015,0.08523371308353432,0.0852917716115955,0.17086588593937663,2.8902569012690393,1.0110425507387204,1.0108216287525102,1.7371169483482853,1.7419736152613452,1.6699459444589924,1.6675116096485145,0.8345823493700637,0.743576568670426,1.4309863990107616,0.44374913935246607,1.319007313270211,3.509932055256787,3.310013002390244,1.2171748019452475,1.70178566194521,1.702944864883035,3.4115270153984403,0.004122014846573069,0.000687713412900498,-0.0022682391428134885,-0.0023423111375520528,-5.846159063446765e-06,1.6213553292232508e-05,0.0011344016023851627,0.0010474864033559045,-0.00039028231480969094,0.00012375100240512998,0.0027643860064501674,-0.0007253037045332963,0.008862909916628178,-0.0006750602334651412,0.008509596342199749,0.007809452279301257,-0.0010219015515432334,-0.0010243230809235254,-0.0027206242727797203,8.968143650944056,0.47734530131264324,-4.287286325236875,-4.422026370456405,-0.0067190185594131965,0.01858706414797253,1.3749551914840281,1.2701482847163954,-0.9250537626368982,0.3333972390537924,4.011799712652293,-3.160306681357096,15.494760434720565,-0.38253638338682827,5.410751930924364,14.692515304009868,-1.1847362700580153,-1.1867115681871818,-1.5673016696139523,0.8733335368348827,1.9820512413280367,0.27685400582491393,1.2826167622506075,1.433871570380031,2.0706159252475604,0.170991254535611,0.170991254535611,1.4660711605402035,1.4660711605402035,0.03333670812421398,0.7482245081532954,0.7482245081532954
middleeast_female_auth_middleeast_f_0009_frame_0005_subdiv_head_var_0.glb,middleEast_female_loPoly_0009_grp.fbx,bad,variation_long_faces_002,middleeast,female,0009,0005,0.05073874159681981,0.1438049572162498,0.0502062769148393,0.05032858403984364,0.08765529622299872,0.08797518875074925,0.08431576663317983,0.08409391041822348,0.04160446677327838,0.03743435085995812,0.07022715220968158,0.022509696693912142,0.0644654045801786,0.173527542222219,0.16519099440643098,0.06023062139817891,0.0868521616250598,0.08691907134415078,0.1766837907252022,2.834223961621925,0.9895057570364756,0.9919162843998898,1.7275812025360273,1.7338859022129025,1.661763062694179,1.6573905416584926,0.819974352219371,0.7377863479039144,1.3840932983265641,0.44363923868626254,1.2705361337581764,3.420020614644004,3.2557172134672094,1.18707361480865,1.7117523787878788,1.7130710894414194,3.4822265031554576,0.004775886774136928,-0.0002654695815771102,-0.002699896611795101,-0.0026405966326429192,0.0006461741056557752,0.0007448808163943998,0.0018111432526338178,0.0016242951803623201,-0.0005857637379923925,0.0003161663313924132,0.0013207709231998488,-0.0004407248209339146,0.007266005118872806,-0.002942007546726022,0.007919020920372749,0.007078032357350016,0.0005965469899822523,0.0006029766516317536,0.0030972805130458636,10.390753125674006,-0.18426375730089417,-5.103178763128465,-4.985156649807323,0.7426509886909635,0.8539243229027229,2.1952021334368905,1.9695680350605285,-1.3883871476737026,0.8517828536282409,1.9167614066231071,-1.9203343199985266,12.702939519125733,-1.6671474203782177,5.035239747325196,13.316439490676663,0.6916036625628016,0.6985680408499915,1.784286411000709,0.6823509861098973,1.8620157942822928,0.36197729275289114,1.2225724025002327,1.2257489429677384,1.0339378103493224,0.9667749398395931,0.9667749398395931,1.155425333684814,1.155425333684814,0.06599560662732792,0.9117950155027796,0.9117950155027796
middleeast_female_auth_middleeast_f_0009_frame_0006_subdiv_head_var_0.glb,middleEast_female_loPoly_0009_grp.fbx,bad,variation_long_faces_001,middleeast,female,0009,0006,0.04792223747257023,0.14395829790816053,0.05170453997016869,0.05176705572886047,0.08641028566790122,0.0866035820410945,0.08407333980108744,0.08433140095328648,0.038425059087418424,0.036861897302418054,0.07123719434558735,0.02221992425143448,0.07227200305907809,0.1758280294441212,0.17062399514815013,0.06580693833443498,0.08628330381089888,0.08634445360572907,0.1742183490343396,3.003997841097455,1.0789258327047724,1.0802303577434367,1.803135459135455,1.8071690014612678,1.7543700844354233,1.7597550824198505,0.8018210566527114,0.7692023420967582,1.486516450455014,0.4636662523145489,1.5081099479223021,3.6690279652481124,3.5604346572050614,1.373202542391757,1.8004857110498187,1.801761732330444,3.635438540073569,0.001959382649887348,-0.00011212888966638523,-0.0012016335564657143,-0.0012021249436260859,-0.0005988364494417253,-0.0006267258932603492,0.0015687164205414328,0.001861785715425321,-0.0037651714238523468,-0.0002562872261476501,0.002330813059105624,-0.0007304972634115774,0.015072603597772294,-0.0006415203248238133,0.0133520216620919,0.01265434929360608,2.7689175821327128e-05,2.835891321004147e-05,0.0006318388221832616,4.262969864353124,-0.0778292201658672,-2.271253950847115,-2.2694799662070246,-0.6882455941046246,-0.7184726365198569,1.901367894627981,2.2575414109251106,-8.924273174678465,-0.6904627190223018,3.3825794006148024,-3.1829361519091792,26.350982247582156,-0.36353032331287083,8.489765446527905,23.807587780692497,0.032101302551111585,0.03285472229838884,0.3639907394941186,1.2752728320578754,2.7319967514365873,0.11727745649165142,1.4155272541561403,1.4155272541561403,1.9624333239859368,0.5086144342607888,0.5086144342607888,1.4252723643600993,1.4252723643600993,0.10608477099033693,0.888077308781843,0.888077308781843
middleeast_female_auth_middleeast_f_0009_frame_0006_subdiv_head_var_0.glb,middleEast_female_loPoly_0009_grp.fbx,bad,variation_long_faces_002,middleeast,female,0009,0006,0.04840750271853271,0.1457850931696051,0.048734325578491895,0.053725588742670284,0.08649445891255032,0.08870850032032301,0.08283340239772438,0.08422924034317719,0.038315294629807956,0.03763022753953229,0.06962475592318998,0.02298490430788372,0.061095079954740485,0.17524134360055987,0.1629314915714876,0.05834892744331613,0.08704324450752826,0.08710499579869728,0.17685807478636967,3.0116218557540173,1.0067514918474416,1.1098607803641471,1.7867986170547918,1.8325361842382575,1.7111686772887746,1.7400038343835118,0.7915156221256385,0.7773635371841984,1.4383050563055444,0.47482111278349415,1.2620993962440117,3.620127743823254,3.365831377810564,1.2053695019672512,1.798135405035136,1.7994110604129412,3.653526103478582,0.002444647895849826,0.0017146663717781951,-0.004171847948142508,0.000756408070183727,-0.0005146632047926258,0.0014781923859681634,0.0003287790171783711,0.0017596251053160344,-0.0038749358814628154,0.0005120430109665855,0.0007183746367082494,3.448279303766219e-05,0.0038956804934346875,-0.0012282061683851486,0.00565951808542936,0.005196338402487233,0.0007876298724507069,0.0007889011061782553,0.0032715645742133204,5.318746856088192,1.1901584592265944,-7.885370780108085,1.428015424404371,-0.5915048816359009,1.6945857706711027,0.39849768862273816,2.133664744573956,-9.184438753961437,1.3794936834061036,1.0425371689765146,0.1502490619414381,6.810701738346106,-0.6959875910565095,3.5985547583473685,9.776265834380506,0.9131346124921144,0.9139675618881179,1.884688257293055,0.6324966656796972,1.0797369499858267,0.19047499578783478,1.4305311997314718,1.4575207417104084,0.7982325606742848,0.3828094023524307,0.3828094023524307,1.15959653138763,1.15959653138763,0.044514584808539454,0.4850673694412211,0.4850673694412211
middleeast_female_auth_middleeast_f_0009_frame_0007_subdiv_head_var_0.glb,middleEast_female_loPoly_0009_grp.fbx,bad,variation_long_faces_001,middleeast,female,0009,0007,0.0489430261416956,0.14569794093481414,0.05032822680032171,0.05033791090984763,0.0861922918624798,0.08633884837013403,0.08410707981611933,0.08397673638006938,0.04154579850663504,0.03660712976707299,0.06897229996800944,0.022395084211166053,0.06285920839351541,0.17533083370489447,0.1580206909202901,0.05376040172389906,0.08535192406415537,0.08540913625476744,0.17174641774948898,2.976888689166912,1.0283023091914218,1.0285001741435782,1.7610740213108882,1.7640684521666743,1.7184691353701713,1.7158059686981189,0.8488604359353517,0.7479539508058044,1.4092365226524168,0.45757457142780156,1.2843343239858298,3.5823455868317553,3.2286661323883474,1.0984282330286772,1.7439036935936878,1.7450726485015111,3.5091090863949375,0.0029801713190127158,0.0016275141369872237,-0.002577946726312695,-0.0026312697626389298,-0.000816830254863149,-0.0008914595642208201,0.0016024564355733156,0.0015071211422082176,-0.0006444320046357296,-0.000511054761492713,6.591868152770741e-05,-0.0005553373036800043,0.005659808932209617,-0.0011387160640505545,0.0007487174342318825,0.0006078126830701622,-0.0009036905709221832,-0.0009069584377515844,-0.0018400924626673643,6.4838690514541035,1.1296656594702141,-4.872676579066688,-4.967548542818359,-0.9387869168034458,-1.0219608130830946,1.9422625907667173,1.8274865692792877,-1.5274436684188653,-1.3768312431859684,0.09566411745473499,-2.419725944121638,9.894874746086032,-0.6452762335153557,0.47606539018743504,1.1435241331391663,-1.0476889820395292,-1.0507408160464309,-1.0600434679045134,1.380053417728365,0.7177517584564127,0.38707728731896957,2.0548367196971857,2.2518107430096963,1.1911713259811056,0.4573493068973663,0.4573493068973663,1.5393559887076467,1.5393559887076467,0.13134018614627818,0.9996624091540116,0.9996624091540116
middleeast_female_auth_middleeast_f_0009_frame_0008_subdiv_head_var_0.glb,middleEast_female_loPoly_0009_grp.fbx,bad,variation_long_faces_001,middleeast,female,0009,0008,0.05020147394951148,0.1441845854313306,0.05056578059994142,0.05062107628540665,0.08726748388008447,0.08750240584935656,0.08441531380132782,0.08530367458024897,0.039112876456551475,0.0371965613874418,0.07388925646836048,0.022413051060082283,0.07271874613907896,0.17417268131734492,0.17092742101019684,0.06578374372677756,0.08567510940644116,0.08573352234207797,0.17263415430003928,2.8721185672026204,1.007256891516698,1.0083583668542715,1.7383450527339286,1.7430246358375712,1.681530583867434,1.699226494147172,0.779118089159852,0.7409456030086098,1.4718543232948145,0.4464620119047399,1.448538069065731,3.4694734559489926,3.4048287343535293,1.3103946667569453,1.7066253770278965,1.707788947159235,3.4388264072417583,0.004238619126828595,0.00011415863350366928,-0.002340392926692983,-0.0023481043870799065,0.00025836176274152134,0.0002720979150017122,0.0019106904207818048,0.0028340593423878124,-0.003077354054719296,7.83768588760933e-05,0.004982875181878746,-0.0005373704547637741,0.01551934667777316,-0.002296868451600098,0.013655447524138609,0.012631154685948665,-0.0005805052286363965,-0.0005825723504410546,-0.0009523559121170644,9.221836074326733,0.07923807546143202,-4.423666976245722,-4.432963389784066,0.2969364090274206,0.3119304762817981,2.3158586058491504,3.4364891047614803,-7.293996779413675,0.2111548823617045,7.23136970603955,-2.341440458582264,27.132009818165443,-1.3015664484934835,8.682696110091815,23.76395000485509,-0.6730057296471024,-0.6749289950111075,-0.5486347475694401,1.4976681946531039,3.01419969531721,0.5299814022460211,2.116774433537121,2.116774433537121,1.408582631017926,0.775677681036659,0.775677681036659,1.3671964338319154,1.3671964338319154,0.09234114188506837,0.747592746485067,0.747592746485067
middleeast_female_auth_middleeast_f_0009_frame_0008_subdiv_head_var_0.glb,middleEast_female_loPoly_0009_grp.fbx,bad,variation_long_faces_002,middleeast,female,0009,0008,0.04638821511875701,0.1435264434253182,0.0528953152813752,0.0529835146354417,0.08718611692586935,0.08737019463819706,0.08429735266720123,0.0847820873555606,0.03747020260367365,0.03711991264832491,0.07481102434669076,0.022761308520954503,0.06726635360450592,0.17422798851554183,0.16949426614607163,0.06393075139810192,0.08501069593739514,0.0850689002008478,0.17075417173737048,3.0940281504231337,1.1402748552829542,1.1421761863395752,1.8794885016090168,1.88345670154636,1.8172148346599288,1.8276643569603326,0.8077526265614523,0.8002013561697814,1.6127161641199046,0.4906700648577229,1.4500741930315586,3.7558674777528354,3.653821681048833,1.3781679513737448,1.8325925177280897,1.8338472386373477,3.6809817170207584,0.0004253602960741232,-0.0005439833725087162,-1.0858245259204313e-05,1.4333962955144497e-05,0.00017699480852639837,0.00013988670384221247,0.0017927292866552202,0.0023124721176994434,-0.004720027907597124,1.7281197592089459e-06,0.005904643060209033,-0.0001891129938915541,0.010066954143200121,-0.0022415612534031903,0.0122222926600134,0.010778162357273025,-0.0012449186976824095,-0.0012471944916712246,-0.002832338474785867,0.9254435950836671,-0.3775815652105234,-0.020523588336506658,0.027060948976675218,0.20342097957004807,0.1603647942495906,2.1728834254371407,2.8040292306805927,-11.187490208986196,0.004655722743872362,8.569080178017453,-0.824006625626556,17.5997549589838,-1.2702255184183955,7.771437204669448,20.277774896334464,-1.4432900431459434,-1.4449153383434044,-1.6316581693613177,1.1158266885382393,2.690942586525504,0.5227356318121195,1.9043398574632808,1.9043398574632808,2.113088355884644,0.24525934371411207,0.24525934371411207,1.6463947653887536,1.6463947653887536,0.11575469259207669,0.8330492956347565,0.8330492956347565
middleeast_female_auth_middleeast_f_0009_frame_0010_subdiv_head_var_0.glb,middleEast_female_loPoly_0009_grp.fbx,bad,variation_long_faces_001,middleeast,female,0009,0010,0.047723345385230896,0.14409890456629953,0.05238727756104159,0.05242771893135242,0.08749451697580435,0.08773795652646726,0.08347810945179733,0.08358225358469411,0.03871899937221981,0.03747297168534289,0.06945405742802056,0.02263009869100689,0.06655035706016428,0.17538317853647625,0.16435825959941558,0.05929292951139171,0.08576375314808758,0.08582129977280255,0.17360379540400883,3.0194636063986895,1.09772852548711,1.098575938215291,1.8333693136877527,1.8384703716437243,1.749209087878227,1.7513913349955679,0.8113219863291962,0.7852125910883812,1.455347626353008,0.47419346880091734,1.3945031833572976,3.6749975744733243,3.44398026317493,1.2424302829730225,1.7971027063544707,1.7983085443830171,3.6377121931132383,0.0017604905625480116,2.8477768472617848e-05,-0.0005188959655928124,-0.0005414617411341402,0.0004853948584613993,0.0005076485921124141,0.0009734860712513199,0.0011126383468329504,-0.0034712311390509634,0.00035478715677718375,0.0005476761415388331,-0.0003203228238391684,0.009350957598858484,-0.001086371232468769,0.0070862861133573485,0.006140340470562812,-0.0004918614869899723,-0.0004947949197164764,1.7285191852484116e-05,3.8302463355239658,0.0197665607755716,-0.9807852864875705,-1.0222203444717206,0.557866631278939,0.5819635447056372,1.1799169929680098,1.3491494335505845,-8.227570925747022,0.9558311142726925,0.7948119336899179,-1.3957165171539856,16.34799960650673,-0.6156139877339608,4.505752650192013,11.552288574026262,-0.570237066967635,-0.5732359897410418,0.009957681522232496,1.116188555499784,1.6112967318385505,0.292793364789261,1.6848061152892049,1.6848061152892049,1.5139889364807,0.8954913199600345,0.8954913199600345,1.8666017907202177,1.8666017907202177,0.04760330458194351,0.9045935118639808,0.9045935118639808
middleeast_female_auth_middleeast_f_0009_frame_0010_subdiv_head_var_0.glb,middleEast_female_loPoly_0009_grp.fbx,bad,variation_long_faces_002,middleeast,female,0009,0010,0.046358720415165165,0.1487931867844873,0.0543862517555658,0.054352604745226504,0.08708140750284812,0.08727032550409665,0.08413220845208812,0.08428123791538426,0.03751631762401572,0.037136917497211444,0.06989218272715421,0.023500808733376385,0.06462369407075681,0.1776548538171065,0.16111390301992792,0.0556664638057581,0.08543082080079444,0.08549007981156222,0.17143429061303478,3.2096051282686635,1.1731611931587012,1.1724353963714307,1.8784256062935138,1.8825007403687573,1.8148086853701475,1.8180233871988762,0.8092612843503579,0.8010772766079837,1.5076383062611587,0.506933938704845,1.393992187273933,3.8321776836400967,3.4753742462491113,1.2007765379897786,1.8428209414694663,1.8440992125312448,3.697994445872455,0.0003958655924822807,0.004722759986660385,0.0014800782289313974,0.0013834240727399472,7.228538550517472e-05,4.001756974179871e-05,0.0016275850715421064,0.001811622677523106,-0.0046739128872550495,1.8732968645740478e-05,0.000985801440672479,0.0005503872185303287,0.007424294609451015,0.001185304048161473,0.0038419295338696924,0.0025138747649292026,-0.000824793834283119,-0.0008260148809568074,-0.0021522195991215687,0.8612728561127565,3.2780912027752946,2.797552970233778,2.6117528252773794,0.08307793912423184,0.0458757634696348,1.9727198366023682,2.1967153263635018,-11.07818760555587,0.05046843988644922,1.430638820770402,2.3981573417912907,12.979672303156603,0.6716762465328519,2.4428570766362703,4.729543396274041,-0.9562204591232492,-0.9569650757478,-1.2398541778915535,0.7876203855166147,0.7882070928986031,0.25555385334850983,2.0038492442803797,2.0038492442803797,1.5035039829952561,0.3118731934466684,0.3118731934466684,1.3089463559884906,1.3089463559884906,0.12948903527244277,1.1516597514684326,1.1516597514684326
middleeast_female_auth_middleeast_f_0028_frame_0002_subdiv_head_var_0.glb,middleEast_female_loPoly_0028_grp.fbx,bad,variation_long_faces_001,middleeast,female,0028,0002,0.0466109693375486,0.14243621911440651,0.05150282127870473,0.05148057303741466,0.08888823159363055,0.08896880780329723,0.08890693578493365,0.08896587067051558,0.03400359526057136,0.043146390956912535,0.057156468710077846,0.026303330232691758,0.07389648072609387,0.17427194708991492,0.17318805873193704,0.06402878019251274,0.08277020149648484,0.08280605702491832,0.17428461534289633,3.0558518979278886,1.104950658840201,1.1044733411270904,1.9070238799351564,1.9087525762230018,1.907425162971509,1.9086895624555689,0.7295191613442575,0.9256703211738381,1.2262450131890748,0.5643163102274826,1.5853881988797165,3.738861250189146,3.7156073171904875,1.3736848021509132,1.7757665775426663,1.7765358284066382,3.7391330371346108,-0.003652985477403406,-0.008082117163166619,-0.001348348914689046,-0.0013923922302268854,0.0024803792364302135,0.002429233046954235,0.001382029998004422,0.0014458669593195167,-0.012311529364086062,0.0007013489004306581,0.00011673949821423835,-0.003952149127953282,0.019306641772994675,-0.004417526869108984,0.012055780211775835,0.00980542127348033,-0.0013308293021142559,-0.0013264533129872663,-0.0029764332307986308,-7.26760457041624,-5.369523317253696,-2.551218657515336,-2.633467260969066,2.8705484151794503,2.807077633318486,1.5790134083306964,1.6520417024783023,-26.582092704834487,1.652369432211585,0.20466348600749998,-13.062589691089341,35.366731507638185,-2.4721808012720365,7.481915059165126,18.08338964784903,-1.5824173490825086,-1.576623956256346,-1.679124237810881,1.7567530357739354,3.0486599079716137,0.5420155988293359,2.1028332551169195,2.068723251336282,2.2725808075238367,1.1874622574464913,1.1874622574464913,1.0507084905715047,1.0507084905715047,0.12391714595210407,0.9778311600207386,0.9778311600207386
middleeast_female_auth_middleeast_f_0028_frame_0002_subdiv_head_var_0.glb,middleEast_female_loPoly_0028_grp.fbx,bad,variation_long_faces_002,middleeast,female,0028,0002,0.0511028055933424,0.14938229900649483,0.052212048043040825,0.05224295832006761,0.08586509615495384,0.08597455848063712,0.0908248105910367,0.0908196751699276,0.04508271014919333,0.041961662669980054,0.056061397969143965,0.030027720816678042,0.06371582117895377,0.1758496255037324,0.1706025032045216,0.05992392923809821,0.08429215615423591,0.08432395339587181,0.17928685373965697,2.923172167791041,1.0217060968927103,1.0223109614724117,1.6802423107302005,1.6823843130021372,1.7772959730193214,1.777195481059057,0.8821963809178148,0.8211224840353337,1.097031705367808,0.5875943691942818,1.2468164993910742,3.441095326606527,3.3384175530814195,1.172615251595991,1.6494623959592811,1.6500846170147931,3.5083563741364174,0.000838850778390389,-0.001136037271078305,-0.0006391221503529512,-0.0006300069475739384,-0.0005427562022464888,-0.0005650162757058763,0.0032999048041074674,0.003299671458731543,-0.0012324144754640928,-0.00048337938650182266,-0.000978331242719642,-0.00022775854396699796,0.009125982225854583,-0.002839848455291505,0.009470224684360401,0.005700570319065804,0.000191125355636812,0.00019144305796622851,0.0020258051659620135,1.6688913187962204,-0.7547500850549674,-1.2092866591492035,-1.1915483544092145,-0.6281329618086048,-0.6528992975719042,3.770246622305154,3.7701911778020527,-2.660933087089169,-1.138835923071031,-1.7151751178302583,-0.7527844502217869,16.71736425838362,-1.5892645450076837,5.8772983112601285,10.513126506194553,0.22725685264727535,0.22754944218034887,1.1428371784226472,0.8359713359052467,1.8056114569597672,0.47812077219005333,1.2348336851922552,1.2348336851922552,0.9855209107085868,0.9824191712889433,0.9824191712889433,1.7609248207436041,1.7609248207436041,0.11319058392667979,0.9033987786471517,0.9033987786471517
middleeast_female_auth_middleeast_f_0028_frame_0004_subdiv_head_var_0.glb,middleEast_female_loPoly_0028_grp.fbx,bad,variation_long_faces_001,middleeast,female,0028,0004,0.048179459599329545,0.14375513837854387,0.05093461449368318,0.0509016973430479,0.08538249642332336,0.08538139491131226,0.0887967995068762,0.08892010815754131,0.03611670909780573,0.041746471338269336,0.057413404099858054,0.024957822971398865,0.06342563354084481,0.17224608539203554,0.16603354151266841,0.05705200189160741,0.08201775138175929,0.08205251297238002,0.17308771761723574,2.9837432709715226,1.0571852593878404,1.056502039797811,1.7721762994724732,1.7721534367832636,1.8430426626892238,1.8456020241202271,0.7496287712265731,0.866478613198274,1.191657286680256,0.518017910100141,1.31644551575102,3.5750937603798376,3.4461478583080436,1.1841561189366543,1.70233854974373,1.7030600520376498,3.592562454138535,-0.002084495215622463,-0.006763197899029266,-0.0019165556997105954,-0.0019712679245936504,-0.0010253559338769674,-0.0011581798450307351,0.0012718937199469732,0.0014001044463452517,-0.01019841552685169,-0.0006985707182125406,0.00037367488799444626,-0.005297656389246175,0.008835794587745617,-0.006443388566988367,0.004901262992507205,0.002828642972575006,-0.002083279416839806,-0.0020799973655255682,-0.00417333095645922,-4.147097504158962,-4.493271760961502,-3.6263259502060343,-3.728309760224615,-1.1866467061792734,-1.338323938257907,1.4531791934095575,1.5997536414251117,-22.019622336117433,-1.645824068881704,0.6551133624889758,-17.5097420407661,16.185786141147773,-3.605913893095869,3.041763597908751,5.2166502204313865,-2.4771151994899308,-2.4722872967555243,-2.3543417970497837,0.9964747691923622,1.7304696699630382,0.3860046896588216,1.5569357637351704,1.5569357637351704,1.4486257698562077,0.1692774308401182,0.1692774308401182,1.304415064762557,1.304415064762557,0.09812054615936687,1.1018607618098222,1.1018607618098222
middleeast_female_auth_middleeast_f_0028_frame_0005_subdiv_head_var_0.glb,middleEast_female_loPoly_0028_grp.fbx,bad,variation_long_faces_002,middleeast,female,0028,0005,0.05063172642343243,0.1503235212600796,0.05272139955968233,0.05273039201795808,0.08609057211512552,0.0861863179816941,0.08803787566114772,0.08809219511544226,0.048045563452434895,0.04220355174050435,0.057100519892128394,0.03051528290899952,0.058208688424114245,0.17949803949836163,0.1635723116424211,0.05637957799472346,0.08265963935542478,0.08268590909757557,0.17332211298225259,2.9689590278420703,1.0412720103354562,1.0414496155429214,1.700328592297076,1.7022196174177255,1.7387887374190676,1.739861571749074,0.9489220859393676,0.8335396543178605,1.1277616610304284,0.6026909423115584,1.1496485017578857,3.545169248174988,3.2306287617860017,1.1135227253209148,1.632566084437717,1.6330849239876684,3.4231918448279277,0.0003677716084804217,-0.00019481501749352148,-0.0001297706337114457,-0.00014257324968346835,-0.00031728024207480776,-0.0003532567746488968,0.0005129698742184913,0.0005721914042462056,0.0017304388277774724,-0.00024149031597752585,6.079068026478701e-05,0.0002598035483544793,0.0036188494710150537,0.0008085655393377245,0.002440033122259877,0.0021562190756910515,-0.0014413914431743169,-0.0014466012403300116,-0.003938935591442372,0.7316806045890777,-0.12942942521917075,-0.24553975481827003,-0.269652456528145,-0.3671891308711238,-0.4082025774260054,0.5860844631667081,0.6537835694504291,3.7362283742106457,-0.5689482311177196,0.10657603236332203,0.8586991640675177,6.629163119759678,0.4524975766189453,1.5143043620242576,3.976550178145121,-1.7138808281982756,-1.719431922951015,-2.2221100592242005,0.4600455615540041,0.8229358997246158,0.4116622730721856,1.3732418824187265,1.387540659543008,0.5985753562169623,1.0981354201462863,1.0981354201462863,1.6688062323219273,1.6688062323219273,0.1074179691221185,0.9251790304011012,0.9251790304011012
middleeast_male_auth_middleeast_m_0011_frame_0001_subdiv_head_var_0.glb,middleEast_male_loPoly_0011_grp.fbx,bad,variation_long_faces_001,middleeast,male,0011,0001,0.041208274725438164,0.14721677782488263,0.05527835926873113,0.055547069113582544,0.08122769296223535,0.0812258727849112,0.08297051006807298,0.08294522045512676,0.03921264445816598,0.039462589643814106,0.05961548453586739,0.019028486290394258,0.05541261195005404,0.17146247487385524,0.15245181624986684,0.050775342665582424,0.08255049407760198,0.08237211052340407,0.17034154469251928,3.5725052506021235,1.3414383309429696,1.3479591049050383,1.9711500542897737,1.9711058840997748,2.0134429461288437,2.0128292438296156,0.9515720985513556,0.9576375110762296,1.4466872232111752,0.46176372141704436,1.3446962368421467,4.160874873220796,3.699543775264079,1.232163758465686,2.0032504303472565,1.9989216018440872,4.133673293227348,0.0005811219489448502,2.694811123260532e-05,-2.4976210756887107e-05,-1.4314453198570332e-05,0.00034702847906341316,0.00025532592444243996,0.0013751365681878847,0.0013473363813049505,-0.0009684793549266726,0.0002604031104166196,-0.0003535241194483965,0.0007668636979895928,0.00490888073716432,-0.005204110199713424,0.002137594288164013,0.0007670403178897736,-0.00021905819650042124,-0.00021290302496075608,-0.0002892464643158843,1.430378230396408,0.01830840574041796,-0.04516221406962112,-0.025763313077625766,0.42906234917940866,0.3153318513241937,1.6853119352285597,1.651190342247125,-2.410284389833573,0.6642565975108929,-0.5895113615773593,4.199318511316432,9.719837761039447,-2.945724115030748,1.4220838589103237,1.5338259486530326,-0.26466036178978086,-0.2577986196443163,-0.1695159838121032,1.1683322993790757,0.9000058266752583,0.46035645860433905,1.3063759271897226,1.358625906946355,0.7212223033864604,0.19496252134864756,0.19496252134864756,1.2169305543742335,1.2169305543742335,0.11448019987675759,0.8177529749788913,0.8177529749788913
middleeast_male_auth_middleeast_m_0011_frame_0001_subdiv_head_var_0.glb,middleEast_male_loPoly_0011_grp.fbx,bad,variation_long_faces_002,middleeast,male,0011,0001,0.039188296615264503,0.145541471807452,0.05534496293294487,0.05550883971835425,0.08131193789147834,0.08129886516580376,0.0815203315994341,0.08153006870887015,0.036494396395342715,0.03921777096771465,0.060008226632469214,0.01795596220197335,0.05908989238831865,0.17578420332227523,0.16225217444293938,0.0615065358902651,0.08160340719275856,0.08142796634359334,0.16728252250889694,3.713901454720569,1.412282944479579,1.4164647232136296,2.074903604251223,2.074570016756903,2.0802213579163467,2.080469827747318,0.9312575321563615,1.0007521212963022,1.531279280179149,0.4581970576128384,1.507845389873418,4.485630111664622,4.140322199657421,1.5695128699803518,2.082341266167018,2.077864397705813,4.26868572908927,-0.0014388561612288103,-0.0016483579061980225,4.162745345685781e-05,-5.25438484268656e-05,0.0004312734083063985,0.0003283183053350014,-7.504190045098946e-05,-6.781536495165108e-05,-0.0036867274177499396,1.5584434317164608e-05,3.921797715342873e-05,-0.000305660390431315,0.00858616117542893,-0.0008823817512934318,0.011937952481236552,0.011498233542572449,-0.0011661450813438418,-0.0011570472047714858,-0.0033482686479382184,-3.541612106426828,-1.119885734907646,0.07527114430972688,-0.09456900648219346,0.5332218906239691,0.40547868090945566,-0.09196832765413487,-0.08310921995268696,-9.175272037933027,0.03975399255826655,0.065397074310236,-1.6737854967961314,17.001043228341796,-0.4994615993318626,7.941997986243853,22.992649225779946,-1.4089058709439395,-1.4010377368211926,-1.9622886498021685,1.0256000937559264,2.6868710831873392,0.30146112632597,1.458486017524087,1.458486017524087,2.055997122622939,0.514075778370529,0.514075778370529,1.6764896468285488,1.6764896468285488,0.10949724687727433,0.8507945288256374,0.8507945288256374
middleeast_male_auth_middleeast_m_0011_frame_0002_subdiv_head_var_0.glb,middleEast_male_loPoly_0011_grp.fbx,bad,variation_long_faces_001,middleeast,male,0011,0002,0.04234016461290971,0.14961427570757266,0.055909132037171926,0.05604293809167927,0.08017620676168043,0.0802613101994192,0.0829075157110203,0.08266392880801338,0.036396032330946106,0.039092280008181476,0.060744551480671094,0.01811719197174949,0.06507633869471187,0.17286170186878033,0.16458232555107447,0.06374556312196952,0.08425233630041414,0.08406450139586266,0.175663762496804,3.53362527225401,1.3204750748683904,1.323635337841637,1.8936205726803985,1.8956305657571102,1.9581292720279462,1.9523761790668326,0.8596100809643237,0.9232906949129353,1.4346791524317741,0.4278961156004924,1.5369883251438705,4.082688469663484,3.887144205879931,1.5055577536071556,1.9898915620825246,1.9854552329782633,4.1488681988554035,0.0017130118364163949,0.002424445993922636,0.0006057965576839117,0.0004815545248981548,-0.000704457721491511,-0.0007092366610495504,0.0013121422111352088,0.0010660447341915708,-0.0037850914821465492,-0.00010990652521600947,0.000775542825355309,-0.00014443062065517404,0.014572607481822146,-0.003804883204788334,0.014268103589371639,0.013737260774276873,0.0014827840263117315,0.0014794878474978373,0.005032971339968828,4.216421086263115,1.64715592010621,1.0954069088809324,0.8667072235869686,-0.8709840924193702,-0.8759193170224373,1.6081085910306627,1.3064612474842086,-9.420073713600843,-0.2803581507433951,1.2932393627063288,-0.7908969749229475,28.854516551250136,-2.153708469093847,9.49218470691807,27.469960245332548,1.7914607311167934,1.791472549231217,2.949626679831061,1.3464488302726363,3.16067256263316,0.047552174754364816,1.9024128517520358,1.9024128517520358,1.4290406646407987,0.4468204449553638,0.4468204449553638,1.5560048311980246,1.5560048311980246,0.0900496841578639,0.983695350618258,0.983695350618258
middleeast_male_auth_middleeast_m_0011_frame_0002_subdiv_head_var_0.glb,middleEast_male_loPoly_0011_grp.fbx,bad,variation_long_faces_002,middleeast,male,0011,0002,0.04193228763582244,0.14840020336433934,0.05475663482702332,0.056513716794071474,0.07963698338721502,0.0804480971830084,0.08099409571017392,0.08185325474815054,0.034725353217711294,0.03922835258163019,0.05956770166916904,0.018148897146295646,0.052805990486059474,0.1776054575759354,0.1530891405168229,0.05239014646992792,0.08269349559359042,0.08250596973082042,0.17151880350337684,3.5390438187675253,1.305834666178459,1.347737506832139,1.899180509273759,1.9185239279500264,1.9315448852588064,1.952034085500833,0.8281292334751058,0.9355166339200082,1.4205688510607466,0.43281438169834496,1.2593157555503294,4.235529888529344,3.6508654582928117,1.2493987193098286,1.9720721252266231,1.9676000137978682,4.090375535744671,0.0013051348593291281,0.0012103736506893226,-0.0005467006524646906,0.0009523332272903598,-0.0012436810959569194,-0.0005224496774603599,-0.0006012777897111687,0.0002553706743287365,-0.005455770595381361,2.616604823270363e-05,-0.0004013069861467447,-0.0001127254461090188,0.0023022592731697517,0.0009388725023667388,0.002774918555120076,0.0023818441222352715,-7.6056680511985e-05,-7.904381754440803e-05,0.0008880123465416778,3.212469420412531,0.822321523874333,-0.9885491493862275,1.7140200012221045,-1.537674181961846,-0.6452342212294344,-0.7369018167580488,0.31296237301656255,-13.577944262483888,0.06674640000095916,-0.6691906288685531,-0.6172805594827226,4.55859244035847,0.5314375109338121,1.846078513999209,4.762897379869101,-0.091889684578833,-0.09571205978929466,0.5204291327029374,0.5354528713449241,0.9653681554131174,0.1837438828274367,1.8295226984629258,1.8295226984629258,1.7728735910720361,0.7696750646597773,0.7696750646597773,1.5670014685683133,1.5670014685683133,0.12541611197123287,0.8872264498435373,0.8872264498435373
middleeast_male_auth_middleeast_m_0011_frame_0003_subdiv_head_var_0.glb,middleEast_male_loPoly_0011_grp.fbx,bad,variation_long_faces_001,middleeast,male,0011,0003,0.041071508713967496,0.1469282481008429,0.055184043566840216,0.05537293985622582,0.07938980710549264,0.0793912517241632,0.08279289030042329,0.08225405673553353,0.03470241286238006,0.0389854060462199,0.06246389394003606,0.018329009270731927,0.057501975529620365,0.17653657860846175,0.15630987644653196,0.05410657433237919,0.08455716796926681,0.08435931777796635,0.17755232842426455,3.5773764514980164,1.3436088737610306,1.3482080787890496,1.9329654446926599,1.9330006179481791,2.0158229608026863,2.0027035604747767,0.8449266644684652,0.9492080341563358,1.5208570587228878,0.4462706592635747,1.4000453679478602,4.298273526738638,3.805798261152615,1.317374891416608,2.0587792028324206,2.0539619901831765,4.323004778343655,0.00044435593747418206,-0.00026158161280712133,-0.00011929191264779815,-0.00018844371055529163,-0.0014908573776793027,-0.0015792951363055585,0.0011975168005382009,0.0006561726617117236,-0.005478710950712597,-0.00021678048717758275,0.0024948852847202774,6.738667832726156e-05,0.006998244316730642,-0.00013000646510691327,0.005995654484829138,0.004098271984686541,0.0017876156951644046,0.0017743042296015227,0.00692153726742939,1.0937412718010708,-0.17771717877248344,-0.2157047339252141,-0.3391630993652178,-1.843280328130206,-1.950456304842617,1.467628309269137,0.8041540159522795,-13.635036631124308,-0.5529806022245752,4.160291024752708,0.3690070692583959,13.856885716484504,-0.07358859914158362,3.988747309856492,8.195183184169084,2.1597503502791424,2.148457877968894,4.056440939236731,0.9097374705921358,1.4734437699854273,0.386634672042079,1.5318181931063841,1.5318181931063841,1.406499052100659,1.1840507860147118,1.1840507860147118,1.709171361593134,1.709171361593134,0.06781685788440826,1.1398193640870862,1.1398193640870862
middleeast_male_auth_middleeast_m_0011_frame_0003_subdiv_head_var_0.glb,middleEast_male_loPoly_0011_grp.fbx,bad,variation_long_faces_002,middleeast,male,0011,0003,0.041708686980071574,0.14934628617832138,0.056049671385704256,0.05625413745133493,0.08053076750154124,0.08067154585901026,0.08328533911879907,0.08365574959609647,0.03556316564639734,0.0393235667977839,0.06408110840469385,0.017590662385976914,0.057204400551570174,0.17166153427428202,0.16102174784064927,0.0588935982130301,0.08155477779011501,0.08137070231655531,0.16805058050605692,3.5806997772353535,1.3438368705417365,1.348739112267264,1.9307912411632346,1.9341665178181024,1.9968343563198916,2.005715251503055,0.8526560824940241,0.9428147861996402,1.5363971643440089,0.4217505670792691,1.3715224499611425,4.115726164103463,3.8606285524544446,1.412022350192167,1.9553427282206681,1.9509293676742752,4.029150584058222,0.0010815342035782605,0.002156456464671358,0.0007463359062162417,0.0006927538845538164,-0.0003498969816306957,-0.0002990010014584932,0.0016899656189139772,0.00205786552227466,-0.004617958166695316,0.00012138026438641286,0.004112099749378061,-0.0006709602064277516,0.006700669338680451,-0.005005050799286648,0.010707525878946439,0.008885295865337449,-0.0012147744839873936,-0.0012143112318095117,-0.0025802106507782363,2.6620969712749134,1.4650852364369396,1.3495314518471628,1.2468261948897872,-0.4326089354811068,-0.3692713129055952,2.071153726523915,2.521959417983074,-11.492854675186052,0.3096262609816559,6.857041397854682,-3.6741543804919936,13.267671868509956,-2.833048930674927,7.123428335127538,17.767641467932,-1.4676586384864159,-1.470377226611904,-1.5121600464283365,0.9930297564301274,2.4956103930973317,0.11648040017497913,1.7490359555954118,1.7490359555954118,1.9726768162960617,0.8586950126012611,0.8586950126012611,1.5680755572904939,1.5680755572904939,0.11279070362567421,0.9413957762634914,0.9413957762634914
middleeast_male_auth_middleeast_m_0011_frame_0004_subdiv_head_var_0.glb,middleEast_male_loPoly_0011_grp.fbx,bad,variation_long_faces_001,middleeast,male,0011,0004,0.0418161091183712,0.1521357984408169,0.0578228043036,0.05783572946767924,0.07984459160609063,0.07998572841034159,0.08282312259353158,0.08176136122316324,0.038349442283386305,0.03915780325089248,0.061139753790630906,0.018449413318764266,0.05599662491091067,0.17136101126550246,0.15445474647878543,0.05283224293917512,0.08103198576910561,0.08085729017345927,0.1652065002087936,3.6382102890098547,1.3827877706153326,1.3830968659460976,1.909421830234613,1.9127970080602552,1.9806511016861836,1.9552598973691404,0.9170973362162509,0.9364286653271899,1.4621100594882988,0.4412034908972157,1.3391160988316222,4.097966426776371,3.69366614291066,1.2634423444232923,1.9378174458968394,1.933639735456305,3.9507860413587097,0.001188956341877885,0.004945968727166877,0.002519468824111984,0.002274345900898124,-0.0010360728770813094,-0.00098481845012717,0.0012277490936464935,0.0001634771493414372,-0.00183168152970635,-4.4383282505007504e-05,0.001170745135315121,0.00018779072635960112,0.005492893698020945,-0.005305573808066205,0.0041405245170826055,0.002823940591482471,-0.0017375665049967903,-0.0017277233749055515,-0.00542429094804156,2.926506684873595,3.360265268863342,4.555726706658505,4.093393207468476,-1.280989571119158,-1.216267505052477,1.5046797887973669,0.20034483883618723,-4.55856221997831,-0.11321634436690436,1.9522502732106504,1.0283353815323433,10.876213630368428,-3.003156372698789,2.7545793492099047,5.646943525194004,-2.099282232725637,-2.092054357893558,-3.1789637211819683,1.3265280891121851,1.2060451701845036,0.34202231937862193,2.0231340161041103,2.1256599248548027,0.9704255563470677,0.49347537675656583,0.49347537675656583,1.078441421933228,1.078441421933228,0.12385660654908248,1.0906517386803094,1.0906517386803094
middleeast_male_auth_middleeast_m_0011_frame_0005_subdiv_head_var_0.glb,middleEast_male_loPoly_0011_grp.fbx,bad,variation_long_faces_001,middleeast,male,0011,0005,0.0407342107142275,0.14727373570857494,0.055577279648846914,0.0557580776968224,0.08152252842172654,0.08150089873636286,0.08241114690599093,0.08223967335531901,0.04126897502061472,0.039324146646920265,0.0609720861164144,0.01770464955313629,0.06412896579447187,0.17663899044773324,0.1624878625011748,0.06186016099636533,0.08469747191441208,0.08451374986169395,0.17705950981322288,3.615480283680461,1.3643882789027522,1.3688267605820434,2.0013282936461225,2.0007972980779156,2.0231433348285464,2.0189337638643536,1.0131281371852,0.9653837881578312,1.496827483516657,0.434638335755269,1.5743269519660321,4.336379356579441,3.9889778064220995,1.5186291795451194,2.0792712177145303,2.0747609535042564,4.346702850225601,0.00010705793773418959,8.390599492491546e-05,0.0002739441693589001,0.0001966941300412875,0.0006418639385546016,0.0005303518758941056,0.0008157734061058353,0.0006417892814972043,0.0010878512075220628,0.0001219601135227788,0.0010030774610986157,-0.0005569730392683755,0.01362523458158215,-2.759462583543093e-05,0.01217364053947198,0.011851858648672678,0.0019279196403096804,0.0019287363133291269,0.006428718656387722,0.2635132674031069,0.057005293835960064,0.49534836729785653,0.35401229669681306,0.7935937997741697,0.6549935704497912,0.9997789961792186,0.7865268674327094,2.7073687948160288,0.31110538545822547,1.6726597347373369,-3.0499646811233005,26.978669207919186,-0.015619606743369038,8.098794898179088,23.699782020733835,2.329261893220248,2.3354555874711918,3.767619321696029,1.7665667576880784,2.69637137783797,0.5339045328129389,1.446969234499001,1.5673387884810401,1.1168351375593002,0.789824212213041,0.789824212213041,1.2686117886787582,1.2686117886787582,0.13459459050237169,0.9320634995929721,0.9320634995929721
middleeast_male_auth_middleeast_m_0011_frame_0005_subdiv_head_var_0.glb,middleEast_male_loPoly_0011_grp.fbx,bad,variation_long_faces_002,middleeast,male,0011,0005,0.04122630491306909,0.14516778040391248,0.05454588834072706,0.05474218939080836,0.07937561690012304,0.0794242997113212,0.08253189855526208,0.08228850816437899,0.042876417162841476,0.03935453834886258,0.06065580010319755,0.018183073458888713,0.05168576657291148,0.17288753435379647,0.15172670106406536,0.05111407892294738,0.08141548966235602,0.0811858208373136,0.16731368836956748,3.5212416128493014,1.3230845804819036,1.327846128976129,1.9253633588432586,1.9265442265271515,2.0019232557778603,1.9960194913877143,1.0400257130308392,0.9545977606250822,1.4712887859122477,0.44105513451254086,1.2537084437205201,4.193621880941109,3.6803371387273347,1.2398413835711912,1.974843242294718,1.969272313114266,4.0584206787964545,0.0005991521365757771,-0.002022049309737539,-0.0007574471387609555,-0.0008191941759727525,-0.0015050475830488963,-0.001546247149147556,0.0009365250553769883,0.0006906240905571875,0.0026952933497488216,0.00015235181546509324,0.0006867914478817655,-7.854913351595244e-05,0.0011820353600217604,-0.0037790507197721923,0.0014124791023625294,0.0011057765752547286,-0.0013540626117463789,-0.0013991927110512253,-0.003317102787267684,1.4747578789780311,-1.3737697187851419,-1.36962288475691,-1.4743948465360572,-1.8608249482940846,-1.9096414796507457,1.1477673490621465,0.8463749990531351,6.707859546901434,0.38863091306220965,1.1452439573067492,-0.4301322794209011,2.340491151117321,-2.13908630101074,0.9396842720061459,2.2111859898114465,-1.6359428975309909,-1.6942453006099063,-1.944023563847144,0.6333302614266921,0.9361299663675576,0.5869122519924034,1.5482182422168842,1.5482182422168842,0.6361679011206668,1.066275988301126,1.066275988301126,0.9423532411564803,0.9423532411564803,0.0937243317470469,0.9418301072960682,0.9418301072960682
middleeast_male_auth_middleeast_m_0011_frame_0006_subdiv_head_var_0.glb,middleEast_male_loPoly_0011_grp.fbx,bad,variation_long_faces_001,middleeast,male,0011,0006,0.040910226455601106,0.1469223341261626,0.055185259068046756,0.05536051450110846,0.07992203950390851,0.07992991076834839,0.08219207650510502,0.08195232260165644,0.03586792719334882,0.03918556823246987,0.061822611814698725,0.017466075432323865,0.06420948626444936,0.1739712248832469,0.16337370233940313,0.062058472649007705,0.08154183017793291,0.08136090170585392,0.16783841025575275,3.5913351466194867,1.3489355559529352,1.3532194587382669,1.9535956270162913,1.9537880303619053,2.009083880146841,2.0032233918479365,0.8767472170381512,0.9578428580686795,1.5111774529479403,0.4269366597439733,1.5695216533238794,4.252511901200394,3.99346854060338,1.5169427799760113,1.9931894111226276,1.9887668378993932,4.102602815897481,0.0002830736791077926,-0.0002674955874874263,-0.00011807641144125774,-0.00020086906567265417,-0.0009586249792634255,-0.0010406360921203645,0.0005967030052199257,0.0003544385278346357,-0.004313196619743838,-1.6618300927619123e-05,0.0018536031593829397,-0.0007955471600807999,0.013705755051559639,-0.002695360190321766,0.0130594803777003,0.012050170301315055,-0.0012277220961694896,-0.0012241118425109082,-0.002792380901082414,0.6967598262794772,-0.18173510221991881,-0.2135068534610399,-0.361526392573041,-1.1852338075967184,-1.2852032405235259,0.731295145331697,0.4343722044483094,-10.734385229759107,-0.04239126027692743,3.0909351362416295,-4.35638813613245,27.138103903225296,-1.5256762840575349,8.68812026384809,24.09633947886064,-1.4833016035941866,-1.482244525871541,-1.6365046907130607,1.1581181142396855,3.2803551367166417,0.14689326988815948,1.8514671698518288,1.8884026210590787,1.7939052487898652,0.5512927894626747,0.5512927894626747,1.7406163791424172,1.7406163791424172,0.09291640656945022,0.6376420251842223,0.6376420251842223
middleeast_male_auth_middleeast_m_0011_frame_0006_subdiv_head_var_0.glb,middleEast_male_loPoly_0011_grp.fbx,bad,variation_long_faces_002,middleeast,male,0011,0006,0.04055561023944674,0.14878826381774518,0.05578596985698308,0.055983119590353285,0.08010291183924091,0.08021156311005098,0.08419274269989868,0.08423919734167924,0.03922990560618295,0.03885636009899331,0.06035251932905129,0.017727164966992573,0.057864369497538884,0.1759784496245441,0.15769480230402075,0.05449055755083407,0.08450402163367098,0.08431692363129345,0.17581670092293927,3.6687467637467597,1.375542607486705,1.3804038272342616,1.9751376287103226,1.97781669752888,2.075982637243316,2.0771280926194353,0.9673114366807299,0.9581007379639763,1.4881423056568615,0.4371075878855869,1.4267907487003275,4.33918879744478,3.8883597453710026,1.343600977253534,2.083657997863819,2.079044628683257,4.3352004786733485,-7.15425370465747e-05,0.0015984341040951588,0.0004826343774950656,0.00042173602357217094,-0.0007777526439310262,-0.0007589837504177743,0.002597369200013591,0.002641313267857437,-0.0009512182069097083,-0.0003458264344041728,0.00038351067373550846,-0.0005344576254120922,0.007360638284649161,-0.0006881354490245739,0.007380580342317922,0.004482255203141418,0.0017344693595685717,0.0017319100829286255,0.005185909766104113,-0.1760953750319636,1.0859677650316109,0.8727039215818627,0.7590452153972589,-0.9616051610120558,-0.9373578169425992,3.1832309708310227,3.23698745113027,-2.3673260392974935,-0.882161085860742,0.6395147799421114,-2.926671070479699,14.574444517023242,-0.3895108114180256,4.910101150773579,8.963022123761869,2.095540342932683,2.0971239314677295,3.039257880095913,0.835900154364027,1.5207094069242189,0.05708486323424013,1.3435729881951857,1.5980966306162405,0.6514432704338698,1.2829264437924566,1.2829264437924566,1.3894231974023648,1.3894231974023648,0.09558669786806567,0.8676862973144802,0.8676862973144802
middleeast_male_auth_middleeast_m_0011_frame_0007_subdiv_head_var_0.glb,middleEast_male_loPoly_0011_grp.fbx,bad,variation_long_faces_001,middleeast,male,0011,0007,0.043218996988499916,0.14597089279580844,0.05334398491875314,0.053657452480466536,0.079016488310671,0.07908658358431232,0.08168774167424468,0.08181846033652085,0.03908967309855852,0.039089306218332745,0.06082101801599902,0.01790173004980676,0.05685930534330854,0.17744455722988287,0.15700043839607347,0.05616397911065588,0.0832685930521396,0.08309354297139122,0.17183941690860885,3.377470625582765,1.2342717007742536,1.2415247048593971,1.8282813997672456,1.829903262339854,1.8900887888717284,1.893113353794208,0.904455813932004,0.9044473250671219,1.407275093223075,0.41420975259028353,1.3156090910309222,4.105707434096605,3.632671957608121,1.2995206511988346,1.9266664859042524,1.9226161818031424,3.9760158467891644,0.0025918442120066026,-0.0012189369178415843,-0.001959350560734874,-0.001903931086314578,-0.0018641761725009393,-0.0018839632761564334,9.236817435959166e-05,0.00022057626269904318,-0.001091450714534134,-0.00011288031506474089,0.0008520093606832341,-0.00035989254259790465,0.006355574130418817,0.0007779721563141995,0.006686216434370645,0.006155676762963233,0.0004990407780371964,0.0005085294230263993,0.0012086257517736898,6.379586150832189,-0.828139362762333,-3.5429157097795594,-3.426716478408387,-2.3048477462605423,-2.3267266298731366,0.1132027103959782,0.27032105697678055,-2.716326998744855,-0.28794392621078635,1.4207494500706743,-1.970758845643817,12.584365506833537,0.4403618012937937,4.4481595600941635,12.309309602562928,0.6029279660527296,0.6157647752017207,0.7083280476984851,0.8177329013275282,1.6279266986203134,0.42374348406400675,1.7448348890768717,1.7448348890768717,1.587928262104253,1.0755424881875666,1.0755424881875666,0.9974877806727185,0.9974877806727185,0.10038194517792315,1.0046748910815795,1.0046748910815795
middleeast_male_auth_middleeast_m_0011_frame_0008_subdiv_head_var_0.glb,middleEast_male_loPoly_0011_grp.fbx,bad,variation_long_faces_001,middleeast,male,0011,0008,0.03802816031072538,0.14459698959611145,0.05572643191087986,0.05574415337416026,0.07991375195271481,0.07993609256996861,0.08232387698644004,0.08217833400913699,0.03879244283004121,0.03884075963890633,0.06481585066967088,0.017868357170212425,0.06007775253025323,0.17323768198734932,0.16029814691816424,0.058753254901674885,0.08130847305061678,0.08113615028524071,0.16735725187391942,3.802366152204571,1.4653991004440698,1.465865109399949,2.10143618044484,2.1020236560700414,2.164813556947734,2.1609863148168014,1.0200978041817153,1.0213683575945105,1.704417203989496,0.4698717220136697,1.5798227429189897,4.555510457824848,4.215248531834818,1.5449933528628848,2.138112188079861,2.1335807365458392,4.400876889822049,-0.0025989924657679325,-0.002592840117538575,0.00042309643139184366,0.00018276980737914894,-0.000966912530457123,-0.001034454290500142,0.0007285034865549544,0.0005804499353151832,-0.001388680983051442,-0.0003614268944911528,0.0048468420143550975,-0.0003932654221922398,0.009574021317363506,-0.003428903086219348,0.009983924956461415,0.008744952553982235,-0.001461079223485623,-0.0014488632631241144,-0.0032735392829157384,-6.397180920026711,-1.7615620064122688,0.765046859693969,0.32895114492509303,-1.1954804484306618,-1.2775686105748418,0.8928245013254096,0.7113541507890679,-3.4560531196465765,-0.921955958204634,8.082244684439123,-2.1535075549957203,18.957057404344795,-1.9408894357648119,6.642036146789308,17.487001444642562,-1.7652375581869335,-1.754390053197251,-1.9184927062237362,1.3201426699236516,2.7205835646697967,0.2623362320522797,1.620728458020346,1.620728458020346,1.8784398782817417,0.5840034548988279,0.5840034548988279,0.9202477708856981,0.9202477708856981,0.1217988097466444,0.8959229637783628,0.8959229637783628
middleeast_male_auth_middleeast_m_0011_frame_0009_subdiv_head_var_0.glb,middleEast_male_loPoly_0011_grp.fbx,bad,variation_long_faces_001,middleeast,male,0011,0009,0.04137158313477443,0.146433963933702,0.05474143561321326,0.05501005502044605,0.07969208474648101,0.07979500829376243,0.08346114485843048,0.08335888778599702,0.03980368399878477,0.038779782782064336,0.061448661868475446,0.018063567138192203,0.06286380624269527,0.17571399274273486,0.16056440322324053,0.05894430309680975,0.0832553010340898,0.08306740066455497,0.17317448640749372,3.5394817611081106,1.3231651163767275,1.3296579645318902,1.9262517580454084,1.9287395416756874,2.0173543900058815,2.0148827158593945,0.9621020271116534,0.9373531260752846,1.4852866922761156,0.43661774023361144,1.519492402258491,4.247214620004241,3.88103115851711,1.424753384582587,2.012378901790453,2.0078371280584033,4.185831754210387,0.0007444303582811174,-0.0007558657799480173,-0.000561899866274751,-0.0005513285463350642,-0.0011885797366909256,-0.0011755385667063245,0.00186577135854539,0.0017610037121752187,-0.00037743981430788526,-0.0004224037513331502,0.001479653213159661,-0.00019805545421246185,0.012360075029805552,-0.0009525923308338069,0.010250181261537705,0.008936000749117101,0.0004857487599874005,0.00048238711619014163,0.002543695250658562,1.8323468601812565,-0.513531255127147,-1.016032507629055,-0.9922872882969225,-1.4695474428727302,-1.451810086860415,2.286614152882109,2.1581487463351796,-0.9393460871417936,-1.0775004883293744,2.467363136956744,-1.0845446685270816,24.473587857704608,-0.5392034551622323,6.819169289349916,17.869034399503867,0.5868688988177425,0.5841097500185527,1.4907598056675049,1.6649141745840743,2.915019072987745,0.17712398973689694,1.3171115367668693,1.3171115367668693,2.1333413222158613,0.792278564427415,0.792278564427415,1.2561753136027987,1.2561753136027987,0.09827193396131129,0.7623098841705032,0.7623098841705032
middleeast_male_auth_middleeast_m_0025_frame_0001_subdiv_head_var_0.glb,middleEast_male_loPoly_0025_grp.fbx,bad,variation_long_faces_001,middleeast,male,0025,0001,0.042254113633941506,0.1482409621890053,0.05354842697008756,0.05350905169948914,0.07999319278337153,0.07987071380805334,0.08381451127237816,0.0838316711559435,0.04196527319787677,0.03861730335726041,0.07035651077240385,0.025892693886107633,0.058193238345724936,0.1682192836025623,0.16639065526238478,0.06124528203032764,0.07815402071030447,0.07815267328592482,0.16285975277604664,3.50832024245629,1.2672950007658819,1.2663631324290014,1.893145682249392,1.8902470538133715,1.9835822849932505,1.9839883965428622,0.9931642055358908,0.9139300303826571,1.6650807394025773,0.6127851624204651,1.3772206618713685,3.9811338858008045,3.9378569552747162,1.4494513495398724,1.849619220210683,1.8495873316141942,3.854293434881713,0.002718006302427148,0.007630781393812569,0.0019419258706228001,0.0019025578962038117,-0.0002968216601149931,-0.00042134590649407777,0.002413707520705771,0.002435102231155839,-0.002596563443885362,-0.0003258574156503255,0.0006074786362955803,0.00024087908802910077,0.0045055427368063325,-0.00391373754460872,0.0014639087679427232,5.022697495277867e-05,-0.0013598293155613617,-0.0013611767399410168,-0.0038410127144852813,6.874744343534843,5.42690532837538,3.762948134925855,3.686663743241345,-0.36968689341053246,-0.5247665933493767,2.9652133756187653,2.991652183037261,-5.826877075914627,-0.8367513298432501,0.8709491984206268,0.9390333195729449,8.392132844788874,-2.2736703966071308,0.8876114996860477,0.08207685230012249,-1.7101791890582703,-1.7118737672722757,-2.3041362186806746,1.1468488415196227,0.6901459101255515,0.13954409183524938,1.5658684217810441,1.5658684217810441,1.014541003170281,0.5167071955139078,0.5167071955139078,1.5840659195749374,1.5840659195749374,0.13803634588710967,0.7748964799235186,0.7748964799235186
middleeast_male_auth_middleeast_m_0025_frame_0001_subdiv_head_var_0.glb,middleEast_male_loPoly_0025_grp.fbx,bad,variation_long_faces_002,middleeast,male,0025,0001,0.04305855460996452,0.1465739245077558,0.05257643410268259,0.05259644574659585,0.0805631972482163,0.08056784800088415,0.08247794099855663,0.08247976426633688,0.04194244740663409,0.039004015516113356,0.07272525342540381,0.026085123371132786,0.05901422317757506,0.16858642255198428,0.1704913602253663,0.06618477668124656,0.07969802397389941,0.07969739855140927,0.1675950214267175,3.4040604900805462,1.2210450299350146,1.2215097841306566,1.8710149000118208,1.8711229099696558,1.9154832702969957,1.9155256142120847,0.974079315633318,0.9058366187490912,1.6889850131795618,0.6058058290023562,1.3705574586081928,3.915282899741608,3.9595235318445066,1.537087746692041,1.8509219525788694,1.8509074276489035,3.8922584128714113,0.0035224472784501637,0.0059637437125630854,0.000969933003217828,0.0009899519433105228,0.0002731828047297796,0.00027578828633673114,0.001077137246884241,0.0010831953415492146,-0.0026193892351280418,6.085474320262352e-05,0.002976221289295547,0.00043330857305425366,0.00532652756865646,-0.003546598595186745,0.005564613730924234,0.004989721625871697,0.000184173948033578,0.00018354852554343382,0.000894255936185584,8.909443838044242,4.241331373614861,1.879478326477529,1.9182701058592384,0.34024505615460304,0.3434813944457368,1.3232513651465156,1.3307629005223949,-5.878099810350325,0.15626554700448123,4.267043137584689,1.6891926612798986,9.921319043858565,-2.0603824713879035,3.3739910894997,8.153798736444543,0.23162499108478116,0.2308384331581549,0.536443809093591,0.5929022619144001,1.214931312384558,0.4733076167059146,1.5255183630973939,1.6441925265997201,0.6752318150396416,0.21441323716464045,0.21441323716464045,1.6232296737674374,1.6232296737674374,0.08694978014436065,1.1233906466160577,1.1233906466160577
middleeast_male_auth_middleeast_m_0025_frame_0002_subdiv_head_var_0.glb,middleEast_male_loPoly_0025_grp.fbx,bad,variation_long_faces_001,middleeast,male,0025,0002,0.04017741006700645,0.14058317990262703,0.05142898737516792,0.051425336518385545,0.08031925051383716,0.08031071781328833,0.08407956493534459,0.08382298081701621,0.04396138677953187,0.03897471325633141,0.06925598613303026,0.025910306495599205,0.06246312940779281,0.16622709138863642,0.16861833420607372,0.06239682264991474,0.07802165344305821,0.07802136025000524,0.1617384180427586,3.4990602845770153,1.2800473522159963,1.2799564838206396,1.9991146860856281,1.9989023105110304,2.092707439208244,2.0863211610011505,1.094181698278078,0.9700653474509873,1.723754368873643,0.6448973802041227,1.5546828255882854,4.1373271973332475,4.196844294464428,1.5530324763555325,1.9419283949098878,1.9419210974496364,4.025605875864498,0.0006413027354920942,-2.7000892565687273e-05,-0.00017751372429684192,-0.00018115728489978555,2.9236070350643906e-05,1.8658098740909068e-05,0.002678761183672204,0.0024264118922285444,-0.0006004498622302623,3.155248342067568e-05,-0.0004930460030780071,0.00025849169752067275,0.008775433798874209,-0.0059059297585346004,0.0036915877116316664,0.001201767594539875,-0.0014921965828076228,-0.0014924897758605976,-0.004962347447773324,1.6220684806288699,-0.01920265830894259,-0.34397550795917653,-0.3510358320220795,0.03641308393489231,0.023237788153949387,3.290828911031691,2.9809756409641857,-1.347453129136821,0.0810218862425361,-0.7068857989539942,1.007693605912184,16.34533518219477,-3.4310266090578425,2.2383196116441133,1.9638312171668222,-1.8766498947318129,-1.8770186267865172,-2.976799436505989,1.4821567702616234,1.250242618250503,0.48191829026626326,1.6246481566523736,1.6394622129523901,0.9207429912639981,1.0523083909598503,1.0523083909598503,0.9649784476978431,0.9649784476978431,0.0966196183936058,0.9683403987639496,0.9683403987639496
middleeast_male_auth_middleeast_m_0025_frame_0002_subdiv_head_var_0.glb,middleEast_male_loPoly_0025_grp.fbx,bad,variation_long_faces_002,middleeast,male,0025,0002,0.04089885414273416,0.1413790136625959,0.05148567223496534,0.051487054948490416,0.07967498459052683,0.07967164600176281,0.08170323209312833,0.08233318213937689,0.03995452990404298,0.03886163648618143,0.06971332957907905,0.025700491609701417,0.051279132459766064,0.17039784062654686,0.16460283436804174,0.06018200847251822,0.08015986585209257,0.0801597005179012,0.16896092146636243,3.4567964464039247,1.258853660185293,1.258887468309116,1.9480982110761993,1.9480165807020973,1.997690003929932,2.0130926370709505,0.9769107409367618,0.9501888818341223,1.7045301400323924,0.6283914830476297,1.2538036464494935,4.166323096287006,4.0246319320729445,1.4714839751374742,1.9599538307929167,1.959949788278894,4.13118961418089,0.0013627468112198046,0.0007688328674031741,-0.00012082886449941987,-0.0001194388547949149,-0.000615029852959692,-0.0006204137127846093,0.00030242834145594033,0.0009366132145892242,-0.004607306737719148,-8.152428672929951e-05,-3.570255702921299e-05,4.867681162288445e-05,-0.00240856314915254,-0.0017351805206241577,-0.0003239121264003164,-0.0010130465828566415,0.0006460158262267396,0.0006458504920353603,0.0022601559758305134,3.4468411363643656,0.5467832151663513,-0.23413496734943934,-0.23144152216617217,-0.7660103902367476,-0.7726962230017397,0.3715299204889324,1.1506789867944884,-10.339131160050318,-0.20934173064351944,-0.05118717197328705,0.18975971878032827,-4.486247960235472,-1.008046282497189,-0.19639757242845512,-1.6554386329744202,0.812456982043494,0.812249050731747,1.3558161950725314,0.48998336416179233,0.6890531531526431,0.36506608467262275,2.032083763494969,2.032083763494969,0.8944150905009551,1.0792239526281933,1.0792239526281933,0.7529315785451742,0.7529315785451742,0.11508384823963241,0.697529349797042,0.697529349797042
middleeast_male_auth_middleeast_m_0025_frame_0003_subdiv_head_var_0.glb,middleEast_male_loPoly_0025_grp.fbx,bad,variation_long_faces_001,middleeast,male,0025,0003,0.03997684328404567,0.14038641017194356,0.05132780546821711,0.05140548079323442,0.07948000940874665,0.07947362989499003,0.08278484504183767,0.08230240778222589,0.04499676552072145,0.03856016743654741,0.07058696166129523,0.025921564335281085,0.06092041002291619,0.16739784463841245,0.16971353304499326,0.06505885344331724,0.07917481517219449,0.07917440844680688,0.1666177511215678,3.5116932363684223,1.2839384316445388,1.2858814396120617,1.988151211540664,1.9879916313128985,2.070819960786554,2.0587520429626296,1.1255707510722635,0.9645625884607142,1.7656962346865877,0.6484144871345083,1.523892459193467,4.187370259552713,4.24529600396748,1.6274134748723779,1.9805169360081094,1.9805067619834944,4.16785662483919,0.00044073595253130843,-0.00022377062324915875,-0.0002786956312476538,-0.00020101301005091138,-0.0008100050347398663,-0.0008184298195573897,0.0013840412901652832,0.0009058388574382237,0.0004349288789593231,-0.0003829933363633242,0.0008379295251869645,0.00026974953720255296,0.007232714413997587,-0.004735176508758571,0.004786786550551203,0.0038637983879423812,-0.0003390348536713439,-0.00033944157905894945,-8.301436896412939e-05,1.114768201218425,-0.15914254713539858,-0.5400397727226354,-0.3895110774569123,-1.0088490335370432,-1.0193160101597263,1.7002796365347288,1.1128710575936438,0.9760120132744252,-0.9834675171763109,1.2013493227430436,1.0515807139803566,13.471828753246188,-2.7508821243020356,2.902371296527404,6.313906220765819,-0.4263846531906781,-0.4268961683386343,-0.04979843297050988,1.2454805126026156,1.4412483396191018,0.27983830323630576,1.7943239788510397,1.7780759035939055,0.9984932505438939,0.1446303387004624,0.1446303387004624,1.645869757253016,1.645869757253016,0.09491662895076802,0.8166633817317115,0.8166633817317115
middleeast_male_auth_middleeast_m_0025_frame_0004_subdiv_head_var_0.glb,middleEast_male_loPoly_0025_grp.fbx,bad,variation_long_faces_001,middleeast,male,0025,0004,0.04050723824378962,0.14258213362519215,0.05219385554552029,0.052135924707535294,0.07989060605271389,0.07993405668729986,0.0820198919028911,0.08201230919241478,0.04320547831083108,0.038947697721038,0.0697984818753748,0.025716981220013632,0.05614344552795368,0.17355313911344494,0.16379639021027062,0.05947036477644259,0.08104736660799643,0.08104734990057956,0.17254242301027925,3.519917422339998,1.2885068893464344,1.2870767538818455,1.9722550713504232,1.9733277348167515,2.024820635987594,2.0246334420241183,1.0666113066213578,0.9614997074506622,1.7231113475398676,0.6348737246720699,1.386010203659375,4.284496959998336,4.043632627444877,1.4681416792358166,2.000811956624128,2.0008115441690313,4.25954546621634,0.0009711309122752629,0.0019719528299994293,0.0005873544460555311,0.000529430904249964,-0.00039940839077262646,-0.00035800302724756095,0.0006190881512187218,0.0006157402676271184,-0.0013563583309310484,4.536948127263629e-06,4.944973926652996e-05,6.516642193509989e-05,0.0024557499190350773,0.0014201179662739205,-0.0011303562841714354,-0.001724690278932274,0.0015335165821305924,0.0015334998747137257,0.005841657519747329,2.456313931293816,1.4024253570029175,1.1381404155330785,1.0258997758461548,-0.49745711660539904,-0.4458760038294266,0.7605430446453088,0.7564695610156208,-3.043766669302644,0.01165017948522447,0.07089666731150296,0.2540421504211906,4.574139178786299,0.8250119336833937,-0.6853686913720376,-2.818349092703025,1.9286156834711687,1.928594671513049,3.504277561388353,1.524906908608212,0.5646894316874154,0.10541036252292402,1.4282346122631446,1.4282346122631446,0.7238393132632736,0.41100895760764605,0.41100895760764605,1.138770375787609,1.138770375787609,0.07671898958231763,0.9335987900965809,0.9335987900965809
middleeast_male_auth_middleeast_m_0025_frame_0005_subdiv_head_var_0.glb,middleEast_male_loPoly_0025_grp.fbx,bad,variation_long_faces_001,middleeast,male,0025,0005,0.03938032581640873,0.14068110312441592,0.051912543603898034,0.05192238415056935,0.07989154274213095,0.07989820835811018,0.08219200730728914,0.0834275313858632,0.04346367705135844,0.038492454249121795,0.07294178258651189,0.025390830814864138,0.06353088733905315,0.17183291183010416,0.1735958341775335,0.06878690755974862,0.07894272274617123,0.07894241077667151,0.16543842852124507,3.572370218069599,1.318235502822261,1.31848538766875,2.028717159796638,2.028886422387565,2.0871337553292135,2.1185079009961156,1.1036901333418698,0.9774539303857921,1.8522391847788875,0.6447592874989484,1.613264644767909,4.363420268059488,4.408186844030649,1.7467328198459684,2.0046234029195844,2.0046154809561862,4.201042654967352,-0.0001557815151056255,7.09223292232053e-05,0.00030604250443327236,0.0003158903472840202,-0.0003984717013555683,-0.00039385135643724145,0.0007912035556167513,0.002030962461075536,-0.0010981595904036925,-0.00045070652378893794,0.0031927504504036253,-0.00026098398321439467,0.009843191730134551,-0.0003001093170668656,0.008669087683091437,0.007591852504373754,-0.0005711272796946054,-0.0005714392491943249,-0.001262336969286848,-0.3940234019484552,0.050438971646376,0.5930309126042388,0.6121135616927152,-0.4962904840875815,-0.4905234189251755,0.9719849425940046,2.495145050834014,-2.464349930708483,-1.1573444857677144,4.577483518586024,-1.0174094319203641,18.334166923155106,-0.17434732456724666,5.2563261371214764,12.405990153132397,-0.7182739604594897,-0.7186663065722962,-0.7572472541276631,1.3840461285713401,1.7633234797851276,0.14900160963260498,1.5714918759774874,1.5714918759774874,0.5052486937712857,0.6650802397351882,0.6650802397351882,0.8395773774633606,0.8395773774633606,0.04628381767333799,1.0626580160247485,1.0626580160247485
middleeast_male_auth_middleeast_m_0025_frame_0005_subdiv_head_var_0.glb,middleEast_male_loPoly_0025_grp.fbx,bad,variation_long_faces_002,middleeast,male,0025,0005,0.03885191918460875,0.13995249200404902,0.05174003794335349,0.0517569223538205,0.08021024592581764,0.08021651803446989,0.08177594943386693,0.0818807528789851,0.03704932765950109,0.039055867419037674,0.06949697469696388,0.025660986122078896,0.056426312528469046,0.16966838403671475,0.16674553800210706,0.061280600370875904,0.07960455138867518,0.07960706099509972,0.16855456680090658,3.602202798246616,1.3317241214650315,1.3321587051566834,2.0645118081475125,2.0646732444107365,2.1048110659682058,2.1075085760865653,0.9536035397236758,1.0052493734855115,1.788765552783689,0.6604818155867197,1.4523429913553,4.367052840569306,4.2918224247764725,1.5772863131855868,2.0489219853059577,2.048986579448981,4.338384572458385,-0.000684188146905608,-0.0006576887911436957,0.00013353684388872633,0.00015042855053516713,-7.976851766887394e-05,-7.554168007753437e-05,0.00037514568219454425,0.00048418395419742855,-0.0075125089822610375,0.00011270664612694076,-0.0002520574391443875,9.171324000363523e-06,0.002738616919550442,-0.0024646371104562748,0.0018187915076650074,8.554531550104133e-05,9.07013628093506e-05,9.321096923388394e-05,0.0018538013103746587,-1.7305399875830452,-0.46773909785498347,0.2587597319015129,0.2914915148248081,-0.09935048364578432,-0.09408362463996875,0.4608623808420772,0.5948456557730656,-16.8586161352706,0.2894131957705412,-0.3613776871520204,0.035753119506579736,5.101014093619438,-1.4318212124732586,1.102787477667426,0.1397912223849331,0.11406989194944714,0.11722607973775946,1.1120532679737147,0.5902151301410943,0.6380919669331006,0.08878596021191812,1.6556602223439685,1.6556602223439685,1.6465092648626474,1.1362298951086265,1.1362298951086265,1.6179509321583538,1.6179509321583538,0.08999129265512766,1.069291224308252,1.069291224308252
middleeast_male_auth_middleeast_m_0025_frame_0006_subdiv_head_var_0.glb,middleEast_male_loPoly_0025_grp.fbx,bad,variation_long_faces_001,middleeast,male,0025,0006,0.040713822746775465,0.14267324851105895,0.05196025509948142,0.05195798211058571,0.08003704881868548,0.08004941164639745,0.08269772309555944,0.08261052582587333,0.04560814992763846,0.03879927218046003,0.07109022554253876,0.025703278673218782,0.05879752362611734,0.16840595031667033,0.16662082812669582,0.06270025099818843,0.0778918022217686,0.07789110065696345,0.16248007118742455,3.5042950743886774,1.276231304111493,1.276175475679222,1.9658446055651804,1.9661482574179887,2.031195243195607,2.029053531516298,1.1202129117499935,0.9529754162800381,1.7460955701628167,0.6313157777662743,1.4441661249010107,4.136333533799847,4.092487928805265,1.540023676680036,1.9131537391176965,1.9131365075054865,3.9907839702989563,0.001177715415261106,0.002063067715866229,0.0003537540000166581,0.0003514883073003766,-0.0002529656248010381,-0.00024264806814996986,0.0012969193438870513,0.0012139569010856666,0.0010463132858763297,-0.00014388859245070135,0.001341193406430491,5.1463875140250054e-05,0.005109828017198739,-0.003727070830500695,0.0016940816322537633,0.001505195942813571,-0.0016220478040972347,-0.0016227493689023875,-0.00422069430310737,2.9788350314456613,1.4672249933816761,0.6854834032147299,0.681093175289503,-0.315064863986408,-0.3022068047732578,1.5932512753111556,1.491410408474823,2.3480030553672324,-0.36948360018787113,1.922884612668583,0.20062469476469555,9.517689219557218,-2.165227104980693,1.0271721647712566,2.459669235449715,-2.039956313987542,-2.0408386317283185,-2.5318985732834514,1.0673275714820587,0.9760022492597602,0.12615346018854967,1.3664006234751163,1.3664006234751163,0.794788760688975,0.49278603036277113,0.49278603036277113,1.6177113356622037,1.6177113356622037,0.09103128480294756,0.9473249686837732,0.9473249686837732
middleeast_male_auth_middleeast_m_0025_frame_0006_subdiv_head_var_0.glb,middleEast_male_loPoly_0025_grp.fbx,bad,variation_long_faces_002,middleeast,male,0025,0006,0.03904592034606361,0.13992833766112575,0.051697427218734916,0.051693968813545745,0.08162130314023198,0.08160751460391445,0.08421995146501586,0.08455690905933524,0.03919251777370506,0.0390716479883216,0.06944419989572079,0.025565729994475348,0.05806441667766796,0.16950967368522643,0.17004674812708814,0.063375484207922,0.07871822286118088,0.0787169286798108,0.16591984033686774,3.5836865009440744,1.3240161010559137,1.323927528289322,2.0903926048310084,2.090039468416363,2.1569462499174112,2.16557602714722,1.0037544876991542,1.000658907307856,1.7785263935447677,0.6547605938824475,1.487080242008476,4.341290259849527,4.355045203697735,1.6231013034454225,2.0160421924621583,2.0160090473510017,4.249351503724891,-0.0004901869854507454,-0.0006818431340669673,9.092611927015437e-05,8.74750102604141e-05,0.0013312886967454668,0.001315454889367032,0.0028191477133434756,0.003160340134547579,-0.005369318868057069,0.00012848721541086627,-0.0003048322403874787,-8.608480360318416e-05,0.0043767210687493535,-0.002623347461944592,0.005120001632646087,0.0021804291525471323,-0.0007956271646849533,-0.0007969213460550378,-0.0007809251536641804,-1.2398463544740932,-0.48491732974877066,0.17619121105479754,0.16950388180575318,1.6580999592203545,1.6383374570831892,3.4632922322779347,3.8826453943873322,-12.049141760519563,0.3299352514299336,-0.4370415345586861,-0.3355895256566112,8.15218649098117,-1.5240233654539015,3.10440952815293,3.56308062893984,-1.0006145651683775,-1.002242182708798,-0.4684592487420428,0.7502341858423883,1.1971326696799731,0.3266239531785259,1.2325902301361384,1.3714103535397588,1.17042441752173,0.6513981956118331,0.6513981956118331,1.5463089968316723,1.5463089968316723,0.08564302948821169,1.093763901179025,1.093763901179025
middleeast_male_auth_middleeast_m_0025_frame_0007_subdiv_head_var_0.glb,middleEast_male_loPoly_0025_grp.fbx,bad,variation_long_faces_001,middleeast,male,0025,0007,0.04048427194478747,0.14154788876349494,0.05162266652287305,0.0516133751257026,0.07921109015132062,0.07922842000260462,0.0813843844247213,0.08144752905510641,0.044401457554358044,0.03844987336734591,0.06995992139854998,0.025340952806743526,0.0657588913968513,0.17347370848390206,0.17583499192466007,0.07190357273120478,0.07855875300375624,0.07855863483700141,0.1644797623157937,3.496367403038351,1.2751289338555016,1.2748994275133072,1.9565892220897254,1.957017285889604,2.0102716565019,2.011831388895537,1.096758208099008,0.9497484213075124,1.728076560051801,0.6259456225692676,1.6243071256544617,4.284965497724297,4.343291443266268,1.77608659553683,1.9404758744555124,1.940472955624343,4.06280647803452,0.0009481646132731142,0.000937707968302226,1.616542340828614e-05,6.881322417266744e-06,-0.0010789242921658976,-0.0010636397119428015,-1.6419326951080948e-05,5.096013031874458e-05,-0.00016037908740408613,-0.0004932874055648198,0.00021088926244171302,-0.0003108619913350062,0.012071195787932698,0.001340687336731039,0.010908245430218011,0.010708517675829914,-0.0009550970221095939,-0.0009552151888644195,-0.002221003174738223,2.3982245022825732,0.6668848322356222,0.031324393368830424,0.013334218060806664,-1.343783905936792,-1.3247134470385118,-0.020170964160465814,0.06260722164570959,-0.3599023278447712,-1.2666855893935443,0.30235439257448576,-1.2118518466704804,22.484101153947517,0.7788670226061811,6.6139941895874435,17.49899181582543,-1.201170641088189,-1.2013192526254082,-1.332329319666123,1.312881260542101,2.13680017471568,0.2843195945551174,1.9553316371179164,1.9553316371179164,0.7036513193673014,0.44530412967824445,0.44530412967824445,1.1968819902699586,1.1968819902699586,0.1016847620237241,1.0082709658392157,1.0082709658392157
middleeast_male_auth_middleeast_m_0025_frame_0007_subdiv_head_var_0.glb,middleEast_male_loPoly_0025_grp.fbx,bad,variation_long_faces_002,middleeast,male,0025,0007,0.04039487249721657,0.14217943718915263,0.051834518353504604,0.05182980826688047,0.08000796529327378,0.08001398742154818,0.08429281818933625,0.08419096047299887,0.043613450029681734,0.03882433622204186,0.06819730222048809,0.02569385672286753,0.05923941134535278,0.16921380173507305,0.17006688290239874,0.06371426932440227,0.07796778874710332,0.0779667589984016,0.16333216428826386,3.519739719414873,1.2831954936131136,1.2830788925117123,1.9806465609907982,1.9807956424930313,2.08672073900331,2.0841991883697637,1.0796778732916397,0.9611204051879869,1.688266307194985,0.6360672811787679,1.4665081898558956,4.188992099102004,4.210110649912741,1.5772860609670827,1.9301407314127734,1.9301152393481111,4.043388534015508,0.0008587651657022133,0.0015692563939599113,0.00022801725403984174,0.00022331446359513674,-0.0002820491502127376,-0.0002780722929992402,0.002892014437663862,0.002794391548211206,-0.0009483866120803958,-0.00011882455086887483,-0.0015517299156201786,4.204192478899846e-05,0.005551715736434176,-0.0029192194120979675,0.005140136407956686,0.0025192142690274102,-0.0015460612787625144,-0.0015470910274642397,-0.0033686012022680623,2.1721034863179076,1.1160332666420711,0.4418382358462326,0.4327255101777914,-0.35128795550443276,-0.3463260177754024,3.5528082087327615,3.4330581560425344,-2.1282484824505503,-0.30512302676656494,-2.2247332587958106,0.16389454360222355,10.340759970170753,-1.6959090084186002,3.1166178422915207,4.1166958126727655,-1.944392427557691,-1.9456874833264537,-2.0207472907251818,0.829404791291601,1.1674716642767036,0.37066660666663687,1.8005207997932902,1.8005207997932902,1.190567387846477,0.8553779977426123,0.8553779977426123,1.323399414882481,1.323399414882481,0.05285993504664145,1.1197377472847774,1.1197377472847774
middleeast_male_auth_middleeast_m_0025_frame_0008_subdiv_head_var_0.glb,middleEast_male_loPoly_0025_grp.fbx,bad,variation_long_faces_002,middleeast,male,0025,0008,0.03663904581209098,0.14022907077768662,0.05270571227778292,0.052720026725538056,0.08157401399086887,0.08152109029098165,0.08231428422904198,0.08221914430652676,0.04531360420534016,0.039245277822264155,0.07068929646838737,0.025312024778794403,0.061084586678721554,0.1668353460442202,0.17237199037303463,0.06839869839955437,0.07892193791375862,0.07892129266945697,0.1654313430192383,3.8273123022054976,1.4385121421581863,1.438902830491844,2.2264229917240157,2.2249785299834275,2.2466273999384025,2.2440307187092254,1.2367572135403853,1.0711326387575604,1.9293432703168192,0.6908483618435655,1.66719916757667,4.553485014316724,4.704598238094711,1.866825319369606,2.15403911768123,2.1540215068431925,4.515165156529418,-0.0028970615194233787,-0.00038111001750609774,0.0010992111783181616,0.001113532922252726,0.0012839995473823557,0.0012290305764342258,0.0009134804773695965,0.0008225753817390907,0.0007517675635780319,0.0003021170493534217,0.0009402643322791032,-0.0003397900192841294,0.007396891069802951,-0.005297675102950816,0.007445243878592578,0.007203643344179507,-0.0005919121121072124,-0.0005925573564088682,-0.0012694224712936075,-7.327634698912611,-0.2710401304875695,2.1299858639894538,2.1577379902950065,1.5992020381141174,1.530700022895973,1.1222008079383723,1.0105774636510412,1.687021048125956,0.7757897493610161,1.3480679279452528,-1.3246237038542068,13.77762816211128,-3.0776634649440022,4.514273176936452,11.771610202263883,-0.7444138498068745,-0.7452253364868,-0.7614976857234088,0.7368856783960878,1.802159311262469,0.24334634278394654,1.8088615748041514,1.8088615748041514,0.7714780341522633,0.6772373196919678,0.6772373196919678,1.4980449199546566,1.4980449199546566,0.10158892819550853,0.7321033898232034,0.7321033898232034
middleeast_male_auth_middleeast_m_0025_frame_0009_subdiv_head_var_0.glb,middleEast_male_loPoly_0025_grp.fbx,bad,variation_long_faces_001,middleeast,male,0025,0009,0.041367492659304346,0.14050918824639821,0.05097145617652195,0.050970747321718635,0.08052724624595989,0.08056362217868163,0.08277688856515679,0.08337152534246853,0.043059202037093236,0.03899569469730686,0.07385366734912127,0.025558485137951885,0.06434655915138104,0.1685013702669625,0.17576360453773443,0.07127860096464944,0.0808322503755723,0.08083203378319861,0.170998491346854,3.396608767265835,1.2321620891146152,1.2321449535630564,1.9466310638928164,1.9475104000667858,2.0010129510843986,2.015387445139648,1.0408946559009877,0.9426651747658189,1.7853068339763194,0.617839842227017,1.5554860837549036,4.07327975264808,4.2488338847436,1.7230582852020524,1.9540041027212602,1.9539988669102462,4.133644085107322,0.0018313853277899875,-0.00010099254879450403,-0.0006350449229428137,-0.0006357464815666958,0.00023723180247336995,0.00027156246413420626,0.0013760848134844045,0.001974956417680862,-0.001502634604668894,5.253392439612953e-05,0.004104635213013005,-9.332966012664742e-05,0.01065886354246244,-0.0036316508802085312,0.010836858043292374,0.010083545909274579,0.0013184003497064695,0.0013181837573327804,0.004297725856322071,4.632184227024759,-0.07182449252490887,-1.230552177367824,-1.231911789996908,0.2954686259775797,0.33821833080339353,1.6905051916715659,2.42633865747556,-3.372021258344334,0.13489897418052585,5.884863326853368,-0.363832582066039,19.85345696359482,-2.109793261052176,6.570709890076907,16.477713599816305,1.6580763593733598,1.657803963591218,2.5781080510792065,0.8896234209129688,1.9225765955714778,0.3828831626784798,1.049668953568228,1.0924568502022525,0.9285063650182434,0.9703737213342216,0.9703737213342216,1.43282190081204,1.43282190081204,0.08865581694036732,0.937275464791713,0.937275464791713
middleeast_male_auth_middleeast_m_0025_frame_0009_subdiv_head_var_0.glb,middleEast_male_loPoly_0025_grp.fbx,bad,variation_long_faces_002,middleeast,male,0025,0009,0.04201236580632741,0.1408988565255383,0.050367262961788326,0.05038609425031738,0.08027248088826908,0.08026615191850131,0.08434324258126856,0.0843315574143752,0.045069291456264864,0.039017540148833615,0.06948469929695872,0.02562481741580576,0.056943364609527806,0.16959111080631195,0.16874482429362303,0.06256093797068783,0.08002777721430505,0.08002733810587905,0.16912646591663463,3.3537472556310495,1.1988675713711556,1.1993158034134992,1.9106869929276722,1.9105363475249129,2.007581362356075,2.0073032259867207,1.0727625210165397,0.9287156150334492,1.653910651384782,0.6099351208625925,1.3553953346029293,4.036695090871795,4.01655134280033,1.4891077131691937,1.9048624298670704,1.9048519779818318,4.025635373553821,0.002476258474813052,0.0002886757303455778,-0.0012392381376764364,-0.0012203995529679532,-1.75335552174416e-05,-2.59077960461096e-05,0.002942438829596175,0.0029349884895875367,0.0005074548145027336,7.437937592288252e-05,-0.00026433283914954753,-2.699738227277329e-05,0.003255669000609203,-0.0025419103408590715,0.0038180777991809745,0.00136588291531297,0.0005139271884392199,0.0005134880800132108,0.0024257004261027115,6.263283469081485,0.2053021543056342,-2.401321754575005,-2.364817803007305,-0.021837778133397757,-0.03226694661740704,3.6147540245089074,3.6057889519883015,1.138765483528479,0.19099470727764242,-0.37897707115666984,-0.1052455059623912,6.0640878020258535,-1.4767127910255977,2.3150143201967803,2.232015175208184,0.6463366926290697,0.6457844511945696,1.4551225478568566,0.6444762557224657,1.3207129141220781,0.526144381681231,1.5287279304884474,1.758325461540248,0.6768603716244931,0.35784929091690876,0.35784929091690876,1.0743833727724734,1.0743833727724734,0.09585233353518256,1.0125035550451043,1.0125035550451043
middleeast_male_auth_middleeast_m_0025_frame_0010_subdiv_head_var_0.glb,middleEast_male_loPoly_0025_grp.fbx,bad,variation_long_faces_001,middleeast,male,0025,0010,0.040080472814296796,0.1410153806780631,0.0516073629235954,0.05163214375166134,0.0791409763652698,0.07911126897904969,0.08504304917439467,0.08541988277077565,0.03623437157757906,0.039106922267997404,0.06930416896245456,0.025693975057895082,0.06315746784846941,0.16800808852395568,0.1739224230592836,0.0660485180839558,0.07835571385422369,0.07835503810246136,0.16362743824762196,3.5183063166800417,1.2875936659406606,1.2882119427803767,1.9745519652911887,1.9738107717838727,2.1218075337689037,2.131209458694464,0.9040405223127552,0.9757101032512739,1.7291255341113043,0.64105967953377,1.5757665370140295,4.191769126636321,4.33933062279757,1.647897678003343,1.9549598183950072,1.954942958519989,4.0824727543946455,0.0005443654827824371,0.0004051998828703829,8.618241306365682e-07,2.5649948376012255e-05,-0.0011490380782167159,-0.0011807907354977332,0.00364224542272229,0.004023313845987989,-0.008327465064183068,0.00016376149508667143,-0.0004448631736537062,4.216025981654964e-05,0.009469772239550811,-0.004124932623215338,0.008995676564841543,0.0048534630285809385,-0.001158136171642149,-0.0011588119234044736,-0.0030733272429099567,1.3768818417500641,0.28817250684044077,0.0016699914008421442,0.049702947217815735,-1.4311095672121041,-1.4706195602599492,4.474458795067438,4.942854347712893,-18.687436810849032,0.420514133512721,-0.6378055150437072,0.16435585609992664,17.638626750777682,-2.3963633448858053,5.454346706066073,7.931135978534676,-1.4565213120298006,-1.457371166189931,-1.8436191542770763,1.0317315268956413,2.032910615060479,0.3584221080056745,1.485510270018478,1.6048290356321853,2.074527256663202,0.39604946437358485,0.39604946437358485,1.5368406793696023,1.5368406793696023,0.0947587685769181,1.0210139635155904,1.0210139635155904
middleeast_male_auth_middleeast_m_0025_frame_0010_subdiv_head_var_0.glb,middleEast_male_loPoly_0025_grp.fbx,bad,variation_long_faces_002,middleeast,male,0025,0010,0.037581143735953323,0.14062044263847331,0.05256662626719757,0.052619882638869846,0.0811954267719074,0.08118202287894766,0.08380959395353738,0.08355944709384899,0.043127506065063825,0.03900632697550933,0.06919111049515889,0.02550080537087973,0.056026355249958124,0.1703316868324958,0.1696344568182934,0.06485197385095598,0.0795499136467005,0.0795490915146968,0.16746942698986964,3.74178187940416,1.3987500390231034,1.4001671425590272,2.1605363408412965,2.1601796754600104,2.230096948150037,2.2234407680868133,1.1475836490788964,1.0379228277236425,1.8411124201354407,0.6785532007766834,1.490810275589312,4.532371021735083,4.513818366203863,1.7256519468009979,2.1167507355715807,2.1167288593878895,4.456208894719032,-0.001954963595561035,1.026184328059565e-05,0.000960125167732806,0.0010133888355845153,0.000905412328420882,0.000889963164400237,0.002408790201864991,0.0021628781690613275,-0.0014343305766983047,6.316620259859407e-05,-0.0005579216409493798,-0.0001510094271988012,0.00233865964103952,-0.001801334314675218,0.0047077103238513385,0.003656918795581117,3.60636208346643e-05,3.5241488830967116e-05,0.0007686614993377139,-4.944754877278288,0.007298079856353111,1.8604732878175383,1.9636847243437445,1.1276773764415895,1.1084074409900737,2.9591725030301093,2.657210491341321,-3.218742055515031,0.16220101641706786,-0.7998987568180895,-0.5886890591854447,4.356043995769902,-1.0464780683394301,2.8544250243910474,5.975840355518928,0.04535514356672808,0.04432119538860597,0.4611025612725045,0.6056576820839988,1.0665206289255034,0.09649298754538563,1.786197537664303,1.786197537664303,1.0651301066807195,0.29380023423824186,0.29380023423824186,1.21507070752223,1.21507070752223,0.07010729081421524,0.7725763554855744,0.7725763554855744
middleeast_male_auth_middleeast_m_0043_frame_0001_subdiv_head_var_0.glb,middleEast_male_loPoly_0043_grp.fbx,bad,variation_long_faces_003,middleeast,male,0043,0001,0.04861430433136979,0.1387854819147926,0.04718307730167768,0.047200458231877324,0.08060624694336055,0.0807074531944077,0.08393803270653712,0.08431597992759245,0.04647038645666252,0.04041573287015618,0.07547119382866077,0.023002588119899334,0.06506970213976261,0.17009810154956978,0.179636017485532,0.07558089940340956,0.0811542487206243,0.08116506561828256,0.16198787625687433,2.8548280968660746,0.9705595493059731,0.9709170763844471,1.6580767338338118,1.660158554245296,1.726611824667697,1.734386228235814,0.9558994435034249,0.8313547509529362,1.5524482941116735,0.47316501668123734,1.3384888056039608,3.4989311045187383,3.695126772998306,1.554704946269051,1.6693491727754122,1.6695716771968379,3.332103142990919,0.0035644463999189094,-0.002117307430571036,-0.002732233546584757,-0.0027367501635040745,-5.175323583546387e-05,-4.853105579254169e-05,0.001476599181108998,0.0017028856815961557,-0.0018800110324544012,-1.11979364843251e-06,0.004776810546234245,-0.0008310263998515741,0.005177928465337045,-0.003126707338527296,0.011969271159439826,0.010911414767949226,-0.0021847126193430266,-0.0021945105839846213,-0.005772586093251042,7.912225617542836,-1.5026724739858426,-5.473738418439334,-5.480382767566142,-0.06416379741685252,-0.060095925079906826,1.7906542707066426,2.061278175255714,-3.8883052261929563,-0.002770610709713533,6.7569873651075225,-3.4867829181465644,8.645475242534145,-1.8049997333506331,7.138726922129804,16.87258655215284,-2.621478098858057,-2.63258366220549,-3.440969351409711,0.8940737103313098,2.264577093484377,0.5006247086271034,1.8103553082911126,1.8103553082911126,1.056104250005762,0.6188893069563202,0.6188893069563202,1.4117553611235207,1.4117553611235207,0.12639704942963134,0.8175246894832631,0.8175246894832631
middleeast_male_auth_middleeast_m_0043_frame_0002_subdiv_head_var_0.glb,middleEast_male_loPoly_0043_grp.fbx,bad,variation_long_faces_003,middleeast,male,0043,0002,0.04567424190150342,0.14279130754779845,0.050570241060001284,0.05058076993948196,0.07997559412634388,0.08008009521736696,0.08282372297423911,0.08340298526902873,0.04067499077471702,0.0404075553412387,0.07159489164493425,0.023721499621831336,0.05997831972709163,0.1722594667610169,0.16883799944407465,0.06512970831144659,0.08301257245345531,0.08304275673379209,0.16701503044828148,3.1262983599318006,1.107193878971349,1.107424400136941,1.7509999246142145,1.7532878901429787,1.81335736568652,1.8260398377029972,0.8905455040158676,0.8846902249276006,1.5675113294562997,0.5193627443885503,1.3131760316117558,3.7714794945583274,3.6965692787671025,1.4259614522316302,1.8174920698732573,1.8181529298915118,3.6566568703745466,0.0006243839700525375,0.0018885182024348246,0.0006549302117388467,0.000643561544100564,-0.0006824060528521358,-0.0006758890328332767,0.0003622894488109901,0.000789891023032438,-0.007675406714399903,-9.297322565909871e-06,0.0009005083625077265,-0.00011211489791957199,8.65460526660658e-05,-0.0009653421270801876,0.0011712531179824681,0.0004602236759862488,-0.0003263888865120135,-0.000316819468475088,-0.000745431901843896,1.385984326526884,1.3402986635033325,1.3120828070765085,1.28874153117475,-0.8460488126857226,-0.8369522569859592,0.4393441070840384,0.9561329596012786,-15.874547290180068,-0.023003578836894703,1.2738046796591522,-0.47040660923110267,0.1445040735252459,-0.5572770628390746,0.6985601758529494,0.7116550852082923,-0.39164021396974785,-0.38006367463570584,-0.4443430182542883,0.526483357199355,0.6528455051616326,0.18317956681580125,1.7196725946643603,1.7196725946643603,1.4458625785208636,0.47424370413584827,0.47424370413584827,1.0287951401489481,1.0287951401489481,0.1346650349761388,1.0124560710468677,1.0124560710468677
middleeast_male_auth_middleeast_m_0043_frame_0003_subdiv_head_var_0.glb,middleEast_male_loPoly_0043_grp.fbx,bad,variation_long_faces_003,middleeast,male,0043,0003,0.04598155202778853,0.14002331716234453,0.048983017700850645,0.049050442905392275,0.08101951553634755,0.08113919813061987,0.0857351822219432,0.08594484130095031,0.04474793618930662,0.04002544767102844,0.07302670877364845,0.024121829612184873,0.06353363361885585,0.1716553510264491,0.17933184516907213,0.07587090915102968,0.08428883431733901,0.08434470681357946,0.1703367771359559,3.0452064140358446,1.065275432009085,1.0667417853957841,1.7620004537337963,1.7646032931116404,1.8645560761004747,1.8691157107748415,0.9731715050040854,0.8704675224281126,1.5881740731481926,0.524597986549194,1.3817200772270557,3.7331352130678574,3.9000824735253516,1.6500293227418201,1.8331011155604278,1.8343162223538367,3.7044590629088474,0.0009316940963376499,-0.0008794721830190921,-0.0009322931474117918,-0.0008867654899891234,0.00036151535715153726,0.00038321388041963333,0.0032737486965150886,0.0033317470549540235,-0.003602461299810303,-0.00039140499277617175,0.0023323254912219205,0.00028821509243396465,0.0036418599444302813,-0.0015694578616479715,0.011665098842979948,0.011201424515569339,0.000949872977371688,0.0009851306113122793,0.0025763147858305357,2.068139921229811,-0.624169462581353,-1.8677498578459621,-1.7757610376777464,0.4482076872081715,0.4745331060944664,3.9700361205891275,4.032952748426429,-7.450737712386278,-0.9684202677332548,3.299166613992796,1.2092798270070235,6.080734833848133,-0.906023722422946,6.957312107847967,17.321035692044532,1.1397705972082377,1.1817845725629854,1.5357103513780406,0.7804058392708011,2.124263686126794,0.4181302051413732,1.7258782944424347,1.9310051216101993,1.0961002622980098,1.286609770420603,1.286609770420603,1.7285503181138864,1.7285503181138864,0.07528035844232862,1.0466133098790638,1.0466133098790638
middleeast_male_auth_middleeast_m_0043_frame_0004_subdiv_head_var_0.glb,middleEast_male_loPoly_0043_grp.fbx,bad,variation_long_faces_003,middleeast,male,0043,0004,0.045055335606351624,0.14022437072450872,0.04938007204788225,0.04947084307678732,0.08048110101114489,0.08060528643072894,0.08396864824586497,0.08433371545581976,0.04664322793220453,0.0403283774850413,0.07220098356608831,0.023858836579088338,0.06554406707191686,0.17222214796569374,0.17523021456111598,0.07138017550462897,0.0823719037613943,0.08238546663171276,0.16559356653278623,3.1122700305608366,1.0959872206771655,1.0980018772696307,1.7862723677015329,1.7890286543413452,1.8636782329067278,1.8717808739156503,1.0352431583181694,0.8950854974733792,1.6024957442756205,0.5295451972113346,1.4547459516132615,3.822458442445048,3.8892222686365496,1.5842779671708012,1.8282386015516001,1.8285396285029238,3.675337544471467,5.47767490074319e-06,-0.0006784186208549092,-0.0005352388003801861,-0.00046636531859407804,-0.00017689916805112282,-0.00015069781947130156,0.0015072147204368558,0.0017206212098234697,-0.0017071695569123926,-8.847517876331423e-05,0.0015066002836617853,2.522205933742916e-05,0.0056522933974912926,-0.0010026609224033367,0.007563468235023796,0.006710690869168631,-0.0009670575785730162,-0.0009741095705544239,-0.002166895817339143,0.01215913912332015,-0.48147990824514675,-1.07229383386444,-0.93390346312833,-0.21932005214375516,-0.18660885737508412,1.8277813712419704,2.0827463558016492,-3.5308283810834347,-0.21890665138938034,2.131145663500401,0.10582557386135302,9.437512116801582,-0.5788206255439161,4.511012708694028,10.376904821488164,-1.1603907260471689,-1.1685634871640944,-1.29166061358171,0.5712526158348973,1.571744860509442,0.49783219547017055,1.8869182792809989,1.8869182792809989,1.0548134630123536,0.4985519340968009,0.4985519340968009,1.3982613177448777,1.3982613177448777,0.11222931397412787,0.8380696013504221,0.8380696013504221
middleeast_male_auth_middleeast_m_0043_frame_0005_subdiv_head_var_0.glb,middleEast_male_loPoly_0043_grp.fbx,bad,variation_long_faces_003,middleeast,male,0043,0005,0.04498135135895577,0.14031983199243148,0.05019967105842794,0.050239580238812254,0.08047118919782986,0.08057739567519313,0.08397921139460546,0.08400617245301817,0.044841268328946964,0.04016078095818263,0.07270416405227101,0.023649279033815175,0.06944030370024123,0.16882556827755033,0.1820966630098316,0.07786063246859319,0.08291981881353501,0.0829432954786819,0.16729055970037363,3.1195112586250446,1.1160107364900944,1.1168979748495167,1.788990031794767,1.7913511542189406,1.8669784001028067,1.8675777831270641,0.9968857531893399,0.8928318012879494,1.6163179152196734,0.5257574154473821,1.543757615152567,3.7532346889782184,4.048270172158272,1.7309536089135562,1.8434265825369807,1.8439485024979785,3.7191092451931445,-6.850657249510977e-05,-0.0005829573529321508,0.00028436021016550045,0.0003023718434308556,-0.0001868109813661506,-0.0001785885750071048,0.0015177778691773391,0.0013930782070218778,-0.0035091291601699603,-0.00025607170562198106,0.0020097807698444825,-0.00018433548593573337,0.009548530025815669,-0.004399240610546751,0.014429916683739413,0.013191147833132855,-0.00041914252643231176,-0.00041628072358528,-0.00046990264975174667,-0.1520683430330708,-0.41373017215668967,0.5696853437013086,0.60550409834047,-0.2316087442672977,-0.2211459332274338,1.840591176127579,1.6862680422957177,-7.257704884349342,-0.6335765621139188,2.8429143540517754,-0.7734264804147714,15.942974201635632,-2.5396134876896603,8.60630804851125,20.397793344868763,-0.5029370653210928,-0.4993796064596093,-0.28010333493897616,1.0425812195440822,2.8856515967169565,0.2006043203586292,1.7252078939088598,1.8129695976070608,1.7753759539126373,0.2052715547967827,0.2052715547967827,1.1298343736582228,1.1298343736582228,0.14241724920995125,1.1898211674723886,1.1898211674723886
middleeast_male_auth_middleeast_m_0043_frame_0006_subdiv_head_var_0.glb,middleEast_male_loPoly_0043_grp.fbx,bad,variation_long_faces_003,middleeast,male,0043,0006,0.04832634020652453,0.14453479282936926,0.049831982337202915,0.04987012596395223,0.08145634654698548,0.08156740668089577,0.08434189268597127,0.08473678784253677,0.042839258868436605,0.04026411230769039,0.0692874876314241,0.02403719603838191,0.06111843507129697,0.16868573080338817,0.17067543104319377,0.06673359278814654,0.0827934269436262,0.0828249107194572,0.1663394117132847,2.990807750218496,1.0311557242746703,1.0319450169582525,1.6855475957599637,1.6878457241395526,1.7452571894650588,1.7534286163696806,0.8864577513083204,0.8331711471553631,1.4337416683183803,0.4973932628802016,1.264702330242781,3.490554635060363,3.5317268039294007,1.3808948184976948,1.7132153312211353,1.7138668139466318,3.4420030774610004,0.0032764822750736486,0.003632003484005636,-8.332851105952166e-05,-6.708243142916626e-05,0.0007983463677894709,0.000811422430695527,0.0018804591605431492,0.0021236935965404796,-0.005511138620680318,-0.00015274035611421988,-0.0014068956510024239,0.00020358151863100055,0.0012266613968714007,-0.0045390780847089085,0.003008684717101584,0.002064108152686206,-0.0005455343963411269,-0.0005346654828099762,-0.0014210506368406706,7.273013557688096,2.577666134843729,-0.1669397818894327,-0.1343335632581548,0.9897919189860934,1.0047830364887356,2.280410466018983,2.570650108101236,-11.398331568878637,-0.3779125440190616,-1.990109518859266,0.8541781124398592,2.0481300212272697,-2.6203394963138016,1.7944433127186976,3.1917807360326322,-0.6545970666897452,-0.6413965943308557,-0.8470712448770314,0.3864633785099118,0.47199793272842033,0.19414028982096884,1.254932754052889,1.4673542840364189,1.2175113011523795,0.3018402375573788,0.3018402375573788,1.3378831103186386,1.3378831103186386,0.0605902216377725,1.063764050152093,1.063764050152093
middleeast_male_auth_middleeast_m_0043_frame_0007_subdiv_head_var_0.glb,middleEast_male_loPoly_0043_grp.fbx,bad,variation_long_faces_003,middleeast,male,0043,0007,0.04555329502790766,0.14103037577647337,0.04978492979051453,0.04980813883637259,0.08080917280607948,0.08091999021329777,0.08386692259031601,0.08405171414415555,0.04102109489557856,0.04041855720557406,0.07149113659763844,0.0242757529363892,0.06068491475431135,0.17119443359801492,0.17191742745220143,0.06784749891727056,0.08420404551162722,0.08423554445087708,0.17124862536248758,3.0959423613609696,1.0928941531016452,1.0934036452436262,1.7739479165354062,1.7763806144807557,1.841072584078407,1.845129185334723,0.9005077430830742,0.8872806496393318,1.5693955081370135,0.5329088251797583,1.332173989107341,3.7581130737773143,3.773984458135868,1.4894092485670822,1.8484732105556942,1.8491646849974566,3.7593027081262558,0.0005034370964567825,0.0001275864311097441,-0.00013038105774790948,-0.000129069559008807,0.00015117262688346678,0.00016400596309752713,0.0014054890648878965,0.0014386198981592574,-0.007329302593538367,1.7045417694469545e-06,0.0007967533152119094,0.0004421384166382915,0.0007931410798857827,-0.0020303752900821537,0.00425068112610924,0.003178014281810221,0.0008650841716598967,0.0008759682486099013,0.003488163012362211,1.1175109524714293,0.09054925860766312,-0.26120453931310755,-0.258463705033108,0.1874242189833743,0.20308830933123134,1.7044198782385884,1.741394522611018,-15.158722521749905,0.004217403526260866,1.1270390633847842,1.8551043370777502,1.3242905180890685,-1.172104217123872,2.5351962862344593,4.914240927888289,1.03803090145428,1.0508309764968276,2.0792521452892885,0.5268997257126643,0.7774594485832708,0.5028444393587566,1.565659807723184,1.7113483020801596,1.4175560207194502,0.43231230842527707,0.43231230842527707,1.3420370829928459,1.3420370829928459,0.08426625660200454,1.0502748450804067,1.0502748450804067
middleeast_male_auth_middleeast_m_0043_frame_0008_subdiv_head_var_0.glb,middleEast_male_loPoly_0043_grp.fbx,bad,variation_long_faces_003,middleeast,male,0043,0008,0.04505931542877908,0.14224535253158127,0.05064377997534452,0.05062411460662877,0.07933506054548041,0.07942072103763517,0.08320028928138468,0.08374281253503535,0.04586311058006934,0.04013660719895764,0.07367734423143406,0.02314636365253413,0.06284321472140172,0.176791882824483,0.17659727226337918,0.07234412620749149,0.08234296270015876,0.08234469786368909,0.16595283372285505,3.1568467292055247,1.1239358497443723,1.1234994168219319,1.7606805560745302,1.7625816167395587,1.8464614584056733,1.8585016602704396,1.0178386010448992,0.8907504878186112,1.6351190321097697,0.5136865358977626,1.394677529460738,3.923536812358388,3.919217826167588,1.6055309655522594,1.827434835984367,1.8274733444151725,3.6829861293645423,9.457497328196895e-06,0.0013425631862176435,0.0007284691270820834,0.0006869062112473748,-0.001322939633715603,-0.001335263212565066,0.0007388557559565578,0.0011297182890390584,-0.0024872869090475855,-0.0002802454648469718,0.002982960949007532,-0.0006872508672167779,0.002951441046976158,0.003567073936385917,0.008930525937286993,0.0076746415720311545,-0.0009959986398085652,-0.001014878338578093,-0.0018076286272703246,0.020993401006031333,0.9528293885842936,1.4594101783650246,1.3755398696073398,-1.64018402486605,-1.6534541990450138,0.896001590523795,1.3674809052365309,-5.144294645369654,-0.6933876498947336,4.219516191393168,-2.8835360521890347,4.927957323522137,2.0592165517643846,5.326354887282279,11.867485283504028,-1.1951176542092428,-1.2174706072347938,-1.0775057495357299,0.9959271850107638,2.9894513311531545,0.31409130511483263,1.6472398804993214,1.6472398804993214,2.419728934170157,1.1630616927793858,1.1630616927793858,1.3486608434978982,1.3486608434978982,0.10478323569633746,1.0497852677919621,1.0497852677919621
middleeast_male_auth_middleeast_m_0043_frame_0009_subdiv_head_var_0.glb,middleEast_male_loPoly_0043_grp.fbx,bad,variation_long_faces_003,middleeast,male,0043,0009,0.04701966188933662,0.14009331320481963,0.04877682716827572,0.048780026096599524,0.08058487915083484,0.080676924890095,0.08439987511679319,0.084512576193161,0.044980508300955624,0.04032171000258149,0.07218329621853982,0.02395693639944502,0.06280307801938617,0.1712632557770807,0.1717886400031415,0.06834321324297338,0.08287395324499555,0.08289783557729402,0.16697389611541608,2.979462369051845,1.0373708616424058,1.0374388954860208,1.7138549260625442,1.7158125271077578,1.794991110642883,1.7973880031733538,0.9566318959676856,0.8575499776557489,1.5351725920196364,0.5095089040799357,1.3356769380264089,3.6423753148237914,3.65354902822261,1.453502864478756,1.762538264099899,1.7630461863464408,3.5511505061095163,0.001969803957885742,-0.0008094761405439965,-0.0011384836799867154,-0.001157182298781874,-7.312102836116996e-05,-7.905936010524361e-05,0.001938441591365067,0.0018994819471647023,-0.0033698891881613,-9.514266122312431e-05,0.001488912936113293,0.00012332187969411185,0.002911304344960605,-0.0019615531110163675,0.004121893677049321,0.003673728607513041,-0.0004650080949717694,-0.0004617406249731587,-0.0007865662347092961,4.372497602285563,-0.5744926302061402,-2.2808305921355316,-2.317274705505764,-0.09065564258811112,-0.09789907316379168,2.350725070486826,2.2992504572079473,-6.969723855775581,-0.23540343928939697,2.106126211137643,0.5174283556189727,4.860941939683719,-1.1323742387751903,2.4583847228911573,5.68077606961262,-0.5579720307226375,-0.5539143143587628,-0.4688627008357242,0.8902052081149858,2.032215067122974,0.3875027967995739,1.3741237421402512,1.3741237421402512,1.676359639682774,0.09356012705246401,0.09356012705246401,1.1030179396984414,1.1030179396984414,0.14732433595002564,0.7181200788241872,0.7181200788241872
